beds.slots,world_id,hours,Beds in use,Patients waiting,Patients treated,Patients died
180,0,0.0,9.0,0.0,0.0,0.0
180,0,1.0,15.0,0.0,0.0,0.0
180,0,2.0,25.0,0.0,0.0,0.0
180,0,3.0,26.0,0.0,0.0,0.0
180,0,4.0,33.0,0.0,0.0,0.0
180,0,5.0,39.0,0.0,0.0,0.0
180,0,6.0,41.0,0.0,0.0,0.0
180,0,7.0,47.0,0.0,0.0,0.0
180,0,8.0,52.0,0.0,0.0,0.0
180,0,9.0,56.0,0.0,0.0,0.0
180,0,10.0,60.0,0.0,0.0,0.0
180,0,11.0,67.0,0.0,0.0,0.0
180,0,12.0,71.0,0.0,0.0,0.0
180,0,13.0,79.0,0.0,0.0,0.0
180,0,14.0,83.0,0.0,0.0,0.0
180,0,15.0,86.0,0.0,0.0,0.0
180,0,16.0,90.0,0.0,0.0,0.0
180,0,17.0,93.0,0.0,0.0,0.0
180,0,18.0,97.0,0.0,1.0,0.0
180,0,19.0,101.0,0.0,2.0,0.0
180,0,20.0,105.0,0.0,3.0,0.0
180,0,21.0,111.0,0.0,4.0,0.0
180,0,22.0,118.0,0.0,5.0,0.0
180,0,23.0,126.0,0.0,5.0,0.0
180,0,24.0,129.0,0.0,6.0,0.0
180,0,25.0,131.0,0.0,8.0,0.0
180,0,26.0,134.0,0.0,13.0,0.0
180,0,27.0,132.0,0.0,16.0,0.0
180,0,28.0,132.0,0.0,21.0,0.0
180,0,29.0,131.0,0.0,28.0,0.0
180,0,30.0,134.0,0.0,31.0,0.0
180,0,31.0,134.0,0.0,33.0,0.0
180,0,32.0,132.0,0.0,39.0,0.0
180,0,33.0,137.0,0.0,43.0,0.0
180,0,34.0,138.0,0.0,44.0,0.0
180,0,35.0,143.0,0.0,50.0,0.0
180,0,36.0,142.0,0.0,53.0,0.0
180,0,37.0,144.0,0.0,59.0,0.0
180,0,38.0,141.0,0.0,63.0,0.0
180,0,39.0,142.0,0.0,68.0,0.0
180,0,40.0,140.0,0.0,70.0,0.0
180,0,41.0,141.0,0.0,75.0,0.0
180,0,42.0,141.0,0.0,79.0,0.0
180,0,43.0,136.0,0.0,85.0,0.0
180,0,44.0,136.0,0.0,95.0,0.0
180,0,45.0,138.0,0.0,99.0,0.0
180,0,46.0,136.0,0.0,102.0,0.0
180,0,47.0,139.0,0.0,109.0,0.0
180,0,48.0,146.0,0.0,112.0,0.0
180,0,49.0,147.0,0.0,114.0,0.0
180,0,50.0,139.0,0.0,116.0,0.0
180,0,51.0,140.0,0.0,128.0,0.0
180,0,52.0,143.0,0.0,132.0,0.0
180,0,53.0,142.0,0.0,137.0,0.0
180,0,54.0,141.0,0.0,143.0,0.0
180,0,55.0,139.0,0.0,148.0,0.0
180,0,56.0,140.0,0.0,154.0,0.0
180,0,57.0,143.0,0.0,156.0,0.0
180,0,58.0,147.0,0.0,162.0,0.0
180,0,59.0,147.0,0.0,163.0,0.0
180,0,60.0,151.0,0.0,171.0,0.0
180,0,61.0,149.0,0.0,174.0,0.0
180,0,62.0,152.0,0.0,181.0,0.0
180,0,63.0,150.0,0.0,184.0,0.0
180,0,64.0,154.0,0.0,191.0,0.0
180,0,65.0,153.0,0.0,193.0,0.0
180,0,66.0,161.0,0.0,198.0,0.0
180,0,67.0,162.0,0.0,200.0,0.0
180,0,68.0,156.0,0.0,204.0,0.0
180,0,69.0,156.0,0.0,212.0,0.0
180,0,70.0,160.0,0.0,220.0,0.0
180,0,71.0,159.0,0.0,223.0,0.0
180,0,72.0,160.0,0.0,230.0,0.0
180,0,73.0,163.0,0.0,233.0,0.0
180,0,74.0,158.0,0.0,237.0,0.0
180,0,75.0,161.0,0.0,246.0,0.0
180,0,76.0,164.0,0.0,248.0,0.0
180,0,77.0,160.0,0.0,249.0,0.0
180,0,78.0,158.0,0.0,257.0,0.0
180,0,79.0,163.0,0.0,264.0,0.0
180,0,80.0,166.0,0.0,268.0,0.0
180,0,81.0,164.0,0.0,269.0,0.0
180,0,82.0,166.0,0.0,275.0,0.0
180,0,83.0,163.0,0.0,280.0,0.0
180,0,84.0,162.0,0.0,287.0,0.0
180,0,85.0,163.0,0.0,293.0,0.0
180,0,86.0,160.0,0.0,298.0,0.0
180,0,87.0,160.0,0.0,307.0,0.0
180,0,88.0,161.0,0.0,314.0,0.0
180,0,89.0,157.0,0.0,320.0,0.0
180,0,90.0,160.0,0.0,329.0,0.0
180,0,91.0,162.0,0.0,332.0,0.0
180,0,92.0,162.0,0.0,334.0,0.0
180,0,93.0,167.0,0.0,337.0,0.0
180,0,94.0,167.0,0.0,341.0,0.0
180,0,95.0,167.0,0.0,348.0,0.0
180,0,96.0,165.0,0.0,352.0,0.0
180,0,97.0,168.0,0.0,360.0,0.0
180,0,98.0,173.0,0.0,362.0,0.0
180,0,99.0,174.0,1.0,363.0,0.0
180,0,100.0,174.0,0.0,369.0,0.0
180,0,101.0,173.0,0.0,375.0,0.0
180,0,102.0,172.0,1.0,379.0,0.0
180,0,103.0,171.0,0.0,387.0,0.0
180,0,104.0,170.0,0.0,393.0,0.0
180,0,105.0,164.0,0.0,399.0,0.0
180,0,106.0,168.0,0.0,411.0,0.0
180,0,107.0,167.0,0.0,414.0,0.0
180,0,108.0,164.0,0.0,419.0,0.0
180,0,109.0,165.0,0.0,424.0,0.0
180,0,110.0,163.0,0.0,428.0,0.0
180,0,111.0,166.0,0.0,434.0,0.0
180,0,112.0,169.0,0.0,438.0,0.0
180,0,113.0,173.0,0.0,444.0,0.0
180,0,114.0,171.0,1.0,448.0,0.0
180,0,115.0,176.0,0.0,457.0,0.0
180,0,116.0,174.0,0.0,459.0,0.0
180,0,117.0,172.0,0.0,465.0,0.0
180,0,118.0,171.0,0.0,471.0,0.0
180,0,119.0,171.0,0.0,478.0,0.0
180,0,120.0,171.0,0.0,483.0,0.0
180,0,121.0,174.0,0.0,488.0,0.0
180,0,122.0,173.0,0.0,493.0,0.0
180,0,123.0,175.0,0.0,498.0,0.0
180,0,124.0,173.0,0.0,501.0,0.0
180,0,125.0,174.0,0.0,506.0,0.0
180,0,126.0,175.0,1.0,512.0,0.0
180,0,127.0,170.0,3.0,517.0,0.0
180,0,128.0,175.0,2.0,527.0,0.0
180,0,129.0,175.0,4.0,532.0,0.0
180,0,130.0,175.0,4.0,537.0,0.0
180,0,131.0,177.0,6.0,542.0,0.0
180,0,132.0,175.0,7.0,545.0,0.0
180,0,133.0,174.0,3.0,550.0,0.0
180,0,134.0,177.0,3.0,556.0,0.0
180,0,135.0,178.0,6.0,559.0,1.0
180,0,136.0,169.0,5.0,561.0,1.0
180,0,137.0,173.0,0.0,572.0,1.0
180,0,138.0,168.0,0.0,578.0,3.0
180,0,139.0,168.0,0.0,585.0,3.0
180,0,140.0,170.0,0.0,589.0,3.0
180,0,141.0,173.0,0.0,594.0,3.0
180,0,142.0,173.0,0.0,598.0,3.0
180,0,143.0,171.0,0.0,605.0,3.0
180,0,144.0,171.0,0.0,612.0,3.0
180,0,145.0,170.0,0.0,617.0,3.0
180,0,146.0,170.0,0.0,622.0,3.0
180,0,147.0,170.0,0.0,630.0,3.0
180,0,148.0,171.0,0.0,635.0,3.0
180,0,149.0,169.0,0.0,640.0,3.0
180,0,150.0,165.0,0.0,647.0,3.0
180,0,151.0,168.0,0.0,655.0,3.0
180,0,152.0,171.0,0.0,657.0,3.0
180,0,153.0,176.0,0.0,662.0,3.0
180,0,154.0,175.0,1.0,665.0,3.0
180,0,155.0,177.0,1.0,670.0,3.0
180,0,156.0,173.0,5.0,673.0,3.0
180,0,157.0,172.0,3.0,680.0,3.0
180,0,158.0,174.0,1.0,688.0,3.0
180,0,159.0,179.0,0.0,694.0,3.0
180,0,160.0,175.0,0.0,695.0,3.0
180,0,161.0,171.0,0.0,700.0,3.0
180,0,162.0,169.0,0.0,707.0,3.0
180,0,163.0,164.0,0.0,711.0,3.0
180,0,164.0,165.0,0.0,721.0,3.0
180,0,165.0,165.0,0.0,725.0,3.0
180,0,166.0,164.0,0.0,730.0,3.0
180,0,167.0,163.0,0.0,736.0,3.0
180,0,168.0,164.0,0.0,743.0,3.0
180,0,169.0,162.0,0.0,746.0,3.0
180,0,170.0,162.0,0.0,752.0,3.0
180,0,171.0,167.0,0.0,758.0,3.0
180,0,172.0,167.0,0.0,759.0,3.0
180,0,173.0,168.0,0.0,762.0,3.0
180,0,174.0,167.0,0.0,767.0,3.0
180,0,175.0,176.0,0.0,774.0,3.0
180,0,176.0,171.0,0.0,777.0,3.0
180,0,177.0,168.0,0.0,785.0,3.0
180,0,178.0,162.0,0.0,792.0,3.0
180,0,179.0,158.0,0.0,800.0,3.0
180,0,180.0,155.0,0.0,807.0,3.0
180,0,181.0,155.0,0.0,816.0,3.0
180,0,182.0,156.0,0.0,823.0,3.0
180,0,183.0,154.0,0.0,828.0,3.0
180,0,184.0,159.0,0.0,832.0,3.0
180,0,185.0,159.0,0.0,834.0,3.0
180,0,186.0,161.0,0.0,839.0,3.0
180,0,187.0,162.0,0.0,842.0,3.0
180,0,188.0,161.0,0.0,847.0,3.0
180,0,189.0,161.0,0.0,853.0,3.0
180,0,190.0,166.0,0.0,857.0,3.0
180,0,191.0,169.0,0.0,859.0,3.0
180,0,192.0,173.0,0.0,861.0,3.0
180,0,193.0,173.0,0.0,867.0,3.0
180,0,194.0,175.0,0.0,873.0,3.0
180,0,195.0,172.0,0.0,877.0,3.0
180,0,196.0,171.0,0.0,885.0,3.0
180,0,197.0,170.0,0.0,890.0,3.0
180,0,198.0,172.0,0.0,894.0,3.0
180,0,199.0,171.0,0.0,899.0,3.0
180,0,200.0,170.0,0.0,904.0,3.0
180,0,201.0,172.0,0.0,908.0,3.0
180,0,202.0,168.0,0.0,913.0,3.0
180,0,203.0,167.0,0.0,923.0,3.0
180,0,204.0,169.0,0.0,929.0,3.0
180,0,205.0,167.0,0.0,935.0,3.0
180,0,206.0,165.0,0.0,940.0,3.0
180,0,207.0,165.0,0.0,946.0,3.0
180,0,208.0,159.0,0.0,951.0,3.0
180,0,209.0,160.0,0.0,960.0,3.0
180,0,210.0,162.0,0.0,963.0,3.0
180,0,211.0,161.0,0.0,967.0,3.0
180,0,212.0,159.0,0.0,972.0,3.0
180,0,213.0,157.0,0.0,979.0,3.0
180,0,214.0,154.0,0.0,986.0,3.0
180,0,215.0,155.0,0.0,994.0,3.0
180,0,216.0,158.0,0.0,997.0,3.0
180,0,217.0,164.0,0.0,1001.0,3.0
180,0,218.0,164.0,0.0,1005.0,3.0
180,0,219.0,167.0,0.0,1011.0,3.0
180,0,220.0,170.0,0.0,1017.0,3.0
180,0,221.0,170.0,0.0,1020.0,3.0
180,0,222.0,172.0,0.0,1025.0,3.0
180,0,223.0,172.0,0.0,1029.0,3.0
180,0,224.0,173.0,0.0,1034.0,3.0
180,0,225.0,172.0,0.0,1037.0,3.0
180,0,226.0,174.0,0.0,1042.0,3.0
180,0,227.0,176.0,5.0,1047.0,3.0
180,0,228.0,171.0,5.0,1051.0,3.0
180,0,229.0,173.0,1.0,1060.0,3.0
180,0,230.0,174.0,0.0,1067.0,3.0
180,0,231.0,176.0,1.0,1072.0,3.0
180,0,232.0,174.0,5.0,1076.0,3.0
180,0,233.0,176.0,3.0,1082.0,3.0
180,0,234.0,177.0,3.0,1086.0,3.0
180,0,235.0,174.0,6.0,1089.0,3.0
180,0,236.0,177.0,8.0,1095.0,3.0
180,0,237.0,175.0,8.0,1098.0,3.0
180,0,238.0,175.0,8.0,1103.0,3.0
180,0,239.0,173.0,9.0,1108.0,5.0
180,0,240.0,174.0,8.0,1115.0,5.0
180,0,241.0,176.0,5.0,1121.0,6.0
180,0,242.0,174.0,4.0,1125.0,6.0
180,0,243.0,175.0,1.0,1131.0,7.0
180,0,244.0,171.0,0.0,1136.0,8.0
180,0,245.0,172.0,0.0,1143.0,8.0
180,0,246.0,170.0,0.0,1149.0,8.0
180,0,247.0,170.0,0.0,1157.0,8.0
180,0,248.0,172.0,0.0,1162.0,8.0
180,0,249.0,173.0,0.0,1166.0,8.0
180,0,250.0,173.0,0.0,1172.0,8.0
180,0,251.0,166.0,0.0,1179.0,8.0
180,0,252.0,162.0,0.0,1186.0,8.0
180,0,253.0,156.0,0.0,1190.0,8.0
180,0,254.0,152.0,0.0,1196.0,8.0
180,0,255.0,146.0,0.0,1200.0,8.0
180,0,256.0,140.0,0.0,1206.0,8.0
180,0,257.0,129.0,0.0,1212.0,8.0
180,0,258.0,125.0,0.0,1223.0,8.0
180,0,259.0,125.0,0.0,1227.0,8.0
180,0,260.0,120.0,0.0,1227.0,8.0
180,0,261.0,116.0,0.0,1232.0,8.0
180,0,262.0,113.0,0.0,1236.0,8.0
180,0,263.0,109.0,0.0,1239.0,8.0
180,0,264.0,104.0,0.0,1243.0,8.0
180,0,265.0,98.0,0.0,1248.0,8.0
180,0,266.0,92.0,0.0,1254.0,8.0
180,0,267.0,87.0,0.0,1260.0,8.0
180,0,268.0,82.0,0.0,1265.0,8.0
180,0,269.0,76.0,0.0,1270.0,8.0
180,0,270.0,71.0,0.0,1276.0,8.0
180,0,271.0,62.0,0.0,1281.0,8.0
180,0,272.0,57.0,0.0,1290.0,8.0
180,0,273.0,53.0,0.0,1295.0,8.0
180,0,274.0,50.0,0.0,1299.0,8.0
180,0,275.0,45.0,0.0,1302.0,8.0
180,0,276.0,43.0,0.0,1307.0,8.0
180,0,277.0,40.0,0.0,1309.0,8.0
180,0,278.0,35.0,0.0,1312.0,8.0
180,0,279.0,33.0,0.0,1317.0,8.0
180,0,280.0,32.0,0.0,1319.0,8.0
180,0,281.0,31.0,0.0,1320.0,8.0
180,0,282.0,31.0,0.0,1321.0,8.0
180,0,283.0,30.0,0.0,1321.0,8.0
180,0,284.0,27.0,0.0,1322.0,8.0
180,0,285.0,27.0,0.0,1325.0,8.0
180,0,286.0,25.0,0.0,1325.0,8.0
180,0,287.0,25.0,0.0,1327.0,8.0
180,0,288.0,23.0,0.0,1327.0,8.0
180,0,289.0,19.0,0.0,1329.0,8.0
180,0,290.0,18.0,0.0,1333.0,8.0
180,0,291.0,18.0,0.0,1334.0,8.0
180,0,292.0,18.0,0.0,1334.0,8.0
180,0,293.0,16.0,0.0,1334.0,8.0
180,0,294.0,16.0,0.0,1336.0,8.0
180,0,295.0,14.0,0.0,1336.0,8.0
180,0,296.0,13.0,0.0,1338.0,8.0
180,0,297.0,13.0,0.0,1339.0,8.0
180,0,298.0,13.0,0.0,1339.0,8.0
180,0,299.0,13.0,0.0,1339.0,8.0
180,0,300.0,13.0,0.0,1339.0,8.0
180,0,301.0,12.0,0.0,1339.0,8.0
180,0,302.0,11.0,0.0,1340.0,8.0
180,0,303.0,10.0,0.0,1341.0,8.0
180,0,304.0,10.0,0.0,1342.0,8.0
180,0,305.0,10.0,0.0,1342.0,8.0
180,0,306.0,10.0,0.0,1342.0,8.0
180,0,307.0,9.0,0.0,1342.0,8.0
180,0,308.0,9.0,0.0,1343.0,8.0
180,0,309.0,9.0,0.0,1343.0,8.0
180,0,310.0,9.0,0.0,1343.0,8.0
180,0,311.0,9.0,0.0,1343.0,8.0
180,0,312.0,9.0,0.0,1343.0,8.0
180,0,313.0,9.0,0.0,1343.0,8.0
180,0,314.0,9.0,0.0,1343.0,8.0
180,0,315.0,9.0,0.0,1343.0,8.0
180,0,316.0,9.0,0.0,1343.0,8.0
180,0,317.0,8.0,0.0,1343.0,8.0
180,0,318.0,8.0,0.0,1344.0,8.0
180,1,0.0,4.0,0.0,0.0,0.0
180,1,1.0,8.0,0.0,0.0,0.0
180,1,2.0,14.0,0.0,0.0,0.0
180,1,3.0,18.0,0.0,0.0,0.0
180,1,4.0,21.0,0.0,0.0,0.0
180,1,5.0,26.0,0.0,0.0,0.0
180,1,6.0,32.0,0.0,0.0,0.0
180,1,7.0,36.0,0.0,0.0,0.0
180,1,8.0,41.0,0.0,0.0,0.0
180,1,9.0,44.0,0.0,0.0,0.0
180,1,10.0,50.0,0.0,0.0,0.0
180,1,11.0,55.0,0.0,0.0,0.0
180,1,12.0,58.0,0.0,0.0,0.0
180,1,13.0,62.0,0.0,0.0,0.0
180,1,14.0,68.0,0.0,0.0,0.0
180,1,15.0,72.0,0.0,0.0,0.0
180,1,16.0,77.0,0.0,0.0,0.0
180,1,17.0,80.0,0.0,0.0,0.0
180,1,18.0,84.0,0.0,1.0,0.0
180,1,19.0,90.0,0.0,1.0,0.0
180,1,20.0,93.0,0.0,1.0,0.0
180,1,21.0,94.0,0.0,2.0,0.0
180,1,22.0,96.0,0.0,4.0,0.0
180,1,23.0,99.0,0.0,6.0,0.0
180,1,24.0,103.0,0.0,8.0,0.0
180,1,25.0,105.0,0.0,11.0,0.0
180,1,26.0,107.0,0.0,13.0,0.0
180,1,27.0,106.0,0.0,15.0,0.0
180,1,28.0,111.0,0.0,20.0,0.0
180,1,29.0,110.0,0.0,21.0,0.0
180,1,30.0,110.0,0.0,25.0,0.0
180,1,31.0,111.0,0.0,30.0,0.0
180,1,32.0,120.0,0.0,32.0,0.0
180,1,33.0,121.0,0.0,33.0,0.0
180,1,34.0,122.0,0.0,36.0,0.0
180,1,35.0,120.0,0.0,39.0,0.0
180,1,36.0,120.0,0.0,44.0,0.0
180,1,37.0,121.0,0.0,48.0,0.0
180,1,38.0,122.0,0.0,50.0,0.0
180,1,39.0,126.0,0.0,54.0,0.0
180,1,40.0,127.0,0.0,57.0,0.0
180,1,41.0,127.0,0.0,60.0,0.0
180,1,42.0,131.0,0.0,64.0,0.0
180,1,43.0,135.0,0.0,66.0,0.0
180,1,44.0,134.0,0.0,69.0,0.0
180,1,45.0,136.0,0.0,72.0,0.0
180,1,46.0,131.0,0.0,75.0,0.0
180,1,47.0,134.0,0.0,83.0,0.0
180,1,48.0,133.0,0.0,85.0,0.0
180,1,49.0,135.0,0.0,88.0,0.0
180,1,50.0,136.0,0.0,92.0,0.0
180,1,51.0,141.0,0.0,94.0,0.0
180,1,52.0,139.0,0.0,98.0,0.0
180,1,53.0,140.0,0.0,103.0,0.0
180,1,54.0,140.0,0.0,107.0,0.0
180,1,55.0,142.0,0.0,111.0,0.0
180,1,56.0,147.0,0.0,115.0,0.0
180,1,57.0,150.0,0.0,118.0,0.0
180,1,58.0,147.0,0.0,122.0,0.0
180,1,59.0,151.0,0.0,130.0,0.0
180,1,60.0,152.0,0.0,133.0,0.0
180,1,61.0,155.0,0.0,136.0,0.0
180,1,62.0,154.0,0.0,140.0,0.0
180,1,63.0,154.0,0.0,144.0,0.0
180,1,64.0,155.0,0.0,148.0,0.0
180,1,65.0,151.0,0.0,149.0,0.0
180,1,66.0,160.0,0.0,157.0,0.0
180,1,67.0,155.0,0.0,158.0,0.0
180,1,68.0,156.0,0.0,166.0,0.0
180,1,69.0,156.0,0.0,170.0,0.0
180,1,70.0,162.0,0.0,173.0,0.0
180,1,71.0,160.0,0.0,174.0,0.0
180,1,72.0,164.0,0.0,179.0,0.0
180,1,73.0,161.0,0.0,182.0,0.0
180,1,74.0,160.0,0.0,193.0,0.0
180,1,75.0,162.0,0.0,199.0,0.0
180,1,76.0,165.0,0.0,202.0,0.0
180,1,77.0,160.0,0.0,208.0,0.0
180,1,78.0,165.0,0.0,214.0,0.0
180,1,79.0,162.0,0.0,217.0,0.0
180,1,80.0,161.0,0.0,223.0,0.0
180,1,81.0,157.0,0.0,230.0,0.0
180,1,82.0,158.0,0.0,239.0,0.0
180,1,83.0,154.0,0.0,241.0,0.0
180,1,84.0,161.0,0.0,249.0,0.0
180,1,85.0,161.0,0.0,250.0,0.0
180,1,86.0,159.0,0.0,255.0,0.0
180,1,87.0,158.0,0.0,262.0,0.0
180,1,88.0,151.0,0.0,267.0,0.0
180,1,89.0,150.0,0.0,276.0,0.0
180,1,90.0,149.0,0.0,283.0,0.0
180,1,91.0,151.0,0.0,290.0,0.0
180,1,92.0,152.0,0.0,294.0,0.0
180,1,93.0,153.0,0.0,297.0,0.0
180,1,94.0,158.0,0.0,300.0,0.0
180,1,95.0,156.0,0.0,302.0,0.0
180,1,96.0,159.0,0.0,307.0,0.0
180,1,97.0,162.0,0.0,310.0,0.0
180,1,98.0,162.0,0.0,313.0,0.0
180,1,99.0,165.0,0.0,316.0,0.0
180,1,100.0,165.0,0.0,320.0,0.0
180,1,101.0,166.0,0.0,326.0,0.0
180,1,102.0,167.0,0.0,332.0,0.0
180,1,103.0,169.0,0.0,335.0,0.0
180,1,104.0,165.0,0.0,339.0,0.0
180,1,105.0,162.0,0.0,347.0,0.0
180,1,106.0,163.0,0.0,354.0,0.0
180,1,107.0,161.0,0.0,358.0,0.0
180,1,108.0,161.0,0.0,364.0,0.0
180,1,109.0,160.0,0.0,370.0,0.0
180,1,110.0,159.0,0.0,375.0,0.0
180,1,111.0,160.0,0.0,383.0,0.0
180,1,112.0,156.0,0.0,388.0,0.0
180,1,113.0,154.0,0.0,394.0,0.0
180,1,114.0,159.0,0.0,400.0,0.0
180,1,115.0,158.0,0.0,402.0,0.0
180,1,116.0,159.0,0.0,409.0,0.0
180,1,117.0,158.0,0.0,411.0,0.0
180,1,118.0,156.0,0.0,417.0,0.0
180,1,119.0,158.0,0.0,422.0,0.0
180,1,120.0,158.0,0.0,426.0,0.0
180,1,121.0,159.0,0.0,431.0,0.0
180,1,122.0,158.0,0.0,437.0,0.0
180,1,123.0,161.0,0.0,443.0,0.0
180,1,124.0,158.0,0.0,449.0,0.0
180,1,125.0,159.0,0.0,457.0,0.0
180,1,126.0,164.0,0.0,464.0,0.0
180,1,127.0,167.0,0.0,468.0,0.0
180,1,128.0,171.0,0.0,472.0,0.0
180,1,129.0,168.0,0.0,474.0,0.0
180,1,130.0,168.0,0.0,481.0,0.0
180,1,131.0,167.0,0.0,488.0,0.0
180,1,132.0,167.0,0.0,495.0,0.0
180,1,133.0,168.0,0.0,500.0,0.0
180,1,134.0,167.0,0.0,504.0,0.0
180,1,135.0,171.0,0.0,510.0,0.0
180,1,136.0,170.0,0.0,512.0,0.0
180,1,137.0,166.0,0.0,517.0,0.0
180,1,138.0,165.0,0.0,526.0,0.0
180,1,139.0,166.0,0.0,531.0,0.0
180,1,140.0,167.0,0.0,537.0,0.0
180,1,141.0,168.0,0.0,541.0,0.0
180,1,142.0,168.0,0.0,544.0,0.0
180,1,143.0,169.0,0.0,548.0,0.0
180,1,144.0,166.0,0.0,552.0,0.0
180,1,145.0,164.0,0.0,563.0,0.0
180,1,146.0,166.0,0.0,568.0,0.0
180,1,147.0,168.0,0.0,574.0,0.0
180,1,148.0,166.0,0.0,579.0,0.0
180,1,149.0,165.0,0.0,586.0,0.0
180,1,150.0,168.0,0.0,591.0,0.0
180,1,151.0,170.0,0.0,593.0,0.0
180,1,152.0,168.0,0.0,596.0,0.0
180,1,153.0,172.0,0.0,603.0,0.0
180,1,154.0,176.0,0.0,610.0,0.0
180,1,155.0,176.0,0.0,614.0,0.0
180,1,156.0,175.0,3.0,618.0,0.0
180,1,157.0,173.0,5.0,623.0,0.0
180,1,158.0,175.0,4.0,630.0,0.0
180,1,159.0,174.0,4.0,635.0,0.0
180,1,160.0,173.0,1.0,641.0,0.0
180,1,161.0,178.0,0.0,648.0,0.0
180,1,162.0,172.0,8.0,649.0,0.0
180,1,163.0,172.0,10.0,657.0,0.0
180,1,164.0,176.0,11.0,665.0,0.0
180,1,165.0,177.0,14.0,669.0,0.0
180,1,166.0,176.0,20.0,672.0,0.0
180,1,167.0,176.0,20.0,676.0,4.0
180,1,168.0,171.0,14.0,680.0,9.0
180,1,169.0,176.0,4.0,689.0,16.0
180,1,170.0,177.0,7.0,693.0,19.0
180,1,171.0,173.0,13.0,696.0,19.0
180,1,172.0,176.0,9.0,703.0,19.0
180,1,173.0,177.0,8.0,707.0,20.0
180,1,174.0,174.0,9.0,710.0,23.0
180,1,175.0,174.0,10.0,716.0,24.0
180,1,176.0,175.0,15.0,722.0,24.0
180,1,177.0,178.0,14.0,727.0,25.0
180,1,178.0,175.0,18.0,729.0,28.0
180,1,179.0,172.0,17.0,734.0,36.0
180,1,180.0,176.0,14.0,742.0,37.0
180,1,181.0,174.0,17.0,746.0,40.0
180,1,182.0,170.0,12.0,752.0,47.0
180,1,183.0,172.0,6.0,762.0,50.0
180,1,184.0,176.0,0.0,770.0,54.0
180,1,185.0,176.0,3.0,774.0,55.0
180,1,186.0,173.0,5.0,778.0,55.0
180,1,187.0,178.0,4.0,785.0,55.0
180,1,188.0,176.0,9.0,787.0,55.0
180,1,189.0,176.0,11.0,791.0,55.0
180,1,190.0,177.0,10.0,795.0,55.0
180,1,191.0,174.0,9.0,798.0,59.0
180,1,192.0,176.0,4.0,804.0,63.0
180,1,193.0,175.0,6.0,808.0,64.0
180,1,194.0,173.0,5.0,813.0,64.0
180,1,195.0,174.0,6.0,820.0,64.0
180,1,196.0,172.0,4.0,826.0,64.0
180,1,197.0,176.0,1.0,834.0,64.0
180,1,198.0,177.0,1.0,838.0,64.0
180,1,199.0,175.0,2.0,841.0,64.0
180,1,200.0,175.0,0.0,846.0,64.0
180,1,201.0,178.0,2.0,849.0,64.0
180,1,202.0,178.0,6.0,851.0,64.0
180,1,203.0,176.0,9.0,853.0,64.0
180,1,204.0,176.0,9.0,857.0,64.0
180,1,205.0,177.0,11.0,861.0,66.0
180,1,206.0,177.0,14.0,864.0,68.0
180,1,207.0,176.0,18.0,867.0,70.0
180,1,208.0,175.0,18.0,871.0,73.0
180,1,209.0,174.0,16.0,876.0,76.0
180,1,210.0,177.0,12.0,882.0,82.0
180,1,211.0,179.0,13.0,885.0,84.0
180,1,212.0,179.0,16.0,886.0,87.0
180,1,213.0,174.0,18.0,887.0,90.0
180,1,214.0,176.0,12.0,893.0,91.0
180,1,215.0,172.0,11.0,897.0,95.0
180,1,216.0,174.0,7.0,905.0,96.0
180,1,217.0,178.0,6.0,911.0,97.0
180,1,218.0,176.0,10.0,913.0,97.0
180,1,219.0,176.0,12.0,917.0,97.0
180,1,220.0,176.0,11.0,921.0,100.0
180,1,221.0,177.0,12.0,925.0,104.0
180,1,222.0,179.0,17.0,928.0,106.0
180,1,223.0,175.0,20.0,929.0,108.0
180,1,224.0,176.0,16.0,934.0,111.0
180,1,225.0,177.0,13.0,938.0,116.0
180,1,226.0,178.0,14.0,941.0,117.0
180,1,227.0,177.0,17.0,943.0,119.0
180,1,228.0,177.0,16.0,946.0,121.0
180,1,229.0,178.0,23.0,949.0,124.0
180,1,230.0,177.0,21.0,951.0,128.0
180,1,231.0,174.0,27.0,954.0,131.0
180,1,232.0,179.0,15.0,960.0,143.0
180,1,233.0,177.0,20.0,961.0,144.0
180,1,234.0,177.0,18.0,964.0,150.0
180,1,235.0,177.0,17.0,967.0,153.0
180,1,236.0,180.0,16.0,970.0,156.0
180,1,237.0,177.0,23.0,970.0,160.0
180,1,238.0,178.0,24.0,973.0,163.0
180,1,239.0,178.0,29.0,975.0,166.0
180,1,240.0,178.0,31.0,977.0,171.0
180,1,241.0,178.0,34.0,979.0,177.0
180,1,242.0,177.0,33.0,981.0,185.0
180,1,243.0,176.0,27.0,984.0,192.0
180,1,244.0,177.0,24.0,988.0,200.0
180,1,245.0,174.0,28.0,991.0,204.0
180,1,246.0,179.0,20.0,997.0,210.0
180,1,247.0,175.0,24.0,998.0,219.0
180,1,248.0,174.0,22.0,1003.0,223.0
180,1,249.0,178.0,15.0,1009.0,227.0
180,1,250.0,177.0,15.0,1011.0,233.0
180,1,251.0,178.0,8.0,1014.0,237.0
180,1,252.0,177.0,6.0,1016.0,238.0
180,1,253.0,179.0,0.0,1019.0,242.0
180,1,254.0,176.0,0.0,1020.0,242.0
180,1,255.0,173.0,0.0,1023.0,242.0
180,1,256.0,167.0,0.0,1026.0,242.0
180,1,257.0,167.0,0.0,1032.0,242.0
180,1,258.0,163.0,0.0,1032.0,242.0
180,1,259.0,161.0,0.0,1036.0,242.0
180,1,260.0,158.0,0.0,1038.0,242.0
180,1,261.0,156.0,0.0,1041.0,242.0
180,1,262.0,153.0,0.0,1043.0,242.0
180,1,263.0,152.0,0.0,1046.0,242.0
180,1,264.0,150.0,0.0,1047.0,242.0
180,1,265.0,145.0,0.0,1049.0,242.0
180,1,266.0,143.0,0.0,1054.0,242.0
180,1,267.0,141.0,0.0,1056.0,242.0
180,1,268.0,138.0,0.0,1058.0,242.0
180,1,269.0,135.0,0.0,1061.0,242.0
180,1,270.0,132.0,0.0,1064.0,242.0
180,1,271.0,131.0,0.0,1067.0,242.0
180,1,272.0,130.0,0.0,1068.0,242.0
180,1,273.0,128.0,0.0,1069.0,242.0
180,1,274.0,126.0,0.0,1071.0,242.0
180,1,275.0,122.0,0.0,1073.0,242.0
180,1,276.0,117.0,0.0,1077.0,242.0
180,1,277.0,115.0,0.0,1082.0,242.0
180,1,278.0,115.0,0.0,1084.0,242.0
180,1,279.0,112.0,0.0,1084.0,242.0
180,1,280.0,111.0,0.0,1087.0,242.0
180,1,281.0,108.0,0.0,1088.0,242.0
180,1,282.0,108.0,0.0,1091.0,242.0
180,1,283.0,105.0,0.0,1091.0,242.0
180,1,284.0,104.0,0.0,1094.0,242.0
180,1,285.0,103.0,0.0,1095.0,242.0
180,1,286.0,103.0,0.0,1096.0,242.0
180,1,287.0,102.0,0.0,1096.0,242.0
180,1,288.0,102.0,0.0,1097.0,242.0
180,1,289.0,101.0,0.0,1097.0,242.0
180,1,290.0,101.0,0.0,1098.0,242.0
180,1,291.0,101.0,0.0,1098.0,242.0
180,1,292.0,101.0,0.0,1098.0,242.0
180,1,293.0,101.0,0.0,1098.0,242.0
180,1,294.0,100.0,0.0,1098.0,242.0
180,1,295.0,100.0,0.0,1099.0,242.0
180,1,296.0,100.0,0.0,1099.0,242.0
180,1,297.0,100.0,0.0,1099.0,242.0
180,1,298.0,100.0,0.0,1099.0,242.0
180,1,299.0,99.0,0.0,1099.0,242.0
180,1,300.0,99.0,0.0,1100.0,242.0
180,1,301.0,96.0,0.0,1100.0,242.0
180,1,302.0,96.0,0.0,1103.0,242.0
180,1,303.0,96.0,0.0,1103.0,242.0
180,1,304.0,96.0,0.0,1103.0,242.0
180,1,305.0,95.0,0.0,1103.0,242.0
180,1,306.0,95.0,0.0,1104.0,242.0
180,1,307.0,94.0,0.0,1104.0,242.0
180,1,308.0,94.0,0.0,1105.0,242.0
180,1,309.0,93.0,0.0,1105.0,242.0
180,1,310.0,93.0,0.0,1106.0,242.0
180,1,311.0,93.0,0.0,1106.0,242.0
180,1,312.0,93.0,0.0,1106.0,242.0
180,1,313.0,93.0,0.0,1106.0,242.0
180,1,314.0,93.0,0.0,1106.0,242.0
180,1,315.0,93.0,0.0,1106.0,242.0
180,1,316.0,93.0,0.0,1106.0,242.0
180,1,317.0,93.0,0.0,1106.0,242.0
180,1,318.0,93.0,0.0,1106.0,242.0
180,1,319.0,93.0,0.0,1106.0,242.0
180,1,320.0,93.0,0.0,1106.0,242.0
180,1,321.0,93.0,0.0,1106.0,242.0
180,1,322.0,93.0,0.0,1106.0,242.0
180,1,323.0,92.0,0.0,1106.0,242.0
180,1,324.0,92.0,0.0,1107.0,242.0
180,2,0.0,6.0,0.0,0.0,0.0
180,2,1.0,11.0,0.0,0.0,0.0
180,2,2.0,13.0,0.0,0.0,0.0
180,2,3.0,19.0,0.0,0.0,0.0
180,2,4.0,24.0,0.0,0.0,0.0
180,2,5.0,32.0,0.0,0.0,0.0
180,2,6.0,40.0,0.0,0.0,0.0
180,2,7.0,43.0,0.0,0.0,0.0
180,2,8.0,53.0,0.0,0.0,0.0
180,2,9.0,57.0,0.0,0.0,0.0
180,2,10.0,64.0,0.0,0.0,0.0
180,2,11.0,70.0,0.0,0.0,0.0
180,2,12.0,75.0,0.0,0.0,0.0
180,2,13.0,82.0,0.0,0.0,0.0
180,2,14.0,88.0,0.0,0.0,0.0
180,2,15.0,95.0,0.0,0.0,0.0
180,2,16.0,101.0,0.0,0.0,0.0
180,2,17.0,103.0,0.0,1.0,0.0
180,2,18.0,109.0,0.0,1.0,0.0
180,2,19.0,116.0,0.0,1.0,0.0
180,2,20.0,125.0,0.0,1.0,0.0
180,2,21.0,132.0,0.0,2.0,0.0
180,2,22.0,134.0,0.0,3.0,0.0
180,2,23.0,135.0,0.0,4.0,0.0
180,2,24.0,133.0,0.0,5.0,0.0
180,2,25.0,131.0,0.0,10.0,0.0
180,2,26.0,132.0,0.0,14.0,0.0
180,2,27.0,133.0,0.0,19.0,0.0
180,2,28.0,138.0,0.0,22.0,0.0
180,2,29.0,140.0,0.0,24.0,0.0
180,2,30.0,145.0,0.0,28.0,0.0
180,2,31.0,147.0,0.0,31.0,0.0
180,2,32.0,151.0,0.0,37.0,0.0
180,2,33.0,155.0,0.0,41.0,0.0
180,2,34.0,151.0,0.0,45.0,0.0
180,2,35.0,150.0,0.0,50.0,0.0
180,2,36.0,147.0,0.0,54.0,0.0
180,2,37.0,151.0,0.0,61.0,0.0
180,2,38.0,149.0,0.0,62.0,0.0
180,2,39.0,146.0,0.0,70.0,0.0
180,2,40.0,148.0,0.0,76.0,0.0
180,2,41.0,149.0,0.0,78.0,0.0
180,2,42.0,146.0,0.0,84.0,0.0
180,2,43.0,147.0,0.0,92.0,0.0
180,2,44.0,151.0,0.0,99.0,0.0
180,2,45.0,151.0,0.0,102.0,0.0
180,2,46.0,152.0,0.0,104.0,0.0
180,2,47.0,149.0,0.0,109.0,0.0
180,2,48.0,151.0,0.0,116.0,0.0
180,2,49.0,151.0,0.0,120.0,0.0
180,2,50.0,148.0,0.0,125.0,0.0
180,2,51.0,152.0,0.0,134.0,0.0
180,2,52.0,152.0,0.0,137.0,0.0
180,2,53.0,151.0,0.0,143.0,0.0
180,2,54.0,155.0,0.0,147.0,0.0
180,2,55.0,156.0,0.0,149.0,0.0
180,2,56.0,158.0,0.0,154.0,0.0
180,2,57.0,158.0,0.0,159.0,0.0
180,2,58.0,157.0,0.0,164.0,0.0
180,2,59.0,153.0,0.0,168.0,0.0
180,2,60.0,152.0,0.0,176.0,0.0
180,2,61.0,155.0,0.0,180.0,0.0
180,2,62.0,154.0,0.0,182.0,0.0
180,2,63.0,155.0,0.0,187.0,0.0
180,2,64.0,160.0,0.0,191.0,0.0
180,2,65.0,158.0,0.0,193.0,0.0
180,2,66.0,160.0,0.0,199.0,0.0
180,2,67.0,160.0,0.0,204.0,0.0
180,2,68.0,161.0,0.0,208.0,0.0
180,2,69.0,164.0,0.0,214.0,0.0
180,2,70.0,166.0,0.0,219.0,0.0
180,2,71.0,169.0,0.0,223.0,0.0
180,2,72.0,169.0,0.0,227.0,0.0
180,2,73.0,168.0,0.0,231.0,0.0
180,2,74.0,166.0,0.0,237.0,0.0
180,2,75.0,165.0,0.0,241.0,0.0
180,2,76.0,162.0,0.0,249.0,0.0
180,2,77.0,168.0,0.0,255.0,0.0
180,2,78.0,169.0,0.0,256.0,0.0
180,2,79.0,170.0,0.0,261.0,0.0
180,2,80.0,169.0,0.0,264.0,0.0
180,2,81.0,173.0,0.0,270.0,0.0
180,2,82.0,172.0,0.0,272.0,0.0
180,2,83.0,173.0,1.0,275.0,0.0
180,2,84.0,174.0,1.0,282.0,0.0
180,2,85.0,173.0,0.0,288.0,0.0
180,2,86.0,174.0,0.0,294.0,0.0
180,2,87.0,178.0,1.0,298.0,0.0
180,2,88.0,174.0,3.0,300.0,0.0
180,2,89.0,173.0,4.0,306.0,0.0
180,2,90.0,176.0,0.0,313.0,0.0
180,2,91.0,176.0,4.0,317.0,0.0
180,2,92.0,171.0,5.0,321.0,0.0
180,2,93.0,171.0,2.0,330.0,0.0
180,2,94.0,171.0,0.0,339.0,0.0
180,2,95.0,166.0,0.0,347.0,0.0
180,2,96.0,168.0,0.0,355.0,0.0
180,2,97.0,170.0,0.0,359.0,0.0
180,2,98.0,164.0,0.0,364.0,0.0
180,2,99.0,165.0,0.0,372.0,0.0
180,2,100.0,170.0,0.0,379.0,0.0
180,2,101.0,172.0,0.0,383.0,0.0
180,2,102.0,170.0,0.0,388.0,0.0
180,2,103.0,171.0,0.0,394.0,0.0
180,2,104.0,176.0,1.0,398.0,0.0
180,2,105.0,177.0,0.0,402.0,0.0
180,2,106.0,176.0,2.0,405.0,0.0
180,2,107.0,172.0,2.0,409.0,0.0
180,2,108.0,178.0,0.0,417.0,0.0
180,2,109.0,175.0,4.0,418.0,0.0
180,2,110.0,176.0,3.0,423.0,0.0
180,2,111.0,174.0,5.0,427.0,0.0
180,2,112.0,176.0,2.0,433.0,0.0
180,2,113.0,175.0,4.0,437.0,0.0
180,2,114.0,176.0,5.0,442.0,0.0
180,2,115.0,174.0,4.0,446.0,0.0
180,2,116.0,176.0,4.0,452.0,0.0
180,2,117.0,170.0,4.0,456.0,0.0
180,2,118.0,175.0,0.0,466.0,0.0
180,2,119.0,170.0,0.0,470.0,0.0
180,2,120.0,167.0,0.0,479.0,0.0
180,2,121.0,169.0,0.0,484.0,0.0
180,2,122.0,168.0,0.0,486.0,0.0
180,2,123.0,164.0,0.0,493.0,0.0
180,2,124.0,160.0,0.0,501.0,0.0
180,2,125.0,163.0,0.0,507.0,0.0
180,2,126.0,161.0,0.0,511.0,0.0
180,2,127.0,159.0,0.0,517.0,0.0
180,2,128.0,161.0,0.0,524.0,0.0
180,2,129.0,161.0,0.0,531.0,0.0
180,2,130.0,167.0,0.0,538.0,0.0
180,2,131.0,166.0,0.0,542.0,0.0
180,2,132.0,166.0,0.0,548.0,0.0
180,2,133.0,168.0,0.0,553.0,0.0
180,2,134.0,168.0,0.0,558.0,0.0
180,2,135.0,170.0,0.0,564.0,0.0
180,2,136.0,168.0,0.0,568.0,0.0
180,2,137.0,166.0,0.0,575.0,0.0
180,2,138.0,167.0,0.0,583.0,0.0
180,2,139.0,166.0,0.0,586.0,0.0
180,2,140.0,167.0,0.0,593.0,0.0
180,2,141.0,169.0,0.0,597.0,0.0
180,2,142.0,168.0,0.0,601.0,0.0
180,2,143.0,168.0,0.0,610.0,0.0
180,2,144.0,164.0,0.0,615.0,0.0
180,2,145.0,166.0,0.0,623.0,0.0
180,2,146.0,167.0,0.0,628.0,0.0
180,2,147.0,171.0,0.0,633.0,0.0
180,2,148.0,166.0,0.0,636.0,0.0
180,2,149.0,171.0,0.0,646.0,0.0
180,2,150.0,169.0,0.0,650.0,0.0
180,2,151.0,173.0,0.0,656.0,0.0
180,2,152.0,171.0,0.0,659.0,0.0
180,2,153.0,169.0,0.0,666.0,0.0
180,2,154.0,164.0,0.0,675.0,0.0
180,2,155.0,163.0,0.0,682.0,0.0
180,2,156.0,163.0,0.0,686.0,0.0
180,2,157.0,165.0,0.0,691.0,0.0
180,2,158.0,167.0,0.0,696.0,0.0
180,2,159.0,170.0,0.0,701.0,0.0
180,2,160.0,170.0,0.0,705.0,0.0
180,2,161.0,172.0,0.0,710.0,0.0
180,2,162.0,174.0,0.0,714.0,0.0
180,2,163.0,176.0,0.0,718.0,0.0
180,2,164.0,175.0,3.0,721.0,0.0
180,2,165.0,175.0,4.0,726.0,0.0
180,2,166.0,175.0,4.0,731.0,0.0
180,2,167.0,174.0,5.0,736.0,0.0
180,2,168.0,177.0,3.0,742.0,0.0
180,2,169.0,173.0,2.0,745.0,0.0
180,2,170.0,172.0,0.0,752.0,0.0
180,2,171.0,172.0,0.0,759.0,0.0
180,2,172.0,171.0,0.0,763.0,0.0
180,2,173.0,163.0,0.0,769.0,0.0
180,2,174.0,164.0,0.0,780.0,0.0
180,2,175.0,159.0,0.0,785.0,0.0
180,2,176.0,161.0,0.0,792.0,0.0
180,2,177.0,164.0,0.0,797.0,0.0
180,2,178.0,166.0,0.0,803.0,0.0
180,2,179.0,166.0,0.0,807.0,0.0
180,2,180.0,165.0,0.0,814.0,0.0
180,2,181.0,165.0,0.0,821.0,0.0
180,2,182.0,164.0,0.0,826.0,0.0
180,2,183.0,170.0,0.0,831.0,0.0
180,2,184.0,167.0,0.0,834.0,0.0
180,2,185.0,169.0,0.0,843.0,0.0
180,2,186.0,169.0,0.0,848.0,0.0
180,2,187.0,170.0,0.0,853.0,0.0
180,2,188.0,165.0,0.0,859.0,0.0
180,2,189.0,165.0,0.0,867.0,0.0
180,2,190.0,167.0,0.0,871.0,0.0
180,2,191.0,167.0,0.0,875.0,0.0
180,2,192.0,170.0,0.0,881.0,0.0
180,2,193.0,175.0,0.0,883.0,0.0
180,2,194.0,175.0,0.0,886.0,0.0
180,2,195.0,177.0,3.0,888.0,0.0
180,2,196.0,175.0,3.0,891.0,0.0
180,2,197.0,174.0,5.0,896.0,0.0
180,2,198.0,172.0,6.0,902.0,0.0
180,2,199.0,174.0,6.0,910.0,0.0
180,2,200.0,174.0,4.0,916.0,0.0
180,2,201.0,173.0,1.0,922.0,0.0
180,2,202.0,172.0,0.0,929.0,0.0
180,2,203.0,168.0,0.0,935.0,0.0
180,2,204.0,169.0,0.0,942.0,0.0
180,2,205.0,172.0,0.0,947.0,0.0
180,2,206.0,174.0,0.0,950.0,0.0
180,2,207.0,174.0,0.0,953.0,0.0
180,2,208.0,174.0,0.0,959.0,0.0
180,2,209.0,171.0,0.0,963.0,0.0
180,2,210.0,170.0,0.0,969.0,0.0
180,2,211.0,173.0,0.0,976.0,0.0
180,2,212.0,172.0,2.0,979.0,0.0
180,2,213.0,173.0,0.0,987.0,0.0
180,2,214.0,173.0,0.0,992.0,0.0
180,2,215.0,177.0,0.0,997.0,0.0
180,2,216.0,172.0,3.0,999.0,0.0
180,2,217.0,174.0,0.0,1007.0,0.0
180,2,218.0,172.0,0.0,1013.0,0.0
180,2,219.0,177.0,0.0,1018.0,0.0
180,2,220.0,174.0,2.0,1021.0,0.0
180,2,221.0,171.0,2.0,1027.0,0.0
180,2,222.0,174.0,0.0,1036.0,0.0
180,2,223.0,174.0,0.0,1040.0,0.0
180,2,224.0,171.0,1.0,1045.0,0.0
180,2,225.0,170.0,0.0,1054.0,0.0
180,2,226.0,170.0,0.0,1060.0,0.0
180,2,227.0,173.0,0.0,1064.0,0.0
180,2,228.0,175.0,0.0,1068.0,0.0
180,2,229.0,173.0,5.0,1071.0,0.0
180,2,230.0,174.0,1.0,1078.0,0.0
180,2,231.0,174.0,0.0,1084.0,0.0
180,2,232.0,173.0,0.0,1090.0,0.0
180,2,233.0,175.0,0.0,1095.0,0.0
180,2,234.0,178.0,1.0,1098.0,0.0
180,2,235.0,174.0,4.0,1100.0,0.0
180,2,236.0,175.0,4.0,1106.0,0.0
180,2,237.0,170.0,6.0,1111.0,0.0
180,2,238.0,176.0,3.0,1121.0,0.0
180,2,239.0,174.0,7.0,1125.0,0.0
180,2,240.0,170.0,8.0,1131.0,0.0
180,2,241.0,175.0,2.0,1141.0,0.0
180,2,242.0,177.0,4.0,1146.0,0.0
180,2,243.0,172.0,10.0,1149.0,0.0
180,2,244.0,174.0,9.0,1157.0,0.0
180,2,245.0,177.0,11.0,1163.0,0.0
180,2,246.0,173.0,15.0,1166.0,0.0
180,2,247.0,177.0,14.0,1173.0,0.0
180,2,248.0,175.0,20.0,1176.0,4.0
180,2,249.0,177.0,16.0,1181.0,9.0
180,2,250.0,169.0,17.0,1184.0,12.0
180,2,251.0,171.0,0.0,1195.0,18.0
180,2,252.0,165.0,0.0,1204.0,20.0
180,2,253.0,160.0,0.0,1210.0,20.0
180,2,254.0,156.0,0.0,1215.0,20.0
180,2,255.0,150.0,0.0,1219.0,20.0
180,2,256.0,145.0,0.0,1225.0,20.0
180,2,257.0,141.0,0.0,1230.0,20.0
180,2,258.0,134.0,0.0,1234.0,20.0
180,2,259.0,125.0,0.0,1241.0,20.0
180,2,260.0,117.0,0.0,1250.0,20.0
180,2,261.0,111.0,0.0,1258.0,20.0
180,2,262.0,106.0,0.0,1264.0,20.0
180,2,263.0,103.0,0.0,1269.0,20.0
180,2,264.0,99.0,0.0,1272.0,20.0
180,2,265.0,91.0,0.0,1276.0,20.0
180,2,266.0,87.0,0.0,1284.0,20.0
180,2,267.0,86.0,0.0,1288.0,20.0
180,2,268.0,81.0,0.0,1289.0,20.0
180,2,269.0,76.0,0.0,1294.0,20.0
180,2,270.0,73.0,0.0,1299.0,20.0
180,2,271.0,67.0,0.0,1302.0,20.0
180,2,272.0,65.0,0.0,1308.0,20.0
180,2,273.0,59.0,0.0,1310.0,20.0
180,2,274.0,55.0,0.0,1316.0,20.0
180,2,275.0,50.0,0.0,1320.0,20.0
180,2,276.0,46.0,0.0,1325.0,20.0
180,2,277.0,43.0,0.0,1329.0,20.0
180,2,278.0,41.0,0.0,1332.0,20.0
180,2,279.0,39.0,0.0,1334.0,20.0
180,2,280.0,37.0,0.0,1336.0,20.0
180,2,281.0,36.0,0.0,1338.0,20.0
180,2,282.0,36.0,0.0,1339.0,20.0
180,2,283.0,36.0,0.0,1339.0,20.0
180,2,284.0,34.0,0.0,1339.0,20.0
180,2,285.0,33.0,0.0,1341.0,20.0
180,2,286.0,33.0,0.0,1342.0,20.0
180,2,287.0,31.0,0.0,1342.0,20.0
180,2,288.0,30.0,0.0,1344.0,20.0
180,2,289.0,30.0,0.0,1345.0,20.0
180,2,290.0,29.0,0.0,1345.0,20.0
180,2,291.0,29.0,0.0,1346.0,20.0
180,2,292.0,28.0,0.0,1346.0,20.0
180,2,293.0,27.0,0.0,1347.0,20.0
180,2,294.0,27.0,0.0,1348.0,20.0
180,2,295.0,25.0,0.0,1348.0,20.0
180,2,296.0,25.0,0.0,1350.0,20.0
180,2,297.0,24.0,0.0,1350.0,20.0
180,2,298.0,22.0,0.0,1351.0,20.0
180,2,299.0,22.0,0.0,1353.0,20.0
180,2,300.0,20.0,0.0,1353.0,20.0
180,2,301.0,19.0,0.0,1355.0,20.0
180,2,302.0,19.0,0.0,1356.0,20.0
180,2,303.0,18.0,0.0,1356.0,20.0
180,2,304.0,18.0,0.0,1357.0,20.0
180,2,305.0,15.0,0.0,1357.0,20.0
180,2,306.0,14.0,0.0,1360.0,20.0
180,2,307.0,14.0,0.0,1361.0,20.0
180,2,308.0,13.0,0.0,1361.0,20.0
180,2,309.0,12.0,0.0,1362.0,20.0
180,2,310.0,12.0,0.0,1363.0,20.0
180,2,311.0,12.0,0.0,1363.0,20.0
180,2,312.0,12.0,0.0,1363.0,20.0
180,2,313.0,12.0,0.0,1363.0,20.0
180,2,314.0,12.0,0.0,1363.0,20.0
180,2,315.0,11.0,0.0,1363.0,20.0
180,2,316.0,11.0,0.0,1364.0,20.0
180,2,317.0,11.0,0.0,1364.0,20.0
180,2,318.0,11.0,0.0,1364.0,20.0
180,2,319.0,11.0,0.0,1364.0,20.0
180,2,320.0,11.0,0.0,1364.0,20.0
180,2,321.0,11.0,0.0,1364.0,20.0
180,2,322.0,11.0,0.0,1364.0,20.0
180,2,323.0,10.0,0.0,1364.0,20.0
180,2,324.0,10.0,0.0,1365.0,20.0
180,3,0.0,4.0,0.0,0.0,0.0
180,3,1.0,10.0,0.0,0.0,0.0
180,3,2.0,13.0,0.0,0.0,0.0
180,3,3.0,20.0,0.0,0.0,0.0
180,3,4.0,24.0,0.0,0.0,0.0
180,3,5.0,29.0,0.0,0.0,0.0
180,3,6.0,39.0,0.0,0.0,0.0
180,3,7.0,49.0,0.0,0.0,0.0
180,3,8.0,54.0,0.0,0.0,0.0
180,3,9.0,60.0,0.0,0.0,0.0
180,3,10.0,64.0,0.0,0.0,0.0
180,3,11.0,70.0,0.0,0.0,0.0
180,3,12.0,74.0,0.0,0.0,0.0
180,3,13.0,81.0,0.0,0.0,0.0
180,3,14.0,86.0,0.0,0.0,0.0
180,3,15.0,92.0,0.0,1.0,0.0
180,3,16.0,98.0,0.0,1.0,0.0
180,3,17.0,104.0,0.0,1.0,0.0
180,3,18.0,107.0,0.0,1.0,0.0
180,3,19.0,113.0,0.0,2.0,0.0
180,3,20.0,116.0,0.0,2.0,0.0
180,3,21.0,124.0,0.0,3.0,0.0
180,3,22.0,128.0,0.0,3.0,0.0
180,3,23.0,130.0,0.0,3.0,0.0
180,3,24.0,134.0,0.0,5.0,0.0
180,3,25.0,137.0,0.0,6.0,0.0
180,3,26.0,140.0,0.0,8.0,0.0
180,3,27.0,142.0,0.0,11.0,0.0
180,3,28.0,145.0,0.0,13.0,0.0
180,3,29.0,143.0,0.0,19.0,0.0
180,3,30.0,144.0,0.0,23.0,0.0
180,3,31.0,143.0,0.0,28.0,0.0
180,3,32.0,143.0,0.0,33.0,0.0
180,3,33.0,146.0,0.0,36.0,0.0
180,3,34.0,144.0,0.0,39.0,0.0
180,3,35.0,150.0,0.0,44.0,0.0
180,3,36.0,152.0,0.0,47.0,0.0
180,3,37.0,153.0,0.0,52.0,0.0
180,3,38.0,152.0,0.0,58.0,0.0
180,3,39.0,150.0,0.0,65.0,0.0
180,3,40.0,152.0,0.0,69.0,0.0
180,3,41.0,158.0,0.0,71.0,0.0
180,3,42.0,155.0,0.0,76.0,0.0
180,3,43.0,160.0,0.0,84.0,0.0
180,3,44.0,161.0,0.0,88.0,0.0
180,3,45.0,161.0,0.0,93.0,0.0
180,3,46.0,164.0,0.0,97.0,0.0
180,3,47.0,166.0,0.0,100.0,0.0
180,3,48.0,164.0,0.0,104.0,0.0
180,3,49.0,166.0,0.0,112.0,0.0
180,3,50.0,167.0,0.0,117.0,0.0
180,3,51.0,170.0,0.0,122.0,0.0
180,3,52.0,175.0,0.0,128.0,0.0
180,3,53.0,177.0,2.0,131.0,0.0
180,3,54.0,174.0,6.0,134.0,0.0
180,3,55.0,172.0,3.0,140.0,0.0
180,3,56.0,174.0,0.0,148.0,0.0
180,3,57.0,173.0,0.0,154.0,0.0
180,3,58.0,177.0,5.0,159.0,0.0
180,3,59.0,178.0,7.0,162.0,0.0
180,3,60.0,178.0,10.0,164.0,0.0
180,3,61.0,172.0,12.0,166.0,0.0
180,3,62.0,177.0,11.0,174.0,2.0
180,3,63.0,178.0,9.0,177.0,5.0
180,3,64.0,173.0,12.0,179.0,7.0
180,3,65.0,178.0,8.0,186.0,12.0
180,3,66.0,173.0,11.0,188.0,12.0
180,3,67.0,174.0,10.0,195.0,13.0
180,3,68.0,176.0,7.0,201.0,17.0
180,3,69.0,169.0,9.0,205.0,20.0
180,3,70.0,174.0,3.0,216.0,22.0
180,3,71.0,174.0,3.0,222.0,22.0
180,3,72.0,167.0,4.0,228.0,22.0
180,3,73.0,169.0,0.0,241.0,22.0
180,3,74.0,169.0,0.0,247.0,22.0
180,3,75.0,170.0,0.0,253.0,22.0
180,3,76.0,171.0,0.0,259.0,22.0
180,3,77.0,166.0,0.0,263.0,22.0
180,3,78.0,170.0,0.0,270.0,22.0
180,3,79.0,171.0,0.0,273.0,22.0
180,3,80.0,173.0,0.0,278.0,22.0
180,3,81.0,174.0,3.0,283.0,22.0
180,3,82.0,174.0,0.0,289.0,22.0
180,3,83.0,175.0,0.0,295.0,22.0
180,3,84.0,177.0,1.0,300.0,22.0
180,3,85.0,175.0,4.0,303.0,22.0
180,3,86.0,176.0,6.0,308.0,22.0
180,3,87.0,177.0,8.0,312.0,22.0
180,3,88.0,178.0,10.0,315.0,22.0
180,3,89.0,174.0,16.0,317.0,22.0
180,3,90.0,173.0,16.0,323.0,25.0
180,3,91.0,177.0,14.0,330.0,27.0
180,3,92.0,176.0,16.0,333.0,32.0
180,3,93.0,173.0,13.0,337.0,36.0
180,3,94.0,174.0,7.0,344.0,39.0
180,3,95.0,171.0,8.0,350.0,41.0
180,3,96.0,173.0,5.0,359.0,44.0
180,3,97.0,177.0,3.0,366.0,44.0
180,3,98.0,176.0,3.0,369.0,44.0
180,3,99.0,171.0,5.0,373.0,44.0
180,3,100.0,172.0,0.0,382.0,44.0
180,3,101.0,169.0,0.0,390.0,44.0
180,3,102.0,175.0,0.0,395.0,44.0
180,3,103.0,175.0,1.0,398.0,44.0
180,3,104.0,173.0,1.0,403.0,44.0
180,3,105.0,172.0,0.0,410.0,44.0
180,3,106.0,171.0,0.0,416.0,44.0
180,3,107.0,167.0,0.0,421.0,44.0
180,3,108.0,168.0,0.0,427.0,44.0
180,3,109.0,173.0,0.0,431.0,44.0
180,3,110.0,173.0,0.0,434.0,44.0
180,3,111.0,176.0,0.0,439.0,44.0
180,3,112.0,177.0,0.0,443.0,44.0
180,3,113.0,178.0,4.0,446.0,44.0
180,3,114.0,177.0,7.0,448.0,44.0
180,3,115.0,175.0,7.0,451.0,44.0
180,3,116.0,178.0,7.0,456.0,44.0
180,3,117.0,177.0,6.0,458.0,47.0
180,3,118.0,174.0,11.0,461.0,48.0
180,3,119.0,175.0,11.0,467.0,50.0
180,3,120.0,174.0,10.0,472.0,50.0
180,3,121.0,177.0,12.0,478.0,54.0
180,3,122.0,179.0,17.0,481.0,58.0
180,3,123.0,178.0,20.0,482.0,60.0
180,3,124.0,171.0,18.0,484.0,65.0
180,3,125.0,176.0,10.0,493.0,69.0
180,3,126.0,177.0,15.0,497.0,72.0
180,3,127.0,177.0,19.0,500.0,75.0
180,3,128.0,173.0,20.0,503.0,78.0
180,3,129.0,174.0,14.0,510.0,83.0
180,3,130.0,172.0,9.0,516.0,87.0
180,3,131.0,174.0,7.0,524.0,90.0
180,3,132.0,174.0,5.0,530.0,93.0
180,3,133.0,176.0,9.0,536.0,94.0
180,3,134.0,176.0,13.0,540.0,94.0
180,3,135.0,175.0,11.0,544.0,94.0
180,3,136.0,178.0,10.0,549.0,96.0
180,3,137.0,176.0,11.0,551.0,101.0
180,3,138.0,178.0,13.0,555.0,101.0
180,3,139.0,174.0,14.0,557.0,104.0
180,3,140.0,177.0,14.0,563.0,107.0
180,3,141.0,178.0,16.0,566.0,109.0
180,3,142.0,176.0,20.0,568.0,110.0
180,3,143.0,177.0,21.0,572.0,115.0
180,3,144.0,175.0,22.0,575.0,118.0
180,3,145.0,177.0,16.0,580.0,122.0
180,3,146.0,176.0,15.0,583.0,128.0
180,3,147.0,179.0,13.0,587.0,133.0
180,3,148.0,179.0,16.0,588.0,134.0
180,3,149.0,176.0,16.0,589.0,138.0
180,3,150.0,179.0,12.0,593.0,142.0
180,3,151.0,177.0,13.0,594.0,143.0
180,3,152.0,178.0,11.0,597.0,146.0
180,3,153.0,178.0,12.0,599.0,149.0
180,3,154.0,177.0,15.0,601.0,151.0
180,3,155.0,175.0,14.0,604.0,154.0
180,3,156.0,179.0,13.0,609.0,157.0
180,3,157.0,177.0,12.0,610.0,162.0
180,3,158.0,177.0,13.0,613.0,166.0
180,3,159.0,177.0,16.0,616.0,167.0
180,3,160.0,178.0,18.0,619.0,168.0
180,3,161.0,180.0,14.0,621.0,175.0
180,3,162.0,176.0,23.0,621.0,177.0
180,3,163.0,176.0,23.0,625.0,181.0
180,3,164.0,177.0,19.0,629.0,186.0
180,3,165.0,179.0,15.0,632.0,193.0
180,3,166.0,179.0,20.0,633.0,196.0
180,3,167.0,178.0,24.0,634.0,198.0
180,3,168.0,176.0,24.0,636.0,201.0
180,3,169.0,174.0,17.0,640.0,211.0
180,3,170.0,179.0,11.0,646.0,216.0
180,3,171.0,176.0,16.0,647.0,217.0
180,3,172.0,179.0,11.0,651.0,222.0
180,3,173.0,178.0,18.0,652.0,225.0
180,3,174.0,178.0,19.0,654.0,227.0
180,3,175.0,177.0,20.0,656.0,227.0
180,3,176.0,177.0,19.0,659.0,235.0
180,3,177.0,178.0,14.0,662.0,238.0
180,3,178.0,176.0,18.0,664.0,240.0
180,3,179.0,179.0,20.0,668.0,244.0
180,3,180.0,178.0,22.0,669.0,249.0
180,3,181.0,179.0,19.0,671.0,253.0
180,3,182.0,178.0,17.0,672.0,257.0
180,3,183.0,176.0,15.0,674.0,261.0
180,3,184.0,177.0,13.0,678.0,264.0
180,3,185.0,179.0,15.0,681.0,267.0
180,3,186.0,179.0,17.0,682.0,269.0
180,3,187.0,179.0,21.0,683.0,273.0
180,3,188.0,175.0,20.0,684.0,277.0
180,3,189.0,178.0,14.0,689.0,280.0
180,3,190.0,178.0,13.0,691.0,285.0
180,3,191.0,177.0,16.0,693.0,287.0
180,3,192.0,180.0,12.0,696.0,290.0
180,3,193.0,178.0,21.0,696.0,291.0
180,3,194.0,173.0,22.0,698.0,295.0
180,3,195.0,179.0,20.0,705.0,298.0
180,3,196.0,179.0,17.0,706.0,306.0
180,3,197.0,179.0,26.0,707.0,309.0
180,3,198.0,179.0,29.0,708.0,317.0
180,3,199.0,178.0,29.0,709.0,318.0
180,3,200.0,178.0,25.0,711.0,326.0
180,3,201.0,179.0,25.0,713.0,328.0
180,3,202.0,178.0,29.0,714.0,332.0
180,3,203.0,175.0,29.0,716.0,338.0
180,3,204.0,177.0,17.0,721.0,345.0
180,3,205.0,178.0,16.0,724.0,349.0
180,3,206.0,180.0,20.0,726.0,355.0
180,3,207.0,178.0,26.0,726.0,359.0
180,3,208.0,178.0,27.0,728.0,360.0
180,3,209.0,176.0,26.0,730.0,364.0
180,3,210.0,178.0,25.0,734.0,370.0
180,3,211.0,177.0,22.0,736.0,376.0
180,3,212.0,180.0,20.0,739.0,380.0
180,3,213.0,178.0,25.0,739.0,387.0
180,3,214.0,179.0,23.0,741.0,389.0
180,3,215.0,179.0,22.0,742.0,392.0
180,3,216.0,177.0,25.0,743.0,396.0
180,3,217.0,179.0,24.0,746.0,400.0
180,3,218.0,179.0,26.0,747.0,405.0
180,3,219.0,177.0,27.0,748.0,409.0
180,3,220.0,180.0,21.0,751.0,416.0
180,3,221.0,180.0,29.0,751.0,421.0
180,3,222.0,179.0,34.0,751.0,425.0
180,3,223.0,177.0,41.0,752.0,429.0
180,3,224.0,177.0,34.0,755.0,435.0
180,3,225.0,180.0,28.0,758.0,438.0
180,3,226.0,179.0,32.0,758.0,445.0
180,3,227.0,178.0,31.0,759.0,452.0
180,3,228.0,177.0,19.0,761.0,456.0
180,3,229.0,178.0,18.0,764.0,460.0
180,3,230.0,180.0,15.0,766.0,466.0
180,3,231.0,180.0,20.0,766.0,467.0
180,3,232.0,178.0,25.0,766.0,471.0
180,3,233.0,178.0,26.0,768.0,475.0
180,3,234.0,177.0,23.0,770.0,478.0
180,3,235.0,179.0,23.0,773.0,480.0
180,3,236.0,179.0,24.0,774.0,485.0
180,3,237.0,179.0,27.0,775.0,491.0
180,3,238.0,177.0,23.0,776.0,497.0
180,3,239.0,179.0,14.0,779.0,500.0
180,3,240.0,179.0,18.0,780.0,503.0
180,3,241.0,178.0,22.0,781.0,505.0
180,3,242.0,180.0,23.0,783.0,508.0
180,3,243.0,178.0,26.0,783.0,513.0
180,3,244.0,179.0,20.0,785.0,518.0
180,3,245.0,180.0,26.0,786.0,524.0
180,3,246.0,179.0,33.0,786.0,527.0
180,3,247.0,179.0,35.0,787.0,531.0
180,3,248.0,177.0,31.0,788.0,535.0
180,3,249.0,178.0,24.0,791.0,540.0
180,3,250.0,180.0,21.0,793.0,546.0
180,3,251.0,179.0,21.0,793.0,549.0
180,3,252.0,179.0,19.0,794.0,553.0
180,3,253.0,179.0,12.0,795.0,557.0
180,3,254.0,179.0,8.0,796.0,559.0
180,3,255.0,180.0,3.0,797.0,560.0
180,3,256.0,180.0,3.0,797.0,560.0
180,3,257.0,178.0,3.0,797.0,560.0
180,3,258.0,176.0,0.0,799.0,560.0
180,3,259.0,174.0,0.0,801.0,560.0
180,3,260.0,174.0,0.0,803.0,560.0
180,3,261.0,172.0,0.0,803.0,560.0
180,3,262.0,171.0,0.0,805.0,560.0
180,3,263.0,169.0,0.0,806.0,560.0
180,3,264.0,169.0,0.0,808.0,560.0
180,3,265.0,167.0,0.0,808.0,560.0
180,3,266.0,165.0,0.0,810.0,560.0
180,3,267.0,165.0,0.0,812.0,560.0
180,3,268.0,164.0,0.0,812.0,560.0
180,3,269.0,163.0,0.0,813.0,560.0
180,3,270.0,163.0,0.0,814.0,560.0
180,3,271.0,162.0,0.0,814.0,560.0
180,3,272.0,161.0,0.0,815.0,560.0
180,3,273.0,159.0,0.0,816.0,560.0
180,3,274.0,158.0,0.0,818.0,560.0
180,3,275.0,158.0,0.0,819.0,560.0
180,3,276.0,157.0,0.0,819.0,560.0
180,3,277.0,156.0,0.0,820.0,560.0
180,3,278.0,155.0,0.0,821.0,560.0
180,3,279.0,154.0,0.0,822.0,560.0
180,3,280.0,154.0,0.0,823.0,560.0
180,4,0.0,6.0,0.0,0.0,0.0
180,4,1.0,11.0,0.0,0.0,0.0
180,4,2.0,15.0,0.0,0.0,0.0
180,4,3.0,22.0,0.0,0.0,0.0
180,4,4.0,24.0,0.0,0.0,0.0
180,4,5.0,30.0,0.0,0.0,0.0
180,4,6.0,34.0,0.0,0.0,0.0
180,4,7.0,41.0,0.0,0.0,0.0
180,4,8.0,46.0,0.0,0.0,0.0
180,4,9.0,52.0,0.0,0.0,0.0
180,4,10.0,61.0,0.0,0.0,0.0
180,4,11.0,71.0,0.0,0.0,0.0
180,4,12.0,77.0,0.0,0.0,0.0
180,4,13.0,86.0,0.0,1.0,0.0
180,4,14.0,90.0,0.0,1.0,0.0
180,4,15.0,93.0,0.0,1.0,0.0
180,4,16.0,102.0,0.0,1.0,0.0
180,4,17.0,105.0,0.0,1.0,0.0
180,4,18.0,110.0,0.0,2.0,0.0
180,4,19.0,112.0,0.0,3.0,0.0
180,4,20.0,118.0,0.0,5.0,0.0
180,4,21.0,126.0,0.0,5.0,0.0
180,4,22.0,129.0,0.0,7.0,0.0
180,4,23.0,136.0,0.0,9.0,0.0
180,4,24.0,140.0,0.0,9.0,0.0
180,4,25.0,140.0,0.0,11.0,0.0
180,4,26.0,140.0,0.0,13.0,0.0
180,4,27.0,143.0,0.0,16.0,0.0
180,4,28.0,147.0,0.0,19.0,0.0
180,4,29.0,152.0,0.0,21.0,0.0
180,4,30.0,155.0,0.0,22.0,0.0
180,4,31.0,155.0,0.0,23.0,0.0
180,4,32.0,157.0,0.0,29.0,0.0
180,4,33.0,155.0,0.0,34.0,0.0
180,4,34.0,155.0,0.0,40.0,0.0
180,4,35.0,154.0,0.0,43.0,0.0
180,4,36.0,153.0,0.0,49.0,0.0
180,4,37.0,156.0,0.0,55.0,0.0
180,4,38.0,158.0,0.0,59.0,0.0
180,4,39.0,161.0,0.0,63.0,0.0
180,4,40.0,160.0,0.0,66.0,0.0
180,4,41.0,156.0,0.0,71.0,0.0
180,4,42.0,155.0,0.0,78.0,0.0
180,4,43.0,153.0,0.0,83.0,0.0
180,4,44.0,151.0,0.0,92.0,0.0
180,4,45.0,151.0,0.0,99.0,0.0
180,4,46.0,152.0,0.0,102.0,0.0
180,4,47.0,150.0,0.0,106.0,0.0
180,4,48.0,152.0,0.0,111.0,0.0
180,4,49.0,156.0,0.0,114.0,0.0
180,4,50.0,156.0,0.0,117.0,0.0
180,4,51.0,155.0,0.0,121.0,0.0
180,4,52.0,154.0,0.0,126.0,0.0
180,4,53.0,163.0,0.0,133.0,0.0
180,4,54.0,169.0,0.0,135.0,0.0
180,4,55.0,170.0,0.0,137.0,0.0
180,4,56.0,170.0,0.0,142.0,0.0
180,4,57.0,173.0,0.0,147.0,0.0
180,4,58.0,173.0,0.0,151.0,0.0
180,4,59.0,174.0,0.0,155.0,0.0
180,4,60.0,170.0,0.0,159.0,0.0
180,4,61.0,170.0,0.0,168.0,0.0
180,4,62.0,168.0,0.0,173.0,0.0
180,4,63.0,167.0,0.0,178.0,0.0
180,4,64.0,168.0,0.0,184.0,0.0
180,4,65.0,170.0,0.0,191.0,0.0
180,4,66.0,167.0,0.0,194.0,0.0
180,4,67.0,165.0,0.0,200.0,0.0
180,4,68.0,168.0,0.0,208.0,0.0
180,4,69.0,164.0,0.0,211.0,0.0
180,4,70.0,163.0,0.0,218.0,0.0
180,4,71.0,160.0,0.0,226.0,0.0
180,4,72.0,160.0,0.0,234.0,0.0
180,4,73.0,160.0,0.0,242.0,0.0
180,4,74.0,160.0,0.0,246.0,0.0
180,4,75.0,159.0,0.0,248.0,0.0
180,4,76.0,158.0,0.0,258.0,0.0
180,4,77.0,161.0,0.0,264.0,0.0
180,4,78.0,161.0,0.0,268.0,0.0
180,4,79.0,164.0,0.0,275.0,0.0
180,4,80.0,161.0,0.0,277.0,0.0
180,4,81.0,168.0,0.0,284.0,0.0
180,4,82.0,173.0,0.0,288.0,0.0
180,4,83.0,173.0,0.0,293.0,0.0
180,4,84.0,171.0,0.0,300.0,0.0
180,4,85.0,172.0,0.0,306.0,0.0
180,4,86.0,170.0,0.0,311.0,0.0
180,4,87.0,171.0,0.0,316.0,0.0
180,4,88.0,169.0,0.0,319.0,0.0
180,4,89.0,169.0,0.0,323.0,0.0
180,4,90.0,169.0,0.0,328.0,0.0
180,4,91.0,170.0,0.0,331.0,0.0
180,4,92.0,171.0,0.0,338.0,0.0
180,4,93.0,174.0,0.0,342.0,0.0
180,4,94.0,174.0,0.0,346.0,0.0
180,4,95.0,171.0,0.0,350.0,0.0
180,4,96.0,171.0,0.0,356.0,0.0
180,4,97.0,172.0,0.0,363.0,0.0
180,4,98.0,173.0,0.0,367.0,0.0
180,4,99.0,175.0,0.0,369.0,0.0
180,4,100.0,174.0,3.0,373.0,0.0
180,4,101.0,172.0,4.0,379.0,0.0
180,4,102.0,173.0,2.0,387.0,0.0
180,4,103.0,177.0,1.0,394.0,0.0
180,4,104.0,174.0,3.0,397.0,0.0
180,4,105.0,174.0,5.0,403.0,0.0
180,4,106.0,171.0,4.0,409.0,0.0
180,4,107.0,175.0,3.0,418.0,0.0
180,4,108.0,175.0,3.0,423.0,0.0
180,4,109.0,176.0,3.0,428.0,0.0
180,4,110.0,177.0,2.0,432.0,0.0
180,4,111.0,170.0,4.0,435.0,0.0
180,4,112.0,176.0,5.0,445.0,0.0
180,4,113.0,177.0,8.0,449.0,0.0
180,4,114.0,177.0,7.0,452.0,0.0
180,4,115.0,176.0,10.0,455.0,0.0
180,4,116.0,177.0,11.0,459.0,4.0
180,4,117.0,176.0,16.0,462.0,4.0
180,4,118.0,173.0,15.0,466.0,8.0
180,4,119.0,174.0,13.0,473.0,11.0
180,4,120.0,172.0,10.0,479.0,17.0
180,4,121.0,175.0,5.0,487.0,18.0
180,4,122.0,171.0,6.0,492.0,21.0
180,4,123.0,173.0,6.0,501.0,21.0
180,4,124.0,174.0,4.0,508.0,21.0
180,4,125.0,175.0,4.0,514.0,21.0
180,4,126.0,174.0,7.0,519.0,21.0
180,4,127.0,178.0,4.0,525.0,21.0
180,4,128.0,173.0,9.0,527.0,21.0
180,4,129.0,172.0,12.0,534.0,21.0
180,4,130.0,172.0,7.0,542.0,23.0
180,4,131.0,173.0,4.0,550.0,23.0
180,4,132.0,174.0,4.0,557.0,26.0
180,4,133.0,179.0,4.0,563.0,26.0
180,4,134.0,175.0,8.0,564.0,26.0
180,4,135.0,176.0,7.0,569.0,26.0
180,4,136.0,172.0,10.0,573.0,27.0
180,4,137.0,177.0,11.0,581.0,27.0
180,4,138.0,176.0,14.0,584.0,29.0
180,4,139.0,176.0,17.0,588.0,30.0
180,4,140.0,175.0,15.0,592.0,36.0
180,4,141.0,177.0,16.0,597.0,39.0
180,4,142.0,176.0,14.0,600.0,45.0
180,4,143.0,178.0,15.0,604.0,48.0
180,4,144.0,178.0,18.0,606.0,52.0
180,4,145.0,177.0,23.0,608.0,55.0
180,4,146.0,177.0,19.0,611.0,60.0
180,4,147.0,176.0,19.0,614.0,63.0
180,4,148.0,175.0,18.0,618.0,66.0
180,4,149.0,177.0,19.0,623.0,70.0
180,4,150.0,173.0,16.0,626.0,75.0
180,4,151.0,178.0,13.0,633.0,78.0
180,4,152.0,174.0,16.0,635.0,83.0
180,4,153.0,173.0,14.0,641.0,85.0
180,4,154.0,172.0,7.0,648.0,90.0
180,4,155.0,174.0,4.0,656.0,95.0
180,4,156.0,172.0,3.0,662.0,98.0
180,4,157.0,176.0,0.0,670.0,98.0
180,4,158.0,175.0,3.0,674.0,98.0
180,4,159.0,177.0,0.0,679.0,98.0
180,4,160.0,177.0,2.0,682.0,98.0
180,4,161.0,175.0,2.0,685.0,98.0
180,4,162.0,177.0,1.0,690.0,98.0
180,4,163.0,178.0,7.0,693.0,98.0
180,4,164.0,178.0,8.0,695.0,98.0
180,4,165.0,175.0,15.0,697.0,98.0
180,4,166.0,178.0,11.0,702.0,101.0
180,4,167.0,176.0,15.0,704.0,102.0
180,4,168.0,177.0,11.0,708.0,109.0
180,4,169.0,177.0,15.0,711.0,109.0
180,4,170.0,175.0,18.0,714.0,113.0
180,4,171.0,179.0,18.0,719.0,115.0
180,4,172.0,178.0,19.0,720.0,119.0
180,4,173.0,175.0,22.0,722.0,123.0
180,4,174.0,177.0,15.0,727.0,126.0
180,4,175.0,176.0,16.0,730.0,130.0
180,4,176.0,174.0,15.0,734.0,133.0
180,4,177.0,175.0,13.0,740.0,136.0
180,4,178.0,175.0,12.0,745.0,139.0
180,4,179.0,172.0,10.0,750.0,142.0
180,4,180.0,179.0,6.0,758.0,144.0
180,4,181.0,176.0,10.0,759.0,146.0
180,4,182.0,177.0,12.0,763.0,147.0
180,4,183.0,179.0,13.0,766.0,149.0
180,4,184.0,177.0,20.0,767.0,151.0
180,4,185.0,177.0,20.0,770.0,154.0
180,4,186.0,178.0,17.0,773.0,158.0
180,4,187.0,178.0,17.0,775.0,164.0
180,4,188.0,176.0,20.0,777.0,169.0
180,4,189.0,176.0,15.0,781.0,172.0
180,4,190.0,177.0,13.0,785.0,175.0
180,4,191.0,175.0,17.0,788.0,177.0
180,4,192.0,177.0,11.0,793.0,180.0
180,4,193.0,180.0,13.0,796.0,182.0
180,4,194.0,178.0,18.0,796.0,188.0
180,4,195.0,178.0,16.0,798.0,189.0
180,4,196.0,178.0,17.0,800.0,192.0
180,4,197.0,176.0,20.0,802.0,195.0
180,4,198.0,177.0,12.0,806.0,200.0
180,4,199.0,179.0,11.0,809.0,203.0
180,4,200.0,179.0,12.0,810.0,206.0
180,4,201.0,175.0,15.0,811.0,207.0
180,4,202.0,178.0,10.0,816.0,210.0
180,4,203.0,176.0,9.0,818.0,214.0
180,4,204.0,178.0,7.0,822.0,216.0
180,4,205.0,179.0,9.0,824.0,218.0
180,4,206.0,178.0,16.0,825.0,220.0
180,4,207.0,177.0,17.0,827.0,222.0
180,4,208.0,178.0,20.0,830.0,223.0
180,4,209.0,177.0,22.0,832.0,228.0
180,4,210.0,177.0,24.0,835.0,229.0
180,4,211.0,178.0,30.0,838.0,236.0
180,4,212.0,179.0,22.0,840.0,243.0
180,4,213.0,177.0,30.0,841.0,247.0
180,4,214.0,179.0,31.0,844.0,254.0
180,4,215.0,177.0,29.0,845.0,257.0
180,4,216.0,177.0,30.0,848.0,266.0
180,4,217.0,178.0,27.0,851.0,275.0
180,4,218.0,177.0,24.0,853.0,278.0
180,4,219.0,180.0,27.0,856.0,284.0
180,4,220.0,175.0,32.0,856.0,289.0
180,4,221.0,180.0,20.0,861.0,293.0
180,4,222.0,177.0,23.0,861.0,299.0
180,4,223.0,178.0,14.0,864.0,304.0
180,4,224.0,180.0,17.0,866.0,307.0
180,4,225.0,178.0,22.0,866.0,311.0
180,4,226.0,175.0,23.0,868.0,313.0
180,4,227.0,179.0,13.0,873.0,318.0
180,4,228.0,178.0,15.0,874.0,320.0
180,4,229.0,177.0,19.0,876.0,324.0
180,4,230.0,179.0,18.0,879.0,327.0
180,4,231.0,178.0,23.0,880.0,330.0
180,4,232.0,179.0,27.0,882.0,336.0
180,4,233.0,180.0,30.0,883.0,340.0
180,4,234.0,177.0,34.0,883.0,344.0
180,4,235.0,178.0,24.0,886.0,350.0
180,4,236.0,176.0,25.0,888.0,353.0
180,4,237.0,180.0,24.0,892.0,357.0
180,4,238.0,176.0,32.0,892.0,364.0
180,4,239.0,180.0,21.0,896.0,371.0
180,4,240.0,177.0,25.0,896.0,375.0
180,4,241.0,179.0,22.0,899.0,380.0
180,4,242.0,179.0,25.0,900.0,387.0
180,4,243.0,177.0,19.0,901.0,391.0
180,4,244.0,179.0,12.0,904.0,393.0
180,4,245.0,176.0,20.0,905.0,396.0
180,4,246.0,180.0,17.0,909.0,398.0
180,4,247.0,178.0,24.0,909.0,401.0
180,4,248.0,179.0,24.0,911.0,408.0
180,4,249.0,180.0,21.0,912.0,412.0
180,4,250.0,178.0,28.0,912.0,416.0
180,4,251.0,176.0,22.0,914.0,418.0
180,4,252.0,180.0,8.0,918.0,423.0
180,4,253.0,179.0,8.0,918.0,428.0
180,4,254.0,178.0,6.0,919.0,429.0
180,4,255.0,177.0,0.0,921.0,431.0
180,4,256.0,175.0,0.0,922.0,431.0
180,4,257.0,172.0,0.0,924.0,431.0
180,4,258.0,171.0,0.0,927.0,431.0
180,4,259.0,169.0,0.0,928.0,431.0
180,4,260.0,168.0,0.0,930.0,431.0
180,4,261.0,166.0,0.0,931.0,431.0
180,4,262.0,166.0,0.0,933.0,431.0
180,4,263.0,164.0,0.0,933.0,431.0
180,4,264.0,163.0,0.0,935.0,431.0
180,4,265.0,161.0,0.0,936.0,431.0
180,4,266.0,159.0,0.0,938.0,431.0
180,4,267.0,158.0,0.0,940.0,431.0
180,4,268.0,157.0,0.0,941.0,431.0
180,4,269.0,156.0,0.0,942.0,431.0
180,4,270.0,153.0,0.0,943.0,431.0
180,4,271.0,153.0,0.0,946.0,431.0
180,4,272.0,151.0,0.0,946.0,431.0
180,4,273.0,151.0,0.0,948.0,431.0
180,4,274.0,150.0,0.0,948.0,431.0
180,4,275.0,148.0,0.0,949.0,431.0
180,4,276.0,146.0,0.0,951.0,431.0
180,4,277.0,146.0,0.0,953.0,431.0
180,4,278.0,145.0,0.0,953.0,431.0
180,4,279.0,145.0,0.0,954.0,431.0
180,4,280.0,145.0,0.0,954.0,431.0
180,4,281.0,145.0,0.0,954.0,431.0
180,4,282.0,145.0,0.0,954.0,431.0
180,4,283.0,145.0,0.0,954.0,431.0
180,4,284.0,144.0,0.0,954.0,431.0
180,4,285.0,144.0,0.0,955.0,431.0
180,4,286.0,144.0,0.0,955.0,431.0
180,4,287.0,144.0,0.0,955.0,431.0
180,4,288.0,144.0,0.0,955.0,431.0
180,4,289.0,143.0,0.0,955.0,431.0
180,4,290.0,143.0,0.0,956.0,431.0
180,4,291.0,142.0,0.0,956.0,431.0
180,4,292.0,142.0,0.0,957.0,431.0
180,5,0.0,5.0,0.0,0.0,0.0
180,5,1.0,8.0,0.0,0.0,0.0
180,5,2.0,10.0,0.0,0.0,0.0
180,5,3.0,15.0,0.0,0.0,0.0
180,5,4.0,18.0,0.0,0.0,0.0
180,5,5.0,23.0,0.0,0.0,0.0
180,5,6.0,26.0,0.0,0.0,0.0
180,5,7.0,31.0,0.0,0.0,0.0
180,5,8.0,38.0,0.0,0.0,0.0
180,5,9.0,46.0,0.0,0.0,0.0
180,5,10.0,48.0,0.0,0.0,0.0
180,5,11.0,55.0,0.0,0.0,0.0
180,5,12.0,60.0,0.0,0.0,0.0
180,5,13.0,66.0,0.0,0.0,0.0
180,5,14.0,70.0,0.0,0.0,0.0
180,5,15.0,76.0,0.0,0.0,0.0
180,5,16.0,80.0,0.0,0.0,0.0
180,5,17.0,83.0,0.0,0.0,0.0
180,5,18.0,87.0,0.0,0.0,0.0
180,5,19.0,94.0,0.0,0.0,0.0
180,5,20.0,99.0,0.0,0.0,0.0
180,5,21.0,107.0,0.0,0.0,0.0
180,5,22.0,113.0,0.0,0.0,0.0
180,5,23.0,118.0,0.0,1.0,0.0
180,5,24.0,129.0,0.0,1.0,0.0
180,5,25.0,133.0,0.0,2.0,0.0
180,5,26.0,138.0,0.0,4.0,0.0
180,5,27.0,138.0,0.0,7.0,0.0
180,5,28.0,144.0,0.0,11.0,0.0
180,5,29.0,147.0,0.0,13.0,0.0
180,5,30.0,151.0,0.0,17.0,0.0
180,5,31.0,153.0,0.0,20.0,0.0
180,5,32.0,159.0,0.0,24.0,0.0
180,5,33.0,165.0,0.0,25.0,0.0
180,5,34.0,166.0,0.0,26.0,0.0
180,5,35.0,164.0,0.0,32.0,0.0
180,5,36.0,171.0,0.0,37.0,0.0
180,5,37.0,169.0,0.0,38.0,0.0
180,5,38.0,170.0,0.0,43.0,0.0
180,5,39.0,168.0,0.0,45.0,0.0
180,5,40.0,164.0,0.0,49.0,0.0
180,5,41.0,162.0,0.0,57.0,0.0
180,5,42.0,165.0,0.0,63.0,0.0
180,5,43.0,166.0,0.0,68.0,0.0
180,5,44.0,164.0,0.0,73.0,0.0
180,5,45.0,161.0,0.0,77.0,0.0
180,5,46.0,159.0,0.0,84.0,0.0
180,5,47.0,161.0,0.0,91.0,0.0
180,5,48.0,159.0,0.0,95.0,0.0
180,5,49.0,163.0,0.0,98.0,0.0
180,5,50.0,159.0,0.0,99.0,0.0
180,5,51.0,161.0,0.0,109.0,0.0
180,5,52.0,159.0,0.0,114.0,0.0
180,5,53.0,157.0,0.0,122.0,0.0
180,5,54.0,157.0,0.0,128.0,0.0
180,5,55.0,158.0,0.0,133.0,0.0
180,5,56.0,163.0,0.0,138.0,0.0
180,5,57.0,166.0,0.0,141.0,0.0
180,5,58.0,165.0,0.0,146.0,0.0
180,5,59.0,168.0,0.0,153.0,0.0
180,5,60.0,171.0,0.0,156.0,0.0
180,5,61.0,176.0,0.0,159.0,0.0
180,5,62.0,174.0,3.0,163.0,0.0
180,5,63.0,175.0,2.0,169.0,0.0
180,5,64.0,172.0,0.0,174.0,0.0
180,5,65.0,172.0,0.0,181.0,0.0
180,5,66.0,170.0,0.0,188.0,0.0
180,5,67.0,171.0,0.0,192.0,0.0
180,5,68.0,173.0,0.0,196.0,0.0
180,5,69.0,175.0,0.0,198.0,0.0
180,5,70.0,172.0,0.0,201.0,0.0
180,5,71.0,177.0,0.0,208.0,0.0
180,5,72.0,174.0,3.0,211.0,0.0
180,5,73.0,177.0,4.0,217.0,0.0
180,5,74.0,173.0,7.0,220.0,0.0
180,5,75.0,174.0,5.0,227.0,0.0
180,5,76.0,175.0,2.0,233.0,0.0
180,5,77.0,175.0,1.0,238.0,0.0
180,5,78.0,175.0,0.0,243.0,0.0
180,5,79.0,172.0,0.0,247.0,0.0
180,5,80.0,171.0,0.0,252.0,0.0
180,5,81.0,169.0,0.0,258.0,0.0
180,5,82.0,171.0,0.0,264.0,0.0
180,5,83.0,172.0,0.0,270.0,0.0
180,5,84.0,169.0,0.0,275.0,0.0
180,5,85.0,167.0,0.0,283.0,0.0
180,5,86.0,164.0,0.0,290.0,0.0
180,5,87.0,161.0,0.0,298.0,0.0
180,5,88.0,163.0,0.0,306.0,0.0
180,5,89.0,161.0,0.0,309.0,0.0
180,5,90.0,159.0,0.0,315.0,0.0
180,5,91.0,155.0,0.0,321.0,0.0
180,5,92.0,157.0,0.0,329.0,0.0
180,5,93.0,155.0,0.0,335.0,0.0
180,5,94.0,154.0,0.0,340.0,0.0
180,5,95.0,158.0,0.0,348.0,0.0
180,5,96.0,156.0,0.0,350.0,0.0
180,5,97.0,154.0,0.0,355.0,0.0
180,5,98.0,153.0,0.0,361.0,0.0
180,5,99.0,154.0,0.0,366.0,0.0
180,5,100.0,148.0,0.0,372.0,0.0
180,5,101.0,145.0,0.0,380.0,0.0
180,5,102.0,144.0,0.0,387.0,0.0
180,5,103.0,144.0,0.0,393.0,0.0
180,5,104.0,146.0,0.0,400.0,0.0
180,5,105.0,148.0,0.0,402.0,0.0
180,5,106.0,148.0,0.0,407.0,0.0
180,5,107.0,145.0,0.0,410.0,0.0
180,5,108.0,150.0,0.0,417.0,0.0
180,5,109.0,149.0,0.0,419.0,0.0
180,5,110.0,151.0,0.0,425.0,0.0
180,5,111.0,149.0,0.0,428.0,0.0
180,5,112.0,154.0,0.0,433.0,0.0
180,5,113.0,156.0,0.0,436.0,0.0
180,5,114.0,158.0,0.0,439.0,0.0
180,5,115.0,160.0,0.0,444.0,0.0
180,5,116.0,168.0,0.0,446.0,0.0
180,5,117.0,170.0,0.0,448.0,0.0
180,5,118.0,171.0,0.0,452.0,0.0
180,5,119.0,174.0,1.0,459.0,0.0
180,5,120.0,171.0,0.0,465.0,0.0
180,5,121.0,170.0,0.0,472.0,0.0
180,5,122.0,174.0,0.0,476.0,0.0
180,5,123.0,169.0,0.0,481.0,0.0
180,5,124.0,172.0,0.0,487.0,0.0
180,5,125.0,174.0,0.0,492.0,0.0
180,5,126.0,173.0,0.0,497.0,0.0
180,5,127.0,171.0,0.0,504.0,0.0
180,5,128.0,176.0,0.0,512.0,0.0
180,5,129.0,177.0,4.0,516.0,0.0
180,5,130.0,176.0,4.0,519.0,0.0
180,5,131.0,175.0,5.0,523.0,0.0
180,5,132.0,176.0,8.0,528.0,0.0
180,5,133.0,175.0,10.0,532.0,0.0
180,5,134.0,174.0,10.0,537.0,0.0
180,5,135.0,174.0,9.0,543.0,2.0
180,5,136.0,175.0,6.0,549.0,5.0
180,5,137.0,172.0,11.0,554.0,7.0
180,5,138.0,172.0,7.0,562.0,8.0
180,5,139.0,176.0,3.0,570.0,8.0
180,5,140.0,177.0,5.0,574.0,8.0
180,5,141.0,175.0,9.0,577.0,8.0
180,5,142.0,173.0,8.0,582.0,8.0
180,5,143.0,169.0,5.0,589.0,9.0
180,5,144.0,171.0,0.0,600.0,10.0
180,5,145.0,175.0,0.0,608.0,10.0
180,5,146.0,176.0,3.0,610.0,10.0
180,5,147.0,175.0,5.0,614.0,10.0
180,5,148.0,172.0,5.0,619.0,10.0
180,5,149.0,174.0,1.0,627.0,10.0
180,5,150.0,175.0,0.0,633.0,10.0
180,5,151.0,175.0,4.0,638.0,10.0
180,5,152.0,176.0,4.0,643.0,10.0
180,5,153.0,176.0,5.0,647.0,10.0
180,5,154.0,174.0,6.0,651.0,10.0
180,5,155.0,177.0,5.0,657.0,10.0
180,5,156.0,177.0,8.0,660.0,10.0
180,5,157.0,171.0,9.0,663.0,10.0
180,5,158.0,175.0,4.0,672.0,11.0
180,5,159.0,178.0,4.0,677.0,15.0
180,5,160.0,176.0,7.0,679.0,15.0
180,5,161.0,174.0,6.0,683.0,15.0
180,5,162.0,175.0,4.0,689.0,16.0
180,5,163.0,174.0,4.0,694.0,16.0
180,5,164.0,173.0,6.0,700.0,16.0
180,5,165.0,179.0,4.0,707.0,16.0
180,5,166.0,169.0,8.0,708.0,16.0
180,5,167.0,175.0,7.0,719.0,16.0
180,5,168.0,171.0,9.0,724.0,16.0
180,5,169.0,176.0,5.0,733.0,16.0
180,5,170.0,172.0,6.0,737.0,16.0
180,5,171.0,174.0,0.0,745.0,16.0
180,5,172.0,173.0,0.0,751.0,17.0
180,5,173.0,174.0,0.0,755.0,17.0
180,5,174.0,179.0,0.0,761.0,17.0
180,5,175.0,176.0,2.0,762.0,17.0
180,5,176.0,173.0,5.0,766.0,17.0
180,5,177.0,179.0,7.0,773.0,17.0
180,5,178.0,175.0,11.0,774.0,17.0
180,5,179.0,177.0,12.0,779.0,17.0
180,5,180.0,177.0,14.0,782.0,21.0
180,5,181.0,171.0,19.0,785.0,23.0
180,5,182.0,176.0,12.0,794.0,25.0
180,5,183.0,174.0,14.0,798.0,29.0
180,5,184.0,180.0,12.0,804.0,35.0
180,5,185.0,172.0,18.0,804.0,36.0
180,5,186.0,171.0,11.0,812.0,40.0
180,5,187.0,177.0,4.0,821.0,43.0
180,5,188.0,175.0,9.0,824.0,47.0
180,5,189.0,176.0,12.0,829.0,49.0
180,5,190.0,175.0,13.0,833.0,50.0
180,5,191.0,175.0,11.0,838.0,52.0
180,5,192.0,179.0,11.0,843.0,58.0
180,5,193.0,174.0,14.0,844.0,60.0
180,5,194.0,177.0,10.0,850.0,61.0
180,5,195.0,171.0,16.0,853.0,64.0
180,5,196.0,174.0,12.0,862.0,65.0
180,5,197.0,176.0,14.0,868.0,66.0
180,5,198.0,175.0,16.0,872.0,71.0
180,5,199.0,174.0,14.0,877.0,76.0
180,5,200.0,177.0,13.0,883.0,82.0
180,5,201.0,175.0,12.0,886.0,86.0
180,5,202.0,176.0,14.0,891.0,89.0
180,5,203.0,175.0,16.0,895.0,92.0
180,5,204.0,176.0,17.0,900.0,93.0
180,5,205.0,176.0,14.0,904.0,98.0
180,5,206.0,177.0,12.0,908.0,100.0
180,5,207.0,180.0,9.0,911.0,103.0
180,5,208.0,177.0,14.0,911.0,104.0
180,5,209.0,174.0,18.0,914.0,105.0
180,5,210.0,177.0,15.0,920.0,106.0
180,5,211.0,174.0,18.0,923.0,109.0
180,5,212.0,178.0,13.0,929.0,115.0
180,5,213.0,177.0,20.0,931.0,116.0
180,5,214.0,179.0,23.0,934.0,119.0
180,5,215.0,179.0,23.0,935.0,124.0
180,5,216.0,176.0,23.0,936.0,132.0
180,5,217.0,178.0,13.0,940.0,137.0
180,5,218.0,174.0,13.0,942.0,141.0
180,5,219.0,177.0,12.0,948.0,141.0
180,5,220.0,175.0,11.0,951.0,144.0
180,5,221.0,179.0,11.0,956.0,146.0
180,5,222.0,178.0,14.0,957.0,149.0
180,5,223.0,176.0,13.0,959.0,150.0
180,5,224.0,176.0,12.0,963.0,153.0
180,5,225.0,179.0,8.0,967.0,156.0
180,5,226.0,178.0,15.0,968.0,157.0
180,5,227.0,177.0,14.0,970.0,161.0
180,5,228.0,178.0,21.0,973.0,161.0
180,5,229.0,179.0,21.0,975.0,166.0
180,5,230.0,179.0,25.0,976.0,169.0
180,5,231.0,180.0,28.0,977.0,177.0
180,5,232.0,178.0,34.0,977.0,181.0
180,5,233.0,178.0,33.0,979.0,185.0
180,5,234.0,177.0,29.0,981.0,191.0
180,5,235.0,177.0,26.0,984.0,194.0
180,5,236.0,178.0,24.0,987.0,203.0
180,5,237.0,177.0,18.0,989.0,210.0
180,5,238.0,178.0,13.0,992.0,215.0
180,5,239.0,180.0,12.0,994.0,218.0
180,5,240.0,174.0,17.0,994.0,220.0
180,5,241.0,178.0,9.0,1000.0,221.0
180,5,242.0,176.0,12.0,1002.0,225.0
180,5,243.0,179.0,7.0,1006.0,228.0
180,5,244.0,177.0,12.0,1007.0,228.0
180,5,245.0,178.0,15.0,1010.0,232.0
180,5,246.0,179.0,20.0,1012.0,232.0
180,5,247.0,176.0,18.0,1013.0,236.0
180,5,248.0,179.0,11.0,1017.0,243.0
180,5,249.0,179.0,15.0,1018.0,247.0
180,5,250.0,178.0,17.0,1019.0,248.0
180,5,251.0,178.0,14.0,1021.0,252.0
180,5,252.0,178.0,4.0,1023.0,257.0
180,5,253.0,179.0,2.0,1025.0,259.0
180,5,254.0,177.0,0.0,1026.0,260.0
180,5,255.0,177.0,0.0,1028.0,260.0
180,5,256.0,177.0,0.0,1028.0,260.0
180,5,257.0,174.0,0.0,1028.0,260.0
180,5,258.0,170.0,0.0,1031.0,260.0
180,5,259.0,168.0,0.0,1035.0,260.0
180,5,260.0,167.0,0.0,1037.0,260.0
180,5,261.0,164.0,0.0,1038.0,260.0
180,5,262.0,161.0,0.0,1041.0,260.0
180,5,263.0,157.0,0.0,1044.0,260.0
180,5,264.0,156.0,0.0,1048.0,260.0
180,5,265.0,154.0,0.0,1049.0,260.0
180,5,266.0,152.0,0.0,1051.0,260.0
180,5,267.0,148.0,0.0,1053.0,260.0
180,5,268.0,148.0,0.0,1057.0,260.0
180,5,269.0,145.0,0.0,1057.0,260.0
180,5,270.0,141.0,0.0,1060.0,260.0
180,5,271.0,140.0,0.0,1064.0,260.0
180,5,272.0,136.0,0.0,1065.0,260.0
180,5,273.0,136.0,0.0,1069.0,260.0
180,5,274.0,136.0,0.0,1069.0,260.0
180,5,275.0,133.0,0.0,1069.0,260.0
180,5,276.0,131.0,0.0,1072.0,260.0
180,5,277.0,128.0,0.0,1074.0,260.0
180,5,278.0,126.0,0.0,1077.0,260.0
180,5,279.0,125.0,0.0,1079.0,260.0
180,5,280.0,123.0,0.0,1080.0,260.0
180,5,281.0,123.0,0.0,1082.0,260.0
180,5,282.0,122.0,0.0,1082.0,260.0
180,5,283.0,122.0,0.0,1083.0,260.0
180,5,284.0,122.0,0.0,1083.0,260.0
180,5,285.0,120.0,0.0,1083.0,260.0
180,5,286.0,120.0,0.0,1085.0,260.0
180,5,287.0,117.0,0.0,1085.0,260.0
180,5,288.0,117.0,0.0,1088.0,260.0
180,5,289.0,115.0,0.0,1088.0,260.0
180,5,290.0,113.0,0.0,1090.0,260.0
180,5,291.0,111.0,0.0,1092.0,260.0
180,5,292.0,111.0,0.0,1094.0,260.0
180,5,293.0,111.0,0.0,1094.0,260.0
180,5,294.0,111.0,0.0,1094.0,260.0
180,5,295.0,111.0,0.0,1094.0,260.0
180,5,296.0,111.0,0.0,1094.0,260.0
180,5,297.0,110.0,0.0,1094.0,260.0
180,5,298.0,110.0,0.0,1095.0,260.0
180,5,299.0,109.0,0.0,1095.0,260.0
180,5,300.0,109.0,0.0,1096.0,260.0
180,5,301.0,109.0,0.0,1096.0,260.0
180,5,302.0,109.0,0.0,1096.0,260.0
180,5,303.0,109.0,0.0,1096.0,260.0
180,5,304.0,109.0,0.0,1096.0,260.0
180,5,305.0,109.0,0.0,1096.0,260.0
180,5,306.0,109.0,0.0,1096.0,260.0
180,5,307.0,109.0,0.0,1096.0,260.0
180,5,308.0,108.0,0.0,1096.0,260.0
180,5,309.0,108.0,0.0,1097.0,260.0
180,5,310.0,108.0,0.0,1097.0,260.0
180,5,311.0,108.0,0.0,1097.0,260.0
180,5,312.0,108.0,0.0,1097.0,260.0
180,5,313.0,108.0,0.0,1097.0,260.0
180,5,314.0,107.0,0.0,1097.0,260.0
180,5,315.0,107.0,0.0,1098.0,260.0
180,5,316.0,107.0,0.0,1098.0,260.0
180,5,317.0,107.0,0.0,1098.0,260.0
180,5,318.0,107.0,0.0,1098.0,260.0
180,5,319.0,107.0,0.0,1098.0,260.0
180,5,320.0,106.0,0.0,1098.0,260.0
180,5,321.0,106.0,0.0,1099.0,260.0
180,6,0.0,6.0,0.0,0.0,0.0
180,6,1.0,11.0,0.0,0.0,0.0
180,6,2.0,17.0,0.0,0.0,0.0
180,6,3.0,20.0,0.0,0.0,0.0
180,6,4.0,23.0,0.0,0.0,0.0
180,6,5.0,32.0,0.0,0.0,0.0
180,6,6.0,39.0,0.0,0.0,0.0
180,6,7.0,44.0,0.0,0.0,0.0
180,6,8.0,48.0,0.0,0.0,0.0
180,6,9.0,50.0,0.0,0.0,0.0
180,6,10.0,55.0,0.0,0.0,0.0
180,6,11.0,64.0,0.0,0.0,0.0
180,6,12.0,69.0,0.0,0.0,0.0
180,6,13.0,77.0,0.0,0.0,0.0
180,6,14.0,85.0,0.0,0.0,0.0
180,6,15.0,87.0,0.0,0.0,0.0
180,6,16.0,95.0,0.0,0.0,0.0
180,6,17.0,97.0,0.0,0.0,0.0
180,6,18.0,100.0,0.0,1.0,0.0
180,6,19.0,106.0,0.0,1.0,0.0
180,6,20.0,115.0,0.0,1.0,0.0
180,6,21.0,119.0,0.0,1.0,0.0
180,6,22.0,126.0,0.0,3.0,0.0
180,6,23.0,131.0,0.0,5.0,0.0
180,6,24.0,136.0,0.0,5.0,0.0
180,6,25.0,142.0,0.0,6.0,0.0
180,6,26.0,142.0,0.0,8.0,0.0
180,6,27.0,144.0,0.0,15.0,0.0
180,6,28.0,143.0,0.0,18.0,0.0
180,6,29.0,147.0,0.0,23.0,0.0
180,6,30.0,150.0,0.0,25.0,0.0
180,6,31.0,151.0,0.0,31.0,0.0
180,6,32.0,153.0,0.0,35.0,0.0
180,6,33.0,159.0,0.0,37.0,0.0
180,6,34.0,155.0,0.0,38.0,0.0
180,6,35.0,157.0,0.0,46.0,0.0
180,6,36.0,159.0,0.0,49.0,0.0
180,6,37.0,162.0,0.0,52.0,0.0
180,6,38.0,161.0,0.0,55.0,0.0
180,6,39.0,162.0,0.0,61.0,0.0
180,6,40.0,165.0,0.0,64.0,0.0
180,6,41.0,166.0,0.0,67.0,0.0
180,6,42.0,161.0,0.0,71.0,0.0
180,6,43.0,163.0,0.0,77.0,0.0
180,6,44.0,162.0,0.0,82.0,0.0
180,6,45.0,161.0,0.0,86.0,0.0
180,6,46.0,162.0,0.0,92.0,0.0
180,6,47.0,160.0,0.0,97.0,0.0
180,6,48.0,165.0,0.0,103.0,0.0
180,6,49.0,165.0,0.0,107.0,0.0
180,6,50.0,163.0,0.0,111.0,0.0
180,6,51.0,164.0,0.0,117.0,0.0
180,6,52.0,164.0,0.0,119.0,0.0
180,6,53.0,167.0,0.0,124.0,0.0
180,6,54.0,173.0,0.0,129.0,0.0
180,6,55.0,172.0,0.0,133.0,0.0
180,6,56.0,175.0,1.0,139.0,0.0
180,6,57.0,175.0,3.0,144.0,0.0
180,6,58.0,175.0,3.0,149.0,0.0
180,6,59.0,173.0,1.0,154.0,0.0
180,6,60.0,172.0,0.0,161.0,0.0
180,6,61.0,173.0,0.0,166.0,0.0
180,6,62.0,175.0,0.0,171.0,0.0
180,6,63.0,176.0,0.0,176.0,0.0
180,6,64.0,177.0,3.0,180.0,0.0
180,6,65.0,174.0,3.0,183.0,0.0
180,6,66.0,172.0,0.0,189.0,0.0
180,6,67.0,173.0,0.0,197.0,0.0
180,6,68.0,173.0,0.0,201.0,0.0
180,6,69.0,171.0,0.0,204.0,0.0
180,6,70.0,167.0,0.0,210.0,0.0
180,6,71.0,165.0,0.0,217.0,0.0
180,6,72.0,166.0,0.0,225.0,0.0
180,6,73.0,168.0,0.0,228.0,0.0
180,6,74.0,169.0,0.0,232.0,0.0
180,6,75.0,166.0,0.0,239.0,0.0
180,6,76.0,167.0,0.0,243.0,0.0
180,6,77.0,171.0,0.0,248.0,0.0
180,6,78.0,169.0,0.0,250.0,0.0
180,6,79.0,169.0,0.0,257.0,0.0
180,6,80.0,173.0,0.0,263.0,0.0
180,6,81.0,174.0,0.0,267.0,0.0
180,6,82.0,173.0,2.0,272.0,0.0
180,6,83.0,172.0,2.0,279.0,0.0
180,6,84.0,172.0,0.0,287.0,0.0
180,6,85.0,174.0,0.0,294.0,0.0
180,6,86.0,175.0,2.0,298.0,0.0
180,6,87.0,176.0,3.0,303.0,0.0
180,6,88.0,175.0,3.0,307.0,0.0
180,6,89.0,177.0,0.0,312.0,0.0
180,6,90.0,172.0,3.0,315.0,0.0
180,6,91.0,170.0,0.0,323.0,0.0
180,6,92.0,168.0,0.0,332.0,0.0
180,6,93.0,170.0,0.0,339.0,0.0
180,6,94.0,173.0,0.0,344.0,0.0
180,6,95.0,175.0,0.0,347.0,0.0
180,6,96.0,176.0,0.0,350.0,0.0
180,6,97.0,170.0,5.0,353.0,0.0
180,6,98.0,170.0,0.0,363.0,0.0
180,6,99.0,173.0,0.0,372.0,0.0
180,6,100.0,175.0,0.0,375.0,0.0
180,6,101.0,173.0,2.0,379.0,0.0
180,6,102.0,177.0,3.0,386.0,0.0
180,6,103.0,172.0,4.0,389.0,0.0
180,6,104.0,174.0,2.0,397.0,0.0
180,6,105.0,172.0,0.0,403.0,0.0
180,6,106.0,172.0,0.0,409.0,0.0
180,6,107.0,173.0,0.0,417.0,0.0
180,6,108.0,175.0,0.0,422.0,0.0
180,6,109.0,168.0,2.0,426.0,0.0
180,6,110.0,170.0,0.0,438.0,0.0
180,6,111.0,169.0,0.0,447.0,0.0
180,6,112.0,170.0,0.0,450.0,0.0
180,6,113.0,171.0,0.0,456.0,0.0
180,6,114.0,168.0,0.0,461.0,0.0
180,6,115.0,168.0,0.0,467.0,0.0
180,6,116.0,172.0,0.0,473.0,0.0
180,6,117.0,172.0,0.0,476.0,0.0
180,6,118.0,174.0,0.0,482.0,0.0
180,6,119.0,176.0,0.0,486.0,0.0
180,6,120.0,173.0,0.0,489.0,0.0
180,6,121.0,170.0,0.0,495.0,0.0
180,6,122.0,172.0,0.0,502.0,0.0
180,6,123.0,172.0,0.0,506.0,0.0
180,6,124.0,172.0,0.0,513.0,0.0
180,6,125.0,172.0,0.0,519.0,0.0
180,6,126.0,172.0,0.0,525.0,0.0
180,6,127.0,171.0,0.0,530.0,0.0
180,6,128.0,169.0,0.0,534.0,0.0
180,6,129.0,165.0,0.0,540.0,0.0
180,6,130.0,165.0,0.0,547.0,0.0
180,6,131.0,168.0,0.0,551.0,0.0
180,6,132.0,176.0,0.0,556.0,0.0
180,6,133.0,178.0,0.0,559.0,0.0
180,6,134.0,174.0,3.0,561.0,0.0
180,6,135.0,178.0,5.0,567.0,0.0
180,6,136.0,174.0,9.0,569.0,0.0
180,6,137.0,173.0,8.0,575.0,0.0
180,6,138.0,174.0,5.0,582.0,0.0
180,6,139.0,175.0,2.0,588.0,1.0
180,6,140.0,176.0,2.0,593.0,1.0
180,6,141.0,175.0,3.0,597.0,1.0
180,6,142.0,178.0,5.0,602.0,1.0
180,6,143.0,170.0,11.0,604.0,1.0
180,6,144.0,177.0,6.0,614.0,1.0
180,6,145.0,169.0,7.0,617.0,2.0
180,6,146.0,176.0,3.0,628.0,2.0
180,6,147.0,175.0,4.0,632.0,3.0
180,6,148.0,174.0,7.0,637.0,3.0
180,6,149.0,176.0,6.0,643.0,3.0
180,6,150.0,176.0,8.0,647.0,3.0
180,6,151.0,175.0,10.0,651.0,3.0
180,6,152.0,173.0,11.0,656.0,5.0
180,6,153.0,173.0,7.0,663.0,8.0
180,6,154.0,174.0,7.0,670.0,11.0
180,6,155.0,178.0,8.0,676.0,14.0
180,6,156.0,174.0,11.0,678.0,14.0
180,6,157.0,169.0,12.0,684.0,15.0
180,6,158.0,173.0,5.0,695.0,19.0
180,6,159.0,175.0,3.0,702.0,20.0
180,6,160.0,175.0,3.0,707.0,20.0
180,6,161.0,177.0,3.0,712.0,20.0
180,6,162.0,177.0,6.0,715.0,20.0
180,6,163.0,173.0,10.0,718.0,20.0
180,6,164.0,173.0,6.0,725.0,20.0
180,6,165.0,176.0,3.0,732.0,22.0
180,6,166.0,178.0,5.0,736.0,22.0
180,6,167.0,179.0,10.0,738.0,22.0
180,6,168.0,174.0,12.0,739.0,22.0
180,6,169.0,176.0,11.0,745.0,23.0
180,6,170.0,174.0,10.0,749.0,27.0
180,6,171.0,176.0,7.0,755.0,28.0
180,6,172.0,179.0,10.0,759.0,32.0
180,6,173.0,175.0,16.0,760.0,32.0
180,6,174.0,175.0,21.0,765.0,33.0
180,6,175.0,173.0,20.0,770.0,37.0
180,6,176.0,175.0,16.0,777.0,42.0
180,6,177.0,174.0,14.0,782.0,50.0
180,6,178.0,176.0,13.0,788.0,53.0
180,6,179.0,175.0,12.0,792.0,56.0
180,6,180.0,176.0,11.0,797.0,59.0
180,6,181.0,175.0,12.0,801.0,62.0
180,6,182.0,174.0,9.0,806.0,64.0
180,6,183.0,174.0,6.0,812.0,67.0
180,6,184.0,176.0,2.0,818.0,70.0
180,6,185.0,176.0,5.0,822.0,72.0
180,6,186.0,178.0,5.0,826.0,72.0
180,6,187.0,176.0,5.0,828.0,72.0
180,6,188.0,177.0,9.0,832.0,72.0
180,6,189.0,175.0,13.0,835.0,73.0
180,6,190.0,175.0,11.0,840.0,73.0
180,6,191.0,177.0,10.0,845.0,78.0
180,6,192.0,175.0,10.0,848.0,83.0
180,6,193.0,178.0,9.0,853.0,84.0
180,6,194.0,175.0,14.0,855.0,85.0
180,6,195.0,177.0,14.0,860.0,88.0
180,6,196.0,177.0,14.0,863.0,89.0
180,6,197.0,177.0,13.0,866.0,94.0
180,6,198.0,174.0,18.0,869.0,97.0
180,6,199.0,178.0,14.0,875.0,99.0
180,6,200.0,177.0,19.0,877.0,103.0
180,6,201.0,179.0,15.0,880.0,109.0
180,6,202.0,176.0,23.0,881.0,112.0
180,6,203.0,179.0,19.0,885.0,116.0
180,6,204.0,177.0,21.0,886.0,119.0
180,6,205.0,177.0,15.0,889.0,124.0
180,6,206.0,178.0,15.0,892.0,129.0
180,6,207.0,179.0,15.0,894.0,131.0
180,6,208.0,176.0,21.0,895.0,132.0
180,6,209.0,172.0,18.0,899.0,137.0
180,6,210.0,178.0,12.0,907.0,139.0
180,6,211.0,174.0,17.0,909.0,144.0
180,6,212.0,177.0,11.0,915.0,148.0
180,6,213.0,178.0,15.0,918.0,150.0
180,6,214.0,176.0,15.0,920.0,154.0
180,6,215.0,177.0,13.0,924.0,156.0
180,6,216.0,177.0,15.0,927.0,160.0
180,6,217.0,178.0,16.0,930.0,161.0
180,6,218.0,179.0,15.0,932.0,163.0
180,6,219.0,177.0,14.0,933.0,169.0
180,6,220.0,177.0,16.0,936.0,170.0
180,6,221.0,177.0,17.0,939.0,171.0
180,6,222.0,180.0,21.0,942.0,176.0
180,6,223.0,176.0,28.0,942.0,178.0
180,6,224.0,177.0,26.0,946.0,180.0
180,6,225.0,179.0,31.0,949.0,190.0
180,6,226.0,177.0,26.0,950.0,196.0
180,6,227.0,178.0,22.0,953.0,201.0
180,6,228.0,179.0,24.0,955.0,209.0
180,6,229.0,180.0,30.0,956.0,210.0
180,6,230.0,176.0,38.0,956.0,217.0
180,6,231.0,180.0,19.0,960.0,224.0
180,6,232.0,179.0,21.0,960.0,228.0
180,6,233.0,178.0,24.0,961.0,234.0
180,6,234.0,177.0,22.0,963.0,240.0
180,6,235.0,179.0,19.0,966.0,241.0
180,6,236.0,176.0,20.0,967.0,245.0
180,6,237.0,178.0,17.0,971.0,249.0
180,6,238.0,179.0,18.0,973.0,255.0
180,6,239.0,175.0,22.0,974.0,257.0
180,6,240.0,178.0,17.0,979.0,260.0
180,6,241.0,177.0,17.0,981.0,265.0
180,6,242.0,178.0,17.0,984.0,267.0
180,6,243.0,178.0,16.0,986.0,271.0
180,6,244.0,178.0,17.0,988.0,273.0
180,6,245.0,179.0,21.0,990.0,275.0
180,6,246.0,177.0,27.0,991.0,281.0
180,6,247.0,177.0,20.0,994.0,284.0
180,6,248.0,179.0,22.0,997.0,287.0
180,6,249.0,177.0,23.0,998.0,294.0
180,6,250.0,177.0,20.0,1001.0,298.0
180,6,251.0,177.0,15.0,1004.0,302.0
180,6,252.0,178.0,8.0,1007.0,305.0
180,6,253.0,178.0,6.0,1009.0,309.0
180,6,254.0,178.0,1.0,1011.0,311.0
180,6,255.0,174.0,0.0,1013.0,313.0
180,6,256.0,173.0,0.0,1017.0,313.0
180,6,257.0,173.0,0.0,1018.0,313.0
180,6,258.0,171.0,0.0,1018.0,313.0
180,6,259.0,169.0,0.0,1020.0,313.0
180,6,260.0,167.0,0.0,1022.0,313.0
180,6,261.0,164.0,0.0,1024.0,313.0
180,6,262.0,161.0,0.0,1027.0,313.0
180,6,263.0,160.0,0.0,1030.0,313.0
180,6,264.0,157.0,0.0,1031.0,313.0
180,6,265.0,157.0,0.0,1034.0,313.0
180,6,266.0,155.0,0.0,1034.0,313.0
180,6,267.0,152.0,0.0,1036.0,313.0
180,6,268.0,151.0,0.0,1039.0,313.0
180,6,269.0,150.0,0.0,1040.0,313.0
180,6,270.0,149.0,0.0,1041.0,313.0
180,6,271.0,146.0,0.0,1042.0,313.0
180,6,272.0,144.0,0.0,1045.0,313.0
180,6,273.0,143.0,0.0,1047.0,313.0
180,6,274.0,139.0,0.0,1048.0,313.0
180,6,275.0,136.0,0.0,1052.0,313.0
180,6,276.0,135.0,0.0,1055.0,313.0
180,6,277.0,134.0,0.0,1056.0,313.0
180,6,278.0,132.0,0.0,1057.0,313.0
180,6,279.0,131.0,0.0,1059.0,313.0
180,6,280.0,130.0,0.0,1060.0,313.0
180,6,281.0,130.0,0.0,1061.0,313.0
180,6,282.0,130.0,0.0,1061.0,313.0
180,6,283.0,129.0,0.0,1061.0,313.0
180,6,284.0,128.0,0.0,1062.0,313.0
180,6,285.0,127.0,0.0,1063.0,313.0
180,6,286.0,127.0,0.0,1064.0,313.0
180,6,287.0,127.0,0.0,1064.0,313.0
180,6,288.0,127.0,0.0,1064.0,313.0
180,6,289.0,127.0,0.0,1064.0,313.0
180,6,290.0,127.0,0.0,1064.0,313.0
180,6,291.0,127.0,0.0,1064.0,313.0
180,6,292.0,127.0,0.0,1064.0,313.0
180,6,293.0,126.0,0.0,1064.0,313.0
180,6,294.0,126.0,0.0,1065.0,313.0
180,6,295.0,124.0,0.0,1065.0,313.0
180,6,296.0,124.0,0.0,1067.0,313.0
180,6,297.0,124.0,0.0,1067.0,313.0
180,6,298.0,124.0,0.0,1067.0,313.0
180,6,299.0,124.0,0.0,1067.0,313.0
180,6,300.0,124.0,0.0,1067.0,313.0
180,6,301.0,124.0,0.0,1067.0,313.0
180,6,302.0,124.0,0.0,1067.0,313.0
180,6,303.0,124.0,0.0,1067.0,313.0
180,6,304.0,124.0,0.0,1067.0,313.0
180,6,305.0,123.0,0.0,1067.0,313.0
180,6,306.0,123.0,0.0,1068.0,313.0
180,6,307.0,122.0,0.0,1068.0,313.0
180,6,308.0,122.0,0.0,1069.0,313.0
180,6,309.0,122.0,0.0,1069.0,313.0
180,6,310.0,122.0,0.0,1069.0,313.0
180,6,311.0,122.0,0.0,1069.0,313.0
180,6,312.0,122.0,0.0,1069.0,313.0
180,6,313.0,122.0,0.0,1069.0,313.0
180,6,314.0,121.0,0.0,1069.0,313.0
180,6,315.0,121.0,0.0,1070.0,313.0
180,7,0.0,5.0,0.0,0.0,0.0
180,7,1.0,11.0,0.0,0.0,0.0
180,7,2.0,15.0,0.0,0.0,0.0
180,7,3.0,19.0,0.0,0.0,0.0
180,7,4.0,25.0,0.0,0.0,0.0
180,7,5.0,31.0,0.0,0.0,0.0
180,7,6.0,36.0,0.0,0.0,0.0
180,7,7.0,46.0,0.0,0.0,0.0
180,7,8.0,54.0,0.0,0.0,0.0
180,7,9.0,59.0,0.0,0.0,0.0
180,7,10.0,66.0,0.0,0.0,0.0
180,7,11.0,74.0,0.0,0.0,0.0
180,7,12.0,77.0,0.0,0.0,0.0
180,7,13.0,82.0,0.0,1.0,0.0
180,7,14.0,87.0,0.0,1.0,0.0
180,7,15.0,90.0,0.0,2.0,0.0
180,7,16.0,96.0,0.0,2.0,0.0
180,7,17.0,106.0,0.0,2.0,0.0
180,7,18.0,110.0,0.0,2.0,0.0
180,7,19.0,110.0,0.0,3.0,0.0
180,7,20.0,119.0,0.0,5.0,0.0
180,7,21.0,121.0,0.0,5.0,0.0
180,7,22.0,126.0,0.0,8.0,0.0
180,7,23.0,130.0,0.0,8.0,0.0
180,7,24.0,134.0,0.0,8.0,0.0
180,7,25.0,137.0,0.0,10.0,0.0
180,7,26.0,138.0,0.0,13.0,0.0
180,7,27.0,139.0,0.0,17.0,0.0
180,7,28.0,137.0,0.0,19.0,0.0
180,7,29.0,139.0,0.0,24.0,0.0
180,7,30.0,138.0,0.0,27.0,0.0
180,7,31.0,140.0,0.0,31.0,0.0
180,7,32.0,145.0,0.0,34.0,0.0
180,7,33.0,146.0,0.0,37.0,0.0
180,7,34.0,150.0,0.0,42.0,0.0
180,7,35.0,154.0,0.0,47.0,0.0
180,7,36.0,153.0,0.0,51.0,0.0
180,7,37.0,150.0,0.0,58.0,0.0
180,7,38.0,152.0,0.0,67.0,0.0
180,7,39.0,153.0,0.0,68.0,0.0
180,7,40.0,151.0,0.0,70.0,0.0
180,7,41.0,154.0,0.0,76.0,0.0
180,7,42.0,156.0,0.0,78.0,0.0
180,7,43.0,162.0,0.0,82.0,0.0
180,7,44.0,164.0,0.0,87.0,0.0
180,7,45.0,163.0,0.0,90.0,0.0
180,7,46.0,163.0,0.0,97.0,0.0
180,7,47.0,163.0,0.0,105.0,0.0
180,7,48.0,163.0,0.0,110.0,0.0
180,7,49.0,161.0,0.0,113.0,0.0
180,7,50.0,164.0,0.0,120.0,0.0
180,7,51.0,165.0,0.0,124.0,0.0
180,7,52.0,165.0,0.0,128.0,0.0
180,7,53.0,166.0,0.0,132.0,0.0
180,7,54.0,169.0,0.0,136.0,0.0
180,7,55.0,170.0,0.0,142.0,0.0
180,7,56.0,164.0,0.0,148.0,0.0
180,7,57.0,166.0,0.0,157.0,0.0
180,7,58.0,165.0,0.0,161.0,0.0
180,7,59.0,169.0,0.0,169.0,0.0
180,7,60.0,168.0,0.0,171.0,0.0
180,7,61.0,168.0,0.0,176.0,0.0
180,7,62.0,166.0,0.0,183.0,0.0
180,7,63.0,169.0,0.0,189.0,0.0
180,7,64.0,168.0,0.0,190.0,0.0
180,7,65.0,169.0,0.0,197.0,0.0
180,7,66.0,161.0,0.0,202.0,0.0
180,7,67.0,162.0,0.0,211.0,0.0
180,7,68.0,162.0,0.0,214.0,0.0
180,7,69.0,166.0,0.0,217.0,0.0
180,7,70.0,161.0,0.0,221.0,0.0
180,7,71.0,159.0,0.0,231.0,0.0
180,7,72.0,161.0,0.0,237.0,0.0
180,7,73.0,155.0,0.0,239.0,0.0
180,7,74.0,157.0,0.0,249.0,0.0
180,7,75.0,160.0,0.0,252.0,0.0
180,7,76.0,158.0,0.0,258.0,0.0
180,7,77.0,160.0,0.0,263.0,0.0
180,7,78.0,159.0,0.0,267.0,0.0
180,7,79.0,162.0,0.0,273.0,0.0
180,7,80.0,161.0,0.0,275.0,0.0
180,7,81.0,163.0,0.0,283.0,0.0
180,7,82.0,165.0,0.0,286.0,0.0
180,7,83.0,165.0,0.0,291.0,0.0
180,7,84.0,164.0,0.0,297.0,0.0
180,7,85.0,160.0,0.0,303.0,0.0
180,7,86.0,156.0,0.0,314.0,0.0
180,7,87.0,156.0,0.0,321.0,0.0
180,7,88.0,160.0,0.0,324.0,0.0
180,7,89.0,166.0,0.0,327.0,0.0
180,7,90.0,162.0,0.0,332.0,0.0
180,7,91.0,165.0,0.0,340.0,0.0
180,7,92.0,165.0,0.0,341.0,0.0
180,7,93.0,165.0,0.0,348.0,0.0
180,7,94.0,165.0,0.0,355.0,0.0
180,7,95.0,166.0,0.0,359.0,0.0
180,7,96.0,169.0,0.0,363.0,0.0
180,7,97.0,167.0,0.0,366.0,0.0
180,7,98.0,162.0,0.0,374.0,0.0
180,7,99.0,162.0,0.0,381.0,0.0
180,7,100.0,163.0,0.0,387.0,0.0
180,7,101.0,159.0,0.0,388.0,0.0
180,7,102.0,161.0,0.0,394.0,0.0
180,7,103.0,159.0,0.0,399.0,0.0
180,7,104.0,162.0,0.0,404.0,0.0
180,7,105.0,165.0,0.0,410.0,0.0
180,7,106.0,170.0,0.0,413.0,0.0
180,7,107.0,170.0,0.0,414.0,0.0
180,7,108.0,169.0,0.0,420.0,0.0
180,7,109.0,161.0,0.0,427.0,0.0
180,7,110.0,161.0,0.0,438.0,0.0
180,7,111.0,161.0,0.0,442.0,0.0
180,7,112.0,160.0,0.0,448.0,0.0
180,7,113.0,159.0,0.0,455.0,0.0
180,7,114.0,162.0,0.0,459.0,0.0
180,7,115.0,168.0,0.0,466.0,0.0
180,7,116.0,170.0,0.0,469.0,0.0
180,7,117.0,169.0,0.0,472.0,0.0
180,7,118.0,171.0,0.0,478.0,0.0
180,7,119.0,165.0,0.0,484.0,0.0
180,7,120.0,168.0,0.0,494.0,0.0
180,7,121.0,171.0,0.0,498.0,0.0
180,7,122.0,173.0,0.0,502.0,0.0
180,7,123.0,174.0,0.0,506.0,0.0
180,7,124.0,176.0,2.0,511.0,0.0
180,7,125.0,177.0,1.0,515.0,0.0
180,7,126.0,176.0,7.0,518.0,0.0
180,7,127.0,173.0,9.0,522.0,0.0
180,7,128.0,174.0,7.0,529.0,0.0
180,7,129.0,174.0,7.0,535.0,1.0
180,7,130.0,175.0,5.0,541.0,2.0
180,7,131.0,174.0,3.0,546.0,2.0
180,7,132.0,176.0,7.0,552.0,2.0
180,7,133.0,174.0,8.0,556.0,2.0
180,7,134.0,172.0,7.0,562.0,2.0
180,7,135.0,176.0,3.0,570.0,2.0
180,7,136.0,170.0,6.0,574.0,2.0
180,7,137.0,176.0,0.0,584.0,2.0
180,7,138.0,176.0,2.0,587.0,2.0
180,7,139.0,173.0,2.0,591.0,2.0
180,7,140.0,174.0,2.0,598.0,2.0
180,7,141.0,175.0,4.0,604.0,2.0
180,7,142.0,177.0,7.0,609.0,2.0
180,7,143.0,176.0,11.0,612.0,2.0
180,7,144.0,175.0,11.0,616.0,2.0
180,7,145.0,173.0,9.0,621.0,4.0
180,7,146.0,170.0,5.0,628.0,7.0
180,7,147.0,165.0,0.0,638.0,10.0
180,7,148.0,171.0,0.0,651.0,12.0
180,7,149.0,170.0,0.0,652.0,12.0
180,7,150.0,170.0,0.0,658.0,12.0
180,7,151.0,170.0,0.0,661.0,12.0
180,7,152.0,173.0,0.0,665.0,12.0
180,7,153.0,173.0,0.0,669.0,12.0
180,7,154.0,174.0,0.0,674.0,12.0
180,7,155.0,175.0,1.0,679.0,12.0
180,7,156.0,170.0,0.0,684.0,12.0
180,7,157.0,178.0,0.0,693.0,12.0
180,7,158.0,176.0,2.0,694.0,12.0
180,7,159.0,176.0,2.0,698.0,12.0
180,7,160.0,175.0,5.0,702.0,12.0
180,7,161.0,176.0,5.0,707.0,12.0
180,7,162.0,172.0,6.0,711.0,12.0
180,7,163.0,174.0,5.0,719.0,12.0
180,7,164.0,176.0,5.0,725.0,12.0
180,7,165.0,175.0,7.0,729.0,12.0
180,7,166.0,175.0,8.0,734.0,12.0
180,7,167.0,176.0,6.0,739.0,12.0
180,7,168.0,174.0,11.0,743.0,12.0
180,7,169.0,174.0,9.0,749.0,13.0
180,7,170.0,174.0,12.0,755.0,14.0
180,7,171.0,177.0,9.0,761.0,16.0
180,7,172.0,175.0,12.0,764.0,17.0
180,7,173.0,177.0,12.0,769.0,21.0
180,7,174.0,173.0,13.0,772.0,23.0
180,7,175.0,172.0,12.0,779.0,26.0
180,7,176.0,174.0,10.0,787.0,31.0
180,7,177.0,172.0,9.0,793.0,34.0
180,7,178.0,172.0,6.0,801.0,35.0
180,7,179.0,173.0,3.0,809.0,37.0
180,7,180.0,178.0,0.0,816.0,38.0
180,7,181.0,176.0,3.0,818.0,38.0
180,7,182.0,177.0,6.0,822.0,38.0
180,7,183.0,175.0,9.0,825.0,38.0
180,7,184.0,175.0,7.0,830.0,38.0
180,7,185.0,179.0,5.0,835.0,40.0
180,7,186.0,175.0,13.0,836.0,41.0
180,7,187.0,177.0,15.0,841.0,42.0
180,7,188.0,176.0,17.0,844.0,43.0
180,7,189.0,177.0,17.0,848.0,48.0
180,7,190.0,177.0,15.0,851.0,52.0
180,7,191.0,176.0,13.0,854.0,56.0
180,7,192.0,172.0,15.0,858.0,58.0
180,7,193.0,175.0,6.0,866.0,62.0
180,7,194.0,173.0,7.0,871.0,65.0
180,7,195.0,175.0,4.0,878.0,66.0
180,7,196.0,179.0,4.0,883.0,67.0
180,7,197.0,175.0,6.0,884.0,67.0
180,7,198.0,175.0,7.0,889.0,67.0
180,7,199.0,175.0,8.0,894.0,68.0
180,7,200.0,175.0,6.0,899.0,69.0
180,7,201.0,175.0,7.0,904.0,69.0
180,7,202.0,174.0,8.0,909.0,70.0
180,7,203.0,174.0,3.0,915.0,70.0
180,7,204.0,178.0,6.0,921.0,71.0
180,7,205.0,176.0,10.0,923.0,71.0
180,7,206.0,176.0,14.0,927.0,71.0
180,7,207.0,177.0,18.0,931.0,72.0
180,7,208.0,178.0,21.0,934.0,74.0
180,7,209.0,177.0,25.0,936.0,78.0
180,7,210.0,178.0,24.0,939.0,82.0
180,7,211.0,176.0,26.0,941.0,86.0
180,7,212.0,179.0,24.0,945.0,94.0
180,7,213.0,177.0,22.0,946.0,101.0
180,7,214.0,174.0,17.0,949.0,105.0
180,7,215.0,178.0,14.0,955.0,108.0
180,7,216.0,179.0,13.0,957.0,112.0
180,7,217.0,173.0,17.0,958.0,115.0
180,7,218.0,178.0,13.0,965.0,119.0
180,7,219.0,175.0,15.0,967.0,121.0
180,7,220.0,176.0,15.0,972.0,124.0
180,7,221.0,178.0,13.0,976.0,127.0
180,7,222.0,175.0,12.0,978.0,129.0
180,7,223.0,175.0,9.0,983.0,134.0
180,7,224.0,178.0,13.0,988.0,137.0
180,7,225.0,176.0,13.0,990.0,139.0
180,7,226.0,177.0,15.0,994.0,142.0
180,7,227.0,178.0,15.0,997.0,148.0
180,7,228.0,176.0,22.0,999.0,149.0
180,7,229.0,178.0,22.0,1003.0,153.0
180,7,230.0,178.0,21.0,1005.0,157.0
180,7,231.0,178.0,15.0,1007.0,165.0
180,7,232.0,178.0,15.0,1009.0,168.0
180,7,233.0,178.0,19.0,1011.0,171.0
180,7,234.0,176.0,21.0,1013.0,175.0
180,7,235.0,178.0,17.0,1017.0,178.0
180,7,236.0,175.0,19.0,1019.0,182.0
180,7,237.0,177.0,15.0,1024.0,186.0
180,7,238.0,173.0,18.0,1027.0,187.0
180,7,239.0,177.0,11.0,1034.0,193.0
180,7,240.0,179.0,11.0,1037.0,195.0
180,7,241.0,177.0,14.0,1038.0,199.0
180,7,242.0,176.0,15.0,1041.0,202.0
180,7,243.0,180.0,16.0,1045.0,203.0
180,7,244.0,176.0,21.0,1045.0,207.0
180,7,245.0,179.0,19.0,1049.0,212.0
180,7,246.0,177.0,21.0,1050.0,216.0
180,7,247.0,176.0,21.0,1053.0,218.0
180,7,248.0,179.0,22.0,1057.0,224.0
180,7,249.0,177.0,25.0,1058.0,227.0
180,7,250.0,178.0,23.0,1061.0,230.0
180,7,251.0,178.0,18.0,1063.0,239.0
180,7,252.0,178.0,9.0,1065.0,241.0
180,7,253.0,176.0,5.0,1067.0,245.0
180,7,254.0,178.0,0.0,1071.0,247.0
180,7,255.0,176.0,0.0,1072.0,249.0
180,7,256.0,175.0,0.0,1074.0,249.0
180,7,257.0,174.0,0.0,1075.0,249.0
180,7,258.0,168.0,0.0,1076.0,249.0
180,7,259.0,166.0,0.0,1082.0,249.0
180,7,260.0,165.0,0.0,1084.0,249.0
180,7,261.0,160.0,0.0,1085.0,249.0
180,7,262.0,158.0,0.0,1090.0,249.0
180,7,263.0,154.0,0.0,1092.0,249.0
180,7,264.0,154.0,0.0,1096.0,249.0
180,7,265.0,154.0,0.0,1096.0,249.0
180,7,266.0,150.0,0.0,1096.0,249.0
180,7,267.0,144.0,0.0,1100.0,249.0
180,7,268.0,143.0,0.0,1106.0,249.0
180,7,269.0,140.0,0.0,1107.0,249.0
180,7,270.0,138.0,0.0,1110.0,249.0
180,7,271.0,136.0,0.0,1112.0,249.0
180,7,272.0,134.0,0.0,1114.0,249.0
180,7,273.0,131.0,0.0,1116.0,249.0
180,7,274.0,127.0,0.0,1119.0,249.0
180,7,275.0,125.0,0.0,1123.0,249.0
180,7,276.0,124.0,0.0,1125.0,249.0
180,7,277.0,122.0,0.0,1126.0,249.0
180,7,278.0,120.0,0.0,1128.0,249.0
180,7,279.0,118.0,0.0,1130.0,249.0
180,7,280.0,118.0,0.0,1132.0,249.0
180,7,281.0,117.0,0.0,1132.0,249.0
180,7,282.0,117.0,0.0,1133.0,249.0
180,7,283.0,117.0,0.0,1133.0,249.0
180,7,284.0,116.0,0.0,1133.0,249.0
180,7,285.0,115.0,0.0,1134.0,249.0
180,7,286.0,115.0,0.0,1135.0,249.0
180,7,287.0,114.0,0.0,1135.0,249.0
180,7,288.0,112.0,0.0,1136.0,249.0
180,7,289.0,112.0,0.0,1138.0,249.0
180,7,290.0,111.0,0.0,1138.0,249.0
180,7,291.0,110.0,0.0,1139.0,249.0
180,7,292.0,109.0,0.0,1140.0,249.0
180,7,293.0,109.0,0.0,1141.0,249.0
180,7,294.0,108.0,0.0,1141.0,249.0
180,7,295.0,107.0,0.0,1142.0,249.0
180,7,296.0,107.0,0.0,1143.0,249.0
180,7,297.0,107.0,0.0,1143.0,249.0
180,7,298.0,107.0,0.0,1143.0,249.0
180,7,299.0,105.0,0.0,1143.0,249.0
180,7,300.0,104.0,0.0,1145.0,249.0
180,7,301.0,104.0,0.0,1146.0,249.0
180,7,302.0,104.0,0.0,1146.0,249.0
180,7,303.0,103.0,0.0,1146.0,249.0
180,7,304.0,103.0,0.0,1147.0,249.0
180,7,305.0,101.0,0.0,1147.0,249.0
180,7,306.0,101.0,0.0,1149.0,249.0
180,8,0.0,7.0,0.0,0.0,0.0
180,8,1.0,12.0,0.0,0.0,0.0
180,8,2.0,18.0,0.0,0.0,0.0
180,8,3.0,23.0,0.0,0.0,0.0
180,8,4.0,30.0,0.0,0.0,0.0
180,8,5.0,34.0,0.0,0.0,0.0
180,8,6.0,43.0,0.0,0.0,0.0
180,8,7.0,50.0,0.0,0.0,0.0
180,8,8.0,56.0,0.0,0.0,0.0
180,8,9.0,60.0,0.0,0.0,0.0
180,8,10.0,64.0,0.0,0.0,0.0
180,8,11.0,66.0,0.0,0.0,0.0
180,8,12.0,73.0,0.0,0.0,0.0
180,8,13.0,81.0,0.0,0.0,0.0
180,8,14.0,81.0,0.0,0.0,0.0
180,8,15.0,88.0,0.0,1.0,0.0
180,8,16.0,89.0,0.0,1.0,0.0
180,8,17.0,91.0,0.0,1.0,0.0
180,8,18.0,98.0,0.0,1.0,0.0
180,8,19.0,102.0,0.0,2.0,0.0
180,8,20.0,106.0,0.0,3.0,0.0
180,8,21.0,108.0,0.0,5.0,0.0
180,8,22.0,111.0,0.0,8.0,0.0
180,8,23.0,116.0,0.0,9.0,0.0
180,8,24.0,122.0,0.0,9.0,0.0
180,8,25.0,122.0,0.0,11.0,0.0
180,8,26.0,122.0,0.0,14.0,0.0
180,8,27.0,124.0,0.0,17.0,0.0
180,8,28.0,131.0,0.0,18.0,0.0
180,8,29.0,128.0,0.0,22.0,0.0
180,8,30.0,131.0,0.0,26.0,0.0
180,8,31.0,134.0,0.0,28.0,0.0
180,8,32.0,138.0,0.0,31.0,0.0
180,8,33.0,136.0,0.0,33.0,0.0
180,8,34.0,139.0,0.0,38.0,0.0
180,8,35.0,141.0,0.0,42.0,0.0
180,8,36.0,148.0,0.0,44.0,0.0
180,8,37.0,151.0,0.0,45.0,0.0
180,8,38.0,151.0,0.0,49.0,0.0
180,8,39.0,155.0,0.0,53.0,0.0
180,8,40.0,155.0,0.0,55.0,0.0
180,8,41.0,156.0,0.0,60.0,0.0
180,8,42.0,156.0,0.0,66.0,0.0
180,8,43.0,153.0,0.0,71.0,0.0
180,8,44.0,157.0,0.0,77.0,0.0
180,8,45.0,156.0,0.0,78.0,0.0
180,8,46.0,155.0,0.0,85.0,0.0
180,8,47.0,150.0,0.0,89.0,0.0
180,8,48.0,153.0,0.0,96.0,0.0
180,8,49.0,156.0,0.0,100.0,0.0
180,8,50.0,157.0,0.0,104.0,0.0
180,8,51.0,161.0,0.0,109.0,0.0
180,8,52.0,162.0,0.0,111.0,0.0
180,8,53.0,164.0,0.0,115.0,0.0
180,8,54.0,164.0,0.0,118.0,0.0
180,8,55.0,165.0,0.0,125.0,0.0
180,8,56.0,168.0,0.0,131.0,0.0
180,8,57.0,166.0,0.0,135.0,0.0
180,8,58.0,170.0,0.0,140.0,0.0
180,8,59.0,168.0,0.0,144.0,0.0
180,8,60.0,168.0,0.0,151.0,0.0
180,8,61.0,168.0,0.0,156.0,0.0
180,8,62.0,171.0,0.0,160.0,0.0
180,8,63.0,168.0,0.0,164.0,0.0
180,8,64.0,164.0,0.0,174.0,0.0
180,8,65.0,163.0,0.0,181.0,0.0
180,8,66.0,166.0,0.0,190.0,0.0
180,8,67.0,169.0,0.0,194.0,0.0
180,8,68.0,167.0,0.0,197.0,0.0
180,8,69.0,169.0,0.0,204.0,0.0
180,8,70.0,171.0,0.0,208.0,0.0
180,8,71.0,174.0,0.0,212.0,0.0
180,8,72.0,176.0,0.0,213.0,0.0
180,8,73.0,175.0,2.0,216.0,0.0
180,8,74.0,176.0,3.0,221.0,0.0
180,8,75.0,174.0,5.0,225.0,0.0
180,8,76.0,176.0,4.0,231.0,0.0
180,8,77.0,176.0,5.0,235.0,0.0
180,8,78.0,178.0,5.0,239.0,0.0
180,8,79.0,176.0,8.0,241.0,0.0
180,8,80.0,171.0,6.0,245.0,0.0
180,8,81.0,175.0,2.0,254.0,1.0
180,8,82.0,174.0,0.0,259.0,3.0
180,8,83.0,170.0,0.0,265.0,3.0
180,8,84.0,172.0,0.0,272.0,3.0
180,8,85.0,168.0,0.0,276.0,3.0
180,8,86.0,164.0,0.0,282.0,3.0
180,8,87.0,166.0,0.0,290.0,3.0
180,8,88.0,166.0,0.0,294.0,3.0
180,8,89.0,166.0,0.0,300.0,3.0
180,8,90.0,167.0,0.0,304.0,3.0
180,8,91.0,167.0,0.0,308.0,3.0
180,8,92.0,167.0,0.0,316.0,3.0
180,8,93.0,163.0,0.0,320.0,3.0
180,8,94.0,165.0,0.0,327.0,3.0
180,8,95.0,161.0,0.0,334.0,3.0
180,8,96.0,161.0,0.0,341.0,3.0
180,8,97.0,157.0,0.0,345.0,3.0
180,8,98.0,155.0,0.0,353.0,3.0
180,8,99.0,162.0,0.0,360.0,3.0
180,8,100.0,161.0,0.0,362.0,3.0
180,8,101.0,164.0,0.0,368.0,3.0
180,8,102.0,165.0,0.0,373.0,3.0
180,8,103.0,167.0,0.0,377.0,3.0
180,8,104.0,170.0,0.0,381.0,3.0
180,8,105.0,176.0,0.0,385.0,3.0
180,8,106.0,175.0,1.0,388.0,3.0
180,8,107.0,178.0,1.0,393.0,3.0
180,8,108.0,176.0,7.0,395.0,3.0
180,8,109.0,169.0,9.0,399.0,3.0
180,8,110.0,170.0,7.0,410.0,3.0
180,8,111.0,175.0,7.0,420.0,3.0
180,8,112.0,173.0,7.0,425.0,3.0
180,8,113.0,176.0,7.0,432.0,3.0
180,8,114.0,173.0,8.0,436.0,3.0
180,8,115.0,176.0,9.0,443.0,3.0
180,8,116.0,174.0,9.0,447.0,4.0
180,8,117.0,176.0,13.0,453.0,4.0
180,8,118.0,175.0,13.0,457.0,6.0
180,8,119.0,177.0,14.0,462.0,6.0
180,8,120.0,178.0,17.0,465.0,15.0
180,8,121.0,176.0,18.0,467.0,15.0
180,8,122.0,173.0,15.0,471.0,19.0
180,8,123.0,176.0,10.0,478.0,26.0
180,8,124.0,173.0,13.0,482.0,28.0
180,8,125.0,177.0,10.0,489.0,28.0
180,8,126.0,178.0,14.0,492.0,33.0
180,8,127.0,171.0,14.0,494.0,37.0
180,8,128.0,170.0,11.0,503.0,38.0
180,8,129.0,174.0,6.0,513.0,44.0
180,8,130.0,171.0,4.0,519.0,45.0
180,8,131.0,174.0,0.0,528.0,45.0
180,8,132.0,175.0,0.0,533.0,45.0
180,8,133.0,174.0,3.0,538.0,45.0
180,8,134.0,174.0,1.0,544.0,45.0
180,8,135.0,178.0,0.0,550.0,45.0
180,8,136.0,172.0,2.0,551.0,45.0
180,8,137.0,175.0,1.0,559.0,45.0
180,8,138.0,176.0,0.0,564.0,45.0
180,8,139.0,176.0,1.0,567.0,45.0
180,8,140.0,176.0,2.0,571.0,45.0
180,8,141.0,175.0,3.0,575.0,45.0
180,8,142.0,178.0,3.0,580.0,45.0
180,8,143.0,178.0,7.0,582.0,45.0
180,8,144.0,178.0,11.0,584.0,45.0
180,8,145.0,176.0,14.0,586.0,45.0
180,8,146.0,178.0,15.0,590.0,48.0
180,8,147.0,176.0,14.0,592.0,51.0
180,8,148.0,179.0,12.0,596.0,54.0
180,8,149.0,175.0,13.0,597.0,58.0
180,8,150.0,171.0,13.0,602.0,60.0
180,8,151.0,177.0,9.0,611.0,63.0
180,8,152.0,172.0,8.0,614.0,66.0
180,8,153.0,175.0,9.0,622.0,69.0
180,8,154.0,174.0,9.0,627.0,71.0
180,8,155.0,176.0,9.0,633.0,71.0
180,8,156.0,177.0,9.0,637.0,73.0
180,8,157.0,177.0,14.0,640.0,74.0
180,8,158.0,172.0,16.0,643.0,77.0
180,8,159.0,177.0,11.0,651.0,79.0
180,8,160.0,176.0,12.0,654.0,86.0
180,8,161.0,171.0,16.0,658.0,88.0
180,8,162.0,176.0,9.0,667.0,91.0
180,8,163.0,174.0,8.0,671.0,93.0
180,8,164.0,177.0,8.0,677.0,96.0
180,8,165.0,175.0,11.0,680.0,98.0
180,8,166.0,178.0,9.0,685.0,100.0
180,8,167.0,175.0,15.0,687.0,102.0
180,8,168.0,176.0,12.0,692.0,107.0
180,8,169.0,178.0,14.0,696.0,109.0
180,8,170.0,175.0,16.0,698.0,113.0
180,8,171.0,177.0,15.0,703.0,116.0
180,8,172.0,173.0,17.0,706.0,118.0
180,8,173.0,180.0,11.0,713.0,120.0
180,8,174.0,176.0,16.0,713.0,125.0
180,8,175.0,176.0,10.0,717.0,129.0
180,8,176.0,180.0,10.0,721.0,132.0
180,8,177.0,176.0,15.0,721.0,134.0
180,8,178.0,179.0,18.0,725.0,135.0
180,8,179.0,178.0,24.0,726.0,139.0
180,8,180.0,179.0,32.0,728.0,141.0
180,8,181.0,178.0,35.0,729.0,148.0
180,8,182.0,179.0,35.0,731.0,157.0
180,8,183.0,177.0,40.0,732.0,165.0
180,8,184.0,176.0,26.0,735.0,171.0
180,8,185.0,177.0,17.0,739.0,181.0
180,8,186.0,177.0,15.0,742.0,184.0
180,8,187.0,175.0,15.0,745.0,187.0
180,8,188.0,176.0,9.0,750.0,193.0
180,8,189.0,177.0,12.0,754.0,195.0
180,8,190.0,176.0,13.0,757.0,197.0
180,8,191.0,176.0,14.0,761.0,199.0
180,8,192.0,176.0,12.0,765.0,202.0
180,8,193.0,178.0,11.0,769.0,205.0
180,8,194.0,180.0,14.0,771.0,209.0
180,8,195.0,178.0,19.0,771.0,211.0
180,8,196.0,177.0,23.0,773.0,214.0
180,8,197.0,176.0,22.0,776.0,217.0
180,8,198.0,177.0,20.0,780.0,223.0
180,8,199.0,177.0,11.0,783.0,232.0
180,8,200.0,179.0,11.0,786.0,235.0
180,8,201.0,177.0,14.0,787.0,237.0
180,8,202.0,176.0,17.0,790.0,238.0
180,8,203.0,180.0,14.0,794.0,240.0
180,8,204.0,178.0,18.0,794.0,242.0
180,8,205.0,177.0,18.0,796.0,245.0
180,8,206.0,178.0,16.0,799.0,248.0
180,8,207.0,178.0,20.0,801.0,253.0
180,8,208.0,179.0,23.0,803.0,256.0
180,8,209.0,176.0,29.0,804.0,260.0
180,8,210.0,180.0,21.0,808.0,267.0
180,8,211.0,176.0,26.0,808.0,271.0
180,8,212.0,177.0,21.0,812.0,275.0
180,8,213.0,179.0,18.0,815.0,281.0
180,8,214.0,177.0,20.0,816.0,285.0
180,8,215.0,177.0,20.0,819.0,292.0
180,8,216.0,179.0,13.0,822.0,295.0
180,8,217.0,178.0,19.0,823.0,298.0
180,8,218.0,178.0,16.0,825.0,302.0
180,8,219.0,179.0,19.0,827.0,303.0
180,8,220.0,179.0,21.0,828.0,309.0
180,8,221.0,177.0,27.0,829.0,314.0
180,8,222.0,179.0,19.0,832.0,316.0
180,8,223.0,178.0,25.0,833.0,318.0
180,8,224.0,178.0,28.0,835.0,324.0
180,8,225.0,178.0,25.0,837.0,330.0
180,8,226.0,177.0,26.0,839.0,337.0
180,8,227.0,178.0,22.0,842.0,341.0
180,8,228.0,180.0,25.0,844.0,343.0
180,8,229.0,180.0,30.0,844.0,352.0
180,8,230.0,178.0,35.0,844.0,359.0
180,8,231.0,178.0,37.0,846.0,363.0
180,8,232.0,177.0,23.0,848.0,367.0
180,8,233.0,179.0,17.0,851.0,371.0
180,8,234.0,174.0,20.0,852.0,375.0
180,8,235.0,180.0,13.0,858.0,378.0
180,8,236.0,178.0,17.0,858.0,381.0
180,8,237.0,179.0,20.0,860.0,385.0
180,8,238.0,180.0,26.0,861.0,389.0
180,8,239.0,178.0,32.0,861.0,392.0
180,8,240.0,176.0,28.0,863.0,394.0
180,8,241.0,179.0,25.0,867.0,400.0
180,8,242.0,178.0,28.0,868.0,405.0
180,8,243.0,179.0,21.0,870.0,411.0
180,8,244.0,180.0,20.0,871.0,416.0
180,8,245.0,177.0,24.0,871.0,421.0
180,8,246.0,177.0,11.0,874.0,423.0
180,8,247.0,180.0,13.0,877.0,424.0
180,8,248.0,179.0,18.0,877.0,428.0
180,8,249.0,179.0,21.0,878.0,428.0
180,8,250.0,178.0,18.0,879.0,431.0
180,8,251.0,179.0,12.0,881.0,435.0
180,8,252.0,180.0,10.0,882.0,441.0
180,8,253.0,180.0,10.0,882.0,443.0
180,8,254.0,179.0,10.0,882.0,443.0
180,8,255.0,177.0,5.0,883.0,443.0
180,8,256.0,175.0,0.0,886.0,443.0
180,8,257.0,173.0,0.0,889.0,443.0
180,8,258.0,172.0,0.0,891.0,443.0
180,8,259.0,169.0,0.0,892.0,443.0
180,8,260.0,167.0,0.0,895.0,443.0
180,8,261.0,167.0,0.0,897.0,443.0
180,8,262.0,166.0,0.0,897.0,443.0
180,8,263.0,166.0,0.0,898.0,443.0
180,8,264.0,164.0,0.0,898.0,443.0
180,8,265.0,163.0,0.0,900.0,443.0
180,8,266.0,161.0,0.0,901.0,443.0
180,8,267.0,159.0,0.0,903.0,443.0
180,8,268.0,158.0,0.0,905.0,443.0
180,8,269.0,158.0,0.0,906.0,443.0
180,8,270.0,155.0,0.0,906.0,443.0
180,8,271.0,154.0,0.0,909.0,443.0
180,8,272.0,154.0,0.0,910.0,443.0
180,8,273.0,153.0,0.0,910.0,443.0
180,8,274.0,152.0,0.0,911.0,443.0
180,8,275.0,151.0,0.0,912.0,443.0
180,8,276.0,150.0,0.0,913.0,443.0
180,8,277.0,149.0,0.0,914.0,443.0
180,8,278.0,149.0,0.0,915.0,443.0
180,8,279.0,148.0,0.0,915.0,443.0
180,8,280.0,147.0,0.0,916.0,443.0
180,8,281.0,147.0,0.0,917.0,443.0
180,8,282.0,147.0,0.0,917.0,443.0
180,8,283.0,146.0,0.0,917.0,443.0
180,8,284.0,146.0,0.0,918.0,443.0
180,8,285.0,145.0,0.0,918.0,443.0
180,8,286.0,145.0,0.0,919.0,443.0
180,9,0.0,8.0,0.0,0.0,0.0
180,9,1.0,14.0,0.0,0.0,0.0
180,9,2.0,21.0,0.0,0.0,0.0
180,9,3.0,26.0,0.0,0.0,0.0
180,9,4.0,30.0,0.0,0.0,0.0
180,9,5.0,34.0,0.0,0.0,0.0
180,9,6.0,41.0,0.0,0.0,0.0
180,9,7.0,45.0,0.0,0.0,0.0
180,9,8.0,52.0,0.0,0.0,0.0
180,9,9.0,58.0,0.0,0.0,0.0
180,9,10.0,62.0,0.0,0.0,0.0
180,9,11.0,67.0,0.0,0.0,0.0
180,9,12.0,72.0,0.0,0.0,0.0
180,9,13.0,74.0,0.0,0.0,0.0
180,9,14.0,76.0,0.0,1.0,0.0
180,9,15.0,82.0,0.0,1.0,0.0
180,9,16.0,85.0,0.0,1.0,0.0
180,9,17.0,93.0,0.0,1.0,0.0
180,9,18.0,96.0,0.0,1.0,0.0
180,9,19.0,96.0,0.0,2.0,0.0
180,9,20.0,98.0,0.0,4.0,0.0
180,9,21.0,103.0,0.0,8.0,0.0
180,9,22.0,106.0,0.0,9.0,0.0
180,9,23.0,109.0,0.0,11.0,0.0
180,9,24.0,115.0,0.0,12.0,0.0
180,9,25.0,119.0,0.0,16.0,0.0
180,9,26.0,125.0,0.0,17.0,0.0
180,9,27.0,124.0,0.0,19.0,0.0
180,9,28.0,128.0,0.0,23.0,0.0
180,9,29.0,127.0,0.0,26.0,0.0
180,9,30.0,133.0,0.0,31.0,0.0
180,9,31.0,136.0,0.0,32.0,0.0
180,9,32.0,144.0,0.0,35.0,0.0
180,9,33.0,147.0,0.0,37.0,0.0
180,9,34.0,152.0,0.0,42.0,0.0
180,9,35.0,154.0,0.0,44.0,0.0
180,9,36.0,155.0,0.0,47.0,0.0
180,9,37.0,159.0,0.0,52.0,0.0
180,9,38.0,157.0,0.0,56.0,0.0
180,9,39.0,158.0,0.0,60.0,0.0
180,9,40.0,159.0,0.0,65.0,0.0
180,9,41.0,159.0,0.0,68.0,0.0
180,9,42.0,158.0,0.0,72.0,0.0
180,9,43.0,162.0,0.0,78.0,0.0
180,9,44.0,166.0,0.0,83.0,0.0
180,9,45.0,164.0,0.0,86.0,0.0
180,9,46.0,167.0,0.0,92.0,0.0
180,9,47.0,171.0,0.0,97.0,0.0
180,9,48.0,175.0,0.0,99.0,0.0
180,9,49.0,173.0,0.0,102.0,0.0
180,9,50.0,172.0,0.0,107.0,0.0
180,9,51.0,174.0,0.0,112.0,0.0
180,9,52.0,172.0,0.0,115.0,0.0
180,9,53.0,168.0,0.0,122.0,0.0
180,9,54.0,169.0,0.0,129.0,0.0
180,9,55.0,169.0,0.0,134.0,0.0
180,9,56.0,172.0,0.0,137.0,0.0
180,9,57.0,171.0,0.0,142.0,0.0
180,9,58.0,169.0,0.0,147.0,0.0
180,9,59.0,169.0,0.0,155.0,0.0
180,9,60.0,169.0,0.0,159.0,0.0
180,9,61.0,172.0,0.0,167.0,0.0
180,9,62.0,168.0,0.0,172.0,0.0
180,9,63.0,169.0,0.0,178.0,0.0
180,9,64.0,167.0,0.0,183.0,0.0
180,9,65.0,163.0,0.0,190.0,0.0
180,9,66.0,162.0,0.0,199.0,0.0
180,9,67.0,165.0,0.0,202.0,0.0
180,9,68.0,164.0,0.0,208.0,0.0
180,9,69.0,169.0,0.0,215.0,0.0
180,9,70.0,170.0,0.0,219.0,0.0
180,9,71.0,171.0,0.0,225.0,0.0
180,9,72.0,170.0,0.0,228.0,0.0
180,9,73.0,173.0,0.0,235.0,0.0
180,9,74.0,170.0,0.0,239.0,0.0
180,9,75.0,171.0,0.0,247.0,0.0
180,9,76.0,169.0,0.0,252.0,0.0
180,9,77.0,172.0,0.0,261.0,0.0
180,9,78.0,170.0,0.0,264.0,0.0
180,9,79.0,171.0,0.0,270.0,0.0
180,9,80.0,172.0,0.0,274.0,0.0
180,9,81.0,173.0,0.0,276.0,0.0
180,9,82.0,168.0,0.0,282.0,0.0
180,9,83.0,171.0,0.0,288.0,0.0
180,9,84.0,170.0,0.0,291.0,0.0
180,9,85.0,166.0,0.0,297.0,0.0
180,9,86.0,164.0,0.0,307.0,0.0
180,9,87.0,163.0,0.0,314.0,0.0
180,9,88.0,162.0,0.0,317.0,0.0
180,9,89.0,165.0,0.0,322.0,0.0
180,9,90.0,163.0,0.0,326.0,0.0
180,9,91.0,166.0,0.0,332.0,0.0
180,9,92.0,164.0,0.0,339.0,0.0
180,9,93.0,168.0,0.0,345.0,0.0
180,9,94.0,169.0,0.0,348.0,0.0
180,9,95.0,172.0,0.0,353.0,0.0
180,9,96.0,169.0,0.0,358.0,0.0
180,9,97.0,170.0,0.0,365.0,0.0
180,9,98.0,169.0,0.0,370.0,0.0
180,9,99.0,173.0,0.0,376.0,0.0
180,9,100.0,171.0,0.0,379.0,0.0
180,9,101.0,169.0,0.0,386.0,0.0
180,9,102.0,172.0,0.0,392.0,0.0
180,9,103.0,170.0,0.0,394.0,0.0
180,9,104.0,168.0,0.0,398.0,0.0
180,9,105.0,174.0,0.0,405.0,0.0
180,9,106.0,175.0,0.0,406.0,0.0
180,9,107.0,177.0,2.0,411.0,0.0
180,9,108.0,177.0,4.0,414.0,0.0
180,9,109.0,175.0,8.0,417.0,0.0
180,9,110.0,173.0,11.0,422.0,0.0
180,9,111.0,174.0,7.0,429.0,0.0
180,9,112.0,175.0,6.0,435.0,1.0
180,9,113.0,173.0,7.0,440.0,3.0
180,9,114.0,174.0,5.0,447.0,3.0
180,9,115.0,175.0,4.0,453.0,4.0
180,9,116.0,173.0,4.0,458.0,4.0
180,9,117.0,176.0,0.0,465.0,4.0
180,9,118.0,176.0,1.0,469.0,4.0
180,9,119.0,171.0,0.0,473.0,4.0
180,9,120.0,174.0,0.0,481.0,4.0
180,9,121.0,170.0,0.0,484.0,4.0
180,9,122.0,168.0,0.0,493.0,4.0
180,9,123.0,168.0,0.0,499.0,4.0
180,9,124.0,167.0,0.0,504.0,4.0
180,9,125.0,164.0,0.0,511.0,4.0
180,9,126.0,163.0,0.0,516.0,4.0
180,9,127.0,164.0,0.0,523.0,4.0
180,9,128.0,168.0,0.0,526.0,4.0
180,9,129.0,171.0,0.0,530.0,4.0
180,9,130.0,171.0,0.0,531.0,4.0
180,9,131.0,170.0,0.0,536.0,4.0
180,9,132.0,169.0,0.0,541.0,4.0
180,9,133.0,167.0,0.0,547.0,4.0
180,9,134.0,171.0,0.0,555.0,4.0
180,9,135.0,173.0,0.0,559.0,4.0
180,9,136.0,174.0,0.0,564.0,4.0
180,9,137.0,174.0,0.0,567.0,4.0
180,9,138.0,174.0,0.0,572.0,4.0
180,9,139.0,167.0,0.0,576.0,4.0
180,9,140.0,166.0,0.0,587.0,4.0
180,9,141.0,167.0,0.0,591.0,4.0
180,9,142.0,169.0,0.0,597.0,4.0
180,9,143.0,169.0,0.0,601.0,4.0
180,9,144.0,173.0,0.0,609.0,4.0
180,9,145.0,172.0,0.0,613.0,4.0
180,9,146.0,170.0,0.0,619.0,4.0
180,9,147.0,166.0,0.0,625.0,4.0
180,9,148.0,167.0,0.0,632.0,4.0
180,9,149.0,164.0,0.0,637.0,4.0
180,9,150.0,167.0,0.0,645.0,4.0
180,9,151.0,165.0,0.0,649.0,4.0
180,9,152.0,168.0,0.0,654.0,4.0
180,9,153.0,171.0,0.0,661.0,4.0
180,9,154.0,167.0,0.0,663.0,4.0
180,9,155.0,170.0,0.0,671.0,4.0
180,9,156.0,173.0,0.0,676.0,4.0
180,9,157.0,175.0,0.0,678.0,4.0
180,9,158.0,174.0,4.0,683.0,4.0
180,9,159.0,176.0,3.0,689.0,4.0
180,9,160.0,173.0,3.0,693.0,4.0
180,9,161.0,174.0,3.0,700.0,4.0
180,9,162.0,174.0,0.0,706.0,4.0
180,9,163.0,174.0,0.0,712.0,4.0
180,9,164.0,172.0,0.0,715.0,4.0
180,9,165.0,173.0,0.0,721.0,4.0
180,9,166.0,172.0,0.0,726.0,4.0
180,9,167.0,170.0,0.0,732.0,4.0
180,9,168.0,173.0,0.0,737.0,4.0
180,9,169.0,172.0,0.0,741.0,4.0
180,9,170.0,170.0,0.0,745.0,4.0
180,9,171.0,168.0,0.0,752.0,4.0
180,9,172.0,174.0,0.0,758.0,4.0
180,9,173.0,173.0,0.0,762.0,4.0
180,9,174.0,174.0,0.0,769.0,4.0
180,9,175.0,172.0,0.0,773.0,4.0
180,9,176.0,171.0,0.0,779.0,4.0
180,9,177.0,165.0,0.0,784.0,4.0
180,9,178.0,163.0,0.0,792.0,4.0
180,9,179.0,164.0,0.0,799.0,4.0
180,9,180.0,166.0,0.0,806.0,4.0
180,9,181.0,168.0,0.0,811.0,4.0
180,9,182.0,166.0,0.0,816.0,4.0
180,9,183.0,167.0,0.0,823.0,4.0
180,9,184.0,165.0,0.0,826.0,4.0
180,9,185.0,166.0,0.0,831.0,4.0
180,9,186.0,167.0,0.0,836.0,4.0
180,9,187.0,169.0,0.0,842.0,4.0
180,9,188.0,170.0,0.0,846.0,4.0
180,9,189.0,172.0,0.0,849.0,4.0
180,9,190.0,171.0,0.0,853.0,4.0
180,9,191.0,170.0,0.0,860.0,4.0
180,9,192.0,175.0,0.0,865.0,4.0
180,9,193.0,174.0,0.0,869.0,4.0
180,9,194.0,173.0,1.0,873.0,4.0
180,9,195.0,176.0,0.0,880.0,4.0
180,9,196.0,176.0,0.0,884.0,4.0
180,9,197.0,177.0,4.0,888.0,4.0
180,9,198.0,173.0,7.0,891.0,4.0
180,9,199.0,173.0,5.0,898.0,4.0
180,9,200.0,176.0,5.0,905.0,4.0
180,9,201.0,173.0,6.0,909.0,4.0
180,9,202.0,170.0,3.0,916.0,4.0
180,9,203.0,172.0,0.0,926.0,4.0
180,9,204.0,177.0,0.0,933.0,4.0
180,9,205.0,176.0,5.0,935.0,4.0
180,9,206.0,175.0,8.0,939.0,4.0
180,9,207.0,175.0,7.0,944.0,4.0
180,9,208.0,176.0,11.0,949.0,4.0
180,9,209.0,173.0,13.0,953.0,6.0
180,9,210.0,177.0,12.0,960.0,7.0
180,9,211.0,173.0,13.0,963.0,11.0
180,9,212.0,174.0,14.0,970.0,14.0
180,9,213.0,174.0,14.0,976.0,17.0
180,9,214.0,172.0,10.0,982.0,20.0
180,9,215.0,177.0,8.0,990.0,26.0
180,9,216.0,174.0,9.0,993.0,30.0
180,9,217.0,174.0,7.0,999.0,30.0
180,9,218.0,177.0,6.0,1005.0,33.0
180,9,219.0,173.0,8.0,1008.0,35.0
180,9,220.0,171.0,6.0,1015.0,35.0
180,9,221.0,174.0,2.0,1024.0,38.0
180,9,222.0,175.0,0.0,1030.0,38.0
180,9,223.0,173.0,4.0,1035.0,38.0
180,9,224.0,175.0,0.0,1042.0,38.0
180,9,225.0,178.0,3.0,1047.0,38.0
180,9,226.0,172.0,6.0,1049.0,38.0
180,9,227.0,175.0,0.0,1057.0,38.0
180,9,228.0,174.0,4.0,1062.0,38.0
180,9,229.0,176.0,0.0,1068.0,38.0
180,9,230.0,176.0,3.0,1072.0,38.0
180,9,231.0,176.0,4.0,1076.0,38.0
180,9,232.0,175.0,5.0,1080.0,38.0
180,9,233.0,179.0,12.0,1085.0,38.0
180,9,234.0,179.0,16.0,1086.0,38.0
180,9,235.0,175.0,20.0,1087.0,38.0
180,9,236.0,177.0,12.0,1092.0,48.0
180,9,237.0,176.0,17.0,1095.0,51.0
180,9,238.0,179.0,21.0,1099.0,52.0
180,9,239.0,173.0,25.0,1100.0,56.0
180,9,240.0,174.0,19.0,1107.0,60.0
180,9,241.0,176.0,14.0,1113.0,66.0
180,9,242.0,176.0,16.0,1117.0,71.0
180,9,243.0,177.0,13.0,1121.0,75.0
180,9,244.0,176.0,18.0,1124.0,78.0
180,9,245.0,177.0,17.0,1128.0,82.0
180,9,246.0,176.0,21.0,1131.0,86.0
180,9,247.0,177.0,21.0,1135.0,90.0
180,9,248.0,174.0,17.0,1138.0,94.0
180,9,249.0,174.0,7.0,1144.0,101.0
180,9,250.0,177.0,7.0,1150.0,104.0
180,9,251.0,174.0,4.0,1153.0,106.0
180,9,252.0,169.0,0.0,1159.0,107.0
180,9,253.0,162.0,0.0,1168.0,110.0
180,9,254.0,158.0,0.0,1175.0,110.0
180,9,255.0,154.0,0.0,1179.0,110.0
180,9,256.0,151.0,0.0,1183.0,110.0
180,9,257.0,149.0,0.0,1186.0,110.0
180,9,258.0,148.0,0.0,1188.0,110.0
180,9,259.0,143.0,0.0,1189.0,110.0
180,9,260.0,139.0,0.0,1194.0,110.0
180,9,261.0,135.0,0.0,1198.0,110.0
180,9,262.0,130.0,0.0,1202.0,110.0
180,9,263.0,128.0,0.0,1207.0,110.0
180,9,264.0,125.0,0.0,1209.0,110.0
180,9,265.0,120.0,0.0,1212.0,110.0
180,9,266.0,118.0,0.0,1217.0,110.0
180,9,267.0,117.0,0.0,1219.0,110.0
180,9,268.0,115.0,0.0,1220.0,110.0
180,9,269.0,113.0,0.0,1222.0,110.0
180,9,270.0,111.0,0.0,1224.0,110.0
180,9,271.0,108.0,0.0,1226.0,110.0
180,9,272.0,107.0,0.0,1229.0,110.0
180,9,273.0,106.0,0.0,1230.0,110.0
180,9,274.0,103.0,0.0,1231.0,110.0
180,9,275.0,100.0,0.0,1234.0,110.0
180,9,276.0,99.0,0.0,1237.0,110.0
180,9,277.0,99.0,0.0,1238.0,110.0
180,9,278.0,96.0,0.0,1238.0,110.0
180,9,279.0,92.0,0.0,1241.0,110.0
180,9,280.0,91.0,0.0,1245.0,110.0
180,9,281.0,91.0,0.0,1246.0,110.0
180,9,282.0,91.0,0.0,1246.0,110.0
180,9,283.0,90.0,0.0,1246.0,110.0
180,9,284.0,88.0,0.0,1247.0,110.0
180,9,285.0,87.0,0.0,1249.0,110.0
180,9,286.0,87.0,0.0,1250.0,110.0
180,9,287.0,85.0,0.0,1250.0,110.0
180,9,288.0,84.0,0.0,1252.0,110.0
180,9,289.0,82.0,0.0,1253.0,110.0
180,9,290.0,82.0,0.0,1255.0,110.0
180,9,291.0,82.0,0.0,1255.0,110.0
180,9,292.0,82.0,0.0,1255.0,110.0
180,9,293.0,81.0,0.0,1255.0,110.0
180,9,294.0,80.0,0.0,1256.0,110.0
180,9,295.0,78.0,0.0,1257.0,110.0
180,9,296.0,77.0,0.0,1259.0,110.0
180,9,297.0,76.0,0.0,1260.0,110.0
180,9,298.0,76.0,0.0,1261.0,110.0
180,9,299.0,76.0,0.0,1261.0,110.0
180,9,300.0,74.0,0.0,1261.0,110.0
180,9,301.0,73.0,0.0,1263.0,110.0
180,9,302.0,70.0,0.0,1264.0,110.0
180,9,303.0,70.0,0.0,1267.0,110.0
180,9,304.0,70.0,0.0,1267.0,110.0
180,9,305.0,70.0,0.0,1267.0,110.0
180,9,306.0,70.0,0.0,1267.0,110.0
180,9,307.0,70.0,0.0,1267.0,110.0
180,9,308.0,70.0,0.0,1267.0,110.0
180,9,309.0,70.0,0.0,1267.0,110.0
180,9,310.0,69.0,0.0,1267.0,110.0
180,9,311.0,69.0,0.0,1268.0,110.0
180,9,312.0,66.0,0.0,1268.0,110.0
180,9,313.0,66.0,0.0,1271.0,110.0
180,9,314.0,66.0,0.0,1271.0,110.0
180,9,315.0,66.0,0.0,1271.0,110.0
180,9,316.0,66.0,0.0,1271.0,110.0
180,9,317.0,66.0,0.0,1271.0,110.0
180,9,318.0,66.0,0.0,1271.0,110.0
180,9,319.0,66.0,0.0,1271.0,110.0
180,9,320.0,65.0,0.0,1271.0,110.0
180,9,321.0,65.0,0.0,1272.0,110.0
180,10,0.0,3.0,0.0,0.0,0.0
180,10,1.0,9.0,0.0,0.0,0.0
180,10,2.0,19.0,0.0,0.0,0.0
180,10,3.0,23.0,0.0,0.0,0.0
180,10,4.0,31.0,0.0,0.0,0.0
180,10,5.0,36.0,0.0,0.0,0.0
180,10,6.0,38.0,0.0,0.0,0.0
180,10,7.0,46.0,0.0,0.0,0.0
180,10,8.0,52.0,0.0,0.0,0.0
180,10,9.0,54.0,0.0,0.0,0.0
180,10,10.0,61.0,0.0,0.0,0.0
180,10,11.0,65.0,0.0,0.0,0.0
180,10,12.0,71.0,0.0,0.0,0.0
180,10,13.0,77.0,0.0,0.0,0.0
180,10,14.0,82.0,0.0,0.0,0.0
180,10,15.0,89.0,0.0,0.0,0.0
180,10,16.0,94.0,0.0,1.0,0.0
180,10,17.0,98.0,0.0,1.0,0.0
180,10,18.0,103.0,0.0,2.0,0.0
180,10,19.0,103.0,0.0,3.0,0.0
180,10,20.0,107.0,0.0,4.0,0.0
180,10,21.0,111.0,0.0,6.0,0.0
180,10,22.0,115.0,0.0,7.0,0.0
180,10,23.0,122.0,0.0,9.0,0.0
180,10,24.0,124.0,0.0,11.0,0.0
180,10,25.0,132.0,0.0,14.0,0.0
180,10,26.0,132.0,0.0,16.0,0.0
180,10,27.0,135.0,0.0,19.0,0.0
180,10,28.0,137.0,0.0,23.0,0.0
180,10,29.0,136.0,0.0,27.0,0.0
180,10,30.0,137.0,0.0,33.0,0.0
180,10,31.0,142.0,0.0,35.0,0.0
180,10,32.0,144.0,0.0,38.0,0.0
180,10,33.0,150.0,0.0,42.0,0.0
180,10,34.0,153.0,0.0,44.0,0.0
180,10,35.0,151.0,0.0,47.0,0.0
180,10,36.0,152.0,0.0,53.0,0.0
180,10,37.0,153.0,0.0,58.0,0.0
180,10,38.0,152.0,0.0,63.0,0.0
180,10,39.0,151.0,0.0,67.0,0.0
180,10,40.0,151.0,0.0,74.0,0.0
180,10,41.0,154.0,0.0,79.0,0.0
180,10,42.0,154.0,0.0,84.0,0.0
180,10,43.0,151.0,0.0,89.0,0.0
180,10,44.0,156.0,0.0,94.0,0.0
180,10,45.0,156.0,0.0,95.0,0.0
180,10,46.0,153.0,0.0,100.0,0.0
180,10,47.0,159.0,0.0,107.0,0.0
180,10,48.0,156.0,0.0,109.0,0.0
180,10,49.0,157.0,0.0,115.0,0.0
180,10,50.0,159.0,0.0,122.0,0.0
180,10,51.0,158.0,0.0,128.0,0.0
180,10,52.0,159.0,0.0,134.0,0.0
180,10,53.0,160.0,0.0,140.0,0.0
180,10,54.0,160.0,0.0,146.0,0.0
180,10,55.0,164.0,0.0,153.0,0.0
180,10,56.0,162.0,0.0,154.0,0.0
180,10,57.0,161.0,0.0,161.0,0.0
180,10,58.0,161.0,0.0,166.0,0.0
180,10,59.0,161.0,0.0,170.0,0.0
180,10,60.0,159.0,0.0,177.0,0.0
180,10,61.0,166.0,0.0,183.0,0.0
180,10,62.0,167.0,0.0,186.0,0.0
180,10,63.0,169.0,0.0,189.0,0.0
180,10,64.0,169.0,0.0,193.0,0.0
180,10,65.0,171.0,0.0,202.0,0.0
180,10,66.0,173.0,0.0,209.0,0.0
180,10,67.0,171.0,0.0,211.0,0.0
180,10,68.0,172.0,0.0,217.0,0.0
180,10,69.0,171.0,0.0,222.0,0.0
180,10,70.0,174.0,0.0,230.0,0.0
180,10,71.0,175.0,2.0,234.0,0.0
180,10,72.0,172.0,2.0,239.0,0.0
180,10,73.0,173.0,0.0,247.0,0.0
180,10,74.0,168.0,0.0,253.0,0.0
180,10,75.0,169.0,0.0,261.0,0.0
180,10,76.0,166.0,0.0,265.0,0.0
180,10,77.0,172.0,0.0,273.0,0.0
180,10,78.0,173.0,0.0,277.0,0.0
180,10,79.0,172.0,0.0,283.0,0.0
180,10,80.0,175.0,0.0,288.0,0.0
180,10,81.0,172.0,1.0,291.0,0.0
180,10,82.0,175.0,0.0,299.0,0.0
180,10,83.0,172.0,0.0,301.0,0.0
180,10,84.0,171.0,0.0,309.0,0.0
180,10,85.0,173.0,0.0,313.0,0.0
180,10,86.0,176.0,1.0,319.0,0.0
180,10,87.0,174.0,0.0,323.0,0.0
180,10,88.0,172.0,0.0,329.0,0.0
180,10,89.0,173.0,0.0,336.0,0.0
180,10,90.0,170.0,0.0,341.0,0.0
180,10,91.0,175.0,0.0,349.0,0.0
180,10,92.0,171.0,0.0,354.0,0.0
180,10,93.0,174.0,0.0,363.0,0.0
180,10,94.0,173.0,2.0,366.0,0.0
180,10,95.0,176.0,2.0,373.0,0.0
180,10,96.0,175.0,3.0,377.0,0.0
180,10,97.0,171.0,3.0,382.0,0.0
180,10,98.0,170.0,0.0,391.0,0.0
180,10,99.0,170.0,0.0,399.0,0.0
180,10,100.0,169.0,0.0,405.0,0.0
180,10,101.0,166.0,0.0,411.0,0.0
180,10,102.0,163.0,0.0,419.0,0.0
180,10,103.0,166.0,0.0,424.0,0.0
180,10,104.0,168.0,0.0,429.0,0.0
180,10,105.0,169.0,0.0,433.0,0.0
180,10,106.0,172.0,0.0,438.0,0.0
180,10,107.0,173.0,0.0,442.0,0.0
180,10,108.0,170.0,0.0,444.0,0.0
180,10,109.0,169.0,0.0,452.0,0.0
180,10,110.0,166.0,0.0,458.0,0.0
180,10,111.0,164.0,0.0,466.0,0.0
180,10,112.0,167.0,0.0,470.0,0.0
180,10,113.0,172.0,0.0,473.0,0.0
180,10,114.0,174.0,0.0,476.0,0.0
180,10,115.0,172.0,0.0,482.0,0.0
180,10,116.0,168.0,0.0,489.0,0.0
180,10,117.0,171.0,0.0,496.0,0.0
180,10,118.0,176.0,0.0,501.0,0.0
180,10,119.0,177.0,6.0,503.0,0.0
180,10,120.0,172.0,8.0,506.0,0.0
180,10,121.0,172.0,7.0,514.0,0.0
180,10,122.0,176.0,3.0,522.0,1.0
180,10,123.0,175.0,5.0,526.0,1.0
180,10,124.0,176.0,6.0,531.0,1.0
180,10,125.0,175.0,8.0,535.0,1.0
180,10,126.0,175.0,11.0,540.0,1.0
180,10,127.0,175.0,10.0,545.0,1.0
180,10,128.0,176.0,9.0,550.0,1.0
180,10,129.0,176.0,8.0,554.0,4.0
180,10,130.0,177.0,9.0,558.0,5.0
180,10,131.0,176.0,13.0,561.0,7.0
180,10,132.0,178.0,12.0,565.0,8.0
180,10,133.0,175.0,17.0,567.0,11.0
180,10,134.0,166.0,10.0,572.0,16.0
180,10,135.0,175.0,0.0,586.0,17.0
180,10,136.0,173.0,0.0,591.0,21.0
180,10,137.0,174.0,0.0,598.0,21.0
180,10,138.0,175.0,0.0,604.0,21.0
180,10,139.0,172.0,0.0,609.0,21.0
180,10,140.0,165.0,0.0,615.0,21.0
180,10,141.0,169.0,0.0,626.0,21.0
180,10,142.0,165.0,0.0,628.0,21.0
180,10,143.0,170.0,0.0,635.0,21.0
180,10,144.0,170.0,0.0,637.0,21.0
180,10,145.0,169.0,0.0,641.0,21.0
180,10,146.0,169.0,0.0,646.0,21.0
180,10,147.0,171.0,0.0,654.0,21.0
180,10,148.0,171.0,0.0,657.0,21.0
180,10,149.0,172.0,0.0,659.0,21.0
180,10,150.0,167.0,0.0,664.0,21.0
180,10,151.0,165.0,0.0,675.0,21.0
180,10,152.0,167.0,0.0,681.0,21.0
180,10,153.0,173.0,0.0,684.0,21.0
180,10,154.0,175.0,3.0,688.0,21.0
180,10,155.0,177.0,3.0,693.0,21.0
180,10,156.0,179.0,6.0,696.0,21.0
180,10,157.0,174.0,11.0,697.0,21.0
180,10,158.0,175.0,12.0,703.0,21.0
180,10,159.0,174.0,12.0,708.0,24.0
180,10,160.0,177.0,12.0,714.0,27.0
180,10,161.0,175.0,14.0,717.0,31.0
180,10,162.0,178.0,14.0,722.0,33.0
180,10,163.0,175.0,13.0,724.0,37.0
180,10,164.0,175.0,13.0,729.0,38.0
180,10,165.0,169.0,13.0,734.0,41.0
180,10,166.0,177.0,7.0,745.0,42.0
180,10,167.0,176.0,12.0,748.0,47.0
180,10,168.0,174.0,11.0,752.0,47.0
180,10,169.0,174.0,10.0,758.0,50.0
180,10,170.0,174.0,11.0,764.0,54.0
180,10,171.0,171.0,11.0,770.0,55.0
180,10,172.0,174.0,9.0,779.0,57.0
180,10,173.0,177.0,6.0,785.0,60.0
180,10,174.0,176.0,10.0,788.0,61.0
180,10,175.0,179.0,7.0,792.0,62.0
180,10,176.0,175.0,14.0,793.0,62.0
180,10,177.0,175.0,9.0,798.0,66.0
180,10,178.0,172.0,7.0,803.0,66.0
180,10,179.0,176.0,5.0,811.0,71.0
180,10,180.0,177.0,7.0,815.0,72.0
180,10,181.0,176.0,9.0,818.0,72.0
180,10,182.0,178.0,14.0,822.0,72.0
180,10,183.0,177.0,15.0,824.0,75.0
180,10,184.0,177.0,15.0,827.0,78.0
180,10,185.0,177.0,12.0,830.0,84.0
180,10,186.0,177.0,13.0,833.0,86.0
180,10,187.0,179.0,14.0,836.0,89.0
180,10,188.0,177.0,15.0,837.0,90.0
180,10,189.0,177.0,20.0,840.0,93.0
180,10,190.0,176.0,21.0,843.0,98.0
180,10,191.0,177.0,17.0,847.0,101.0
180,10,192.0,176.0,18.0,850.0,106.0
180,10,193.0,177.0,13.0,854.0,111.0
180,10,194.0,176.0,14.0,857.0,113.0
180,10,195.0,173.0,14.0,861.0,117.0
180,10,196.0,176.0,13.0,868.0,119.0
180,10,197.0,178.0,13.0,872.0,121.0
180,10,198.0,177.0,15.0,874.0,126.0
180,10,199.0,177.0,15.0,877.0,129.0
180,10,200.0,178.0,13.0,880.0,131.0
180,10,201.0,174.0,15.0,882.0,134.0
180,10,202.0,178.0,14.0,888.0,136.0
180,10,203.0,176.0,18.0,890.0,137.0
180,10,204.0,177.0,13.0,894.0,142.0
180,10,205.0,178.0,13.0,897.0,147.0
180,10,206.0,179.0,15.0,899.0,150.0
180,10,207.0,177.0,19.0,900.0,152.0
180,10,208.0,176.0,16.0,903.0,157.0
180,10,209.0,176.0,17.0,907.0,160.0
180,10,210.0,178.0,17.0,911.0,162.0
180,10,211.0,179.0,18.0,913.0,165.0
180,10,212.0,179.0,23.0,914.0,170.0
180,10,213.0,178.0,30.0,915.0,174.0
180,10,214.0,177.0,29.0,917.0,178.0
180,10,215.0,178.0,28.0,920.0,183.0
180,10,216.0,176.0,29.0,922.0,188.0
180,10,217.0,177.0,26.0,926.0,196.0
180,10,218.0,179.0,21.0,929.0,201.0
180,10,219.0,179.0,24.0,930.0,208.0
180,10,220.0,178.0,28.0,931.0,211.0
180,10,221.0,176.0,23.0,933.0,214.0
180,10,222.0,178.0,19.0,937.0,220.0
180,10,223.0,179.0,19.0,939.0,227.0
180,10,224.0,178.0,22.0,940.0,231.0
180,10,225.0,177.0,19.0,942.0,231.0
180,10,226.0,178.0,19.0,945.0,233.0
180,10,227.0,178.0,21.0,947.0,238.0
180,10,228.0,176.0,20.0,949.0,244.0
180,10,229.0,177.0,18.0,953.0,247.0
180,10,230.0,177.0,17.0,956.0,251.0
180,10,231.0,178.0,17.0,959.0,255.0
180,10,232.0,176.0,21.0,961.0,258.0
180,10,233.0,178.0,17.0,965.0,262.0
180,10,234.0,177.0,17.0,967.0,266.0
180,10,235.0,179.0,18.0,970.0,271.0
180,10,236.0,179.0,23.0,971.0,273.0
180,10,237.0,178.0,24.0,972.0,275.0
180,10,238.0,178.0,28.0,974.0,281.0
180,10,239.0,177.0,24.0,976.0,286.0
180,10,240.0,176.0,22.0,979.0,291.0
180,10,241.0,179.0,15.0,983.0,297.0
180,10,242.0,178.0,23.0,984.0,301.0
180,10,243.0,180.0,22.0,986.0,306.0
180,10,244.0,177.0,30.0,986.0,307.0
180,10,245.0,177.0,23.0,989.0,314.0
180,10,246.0,176.0,22.0,992.0,319.0
180,10,247.0,179.0,11.0,996.0,328.0
180,10,248.0,179.0,15.0,997.0,328.0
180,10,249.0,178.0,22.0,998.0,332.0
180,10,250.0,179.0,24.0,1000.0,334.0
180,10,251.0,179.0,23.0,1001.0,338.0
180,10,252.0,177.0,20.0,1002.0,343.0
180,10,253.0,178.0,8.0,1005.0,350.0
180,10,254.0,178.0,1.0,1007.0,352.0
180,10,255.0,172.0,0.0,1009.0,354.0
180,10,256.0,171.0,0.0,1015.0,354.0
180,10,257.0,169.0,0.0,1016.0,354.0
180,10,258.0,169.0,0.0,1018.0,354.0
180,10,259.0,168.0,0.0,1018.0,354.0
180,10,260.0,166.0,0.0,1019.0,354.0
180,10,261.0,165.0,0.0,1021.0,354.0
180,10,262.0,164.0,0.0,1022.0,354.0
180,10,263.0,162.0,0.0,1023.0,354.0
180,10,264.0,159.0,0.0,1025.0,354.0
180,10,265.0,156.0,0.0,1028.0,354.0
180,10,266.0,155.0,0.0,1031.0,354.0
180,10,267.0,153.0,0.0,1032.0,354.0
180,10,268.0,152.0,0.0,1034.0,354.0
180,10,269.0,149.0,0.0,1035.0,354.0
180,10,270.0,149.0,0.0,1038.0,354.0
180,10,271.0,146.0,0.0,1038.0,354.0
180,10,272.0,142.0,0.0,1041.0,354.0
180,10,273.0,141.0,0.0,1045.0,354.0
180,10,274.0,141.0,0.0,1046.0,354.0
180,10,275.0,140.0,0.0,1046.0,354.0
180,10,276.0,139.0,0.0,1047.0,354.0
180,10,277.0,138.0,0.0,1048.0,354.0
180,10,278.0,137.0,0.0,1049.0,354.0
180,10,279.0,137.0,0.0,1050.0,354.0
180,10,280.0,137.0,0.0,1050.0,354.0
180,10,281.0,137.0,0.0,1050.0,354.0
180,10,282.0,137.0,0.0,1050.0,354.0
180,10,283.0,137.0,0.0,1050.0,354.0
180,10,284.0,137.0,0.0,1050.0,354.0
180,10,285.0,137.0,0.0,1050.0,354.0
180,10,286.0,137.0,0.0,1050.0,354.0
180,10,287.0,136.0,0.0,1050.0,354.0
180,10,288.0,136.0,0.0,1051.0,354.0
180,10,289.0,135.0,0.0,1051.0,354.0
180,10,290.0,134.0,0.0,1052.0,354.0
180,10,291.0,134.0,0.0,1053.0,354.0
180,10,292.0,133.0,0.0,1053.0,354.0
180,10,293.0,133.0,0.0,1054.0,354.0
180,10,294.0,132.0,0.0,1054.0,354.0
180,10,295.0,132.0,0.0,1055.0,354.0
180,10,296.0,132.0,0.0,1055.0,354.0
180,10,297.0,131.0,0.0,1055.0,354.0
180,10,298.0,131.0,0.0,1056.0,354.0
180,10,299.0,131.0,0.0,1056.0,354.0
180,10,300.0,131.0,0.0,1056.0,354.0
180,10,301.0,131.0,0.0,1056.0,354.0
180,10,302.0,130.0,0.0,1056.0,354.0
180,10,303.0,130.0,0.0,1057.0,354.0
180,10,304.0,130.0,0.0,1057.0,354.0
180,10,305.0,130.0,0.0,1057.0,354.0
180,10,306.0,130.0,0.0,1057.0,354.0
180,10,307.0,130.0,0.0,1057.0,354.0
180,10,308.0,130.0,0.0,1057.0,354.0
180,10,309.0,130.0,0.0,1057.0,354.0
180,10,310.0,130.0,0.0,1057.0,354.0
180,10,311.0,130.0,0.0,1057.0,354.0
180,10,312.0,130.0,0.0,1057.0,354.0
180,10,313.0,130.0,0.0,1057.0,354.0
180,10,314.0,130.0,0.0,1057.0,354.0
180,10,315.0,130.0,0.0,1057.0,354.0
180,10,316.0,130.0,0.0,1057.0,354.0
180,10,317.0,130.0,0.0,1057.0,354.0
180,10,318.0,130.0,0.0,1057.0,354.0
180,10,319.0,128.0,0.0,1057.0,354.0
180,10,320.0,128.0,0.0,1059.0,354.0
180,11,0.0,2.0,0.0,0.0,0.0
180,11,1.0,6.0,0.0,0.0,0.0
180,11,2.0,9.0,0.0,0.0,0.0
180,11,3.0,15.0,0.0,0.0,0.0
180,11,4.0,18.0,0.0,0.0,0.0
180,11,5.0,27.0,0.0,0.0,0.0
180,11,6.0,36.0,0.0,0.0,0.0
180,11,7.0,41.0,0.0,0.0,0.0
180,11,8.0,47.0,0.0,0.0,0.0
180,11,9.0,51.0,0.0,0.0,0.0
180,11,10.0,55.0,0.0,0.0,0.0
180,11,11.0,65.0,0.0,0.0,0.0
180,11,12.0,69.0,0.0,0.0,0.0
180,11,13.0,71.0,0.0,0.0,0.0
180,11,14.0,79.0,0.0,0.0,0.0
180,11,15.0,83.0,0.0,0.0,0.0
180,11,16.0,87.0,0.0,0.0,0.0
180,11,17.0,92.0,0.0,0.0,0.0
180,11,18.0,99.0,0.0,0.0,0.0
180,11,19.0,100.0,0.0,1.0,0.0
180,11,20.0,105.0,0.0,1.0,0.0
180,11,21.0,107.0,0.0,1.0,0.0
180,11,22.0,109.0,0.0,4.0,0.0
180,11,23.0,113.0,0.0,6.0,0.0
180,11,24.0,118.0,0.0,6.0,0.0
180,11,25.0,121.0,0.0,9.0,0.0
180,11,26.0,120.0,0.0,11.0,0.0
180,11,27.0,123.0,0.0,15.0,0.0
180,11,28.0,124.0,0.0,18.0,0.0
180,11,29.0,126.0,0.0,22.0,0.0
180,11,30.0,129.0,0.0,25.0,0.0
180,11,31.0,131.0,0.0,27.0,0.0
180,11,32.0,134.0,0.0,31.0,0.0
180,11,33.0,137.0,0.0,35.0,0.0
180,11,34.0,135.0,0.0,39.0,0.0
180,11,35.0,136.0,0.0,43.0,0.0
180,11,36.0,140.0,0.0,46.0,0.0
180,11,37.0,137.0,0.0,50.0,0.0
180,11,38.0,136.0,0.0,59.0,0.0
180,11,39.0,136.0,0.0,64.0,0.0
180,11,40.0,140.0,0.0,66.0,0.0
180,11,41.0,142.0,0.0,71.0,0.0
180,11,42.0,146.0,0.0,74.0,0.0
180,11,43.0,146.0,0.0,76.0,0.0
180,11,44.0,149.0,0.0,80.0,0.0
180,11,45.0,151.0,0.0,84.0,0.0
180,11,46.0,151.0,0.0,88.0,0.0
180,11,47.0,150.0,0.0,92.0,0.0
180,11,48.0,149.0,0.0,95.0,0.0
180,11,49.0,150.0,0.0,99.0,0.0
180,11,50.0,146.0,0.0,106.0,0.0
180,11,51.0,144.0,0.0,114.0,0.0
180,11,52.0,146.0,0.0,120.0,0.0
180,11,53.0,147.0,0.0,123.0,0.0
180,11,54.0,149.0,0.0,127.0,0.0
180,11,55.0,146.0,0.0,132.0,0.0
180,11,56.0,148.0,0.0,138.0,0.0
180,11,57.0,149.0,0.0,141.0,0.0
180,11,58.0,149.0,0.0,145.0,0.0
180,11,59.0,147.0,0.0,150.0,0.0
180,11,60.0,146.0,0.0,157.0,0.0
180,11,61.0,144.0,0.0,162.0,0.0
180,11,62.0,145.0,0.0,168.0,0.0
180,11,63.0,146.0,0.0,173.0,0.0
180,11,64.0,145.0,0.0,176.0,0.0
180,11,65.0,148.0,0.0,183.0,0.0
180,11,66.0,151.0,0.0,184.0,0.0
180,11,67.0,156.0,0.0,187.0,0.0
180,11,68.0,157.0,0.0,189.0,0.0
180,11,69.0,155.0,0.0,194.0,0.0
180,11,70.0,155.0,0.0,201.0,0.0
180,11,71.0,157.0,0.0,206.0,0.0
180,11,72.0,156.0,0.0,209.0,0.0
180,11,73.0,158.0,0.0,213.0,0.0
180,11,74.0,159.0,0.0,216.0,0.0
180,11,75.0,158.0,0.0,221.0,0.0
180,11,76.0,157.0,0.0,226.0,0.0
180,11,77.0,158.0,0.0,231.0,0.0
180,11,78.0,160.0,0.0,236.0,0.0
180,11,79.0,157.0,0.0,241.0,0.0
180,11,80.0,158.0,0.0,249.0,0.0
180,11,81.0,163.0,0.0,256.0,0.0
180,11,82.0,168.0,0.0,259.0,0.0
180,11,83.0,167.0,0.0,262.0,0.0
180,11,84.0,168.0,0.0,268.0,0.0
180,11,85.0,169.0,0.0,272.0,0.0
180,11,86.0,171.0,0.0,275.0,0.0
180,11,87.0,171.0,0.0,280.0,0.0
180,11,88.0,167.0,0.0,285.0,0.0
180,11,89.0,170.0,0.0,293.0,0.0
180,11,90.0,167.0,0.0,297.0,0.0
180,11,91.0,164.0,0.0,304.0,0.0
180,11,92.0,166.0,0.0,315.0,0.0
180,11,93.0,169.0,0.0,320.0,0.0
180,11,94.0,169.0,0.0,325.0,0.0
180,11,95.0,171.0,0.0,329.0,0.0
180,11,96.0,173.0,0.0,331.0,0.0
180,11,97.0,170.0,0.0,336.0,0.0
180,11,98.0,173.0,0.0,343.0,0.0
180,11,99.0,173.0,1.0,347.0,0.0
180,11,100.0,171.0,0.0,354.0,0.0
180,11,101.0,170.0,0.0,362.0,0.0
180,11,102.0,173.0,0.0,366.0,0.0
180,11,103.0,177.0,0.0,369.0,0.0
180,11,104.0,177.0,4.0,372.0,0.0
180,11,105.0,175.0,8.0,375.0,0.0
180,11,106.0,172.0,8.0,380.0,0.0
180,11,107.0,175.0,5.0,388.0,0.0
180,11,108.0,173.0,5.0,393.0,0.0
180,11,109.0,177.0,7.0,400.0,0.0
180,11,110.0,176.0,8.0,403.0,0.0
180,11,111.0,178.0,10.0,407.0,0.0
180,11,112.0,173.0,13.0,409.0,2.0
180,11,113.0,175.0,9.0,416.0,5.0
180,11,114.0,174.0,14.0,421.0,9.0
180,11,115.0,175.0,13.0,427.0,10.0
180,11,116.0,170.0,11.0,432.0,12.0
180,11,117.0,173.0,6.0,442.0,19.0
180,11,118.0,176.0,4.0,449.0,21.0
180,11,119.0,174.0,4.0,453.0,21.0
180,11,120.0,171.0,2.0,459.0,21.0
180,11,121.0,170.0,0.0,468.0,21.0
180,11,122.0,173.0,0.0,477.0,21.0
180,11,123.0,173.0,0.0,484.0,21.0
180,11,124.0,174.0,0.0,489.0,21.0
180,11,125.0,174.0,0.0,494.0,21.0
180,11,126.0,170.0,0.0,498.0,21.0
180,11,127.0,172.0,0.0,505.0,21.0
180,11,128.0,169.0,0.0,510.0,21.0
180,11,129.0,164.0,0.0,518.0,21.0
180,11,130.0,165.0,0.0,524.0,21.0
180,11,131.0,168.0,0.0,528.0,21.0
180,11,132.0,171.0,0.0,530.0,21.0
180,11,133.0,171.0,0.0,534.0,21.0
180,11,134.0,173.0,0.0,540.0,21.0
180,11,135.0,174.0,0.0,543.0,21.0
180,11,136.0,177.0,0.0,545.0,21.0
180,11,137.0,171.0,3.0,548.0,21.0
180,11,138.0,173.0,0.0,557.0,21.0
180,11,139.0,173.0,0.0,562.0,21.0
180,11,140.0,175.0,0.0,567.0,21.0
180,11,141.0,169.0,0.0,571.0,21.0
180,11,142.0,170.0,0.0,580.0,21.0
180,11,143.0,174.0,0.0,585.0,21.0
180,11,144.0,170.0,0.0,587.0,21.0
180,11,145.0,168.0,0.0,595.0,21.0
180,11,146.0,168.0,0.0,600.0,21.0
180,11,147.0,169.0,0.0,606.0,21.0
180,11,148.0,170.0,0.0,610.0,21.0
180,11,149.0,169.0,0.0,615.0,21.0
180,11,150.0,169.0,0.0,619.0,21.0
180,11,151.0,171.0,0.0,624.0,21.0
180,11,152.0,171.0,0.0,628.0,21.0
180,11,153.0,172.0,0.0,632.0,21.0
180,11,154.0,169.0,0.0,636.0,21.0
180,11,155.0,170.0,0.0,642.0,21.0
180,11,156.0,166.0,0.0,647.0,21.0
180,11,157.0,168.0,0.0,654.0,21.0
180,11,158.0,169.0,0.0,657.0,21.0
180,11,159.0,170.0,0.0,662.0,21.0
180,11,160.0,165.0,0.0,665.0,21.0
180,11,161.0,164.0,0.0,671.0,21.0
180,11,162.0,161.0,0.0,677.0,21.0
180,11,163.0,164.0,0.0,681.0,21.0
180,11,164.0,167.0,0.0,682.0,21.0
180,11,165.0,170.0,0.0,685.0,21.0
180,11,166.0,168.0,0.0,689.0,21.0
180,11,167.0,166.0,0.0,697.0,21.0
180,11,168.0,165.0,0.0,702.0,21.0
180,11,169.0,163.0,0.0,707.0,21.0
180,11,170.0,164.0,0.0,711.0,21.0
180,11,171.0,163.0,0.0,717.0,21.0
180,11,172.0,168.0,0.0,722.0,21.0
180,11,173.0,169.0,0.0,725.0,21.0
180,11,174.0,168.0,0.0,730.0,21.0
180,11,175.0,170.0,0.0,735.0,21.0
180,11,176.0,168.0,0.0,738.0,21.0
180,11,177.0,168.0,0.0,745.0,21.0
180,11,178.0,170.0,0.0,751.0,21.0
180,11,179.0,170.0,0.0,754.0,21.0
180,11,180.0,171.0,0.0,759.0,21.0
180,11,181.0,170.0,0.0,762.0,21.0
180,11,182.0,171.0,0.0,766.0,21.0
180,11,183.0,172.0,0.0,772.0,21.0
180,11,184.0,171.0,0.0,774.0,21.0
180,11,185.0,170.0,0.0,777.0,21.0
180,11,186.0,170.0,0.0,785.0,21.0
180,11,187.0,173.0,0.0,790.0,21.0
180,11,188.0,173.0,0.0,794.0,21.0
180,11,189.0,176.0,0.0,800.0,21.0
180,11,190.0,176.0,2.0,803.0,21.0
180,11,191.0,174.0,4.0,807.0,21.0
180,11,192.0,174.0,1.0,813.0,21.0
180,11,193.0,175.0,1.0,819.0,21.0
180,11,194.0,178.0,3.0,824.0,21.0
180,11,195.0,177.0,7.0,826.0,21.0
180,11,196.0,176.0,8.0,829.0,21.0
180,11,197.0,175.0,9.0,833.0,21.0
180,11,198.0,173.0,11.0,838.0,22.0
180,11,199.0,175.0,10.0,845.0,25.0
180,11,200.0,174.0,9.0,850.0,29.0
180,11,201.0,174.0,6.0,856.0,31.0
180,11,202.0,176.0,4.0,862.0,34.0
180,11,203.0,177.0,5.0,866.0,37.0
180,11,204.0,175.0,7.0,869.0,37.0
180,11,205.0,177.0,9.0,874.0,37.0
180,11,206.0,176.0,18.0,877.0,37.0
180,11,207.0,176.0,19.0,881.0,38.0
180,11,208.0,177.0,21.0,885.0,41.0
180,11,209.0,171.0,17.0,888.0,50.0
180,11,210.0,172.0,15.0,897.0,53.0
180,11,211.0,175.0,12.0,905.0,55.0
180,11,212.0,174.0,15.0,910.0,60.0
180,11,213.0,178.0,17.0,916.0,64.0
180,11,214.0,177.0,18.0,918.0,67.0
180,11,215.0,175.0,13.0,921.0,73.0
180,11,216.0,172.0,12.0,926.0,77.0
180,11,217.0,178.0,9.0,934.0,78.0
180,11,218.0,176.0,12.0,936.0,80.0
180,11,219.0,177.0,12.0,940.0,82.0
180,11,220.0,175.0,15.0,943.0,85.0
180,11,221.0,176.0,14.0,948.0,87.0
180,11,222.0,172.0,14.0,952.0,90.0
180,11,223.0,176.0,12.0,960.0,95.0
180,11,224.0,177.0,12.0,964.0,98.0
180,11,225.0,172.0,16.0,967.0,100.0
180,11,226.0,174.0,7.0,975.0,104.0
180,11,227.0,176.0,5.0,981.0,106.0
180,11,228.0,178.0,8.0,985.0,110.0
180,11,229.0,176.0,14.0,987.0,110.0
180,11,230.0,179.0,16.0,991.0,111.0
180,11,231.0,177.0,23.0,992.0,114.0
180,11,232.0,175.0,20.0,995.0,119.0
180,11,233.0,179.0,19.0,1000.0,124.0
180,11,234.0,174.0,19.0,1001.0,129.0
180,11,235.0,177.0,16.0,1007.0,132.0
180,11,236.0,178.0,17.0,1010.0,138.0
180,11,237.0,176.0,19.0,1012.0,139.0
180,11,238.0,178.0,15.0,1016.0,143.0
180,11,239.0,177.0,12.0,1018.0,148.0
180,11,240.0,175.0,12.0,1021.0,151.0
180,11,241.0,177.0,10.0,1026.0,153.0
180,11,242.0,179.0,12.0,1029.0,154.0
180,11,243.0,178.0,15.0,1030.0,158.0
180,11,244.0,178.0,14.0,1032.0,160.0
180,11,245.0,176.0,19.0,1034.0,162.0
180,11,246.0,178.0,15.0,1038.0,165.0
180,11,247.0,177.0,21.0,1040.0,169.0
180,11,248.0,178.0,19.0,1043.0,173.0
180,11,249.0,176.0,23.0,1045.0,174.0
180,11,250.0,177.0,22.0,1049.0,181.0
180,11,251.0,179.0,17.0,1052.0,185.0
180,11,252.0,176.0,16.0,1053.0,187.0
180,11,253.0,179.0,10.0,1057.0,194.0
180,11,254.0,180.0,9.0,1058.0,197.0
180,11,255.0,179.0,9.0,1058.0,200.0
180,11,256.0,177.0,0.0,1059.0,200.0
180,11,257.0,174.0,0.0,1061.0,200.0
180,11,258.0,173.0,0.0,1064.0,200.0
180,11,259.0,171.0,0.0,1065.0,200.0
180,11,260.0,167.0,0.0,1067.0,200.0
180,11,261.0,165.0,0.0,1071.0,200.0
180,11,262.0,163.0,0.0,1073.0,200.0
180,11,263.0,162.0,0.0,1075.0,200.0
180,11,264.0,158.0,0.0,1076.0,200.0
180,11,265.0,155.0,0.0,1080.0,200.0
180,11,266.0,155.0,0.0,1083.0,200.0
180,11,267.0,155.0,0.0,1083.0,200.0
180,11,268.0,154.0,0.0,1083.0,200.0
180,11,269.0,152.0,0.0,1084.0,200.0
180,11,270.0,150.0,0.0,1086.0,200.0
180,11,271.0,148.0,0.0,1088.0,200.0
180,11,272.0,146.0,0.0,1090.0,200.0
180,11,273.0,143.0,0.0,1092.0,200.0
180,11,274.0,141.0,0.0,1095.0,200.0
180,11,275.0,137.0,0.0,1097.0,200.0
180,11,276.0,135.0,0.0,1101.0,200.0
180,11,277.0,132.0,0.0,1103.0,200.0
180,11,278.0,129.0,0.0,1106.0,200.0
180,11,279.0,129.0,0.0,1109.0,200.0
180,11,280.0,128.0,0.0,1109.0,200.0
180,11,281.0,125.0,0.0,1110.0,200.0
180,11,282.0,122.0,0.0,1113.0,200.0
180,11,283.0,122.0,0.0,1116.0,200.0
180,11,284.0,119.0,0.0,1116.0,200.0
180,11,285.0,119.0,0.0,1119.0,200.0
180,11,286.0,119.0,0.0,1119.0,200.0
180,11,287.0,119.0,0.0,1119.0,200.0
180,11,288.0,117.0,0.0,1119.0,200.0
180,11,289.0,117.0,0.0,1121.0,200.0
180,11,290.0,117.0,0.0,1121.0,200.0
180,11,291.0,116.0,0.0,1121.0,200.0
180,11,292.0,113.0,0.0,1122.0,200.0
180,11,293.0,112.0,0.0,1125.0,200.0
180,11,294.0,112.0,0.0,1126.0,200.0
180,11,295.0,111.0,0.0,1126.0,200.0
180,11,296.0,110.0,0.0,1127.0,200.0
180,11,297.0,110.0,0.0,1128.0,200.0
180,11,298.0,109.0,0.0,1128.0,200.0
180,11,299.0,109.0,0.0,1129.0,200.0
180,11,300.0,109.0,0.0,1129.0,200.0
180,11,301.0,109.0,0.0,1129.0,200.0
180,11,302.0,109.0,0.0,1129.0,200.0
180,11,303.0,109.0,0.0,1129.0,200.0
180,11,304.0,109.0,0.0,1129.0,200.0
180,11,305.0,109.0,0.0,1129.0,200.0
180,11,306.0,107.0,0.0,1129.0,200.0
180,11,307.0,106.0,0.0,1131.0,200.0
180,11,308.0,106.0,0.0,1132.0,200.0
180,11,309.0,106.0,0.0,1132.0,200.0
180,11,310.0,106.0,0.0,1132.0,200.0
180,11,311.0,106.0,0.0,1132.0,200.0
180,11,312.0,106.0,0.0,1132.0,200.0
180,11,313.0,106.0,0.0,1132.0,200.0
180,11,314.0,106.0,0.0,1132.0,200.0
180,11,315.0,106.0,0.0,1132.0,200.0
180,11,316.0,106.0,0.0,1132.0,200.0
180,11,317.0,106.0,0.0,1132.0,200.0
180,11,318.0,106.0,0.0,1132.0,200.0
180,11,319.0,106.0,0.0,1132.0,200.0
180,11,320.0,105.0,0.0,1132.0,200.0
180,11,321.0,104.0,0.0,1133.0,200.0
180,11,322.0,104.0,0.0,1134.0,200.0
180,12,0.0,6.0,0.0,0.0,0.0
180,12,1.0,12.0,0.0,0.0,0.0
180,12,2.0,14.0,0.0,0.0,0.0
180,12,3.0,22.0,0.0,0.0,0.0
180,12,4.0,31.0,0.0,0.0,0.0
180,12,5.0,35.0,0.0,0.0,0.0
180,12,6.0,47.0,0.0,0.0,0.0
180,12,7.0,52.0,0.0,0.0,0.0
180,12,8.0,58.0,0.0,0.0,0.0
180,12,9.0,64.0,0.0,0.0,0.0
180,12,10.0,67.0,0.0,0.0,0.0
180,12,11.0,73.0,0.0,0.0,0.0
180,12,12.0,79.0,0.0,0.0,0.0
180,12,13.0,87.0,0.0,1.0,0.0
180,12,14.0,97.0,0.0,1.0,0.0
180,12,15.0,101.0,0.0,1.0,0.0
180,12,16.0,105.0,0.0,1.0,0.0
180,12,17.0,108.0,0.0,1.0,0.0
180,12,18.0,112.0,0.0,1.0,0.0
180,12,19.0,119.0,0.0,3.0,0.0
180,12,20.0,125.0,0.0,4.0,0.0
180,12,21.0,131.0,0.0,4.0,0.0
180,12,22.0,137.0,0.0,4.0,0.0
180,12,23.0,144.0,0.0,5.0,0.0
180,12,24.0,144.0,0.0,5.0,0.0
180,12,25.0,141.0,0.0,9.0,0.0
180,12,26.0,145.0,0.0,15.0,0.0
180,12,27.0,148.0,0.0,18.0,0.0
180,12,28.0,147.0,0.0,21.0,0.0
180,12,29.0,149.0,0.0,28.0,0.0
180,12,30.0,156.0,0.0,31.0,0.0
180,12,31.0,155.0,0.0,33.0,0.0
180,12,32.0,156.0,0.0,37.0,0.0
180,12,33.0,156.0,0.0,40.0,0.0
180,12,34.0,158.0,0.0,45.0,0.0
180,12,35.0,160.0,0.0,47.0,0.0
180,12,36.0,167.0,0.0,51.0,0.0
180,12,37.0,165.0,0.0,55.0,0.0
180,12,38.0,163.0,0.0,61.0,0.0
180,12,39.0,162.0,0.0,68.0,0.0
180,12,40.0,166.0,0.0,72.0,0.0
180,12,41.0,172.0,0.0,77.0,0.0
180,12,42.0,177.0,0.0,82.0,0.0
180,12,43.0,177.0,3.0,84.0,0.0
180,12,44.0,174.0,8.0,87.0,0.0
180,12,45.0,178.0,6.0,93.0,0.0
180,12,46.0,174.0,10.0,95.0,0.0
180,12,47.0,176.0,7.0,101.0,0.0
180,12,48.0,170.0,10.0,105.0,2.0
180,12,49.0,174.0,5.0,115.0,4.0
180,12,50.0,175.0,3.0,121.0,6.0
180,12,51.0,177.0,6.0,126.0,6.0
180,12,52.0,176.0,8.0,129.0,6.0
180,12,53.0,172.0,10.0,133.0,6.0
180,12,54.0,176.0,3.0,141.0,8.0
180,12,55.0,177.0,2.0,145.0,10.0
180,12,56.0,175.0,8.0,148.0,10.0
180,12,57.0,172.0,7.0,153.0,10.0
180,12,58.0,175.0,3.0,161.0,10.0
180,12,59.0,172.0,1.0,166.0,13.0
180,12,60.0,176.0,1.0,174.0,13.0
180,12,61.0,175.0,0.0,178.0,13.0
180,12,62.0,172.0,0.0,183.0,13.0
180,12,63.0,171.0,0.0,189.0,13.0
180,12,64.0,174.0,0.0,194.0,13.0
180,12,65.0,172.0,2.0,199.0,13.0
180,12,66.0,172.0,0.0,207.0,13.0
180,12,67.0,174.0,0.0,212.0,13.0
180,12,68.0,176.0,2.0,216.0,13.0
180,12,69.0,175.0,3.0,220.0,13.0
180,12,70.0,176.0,2.0,225.0,13.0
180,12,71.0,173.0,2.0,229.0,13.0
180,12,72.0,172.0,3.0,236.0,13.0
180,12,73.0,173.0,3.0,244.0,13.0
180,12,74.0,175.0,4.0,251.0,13.0
180,12,75.0,177.0,4.0,256.0,13.0
180,12,76.0,179.0,5.0,259.0,13.0
180,12,77.0,175.0,7.0,260.0,13.0
180,12,78.0,175.0,4.0,265.0,13.0
180,12,79.0,175.0,6.0,270.0,14.0
180,12,80.0,174.0,8.0,275.0,16.0
180,12,81.0,175.0,8.0,281.0,16.0
180,12,82.0,174.0,14.0,286.0,16.0
180,12,83.0,177.0,16.0,292.0,16.0
180,12,84.0,177.0,17.0,295.0,17.0
180,12,85.0,172.0,16.0,298.0,22.0
180,12,86.0,176.0,11.0,306.0,26.0
180,12,87.0,176.0,14.0,310.0,29.0
180,12,88.0,176.0,12.0,314.0,31.0
180,12,89.0,171.0,13.0,318.0,36.0
180,12,90.0,175.0,13.0,327.0,40.0
180,12,91.0,174.0,17.0,332.0,40.0
180,12,92.0,174.0,15.0,338.0,41.0
180,12,93.0,173.0,15.0,344.0,46.0
180,12,94.0,173.0,11.0,351.0,53.0
180,12,95.0,175.0,10.0,358.0,56.0
180,12,96.0,172.0,10.0,363.0,59.0
180,12,97.0,176.0,6.0,371.0,61.0
180,12,98.0,176.0,13.0,375.0,65.0
180,12,99.0,178.0,15.0,379.0,65.0
180,12,100.0,177.0,16.0,381.0,65.0
180,12,101.0,177.0,14.0,384.0,71.0
180,12,102.0,175.0,12.0,387.0,75.0
180,12,103.0,170.0,12.0,392.0,75.0
180,12,104.0,179.0,8.0,402.0,77.0
180,12,105.0,176.0,11.0,403.0,79.0
180,12,106.0,174.0,11.0,407.0,80.0
180,12,107.0,176.0,10.0,413.0,84.0
180,12,108.0,176.0,13.0,417.0,86.0
180,12,109.0,177.0,13.0,421.0,88.0
180,12,110.0,177.0,16.0,424.0,92.0
180,12,111.0,175.0,15.0,427.0,96.0
180,12,112.0,176.0,13.0,432.0,97.0
180,12,113.0,174.0,11.0,436.0,102.0
180,12,114.0,176.0,10.0,442.0,105.0
180,12,115.0,176.0,8.0,446.0,107.0
180,12,116.0,179.0,9.0,450.0,109.0
180,12,117.0,179.0,13.0,451.0,112.0
180,12,118.0,176.0,15.0,452.0,113.0
180,12,119.0,177.0,12.0,456.0,115.0
180,12,120.0,178.0,13.0,459.0,118.0
180,12,121.0,177.0,17.0,461.0,120.0
180,12,122.0,174.0,19.0,464.0,121.0
180,12,123.0,175.0,11.0,470.0,126.0
180,12,124.0,178.0,10.0,475.0,131.0
180,12,125.0,180.0,12.0,477.0,134.0
180,12,126.0,176.0,19.0,477.0,136.0
180,12,127.0,176.0,15.0,481.0,138.0
180,12,128.0,177.0,14.0,485.0,141.0
180,12,129.0,176.0,14.0,488.0,145.0
180,12,130.0,175.0,16.0,492.0,147.0
180,12,131.0,178.0,16.0,497.0,151.0
180,12,132.0,177.0,18.0,499.0,154.0
180,12,133.0,179.0,21.0,502.0,158.0
180,12,134.0,179.0,24.0,503.0,162.0
180,12,135.0,178.0,24.0,504.0,162.0
180,12,136.0,177.0,27.0,506.0,170.0
180,12,137.0,179.0,23.0,509.0,176.0
180,12,138.0,177.0,27.0,510.0,181.0
180,12,139.0,179.0,26.0,513.0,183.0
180,12,140.0,178.0,29.0,514.0,190.0
180,12,141.0,179.0,24.0,516.0,197.0
180,12,142.0,177.0,28.0,517.0,201.0
180,12,143.0,176.0,26.0,520.0,204.0
180,12,144.0,175.0,24.0,524.0,210.0
180,12,145.0,176.0,19.0,529.0,214.0
180,12,146.0,178.0,11.0,533.0,222.0
180,12,147.0,179.0,8.0,535.0,227.0
180,12,148.0,178.0,13.0,536.0,229.0
180,12,149.0,179.0,10.0,538.0,230.0
180,12,150.0,176.0,10.0,539.0,231.0
180,12,151.0,176.0,10.0,543.0,235.0
180,12,152.0,178.0,12.0,547.0,235.0
180,12,153.0,178.0,19.0,549.0,236.0
180,12,154.0,176.0,22.0,551.0,240.0
180,12,155.0,176.0,20.0,555.0,244.0
180,12,156.0,178.0,15.0,559.0,249.0
180,12,157.0,179.0,13.0,561.0,253.0
180,12,158.0,176.0,16.0,562.0,257.0
180,12,159.0,180.0,15.0,566.0,257.0
180,12,160.0,179.0,19.0,566.0,260.0
180,12,161.0,179.0,23.0,567.0,262.0
180,12,162.0,179.0,26.0,568.0,267.0
180,12,163.0,178.0,28.0,569.0,270.0
180,12,164.0,178.0,21.0,571.0,274.0
180,12,165.0,176.0,21.0,573.0,280.0
180,12,166.0,179.0,14.0,577.0,284.0
180,12,167.0,179.0,20.0,578.0,285.0
180,12,168.0,178.0,25.0,579.0,289.0
180,12,169.0,175.0,23.0,581.0,294.0
180,12,170.0,178.0,19.0,586.0,298.0
180,12,171.0,179.0,24.0,588.0,303.0
180,12,172.0,179.0,24.0,589.0,305.0
180,12,173.0,178.0,29.0,590.0,311.0
180,12,174.0,179.0,28.0,592.0,316.0
180,12,175.0,178.0,34.0,593.0,321.0
180,12,176.0,178.0,26.0,595.0,328.0
180,12,177.0,177.0,24.0,597.0,334.0
180,12,178.0,180.0,20.0,600.0,340.0
180,12,179.0,176.0,28.0,600.0,343.0
180,12,180.0,178.0,20.0,604.0,348.0
180,12,181.0,179.0,21.0,606.0,352.0
180,12,182.0,178.0,23.0,607.0,357.0
180,12,183.0,179.0,25.0,609.0,360.0
180,12,184.0,179.0,27.0,610.0,365.0
180,12,185.0,178.0,26.0,611.0,371.0
180,12,186.0,176.0,19.0,613.0,377.0
180,12,187.0,179.0,17.0,617.0,379.0
180,12,188.0,179.0,21.0,618.0,383.0
180,12,189.0,179.0,24.0,619.0,386.0
180,12,190.0,177.0,28.0,620.0,390.0
180,12,191.0,180.0,26.0,623.0,397.0
180,12,192.0,178.0,32.0,623.0,402.0
180,12,193.0,177.0,29.0,625.0,406.0
180,12,194.0,176.0,28.0,628.0,410.0
180,12,195.0,179.0,26.0,632.0,415.0
180,12,196.0,180.0,29.0,633.0,421.0
180,12,197.0,179.0,38.0,633.0,429.0
180,12,198.0,177.0,34.0,634.0,434.0
180,12,199.0,178.0,26.0,637.0,439.0
180,12,200.0,179.0,28.0,639.0,447.0
180,12,201.0,178.0,37.0,640.0,449.0
180,12,202.0,177.0,33.0,642.0,458.0
180,12,203.0,180.0,24.0,645.0,460.0
180,12,204.0,176.0,30.0,645.0,468.0
180,12,205.0,178.0,19.0,649.0,474.0
180,12,206.0,179.0,19.0,651.0,477.0
180,12,207.0,179.0,21.0,652.0,483.0
180,12,208.0,178.0,21.0,653.0,486.0
180,12,209.0,178.0,17.0,655.0,491.0
180,12,210.0,178.0,16.0,657.0,495.0
180,12,211.0,179.0,14.0,659.0,496.0
180,12,212.0,180.0,17.0,660.0,499.0
180,12,213.0,179.0,25.0,660.0,501.0
180,12,214.0,178.0,31.0,661.0,504.0
180,12,215.0,178.0,26.0,663.0,508.0
180,12,216.0,180.0,26.0,665.0,513.0
180,12,217.0,177.0,35.0,665.0,520.0
180,12,218.0,179.0,24.0,668.0,525.0
180,12,219.0,179.0,28.0,669.0,528.0
180,12,220.0,178.0,26.0,670.0,537.0
180,12,221.0,180.0,15.0,672.0,542.0
180,12,222.0,179.0,18.0,672.0,546.0
180,12,223.0,178.0,19.0,673.0,548.0
180,12,224.0,178.0,21.0,675.0,549.0
180,12,225.0,179.0,23.0,677.0,552.0
180,12,226.0,178.0,30.0,678.0,557.0
180,12,227.0,179.0,28.0,680.0,562.0
180,12,228.0,180.0,30.0,681.0,568.0
180,12,229.0,179.0,36.0,681.0,576.0
180,12,230.0,178.0,33.0,682.0,578.0
180,12,231.0,179.0,22.0,684.0,581.0
180,12,232.0,179.0,24.0,685.0,587.0
180,12,233.0,179.0,25.0,686.0,592.0
180,12,234.0,179.0,27.0,687.0,594.0
180,12,235.0,179.0,25.0,688.0,598.0
180,12,236.0,179.0,28.0,689.0,601.0
180,12,237.0,180.0,28.0,690.0,609.0
180,12,238.0,179.0,35.0,690.0,613.0
180,12,239.0,178.0,36.0,691.0,618.0
180,12,240.0,179.0,31.0,693.0,622.0
180,12,241.0,180.0,31.0,694.0,628.0
180,12,242.0,178.0,34.0,694.0,634.0
180,12,243.0,179.0,28.0,696.0,638.0
180,12,244.0,179.0,30.0,697.0,643.0
180,12,245.0,178.0,30.0,698.0,647.0
180,12,246.0,180.0,26.0,700.0,654.0
180,12,247.0,179.0,32.0,700.0,660.0
180,12,248.0,179.0,38.0,701.0,663.0
180,12,249.0,179.0,35.0,702.0,666.0
180,12,250.0,179.0,31.0,703.0,673.0
180,12,251.0,179.0,25.0,704.0,679.0
180,12,252.0,179.0,21.0,705.0,682.0
180,12,253.0,180.0,15.0,706.0,686.0
180,12,254.0,179.0,15.0,706.0,688.0
180,12,255.0,178.0,8.0,707.0,689.0
180,12,256.0,178.0,0.0,709.0,689.0
180,12,257.0,177.0,0.0,710.0,689.0
180,12,258.0,176.0,0.0,711.0,689.0
180,12,259.0,175.0,0.0,712.0,689.0
180,12,260.0,174.0,0.0,713.0,689.0
180,12,261.0,173.0,0.0,714.0,689.0
180,12,262.0,173.0,0.0,715.0,689.0
180,12,263.0,172.0,0.0,715.0,689.0
180,12,264.0,170.0,0.0,716.0,689.0
180,12,265.0,169.0,0.0,718.0,689.0
180,12,266.0,169.0,0.0,719.0,689.0
180,12,267.0,167.0,0.0,719.0,689.0
180,12,268.0,166.0,0.0,721.0,689.0
180,12,269.0,165.0,0.0,722.0,689.0
180,12,270.0,164.0,0.0,723.0,689.0
180,12,271.0,164.0,0.0,724.0,689.0
180,12,272.0,163.0,0.0,724.0,689.0
180,12,273.0,162.0,0.0,725.0,689.0
180,12,274.0,161.0,0.0,726.0,689.0
180,12,275.0,160.0,0.0,727.0,689.0
180,12,276.0,159.0,0.0,728.0,689.0
180,12,277.0,158.0,0.0,729.0,689.0
180,12,278.0,158.0,0.0,730.0,689.0
180,12,279.0,157.0,0.0,730.0,689.0
180,12,280.0,156.0,0.0,731.0,689.0
180,12,281.0,156.0,0.0,732.0,689.0
180,13,0.0,7.0,0.0,0.0,0.0
180,13,1.0,12.0,0.0,0.0,0.0
180,13,2.0,15.0,0.0,0.0,0.0
180,13,3.0,18.0,0.0,0.0,0.0
180,13,4.0,26.0,0.0,0.0,0.0
180,13,5.0,28.0,0.0,0.0,0.0
180,13,6.0,34.0,0.0,0.0,0.0
180,13,7.0,38.0,0.0,0.0,0.0
180,13,8.0,44.0,0.0,0.0,0.0
180,13,9.0,50.0,0.0,0.0,0.0
180,13,10.0,55.0,0.0,0.0,0.0
180,13,11.0,60.0,0.0,0.0,0.0
180,13,12.0,67.0,0.0,0.0,0.0
180,13,13.0,70.0,0.0,0.0,0.0
180,13,14.0,73.0,0.0,0.0,0.0
180,13,15.0,81.0,0.0,1.0,0.0
180,13,16.0,85.0,0.0,1.0,0.0
180,13,17.0,93.0,0.0,1.0,0.0
180,13,18.0,100.0,0.0,1.0,0.0
180,13,19.0,103.0,0.0,1.0,0.0
180,13,20.0,107.0,0.0,1.0,0.0
180,13,21.0,111.0,0.0,3.0,0.0
180,13,22.0,114.0,0.0,4.0,0.0
180,13,23.0,121.0,0.0,7.0,0.0
180,13,24.0,127.0,0.0,8.0,0.0
180,13,25.0,132.0,0.0,10.0,0.0
180,13,26.0,134.0,0.0,12.0,0.0
180,13,27.0,138.0,0.0,14.0,0.0
180,13,28.0,143.0,0.0,16.0,0.0
180,13,29.0,145.0,0.0,20.0,0.0
180,13,30.0,152.0,0.0,22.0,0.0
180,13,31.0,153.0,0.0,24.0,0.0
180,13,32.0,158.0,0.0,29.0,0.0
180,13,33.0,163.0,0.0,31.0,0.0
180,13,34.0,160.0,0.0,36.0,0.0
180,13,35.0,164.0,0.0,42.0,0.0
180,13,36.0,163.0,0.0,46.0,0.0
180,13,37.0,161.0,0.0,51.0,0.0
180,13,38.0,161.0,0.0,58.0,0.0
180,13,39.0,158.0,0.0,63.0,0.0
180,13,40.0,160.0,0.0,67.0,0.0
180,13,41.0,158.0,0.0,70.0,0.0
180,13,42.0,161.0,0.0,77.0,0.0
180,13,43.0,161.0,0.0,79.0,0.0
180,13,44.0,160.0,0.0,83.0,0.0
180,13,45.0,161.0,0.0,88.0,0.0
180,13,46.0,162.0,0.0,92.0,0.0
180,13,47.0,164.0,0.0,96.0,0.0
180,13,48.0,167.0,0.0,102.0,0.0
180,13,49.0,166.0,0.0,106.0,0.0
180,13,50.0,168.0,0.0,112.0,0.0
180,13,51.0,168.0,0.0,118.0,0.0
180,13,52.0,176.0,0.0,123.0,0.0
180,13,53.0,175.0,2.0,125.0,0.0
180,13,54.0,175.0,5.0,130.0,0.0
180,13,55.0,175.0,5.0,135.0,0.0
180,13,56.0,171.0,6.0,140.0,0.0
180,13,57.0,174.0,0.0,149.0,0.0
180,13,58.0,172.0,0.0,154.0,0.0
180,13,59.0,173.0,0.0,160.0,0.0
180,13,60.0,173.0,0.0,165.0,0.0
180,13,61.0,169.0,0.0,170.0,0.0
180,13,62.0,167.0,0.0,178.0,0.0
180,13,63.0,164.0,0.0,185.0,0.0
180,13,64.0,162.0,0.0,192.0,0.0
180,13,65.0,160.0,0.0,198.0,0.0
180,13,66.0,160.0,0.0,204.0,0.0
180,13,67.0,163.0,0.0,211.0,0.0
180,13,68.0,168.0,0.0,216.0,0.0
180,13,69.0,166.0,0.0,218.0,0.0
180,13,70.0,170.0,0.0,223.0,0.0
180,13,71.0,170.0,0.0,227.0,0.0
180,13,72.0,169.0,0.0,231.0,0.0
180,13,73.0,172.0,0.0,237.0,0.0
180,13,74.0,168.0,0.0,242.0,0.0
180,13,75.0,171.0,0.0,251.0,0.0
180,13,76.0,170.0,0.0,255.0,0.0
180,13,77.0,171.0,0.0,260.0,0.0
180,13,78.0,169.0,0.0,264.0,0.0
180,13,79.0,166.0,0.0,269.0,0.0
180,13,80.0,163.0,0.0,277.0,0.0
180,13,81.0,161.0,0.0,282.0,0.0
180,13,82.0,160.0,0.0,289.0,0.0
180,13,83.0,158.0,0.0,296.0,0.0
180,13,84.0,163.0,0.0,301.0,0.0
180,13,85.0,163.0,0.0,303.0,0.0
180,13,86.0,163.0,0.0,308.0,0.0
180,13,87.0,165.0,0.0,315.0,0.0
180,13,88.0,166.0,0.0,320.0,0.0
180,13,89.0,166.0,0.0,324.0,0.0
180,13,90.0,164.0,0.0,331.0,0.0
180,13,91.0,159.0,0.0,339.0,0.0
180,13,92.0,158.0,0.0,347.0,0.0
180,13,93.0,158.0,0.0,354.0,0.0
180,13,94.0,158.0,0.0,357.0,0.0
180,13,95.0,156.0,0.0,363.0,0.0
180,13,96.0,153.0,0.0,368.0,0.0
180,13,97.0,151.0,0.0,373.0,0.0
180,13,98.0,153.0,0.0,379.0,0.0
180,13,99.0,156.0,0.0,384.0,0.0
180,13,100.0,156.0,0.0,389.0,0.0
180,13,101.0,157.0,0.0,397.0,0.0
180,13,102.0,161.0,0.0,402.0,0.0
180,13,103.0,156.0,0.0,406.0,0.0
180,13,104.0,156.0,0.0,417.0,0.0
180,13,105.0,157.0,0.0,422.0,0.0
180,13,106.0,158.0,0.0,425.0,0.0
180,13,107.0,159.0,0.0,429.0,0.0
180,13,108.0,157.0,0.0,435.0,0.0
180,13,109.0,155.0,0.0,442.0,0.0
180,13,110.0,155.0,0.0,447.0,0.0
180,13,111.0,151.0,0.0,453.0,0.0
180,13,112.0,152.0,0.0,461.0,0.0
180,13,113.0,153.0,0.0,466.0,0.0
180,13,114.0,155.0,0.0,471.0,0.0
180,13,115.0,156.0,0.0,474.0,0.0
180,13,116.0,156.0,0.0,478.0,0.0
180,13,117.0,155.0,0.0,483.0,0.0
180,13,118.0,158.0,0.0,487.0,0.0
180,13,119.0,155.0,0.0,492.0,0.0
180,13,120.0,155.0,0.0,500.0,0.0
180,13,121.0,157.0,0.0,505.0,0.0
180,13,122.0,160.0,0.0,510.0,0.0
180,13,123.0,159.0,0.0,514.0,0.0
180,13,124.0,155.0,0.0,519.0,0.0
180,13,125.0,156.0,0.0,527.0,0.0
180,13,126.0,161.0,0.0,534.0,0.0
180,13,127.0,164.0,0.0,537.0,0.0
180,13,128.0,163.0,0.0,540.0,0.0
180,13,129.0,172.0,0.0,546.0,0.0
180,13,130.0,171.0,0.0,548.0,0.0
180,13,131.0,173.0,0.0,554.0,0.0
180,13,132.0,168.0,0.0,557.0,0.0
180,13,133.0,174.0,0.0,566.0,0.0
180,13,134.0,175.0,0.0,569.0,0.0
180,13,135.0,173.0,0.0,573.0,0.0
180,13,136.0,175.0,0.0,580.0,0.0
180,13,137.0,174.0,3.0,583.0,0.0
180,13,138.0,176.0,3.0,589.0,0.0
180,13,139.0,176.0,5.0,593.0,0.0
180,13,140.0,176.0,8.0,597.0,0.0
180,13,141.0,173.0,7.0,601.0,0.0
180,13,142.0,174.0,7.0,608.0,0.0
180,13,143.0,177.0,9.0,614.0,4.0
180,13,144.0,174.0,11.0,617.0,4.0
180,13,145.0,176.0,13.0,623.0,4.0
180,13,146.0,177.0,16.0,627.0,9.0
180,13,147.0,173.0,18.0,630.0,11.0
180,13,148.0,174.0,14.0,637.0,15.0
180,13,149.0,175.0,13.0,643.0,18.0
180,13,150.0,173.0,12.0,648.0,19.0
180,13,151.0,170.0,10.0,655.0,21.0
180,13,152.0,177.0,7.0,665.0,24.0
180,13,153.0,174.0,10.0,668.0,27.0
180,13,154.0,173.0,10.0,674.0,27.0
180,13,155.0,176.0,7.0,681.0,29.0
180,13,156.0,178.0,11.0,685.0,33.0
180,13,157.0,174.0,15.0,687.0,33.0
180,13,158.0,172.0,13.0,693.0,36.0
180,13,159.0,177.0,11.0,701.0,40.0
180,13,160.0,174.0,15.0,704.0,44.0
180,13,161.0,174.0,14.0,710.0,47.0
180,13,162.0,174.0,11.0,716.0,50.0
180,13,163.0,175.0,7.0,722.0,53.0
180,13,164.0,175.0,7.0,727.0,56.0
180,13,165.0,176.0,6.0,732.0,58.0
180,13,166.0,175.0,6.0,736.0,59.0
180,13,167.0,175.0,9.0,741.0,59.0
180,13,168.0,177.0,13.0,746.0,59.0
180,13,169.0,178.0,14.0,749.0,59.0
180,13,170.0,177.0,17.0,751.0,61.0
180,13,171.0,174.0,13.0,754.0,67.0
180,13,172.0,177.0,11.0,760.0,69.0
180,13,173.0,177.0,16.0,763.0,71.0
180,13,174.0,177.0,18.0,766.0,73.0
180,13,175.0,176.0,19.0,769.0,77.0
180,13,176.0,175.0,18.0,773.0,81.0
180,13,177.0,174.0,12.0,778.0,84.0
180,13,178.0,176.0,9.0,784.0,89.0
180,13,179.0,177.0,7.0,788.0,93.0
180,13,180.0,176.0,9.0,791.0,94.0
180,13,181.0,176.0,8.0,795.0,96.0
180,13,182.0,177.0,12.0,799.0,97.0
180,13,183.0,177.0,15.0,802.0,100.0
180,13,184.0,178.0,17.0,805.0,100.0
180,13,185.0,176.0,15.0,807.0,105.0
180,13,186.0,176.0,14.0,811.0,108.0
180,13,187.0,179.0,15.0,815.0,111.0
180,13,188.0,177.0,16.0,816.0,114.0
180,13,189.0,178.0,16.0,819.0,116.0
180,13,190.0,174.0,14.0,821.0,121.0
180,13,191.0,177.0,11.0,827.0,122.0
180,13,192.0,179.0,13.0,830.0,125.0
180,13,193.0,178.0,16.0,831.0,126.0
180,13,194.0,175.0,17.0,833.0,129.0
180,13,195.0,179.0,16.0,838.0,134.0
180,13,196.0,179.0,17.0,839.0,136.0
180,13,197.0,177.0,20.0,840.0,137.0
180,13,198.0,176.0,23.0,843.0,144.0
180,13,199.0,177.0,18.0,847.0,147.0
180,13,200.0,178.0,18.0,850.0,153.0
180,13,201.0,178.0,19.0,852.0,156.0
180,13,202.0,179.0,23.0,854.0,160.0
180,13,203.0,178.0,24.0,855.0,166.0
180,13,204.0,178.0,24.0,857.0,169.0
180,13,205.0,179.0,25.0,859.0,173.0
180,13,206.0,176.0,32.0,860.0,179.0
180,13,207.0,178.0,19.0,864.0,185.0
180,13,208.0,179.0,23.0,866.0,187.0
180,13,209.0,178.0,27.0,867.0,194.0
180,13,210.0,176.0,20.0,869.0,199.0
180,13,211.0,176.0,21.0,873.0,203.0
180,13,212.0,174.0,15.0,877.0,208.0
180,13,213.0,178.0,14.0,883.0,210.0
180,13,214.0,178.0,14.0,885.0,217.0
180,13,215.0,175.0,17.0,887.0,217.0
180,13,216.0,177.0,14.0,892.0,220.0
180,13,217.0,180.0,14.0,895.0,223.0
180,13,218.0,178.0,20.0,895.0,226.0
180,13,219.0,177.0,19.0,897.0,229.0
180,13,220.0,178.0,16.0,900.0,232.0
180,13,221.0,177.0,20.0,902.0,235.0
180,13,222.0,175.0,21.0,905.0,238.0
180,13,223.0,178.0,15.0,910.0,243.0
180,13,224.0,178.0,14.0,912.0,248.0
180,13,225.0,179.0,15.0,914.0,251.0
180,13,226.0,176.0,27.0,915.0,252.0
180,13,227.0,177.0,23.0,919.0,256.0
180,13,228.0,178.0,23.0,922.0,260.0
180,13,229.0,178.0,17.0,924.0,269.0
180,13,230.0,176.0,17.0,926.0,271.0
180,13,231.0,178.0,10.0,930.0,278.0
180,13,232.0,179.0,11.0,932.0,281.0
180,13,233.0,179.0,14.0,933.0,281.0
180,13,234.0,177.0,20.0,934.0,282.0
180,13,235.0,177.0,23.0,937.0,286.0
180,13,236.0,177.0,21.0,940.0,291.0
180,13,237.0,177.0,13.0,943.0,297.0
180,13,238.0,180.0,9.0,946.0,303.0
180,13,239.0,179.0,17.0,946.0,306.0
180,13,240.0,178.0,21.0,947.0,308.0
180,13,241.0,178.0,18.0,949.0,311.0
180,13,242.0,178.0,20.0,951.0,316.0
180,13,243.0,179.0,25.0,953.0,319.0
180,13,244.0,178.0,28.0,954.0,322.0
180,13,245.0,178.0,26.0,956.0,330.0
180,13,246.0,178.0,24.0,958.0,335.0
180,13,247.0,178.0,20.0,960.0,342.0
180,13,248.0,178.0,18.0,962.0,346.0
180,13,249.0,179.0,23.0,964.0,349.0
180,13,250.0,179.0,24.0,965.0,351.0
180,13,251.0,177.0,21.0,966.0,358.0
180,13,252.0,179.0,12.0,969.0,363.0
180,13,253.0,177.0,6.0,970.0,365.0
180,13,254.0,177.0,0.0,973.0,368.0
180,13,255.0,173.0,0.0,976.0,370.0
180,13,256.0,173.0,0.0,980.0,370.0
180,13,257.0,171.0,0.0,980.0,370.0
180,13,258.0,170.0,0.0,982.0,370.0
180,13,259.0,169.0,0.0,983.0,370.0
180,13,260.0,165.0,0.0,984.0,370.0
180,13,261.0,163.0,0.0,988.0,370.0
180,13,262.0,161.0,0.0,990.0,370.0
180,13,263.0,160.0,0.0,992.0,370.0
180,13,264.0,159.0,0.0,993.0,370.0
180,13,265.0,158.0,0.0,994.0,370.0
180,13,266.0,157.0,0.0,995.0,370.0
180,13,267.0,156.0,0.0,996.0,370.0
180,13,268.0,156.0,0.0,997.0,370.0
180,13,269.0,153.0,0.0,997.0,370.0
180,13,270.0,152.0,0.0,1000.0,370.0
180,13,271.0,149.0,0.0,1001.0,370.0
180,13,272.0,148.0,0.0,1004.0,370.0
180,13,273.0,146.0,0.0,1005.0,370.0
180,13,274.0,146.0,0.0,1007.0,370.0
180,13,275.0,145.0,0.0,1007.0,370.0
180,13,276.0,142.0,0.0,1008.0,370.0
180,13,277.0,141.0,0.0,1011.0,370.0
180,13,278.0,138.0,0.0,1012.0,370.0
180,13,279.0,138.0,0.0,1015.0,370.0
180,13,280.0,137.0,0.0,1015.0,370.0
180,13,281.0,137.0,0.0,1016.0,370.0
180,13,282.0,137.0,0.0,1016.0,370.0
180,13,283.0,137.0,0.0,1016.0,370.0
180,13,284.0,137.0,0.0,1016.0,370.0
180,13,285.0,137.0,0.0,1016.0,370.0
180,13,286.0,137.0,0.0,1016.0,370.0
180,13,287.0,137.0,0.0,1016.0,370.0
180,13,288.0,137.0,0.0,1016.0,370.0
180,13,289.0,137.0,0.0,1016.0,370.0
180,13,290.0,137.0,0.0,1016.0,370.0
180,13,291.0,137.0,0.0,1016.0,370.0
180,13,292.0,137.0,0.0,1016.0,370.0
180,13,293.0,136.0,0.0,1016.0,370.0
180,13,294.0,135.0,0.0,1017.0,370.0
180,13,295.0,133.0,0.0,1018.0,370.0
180,13,296.0,133.0,0.0,1020.0,370.0
180,13,297.0,133.0,0.0,1020.0,370.0
180,13,298.0,133.0,0.0,1020.0,370.0
180,13,299.0,132.0,0.0,1020.0,370.0
180,13,300.0,132.0,0.0,1021.0,370.0
180,13,301.0,132.0,0.0,1021.0,370.0
180,13,302.0,132.0,0.0,1021.0,370.0
180,13,303.0,132.0,0.0,1021.0,370.0
180,13,304.0,132.0,0.0,1021.0,370.0
180,13,305.0,132.0,0.0,1021.0,370.0
180,13,306.0,132.0,0.0,1021.0,370.0
180,13,307.0,132.0,0.0,1021.0,370.0
180,13,308.0,132.0,0.0,1021.0,370.0
180,13,309.0,132.0,0.0,1021.0,370.0
180,13,310.0,131.0,0.0,1021.0,370.0
180,13,311.0,131.0,0.0,1022.0,370.0
180,14,0.0,9.0,0.0,0.0,0.0
180,14,1.0,16.0,0.0,0.0,0.0
180,14,2.0,24.0,0.0,0.0,0.0
180,14,3.0,27.0,0.0,0.0,0.0
180,14,4.0,36.0,0.0,0.0,0.0
180,14,5.0,40.0,0.0,0.0,0.0
180,14,6.0,47.0,0.0,0.0,0.0
180,14,7.0,51.0,0.0,0.0,0.0
180,14,8.0,54.0,0.0,0.0,0.0
180,14,9.0,60.0,0.0,0.0,0.0
180,14,10.0,65.0,0.0,0.0,0.0
180,14,11.0,69.0,0.0,0.0,0.0
180,14,12.0,72.0,0.0,1.0,0.0
180,14,13.0,75.0,0.0,1.0,0.0
180,14,14.0,83.0,0.0,2.0,0.0
180,14,15.0,86.0,0.0,2.0,0.0
180,14,16.0,91.0,0.0,2.0,0.0
180,14,17.0,96.0,0.0,2.0,0.0
180,14,18.0,99.0,0.0,2.0,0.0
180,14,19.0,104.0,0.0,2.0,0.0
180,14,20.0,111.0,0.0,2.0,0.0
180,14,21.0,114.0,0.0,3.0,0.0
180,14,22.0,120.0,0.0,3.0,0.0
180,14,23.0,126.0,0.0,3.0,0.0
180,14,24.0,126.0,0.0,3.0,0.0
180,14,25.0,127.0,0.0,6.0,0.0
180,14,26.0,127.0,0.0,8.0,0.0
180,14,27.0,129.0,0.0,15.0,0.0
180,14,28.0,128.0,0.0,17.0,0.0
180,14,29.0,127.0,0.0,22.0,0.0
180,14,30.0,127.0,0.0,27.0,0.0
180,14,31.0,128.0,0.0,31.0,0.0
180,14,32.0,134.0,0.0,36.0,0.0
180,14,33.0,134.0,0.0,38.0,0.0
180,14,34.0,136.0,0.0,41.0,0.0
180,14,35.0,138.0,0.0,43.0,0.0
180,14,36.0,143.0,0.0,50.0,0.0
180,14,37.0,146.0,0.0,53.0,0.0
180,14,38.0,144.0,0.0,56.0,0.0
180,14,39.0,145.0,0.0,60.0,0.0
180,14,40.0,145.0,0.0,64.0,0.0
180,14,41.0,145.0,0.0,68.0,0.0
180,14,42.0,148.0,0.0,74.0,0.0
180,14,43.0,150.0,0.0,77.0,0.0
180,14,44.0,150.0,0.0,81.0,0.0
180,14,45.0,151.0,0.0,86.0,0.0
180,14,46.0,153.0,0.0,91.0,0.0
180,14,47.0,158.0,0.0,93.0,0.0
180,14,48.0,157.0,0.0,94.0,0.0
180,14,49.0,155.0,0.0,99.0,0.0
180,14,50.0,158.0,0.0,105.0,0.0
180,14,51.0,159.0,0.0,107.0,0.0
180,14,52.0,162.0,0.0,111.0,0.0
180,14,53.0,162.0,0.0,116.0,0.0
180,14,54.0,159.0,0.0,122.0,0.0
180,14,55.0,158.0,0.0,127.0,0.0
180,14,56.0,159.0,0.0,131.0,0.0
180,14,57.0,158.0,0.0,134.0,0.0
180,14,58.0,161.0,0.0,139.0,0.0
180,14,59.0,157.0,0.0,144.0,0.0
180,14,60.0,160.0,0.0,153.0,0.0
180,14,61.0,160.0,0.0,155.0,0.0
180,14,62.0,160.0,0.0,159.0,0.0
180,14,63.0,162.0,0.0,164.0,0.0
180,14,64.0,160.0,0.0,167.0,0.0
180,14,65.0,156.0,0.0,173.0,0.0
180,14,66.0,157.0,0.0,178.0,0.0
180,14,67.0,156.0,0.0,185.0,0.0
180,14,68.0,154.0,0.0,189.0,0.0
180,14,69.0,158.0,0.0,195.0,0.0
180,14,70.0,152.0,0.0,198.0,0.0
180,14,71.0,154.0,0.0,206.0,0.0
180,14,72.0,153.0,0.0,209.0,0.0
180,14,73.0,151.0,0.0,213.0,0.0
180,14,74.0,152.0,0.0,221.0,0.0
180,14,75.0,149.0,0.0,227.0,0.0
180,14,76.0,148.0,0.0,235.0,0.0
180,14,77.0,147.0,0.0,240.0,0.0
180,14,78.0,148.0,0.0,245.0,0.0
180,14,79.0,144.0,0.0,250.0,0.0
180,14,80.0,148.0,0.0,257.0,0.0
180,14,81.0,146.0,0.0,260.0,0.0
180,14,82.0,146.0,0.0,267.0,0.0
180,14,83.0,150.0,0.0,273.0,0.0
180,14,84.0,154.0,0.0,275.0,0.0
180,14,85.0,152.0,0.0,279.0,0.0
180,14,86.0,157.0,0.0,287.0,0.0
180,14,87.0,161.0,0.0,294.0,0.0
180,14,88.0,160.0,0.0,296.0,0.0
180,14,89.0,162.0,0.0,303.0,0.0
180,14,90.0,165.0,0.0,307.0,0.0
180,14,91.0,170.0,0.0,309.0,0.0
180,14,92.0,173.0,0.0,313.0,0.0
180,14,93.0,173.0,1.0,317.0,0.0
180,14,94.0,175.0,1.0,324.0,0.0
180,14,95.0,173.0,0.0,329.0,0.0
180,14,96.0,174.0,1.0,334.0,0.0
180,14,97.0,173.0,2.0,340.0,0.0
180,14,98.0,178.0,1.0,347.0,0.0
180,14,99.0,176.0,4.0,349.0,0.0
180,14,100.0,171.0,4.0,353.0,0.0
180,14,101.0,176.0,2.0,362.0,0.0
180,14,102.0,178.0,5.0,366.0,0.0
180,14,103.0,175.0,7.0,368.0,0.0
180,14,104.0,173.0,11.0,373.0,0.0
180,14,105.0,172.0,9.0,380.0,2.0
180,14,106.0,173.0,5.0,388.0,3.0
180,14,107.0,176.0,5.0,395.0,4.0
180,14,108.0,176.0,6.0,399.0,4.0
180,14,109.0,178.0,12.0,403.0,4.0
180,14,110.0,172.0,18.0,405.0,4.0
180,14,111.0,177.0,17.0,413.0,4.0
180,14,112.0,174.0,20.0,416.0,10.0
180,14,113.0,167.0,14.0,422.0,14.0
180,14,114.0,175.0,4.0,435.0,17.0
180,14,115.0,179.0,6.0,440.0,20.0
180,14,116.0,173.0,9.0,441.0,20.0
180,14,117.0,176.0,8.0,448.0,20.0
180,14,118.0,175.0,7.0,452.0,22.0
180,14,119.0,174.0,11.0,457.0,23.0
180,14,120.0,175.0,10.0,463.0,26.0
180,14,121.0,174.0,10.0,468.0,27.0
180,14,122.0,177.0,8.0,474.0,30.0
180,14,123.0,175.0,8.0,477.0,32.0
180,14,124.0,176.0,8.0,482.0,35.0
180,14,125.0,174.0,12.0,486.0,36.0
180,14,126.0,173.0,7.0,492.0,38.0
180,14,127.0,171.0,5.0,499.0,41.0
180,14,128.0,173.0,0.0,508.0,45.0
180,14,129.0,169.0,0.0,514.0,45.0
180,14,130.0,169.0,0.0,524.0,45.0
180,14,131.0,168.0,0.0,529.0,45.0
180,14,132.0,168.0,0.0,534.0,45.0
180,14,133.0,169.0,0.0,540.0,45.0
180,14,134.0,176.0,0.0,544.0,45.0
180,14,135.0,175.0,1.0,545.0,45.0
180,14,136.0,173.0,0.0,550.0,45.0
180,14,137.0,178.0,0.0,556.0,45.0
180,14,138.0,175.0,4.0,557.0,45.0
180,14,139.0,177.0,9.0,562.0,45.0
180,14,140.0,175.0,9.0,565.0,45.0
180,14,141.0,179.0,10.0,570.0,45.0
180,14,142.0,175.0,13.0,571.0,49.0
180,14,143.0,178.0,12.0,576.0,50.0
180,14,144.0,173.0,15.0,578.0,52.0
180,14,145.0,177.0,11.0,585.0,53.0
180,14,146.0,172.0,10.0,588.0,55.0
180,14,147.0,177.0,2.0,596.0,58.0
180,14,148.0,178.0,2.0,599.0,59.0
180,14,149.0,176.0,4.0,601.0,59.0
180,14,150.0,172.0,6.0,605.0,59.0
180,14,151.0,178.0,3.0,613.0,59.0
180,14,152.0,172.0,9.0,615.0,59.0
180,14,153.0,174.0,5.0,623.0,59.0
180,14,154.0,176.0,4.0,629.0,59.0
180,14,155.0,178.0,7.0,633.0,59.0
180,14,156.0,175.0,10.0,635.0,59.0
180,14,157.0,178.0,10.0,640.0,59.0
180,14,158.0,178.0,11.0,642.0,62.0
180,14,159.0,177.0,10.0,644.0,64.0
180,14,160.0,178.0,11.0,647.0,65.0
180,14,161.0,172.0,14.0,649.0,67.0
180,14,162.0,178.0,8.0,657.0,69.0
180,14,163.0,177.0,18.0,659.0,72.0
180,14,164.0,178.0,21.0,662.0,72.0
180,14,165.0,176.0,20.0,664.0,74.0
180,14,166.0,177.0,11.0,668.0,82.0
180,14,167.0,177.0,13.0,671.0,86.0
180,14,168.0,179.0,17.0,674.0,86.0
180,14,169.0,176.0,21.0,675.0,87.0
180,14,170.0,178.0,14.0,679.0,94.0
180,14,171.0,172.0,13.0,681.0,97.0
180,14,172.0,174.0,8.0,689.0,100.0
180,14,173.0,176.0,6.0,695.0,102.0
180,14,174.0,177.0,7.0,699.0,103.0
180,14,175.0,175.0,6.0,702.0,105.0
180,14,176.0,176.0,6.0,707.0,107.0
180,14,177.0,178.0,7.0,711.0,110.0
180,14,178.0,176.0,11.0,713.0,111.0
180,14,179.0,177.0,11.0,717.0,111.0
180,14,180.0,178.0,19.0,720.0,113.0
180,14,181.0,178.0,20.0,722.0,116.0
180,14,182.0,178.0,24.0,724.0,118.0
180,14,183.0,178.0,18.0,726.0,128.0
180,14,184.0,177.0,18.0,728.0,131.0
180,14,185.0,177.0,16.0,731.0,135.0
180,14,186.0,177.0,12.0,734.0,140.0
180,14,187.0,178.0,12.0,737.0,141.0
180,14,188.0,177.0,14.0,739.0,144.0
180,14,189.0,178.0,17.0,742.0,145.0
180,14,190.0,178.0,19.0,744.0,146.0
180,14,191.0,176.0,18.0,746.0,149.0
180,14,192.0,176.0,18.0,750.0,153.0
180,14,193.0,179.0,15.0,754.0,159.0
180,14,194.0,176.0,18.0,755.0,161.0
180,14,195.0,178.0,15.0,759.0,165.0
180,14,196.0,176.0,16.0,761.0,168.0
180,14,197.0,177.0,14.0,765.0,171.0
180,14,198.0,176.0,17.0,768.0,175.0
180,14,199.0,179.0,14.0,772.0,176.0
180,14,200.0,179.0,16.0,773.0,179.0
180,14,201.0,175.0,21.0,774.0,185.0
180,14,202.0,176.0,17.0,779.0,187.0
180,14,203.0,177.0,17.0,783.0,191.0
180,14,204.0,177.0,17.0,786.0,194.0
180,14,205.0,177.0,16.0,789.0,198.0
180,14,206.0,179.0,12.0,792.0,201.0
180,14,207.0,177.0,16.0,793.0,204.0
180,14,208.0,177.0,12.0,796.0,209.0
180,14,209.0,176.0,17.0,799.0,210.0
180,14,210.0,175.0,18.0,803.0,211.0
180,14,211.0,179.0,12.0,808.0,217.0
180,14,212.0,178.0,11.0,809.0,223.0
180,14,213.0,179.0,11.0,811.0,225.0
180,14,214.0,178.0,14.0,812.0,227.0
180,14,215.0,176.0,15.0,814.0,229.0
180,14,216.0,179.0,15.0,818.0,231.0
180,14,217.0,177.0,20.0,819.0,232.0
180,14,218.0,179.0,19.0,822.0,235.0
180,14,219.0,177.0,20.0,823.0,239.0
180,14,220.0,178.0,18.0,826.0,243.0
180,14,221.0,177.0,15.0,828.0,246.0
180,14,222.0,178.0,14.0,831.0,249.0
180,14,223.0,178.0,15.0,833.0,252.0
180,14,224.0,179.0,16.0,835.0,256.0
180,14,225.0,180.0,21.0,836.0,259.0
180,14,226.0,175.0,25.0,836.0,262.0
180,14,227.0,177.0,22.0,841.0,266.0
180,14,228.0,178.0,21.0,844.0,269.0
180,14,229.0,178.0,25.0,846.0,270.0
180,14,230.0,176.0,26.0,848.0,279.0
180,14,231.0,178.0,19.0,852.0,283.0
180,14,232.0,177.0,23.0,854.0,289.0
180,14,233.0,178.0,20.0,857.0,292.0
180,14,234.0,176.0,20.0,859.0,298.0
180,14,235.0,177.0,11.0,863.0,304.0
180,14,236.0,180.0,16.0,866.0,305.0
180,14,237.0,179.0,23.0,866.0,308.0
180,14,238.0,179.0,25.0,867.0,310.0
180,14,239.0,179.0,32.0,868.0,317.0
180,14,240.0,175.0,38.0,869.0,321.0
180,14,241.0,177.0,25.0,874.0,324.0
180,14,242.0,178.0,24.0,877.0,333.0
180,14,243.0,179.0,22.0,879.0,342.0
180,14,244.0,178.0,21.0,880.0,347.0
180,14,245.0,179.0,16.0,882.0,349.0
180,14,246.0,177.0,17.0,883.0,352.0
180,14,247.0,179.0,17.0,886.0,353.0
180,14,248.0,179.0,20.0,887.0,357.0
180,14,249.0,179.0,23.0,888.0,359.0
180,14,250.0,177.0,25.0,889.0,364.0
180,14,251.0,176.0,16.0,892.0,368.0
180,14,252.0,176.0,7.0,896.0,373.0
180,14,253.0,178.0,0.0,900.0,378.0
180,14,254.0,177.0,0.0,901.0,378.0
180,14,255.0,176.0,0.0,902.0,378.0
180,14,256.0,174.0,0.0,903.0,378.0
180,14,257.0,172.0,0.0,905.0,378.0
180,14,258.0,171.0,0.0,907.0,378.0
180,14,259.0,168.0,0.0,908.0,378.0
180,14,260.0,165.0,0.0,911.0,378.0
180,14,261.0,165.0,0.0,914.0,378.0
180,14,262.0,163.0,0.0,914.0,378.0
180,14,263.0,162.0,0.0,916.0,378.0
180,14,264.0,160.0,0.0,917.0,378.0
180,14,265.0,156.0,0.0,919.0,378.0
180,14,266.0,155.0,0.0,923.0,378.0
180,14,267.0,154.0,0.0,924.0,378.0
180,14,268.0,151.0,0.0,925.0,378.0
180,14,269.0,149.0,0.0,928.0,378.0
180,14,270.0,148.0,0.0,930.0,378.0
180,14,271.0,147.0,0.0,931.0,378.0
180,14,272.0,146.0,0.0,932.0,378.0
180,14,273.0,145.0,0.0,933.0,378.0
180,14,274.0,144.0,0.0,934.0,378.0
180,14,275.0,143.0,0.0,935.0,378.0
180,14,276.0,140.0,0.0,936.0,378.0
180,14,277.0,139.0,0.0,939.0,378.0
180,14,278.0,139.0,0.0,940.0,378.0
180,14,279.0,139.0,0.0,940.0,378.0
180,14,280.0,139.0,0.0,940.0,378.0
180,14,281.0,139.0,0.0,940.0,378.0
180,14,282.0,138.0,0.0,940.0,378.0
180,14,283.0,138.0,0.0,941.0,378.0
180,14,284.0,138.0,0.0,941.0,378.0
180,14,285.0,138.0,0.0,941.0,378.0
180,14,286.0,136.0,0.0,941.0,378.0
180,14,287.0,136.0,0.0,943.0,378.0
180,14,288.0,136.0,0.0,943.0,378.0
180,14,289.0,136.0,0.0,943.0,378.0
180,14,290.0,136.0,0.0,943.0,378.0
180,14,291.0,136.0,0.0,943.0,378.0
180,14,292.0,136.0,0.0,943.0,378.0
180,14,293.0,136.0,0.0,943.0,378.0
180,14,294.0,135.0,0.0,943.0,378.0
180,14,295.0,135.0,0.0,944.0,378.0
180,14,296.0,134.0,0.0,944.0,378.0
180,14,297.0,134.0,0.0,945.0,378.0
180,14,298.0,134.0,0.0,945.0,378.0
180,14,299.0,134.0,0.0,945.0,378.0
180,14,300.0,134.0,0.0,945.0,378.0
180,14,301.0,134.0,0.0,945.0,378.0
180,14,302.0,134.0,0.0,945.0,378.0
180,14,303.0,134.0,0.0,945.0,378.0
180,14,304.0,134.0,0.0,945.0,378.0
180,14,305.0,134.0,0.0,945.0,378.0
180,14,306.0,134.0,0.0,945.0,378.0
180,14,307.0,134.0,0.0,945.0,378.0
180,14,308.0,134.0,0.0,945.0,378.0
180,14,309.0,134.0,0.0,945.0,378.0
180,14,310.0,133.0,0.0,945.0,378.0
180,14,311.0,133.0,0.0,946.0,378.0
190,15,0.0,2.0,0.0,0.0,0.0
190,15,1.0,9.0,0.0,0.0,0.0
190,15,2.0,15.0,0.0,0.0,0.0
190,15,3.0,19.0,0.0,0.0,0.0
190,15,4.0,22.0,0.0,0.0,0.0
190,15,5.0,29.0,0.0,0.0,0.0
190,15,6.0,35.0,0.0,0.0,0.0
190,15,7.0,41.0,0.0,0.0,0.0
190,15,8.0,48.0,0.0,0.0,0.0
190,15,9.0,54.0,0.0,0.0,0.0
190,15,10.0,59.0,0.0,0.0,0.0
190,15,11.0,64.0,0.0,0.0,0.0
190,15,12.0,68.0,0.0,0.0,0.0
190,15,13.0,70.0,0.0,0.0,0.0
190,15,14.0,75.0,0.0,0.0,0.0
190,15,15.0,80.0,0.0,0.0,0.0
190,15,16.0,84.0,0.0,0.0,0.0
190,15,17.0,86.0,0.0,0.0,0.0
190,15,18.0,89.0,0.0,0.0,0.0
190,15,19.0,92.0,0.0,2.0,0.0
190,15,20.0,98.0,0.0,2.0,0.0
190,15,21.0,100.0,0.0,2.0,0.0
190,15,22.0,106.0,0.0,5.0,0.0
190,15,23.0,114.0,0.0,5.0,0.0
190,15,24.0,115.0,0.0,6.0,0.0
190,15,25.0,117.0,0.0,11.0,0.0
190,15,26.0,120.0,0.0,15.0,0.0
190,15,27.0,123.0,0.0,16.0,0.0
190,15,28.0,123.0,0.0,18.0,0.0
190,15,29.0,127.0,0.0,23.0,0.0
190,15,30.0,130.0,0.0,26.0,0.0
190,15,31.0,128.0,0.0,30.0,0.0
190,15,32.0,132.0,0.0,36.0,0.0
190,15,33.0,133.0,0.0,38.0,0.0
190,15,34.0,140.0,0.0,42.0,0.0
190,15,35.0,143.0,0.0,43.0,0.0
190,15,36.0,147.0,0.0,46.0,0.0
190,15,37.0,150.0,0.0,49.0,0.0
190,15,38.0,152.0,0.0,53.0,0.0
190,15,39.0,155.0,0.0,56.0,0.0
190,15,40.0,153.0,0.0,61.0,0.0
190,15,41.0,158.0,0.0,66.0,0.0
190,15,42.0,158.0,0.0,69.0,0.0
190,15,43.0,159.0,0.0,73.0,0.0
190,15,44.0,162.0,0.0,77.0,0.0
190,15,45.0,168.0,0.0,79.0,0.0
190,15,46.0,168.0,0.0,82.0,0.0
190,15,47.0,166.0,0.0,87.0,0.0
190,15,48.0,164.0,0.0,93.0,0.0
190,15,49.0,167.0,0.0,98.0,0.0
190,15,50.0,167.0,0.0,100.0,0.0
190,15,51.0,172.0,0.0,104.0,0.0
190,15,52.0,175.0,0.0,107.0,0.0
190,15,53.0,182.0,0.0,111.0,0.0
190,15,54.0,181.0,0.0,112.0,0.0
190,15,55.0,181.0,0.0,117.0,0.0
190,15,56.0,185.0,0.0,125.0,0.0
190,15,57.0,185.0,1.0,128.0,0.0
190,15,58.0,186.0,1.0,133.0,0.0
190,15,59.0,183.0,6.0,137.0,0.0
190,15,60.0,185.0,6.0,144.0,0.0
190,15,61.0,186.0,9.0,149.0,0.0
190,15,62.0,184.0,9.0,153.0,0.0
190,15,63.0,180.0,8.0,159.0,0.0
190,15,64.0,186.0,5.0,169.0,3.0
190,15,65.0,187.0,7.0,173.0,5.0
190,15,66.0,186.0,7.0,176.0,5.0
190,15,67.0,182.0,7.0,180.0,5.0
190,15,68.0,186.0,4.0,188.0,8.0
190,15,69.0,186.0,9.0,192.0,9.0
190,15,70.0,183.0,11.0,196.0,9.0
190,15,71.0,184.0,13.0,203.0,9.0
190,15,72.0,184.0,11.0,209.0,11.0
190,15,73.0,183.0,10.0,215.0,14.0
190,15,74.0,181.0,8.0,222.0,19.0
190,15,75.0,186.0,5.0,231.0,22.0
190,15,76.0,184.0,5.0,235.0,23.0
190,15,77.0,182.0,4.0,241.0,23.0
190,15,78.0,183.0,0.0,249.0,23.0
190,15,79.0,184.0,0.0,255.0,23.0
190,15,80.0,183.0,3.0,260.0,23.0
190,15,81.0,184.0,0.0,267.0,23.0
190,15,82.0,185.0,0.0,273.0,23.0
190,15,83.0,183.0,0.0,277.0,23.0
190,15,84.0,183.0,1.0,284.0,23.0
190,15,85.0,187.0,0.0,291.0,23.0
190,15,86.0,183.0,0.0,294.0,23.0
190,15,87.0,181.0,0.0,301.0,23.0
190,15,88.0,183.0,0.0,308.0,23.0
190,15,89.0,187.0,0.0,314.0,23.0
190,15,90.0,187.0,4.0,315.0,23.0
190,15,91.0,185.0,10.0,318.0,23.0
190,15,92.0,186.0,12.0,323.0,23.0
190,15,93.0,185.0,15.0,327.0,23.0
190,15,94.0,185.0,13.0,332.0,26.0
190,15,95.0,187.0,16.0,337.0,30.0
190,15,96.0,188.0,11.0,340.0,36.0
190,15,97.0,182.0,12.0,342.0,37.0
190,15,98.0,184.0,5.0,350.0,42.0
190,15,99.0,183.0,3.0,356.0,42.0
190,15,100.0,189.0,3.0,363.0,42.0
190,15,101.0,186.0,11.0,364.0,42.0
190,15,102.0,184.0,8.0,368.0,42.0
190,15,103.0,184.0,6.0,374.0,43.0
190,15,104.0,182.0,4.0,380.0,50.0
190,15,105.0,185.0,4.0,388.0,50.0
190,15,106.0,184.0,5.0,393.0,50.0
190,15,107.0,181.0,3.0,399.0,50.0
190,15,108.0,183.0,0.0,408.0,50.0
190,15,109.0,184.0,0.0,411.0,50.0
190,15,110.0,185.0,0.0,417.0,50.0
190,15,111.0,179.0,0.0,422.0,50.0
190,15,112.0,184.0,0.0,430.0,50.0
190,15,113.0,186.0,0.0,432.0,50.0
190,15,114.0,185.0,3.0,435.0,50.0
190,15,115.0,186.0,6.0,440.0,50.0
190,15,116.0,188.0,9.0,444.0,50.0
190,15,117.0,186.0,12.0,446.0,50.0
190,15,118.0,182.0,12.0,450.0,51.0
190,15,119.0,185.0,9.0,458.0,55.0
190,15,120.0,186.0,11.0,463.0,56.0
190,15,121.0,186.0,12.0,467.0,58.0
190,15,122.0,185.0,15.0,471.0,61.0
190,15,123.0,186.0,14.0,476.0,66.0
190,15,124.0,186.0,15.0,480.0,68.0
190,15,125.0,187.0,12.0,484.0,72.0
190,15,126.0,185.0,13.0,487.0,74.0
190,15,127.0,190.0,11.0,492.0,77.0
190,15,128.0,186.0,17.0,492.0,78.0
190,15,129.0,185.0,19.0,496.0,81.0
190,15,130.0,182.0,18.0,501.0,84.0
190,15,131.0,188.0,13.0,509.0,87.0
190,15,132.0,185.0,20.0,511.0,95.0
190,15,133.0,185.0,15.0,516.0,100.0
190,15,134.0,188.0,13.0,521.0,103.0
190,15,135.0,187.0,17.0,523.0,112.0
190,15,136.0,185.0,19.0,526.0,115.0
190,15,137.0,184.0,19.0,531.0,116.0
190,15,138.0,189.0,14.0,537.0,124.0
190,15,139.0,186.0,14.0,538.0,129.0
190,15,140.0,190.0,13.0,542.0,131.0
190,15,141.0,184.0,21.0,542.0,134.0
190,15,142.0,187.0,22.0,548.0,134.0
190,15,143.0,184.0,21.0,551.0,139.0
190,15,144.0,186.0,16.0,557.0,144.0
190,15,145.0,189.0,12.0,561.0,151.0
190,15,146.0,186.0,18.0,562.0,152.0
190,15,147.0,184.0,17.0,566.0,155.0
190,15,148.0,188.0,14.0,572.0,157.0
190,15,149.0,187.0,14.0,574.0,160.0
190,15,150.0,185.0,11.0,577.0,164.0
190,15,151.0,187.0,9.0,582.0,167.0
190,15,152.0,188.0,13.0,585.0,168.0
190,15,153.0,187.0,16.0,587.0,170.0
190,15,154.0,188.0,18.0,590.0,171.0
190,15,155.0,189.0,18.0,592.0,174.0
190,15,156.0,188.0,21.0,593.0,178.0
190,15,157.0,188.0,20.0,595.0,182.0
190,15,158.0,189.0,19.0,597.0,184.0
190,15,159.0,189.0,22.0,598.0,187.0
190,15,160.0,185.0,23.0,599.0,192.0
190,15,161.0,187.0,19.0,604.0,195.0
190,15,162.0,186.0,18.0,607.0,200.0
190,15,163.0,189.0,15.0,611.0,204.0
190,15,164.0,187.0,15.0,612.0,209.0
190,15,165.0,188.0,14.0,615.0,212.0
190,15,166.0,188.0,15.0,617.0,214.0
190,15,167.0,186.0,16.0,619.0,217.0
190,15,168.0,187.0,20.0,623.0,218.0
190,15,169.0,186.0,21.0,626.0,220.0
190,15,170.0,189.0,18.0,630.0,223.0
190,15,171.0,187.0,13.0,631.0,230.0
190,15,172.0,188.0,13.0,634.0,233.0
190,15,173.0,190.0,15.0,636.0,235.0
190,15,174.0,187.0,23.0,636.0,237.0
190,15,175.0,187.0,19.0,639.0,242.0
190,15,176.0,189.0,17.0,642.0,244.0
190,15,177.0,188.0,19.0,643.0,250.0
190,15,178.0,189.0,18.0,645.0,255.0
190,15,179.0,188.0,21.0,646.0,257.0
190,15,180.0,187.0,26.0,648.0,258.0
190,15,181.0,188.0,21.0,651.0,264.0
190,15,182.0,187.0,20.0,653.0,270.0
190,15,183.0,187.0,22.0,656.0,274.0
190,15,184.0,188.0,19.0,659.0,277.0
190,15,185.0,188.0,19.0,661.0,284.0
190,15,186.0,188.0,20.0,663.0,289.0
190,15,187.0,185.0,20.0,665.0,292.0
190,15,188.0,188.0,16.0,670.0,294.0
190,15,189.0,188.0,15.0,672.0,301.0
190,15,190.0,186.0,14.0,674.0,304.0
190,15,191.0,189.0,13.0,678.0,306.0
190,15,192.0,189.0,17.0,679.0,311.0
190,15,193.0,187.0,21.0,680.0,313.0
190,15,194.0,184.0,22.0,683.0,315.0
190,15,195.0,190.0,22.0,689.0,320.0
190,15,196.0,186.0,25.0,689.0,324.0
190,15,197.0,186.0,16.0,693.0,330.0
190,15,198.0,190.0,10.0,697.0,338.0
190,15,199.0,187.0,17.0,697.0,340.0
190,15,200.0,189.0,16.0,700.0,342.0
190,15,201.0,188.0,18.0,701.0,344.0
190,15,202.0,188.0,20.0,703.0,348.0
190,15,203.0,189.0,22.0,705.0,352.0
190,15,204.0,189.0,25.0,706.0,355.0
190,15,205.0,188.0,23.0,707.0,357.0
190,15,206.0,189.0,20.0,709.0,364.0
190,15,207.0,189.0,24.0,710.0,367.0
190,15,208.0,188.0,21.0,711.0,372.0
190,15,209.0,188.0,22.0,713.0,376.0
190,15,210.0,188.0,22.0,715.0,379.0
190,15,211.0,188.0,22.0,717.0,383.0
190,15,212.0,185.0,23.0,719.0,391.0
190,15,213.0,187.0,17.0,724.0,393.0
190,15,214.0,188.0,17.0,727.0,397.0
190,15,215.0,189.0,17.0,729.0,400.0
190,15,216.0,189.0,18.0,730.0,402.0
190,15,217.0,189.0,18.0,731.0,405.0
190,15,218.0,187.0,22.0,732.0,410.0
190,15,219.0,187.0,19.0,735.0,412.0
190,15,220.0,190.0,21.0,738.0,415.0
190,15,221.0,187.0,28.0,738.0,421.0
190,15,222.0,188.0,22.0,741.0,426.0
190,15,223.0,190.0,21.0,743.0,430.0
190,15,224.0,188.0,31.0,743.0,438.0
190,15,225.0,190.0,29.0,745.0,441.0
190,15,226.0,189.0,34.0,745.0,442.0
190,15,227.0,189.0,36.0,746.0,449.0
190,15,228.0,187.0,35.0,747.0,452.0
190,15,229.0,189.0,26.0,750.0,459.0
190,15,230.0,187.0,28.0,751.0,468.0
190,15,231.0,187.0,21.0,754.0,469.0
190,15,232.0,189.0,23.0,757.0,475.0
190,15,233.0,187.0,24.0,758.0,480.0
190,15,234.0,188.0,16.0,761.0,485.0
190,15,235.0,189.0,18.0,763.0,488.0
190,15,236.0,188.0,23.0,764.0,492.0
190,15,237.0,188.0,23.0,766.0,495.0
190,15,238.0,187.0,23.0,768.0,499.0
190,15,239.0,188.0,23.0,771.0,505.0
190,15,240.0,189.0,21.0,773.0,511.0
190,15,241.0,190.0,22.0,774.0,516.0
190,15,242.0,189.0,29.0,774.0,518.0
190,15,243.0,189.0,32.0,775.0,521.0
190,15,244.0,188.0,34.0,776.0,523.0
190,15,245.0,190.0,34.0,778.0,530.0
190,15,246.0,186.0,38.0,778.0,539.0
190,15,247.0,190.0,25.0,782.0,543.0
190,15,248.0,190.0,32.0,782.0,550.0
190,15,249.0,188.0,37.0,782.0,555.0
190,15,250.0,190.0,30.0,784.0,560.0
190,15,251.0,189.0,30.0,784.0,564.0
190,15,252.0,188.0,26.0,785.0,570.0
190,15,253.0,187.0,13.0,787.0,579.0
190,15,254.0,188.0,0.0,790.0,580.0
190,15,255.0,187.0,0.0,791.0,581.0
190,15,256.0,184.0,0.0,792.0,581.0
190,15,257.0,184.0,0.0,795.0,581.0
190,15,258.0,180.0,0.0,795.0,581.0
190,15,259.0,179.0,0.0,799.0,581.0
190,15,260.0,178.0,0.0,800.0,581.0
190,15,261.0,175.0,0.0,801.0,581.0
190,15,262.0,174.0,0.0,804.0,581.0
190,15,263.0,172.0,0.0,805.0,581.0
190,15,264.0,172.0,0.0,807.0,581.0
190,15,265.0,171.0,0.0,807.0,581.0
190,15,266.0,170.0,0.0,808.0,581.0
190,15,267.0,169.0,0.0,809.0,581.0
190,15,268.0,166.0,0.0,810.0,581.0
190,15,269.0,164.0,0.0,813.0,581.0
190,15,270.0,163.0,0.0,815.0,581.0
190,15,271.0,160.0,0.0,816.0,581.0
190,15,272.0,160.0,0.0,819.0,581.0
190,15,273.0,160.0,0.0,819.0,581.0
190,15,274.0,157.0,0.0,819.0,581.0
190,15,275.0,157.0,0.0,822.0,581.0
190,15,276.0,156.0,0.0,822.0,581.0
190,15,277.0,154.0,0.0,823.0,581.0
190,15,278.0,152.0,0.0,825.0,581.0
190,15,279.0,152.0,0.0,827.0,581.0
190,16,0.0,6.0,0.0,0.0,0.0
190,16,1.0,9.0,0.0,0.0,0.0
190,16,2.0,13.0,0.0,0.0,0.0
190,16,3.0,20.0,0.0,0.0,0.0
190,16,4.0,26.0,0.0,0.0,0.0
190,16,5.0,31.0,0.0,0.0,0.0
190,16,6.0,35.0,0.0,0.0,0.0
190,16,7.0,39.0,0.0,0.0,0.0
190,16,8.0,41.0,0.0,0.0,0.0
190,16,9.0,49.0,0.0,0.0,0.0
190,16,10.0,53.0,0.0,0.0,0.0
190,16,11.0,56.0,0.0,0.0,0.0
190,16,12.0,58.0,0.0,0.0,0.0
190,16,13.0,60.0,0.0,0.0,0.0
190,16,14.0,68.0,0.0,0.0,0.0
190,16,15.0,76.0,0.0,0.0,0.0
190,16,16.0,84.0,0.0,0.0,0.0
190,16,17.0,88.0,0.0,0.0,0.0
190,16,18.0,90.0,0.0,1.0,0.0
190,16,19.0,95.0,0.0,2.0,0.0
190,16,20.0,98.0,0.0,2.0,0.0
190,16,21.0,99.0,0.0,3.0,0.0
190,16,22.0,104.0,0.0,5.0,0.0
190,16,23.0,105.0,0.0,6.0,0.0
190,16,24.0,112.0,0.0,9.0,0.0
190,16,25.0,114.0,0.0,10.0,0.0
190,16,26.0,120.0,0.0,13.0,0.0
190,16,27.0,120.0,0.0,14.0,0.0
190,16,28.0,120.0,0.0,18.0,0.0
190,16,29.0,123.0,0.0,21.0,0.0
190,16,30.0,121.0,0.0,22.0,0.0
190,16,31.0,122.0,0.0,28.0,0.0
190,16,32.0,123.0,0.0,31.0,0.0
190,16,33.0,123.0,0.0,34.0,0.0
190,16,34.0,126.0,0.0,37.0,0.0
190,16,35.0,125.0,0.0,40.0,0.0
190,16,36.0,130.0,0.0,45.0,0.0
190,16,37.0,131.0,0.0,46.0,0.0
190,16,38.0,137.0,0.0,48.0,0.0
190,16,39.0,134.0,0.0,53.0,0.0
190,16,40.0,132.0,0.0,59.0,0.0
190,16,41.0,135.0,0.0,65.0,0.0
190,16,42.0,136.0,0.0,68.0,0.0
190,16,43.0,137.0,0.0,72.0,0.0
190,16,44.0,139.0,0.0,76.0,0.0
190,16,45.0,144.0,0.0,80.0,0.0
190,16,46.0,143.0,0.0,81.0,0.0
190,16,47.0,146.0,0.0,84.0,0.0
190,16,48.0,143.0,0.0,88.0,0.0
190,16,49.0,142.0,0.0,92.0,0.0
190,16,50.0,141.0,0.0,96.0,0.0
190,16,51.0,146.0,0.0,103.0,0.0
190,16,52.0,149.0,0.0,106.0,0.0
190,16,53.0,150.0,0.0,110.0,0.0
190,16,54.0,150.0,0.0,117.0,0.0
190,16,55.0,148.0,0.0,120.0,0.0
190,16,56.0,155.0,0.0,126.0,0.0
190,16,57.0,158.0,0.0,127.0,0.0
190,16,58.0,159.0,0.0,132.0,0.0
190,16,59.0,157.0,0.0,138.0,0.0
190,16,60.0,162.0,0.0,146.0,0.0
190,16,61.0,157.0,0.0,147.0,0.0
190,16,62.0,161.0,0.0,154.0,0.0
190,16,63.0,163.0,0.0,158.0,0.0
190,16,64.0,167.0,0.0,166.0,0.0
190,16,65.0,169.0,0.0,169.0,0.0
190,16,66.0,172.0,0.0,173.0,0.0
190,16,67.0,177.0,0.0,177.0,0.0
190,16,68.0,178.0,0.0,179.0,0.0
190,16,69.0,186.0,0.0,181.0,0.0
190,16,70.0,185.0,2.0,185.0,0.0
190,16,71.0,187.0,6.0,190.0,0.0
190,16,72.0,183.0,9.0,193.0,0.0
190,16,73.0,183.0,9.0,200.0,0.0
190,16,74.0,182.0,5.0,207.0,2.0
190,16,75.0,185.0,2.0,215.0,4.0
190,16,76.0,183.0,3.0,220.0,4.0
190,16,77.0,187.0,2.0,227.0,4.0
190,16,78.0,187.0,6.0,230.0,4.0
190,16,79.0,188.0,12.0,233.0,4.0
190,16,80.0,182.0,14.0,235.0,4.0
190,16,81.0,184.0,10.0,243.0,5.0
190,16,82.0,184.0,6.0,249.0,12.0
190,16,83.0,184.0,7.0,255.0,14.0
190,16,84.0,187.0,7.0,261.0,16.0
190,16,85.0,183.0,11.0,264.0,16.0
190,16,86.0,184.0,10.0,271.0,16.0
190,16,87.0,184.0,12.0,277.0,19.0
190,16,88.0,180.0,10.0,283.0,20.0
190,16,89.0,187.0,7.0,293.0,23.0
190,16,90.0,186.0,7.0,296.0,27.0
190,16,91.0,185.0,9.0,300.0,27.0
190,16,92.0,186.0,6.0,305.0,28.0
190,16,93.0,182.0,10.0,309.0,28.0
190,16,94.0,184.0,8.0,317.0,31.0
190,16,95.0,187.0,9.0,323.0,31.0
190,16,96.0,185.0,14.0,326.0,32.0
190,16,97.0,184.0,15.0,331.0,32.0
190,16,98.0,183.0,12.0,337.0,35.0
190,16,99.0,183.0,7.0,344.0,41.0
190,16,100.0,181.0,3.0,351.0,45.0
190,16,101.0,184.0,0.0,360.0,47.0
190,16,102.0,184.0,2.0,364.0,47.0
190,16,103.0,187.0,0.0,370.0,47.0
190,16,104.0,187.0,0.0,372.0,47.0
190,16,105.0,185.0,7.0,375.0,47.0
190,16,106.0,186.0,10.0,380.0,47.0
190,16,107.0,188.0,11.0,384.0,47.0
190,16,108.0,186.0,15.0,386.0,47.0
190,16,109.0,186.0,13.0,390.0,51.0
190,16,110.0,184.0,14.0,394.0,54.0
190,16,111.0,185.0,13.0,400.0,58.0
190,16,112.0,187.0,14.0,405.0,60.0
190,16,113.0,184.0,18.0,408.0,64.0
190,16,114.0,185.0,13.0,414.0,68.0
190,16,115.0,189.0,13.0,419.0,72.0
190,16,116.0,182.0,17.0,420.0,75.0
190,16,117.0,186.0,16.0,428.0,76.0
190,16,118.0,188.0,15.0,432.0,81.0
190,16,119.0,185.0,17.0,434.0,84.0
190,16,120.0,184.0,11.0,439.0,90.0
190,16,121.0,185.0,9.0,445.0,92.0
190,16,122.0,188.0,11.0,450.0,96.0
190,16,123.0,187.0,12.0,452.0,98.0
190,16,124.0,187.0,16.0,455.0,99.0
190,16,125.0,183.0,17.0,458.0,103.0
190,16,126.0,187.0,15.0,465.0,105.0
190,16,127.0,187.0,17.0,468.0,108.0
190,16,128.0,188.0,16.0,471.0,113.0
190,16,129.0,189.0,15.0,473.0,118.0
190,16,130.0,185.0,16.0,474.0,121.0
190,16,131.0,185.0,16.0,479.0,124.0
190,16,132.0,187.0,17.0,484.0,128.0
190,16,133.0,183.0,19.0,487.0,132.0
190,16,134.0,188.0,12.0,494.0,138.0
190,16,135.0,186.0,16.0,496.0,144.0
190,16,136.0,186.0,16.0,500.0,147.0
190,16,137.0,187.0,16.0,504.0,149.0
190,16,138.0,189.0,15.0,507.0,153.0
190,16,139.0,187.0,15.0,508.0,158.0
190,16,140.0,190.0,17.0,511.0,161.0
190,16,141.0,186.0,25.0,511.0,163.0
190,16,142.0,188.0,20.0,515.0,166.0
190,16,143.0,186.0,15.0,517.0,172.0
190,16,144.0,188.0,13.0,521.0,177.0
190,16,145.0,187.0,13.0,523.0,180.0
190,16,146.0,189.0,13.0,526.0,180.0
190,16,147.0,188.0,9.0,527.0,185.0
190,16,148.0,186.0,10.0,529.0,188.0
190,16,149.0,187.0,9.0,533.0,189.0
190,16,150.0,188.0,12.0,536.0,190.0
190,16,151.0,186.0,14.0,538.0,194.0
190,16,152.0,189.0,17.0,542.0,196.0
190,16,153.0,187.0,23.0,543.0,200.0
190,16,154.0,188.0,25.0,546.0,202.0
190,16,155.0,185.0,19.0,548.0,209.0
190,16,156.0,188.0,15.0,553.0,215.0
190,16,157.0,188.0,16.0,555.0,219.0
190,16,158.0,188.0,16.0,557.0,220.0
190,16,159.0,188.0,16.0,559.0,224.0
190,16,160.0,187.0,19.0,561.0,228.0
190,16,161.0,187.0,21.0,564.0,229.0
190,16,162.0,187.0,21.0,567.0,234.0
190,16,163.0,189.0,23.0,570.0,238.0
190,16,164.0,185.0,22.0,571.0,243.0
190,16,165.0,190.0,15.0,576.0,248.0
190,16,166.0,184.0,23.0,576.0,256.0
190,16,167.0,189.0,16.0,582.0,257.0
190,16,168.0,188.0,19.0,583.0,260.0
190,16,169.0,189.0,18.0,585.0,264.0
190,16,170.0,187.0,22.0,586.0,266.0
190,16,171.0,188.0,22.0,589.0,271.0
190,16,172.0,188.0,18.0,591.0,276.0
190,16,173.0,186.0,25.0,593.0,280.0
190,16,174.0,187.0,22.0,597.0,283.0
190,16,175.0,186.0,27.0,600.0,285.0
190,16,176.0,189.0,19.0,604.0,294.0
190,16,177.0,190.0,24.0,605.0,298.0
190,16,178.0,189.0,31.0,605.0,303.0
190,16,179.0,188.0,38.0,606.0,307.0
190,16,180.0,185.0,30.0,608.0,313.0
190,16,181.0,190.0,22.0,613.0,318.0
190,16,182.0,188.0,29.0,613.0,324.0
190,16,183.0,187.0,30.0,615.0,329.0
190,16,184.0,186.0,27.0,618.0,336.0
190,16,185.0,187.0,17.0,622.0,342.0
190,16,186.0,189.0,15.0,625.0,348.0
190,16,187.0,187.0,19.0,626.0,352.0
190,16,188.0,190.0,15.0,629.0,354.0
190,16,189.0,186.0,18.0,629.0,358.0
190,16,190.0,189.0,12.0,633.0,361.0
190,16,191.0,188.0,17.0,634.0,363.0
190,16,192.0,189.0,20.0,636.0,365.0
190,16,193.0,189.0,25.0,637.0,367.0
190,16,194.0,188.0,23.0,638.0,372.0
190,16,195.0,189.0,19.0,640.0,378.0
190,16,196.0,188.0,22.0,641.0,382.0
190,16,197.0,188.0,18.0,643.0,384.0
190,16,198.0,187.0,20.0,645.0,389.0
190,16,199.0,189.0,20.0,648.0,391.0
190,16,200.0,188.0,21.0,649.0,397.0
190,16,201.0,189.0,20.0,651.0,401.0
190,16,202.0,186.0,21.0,652.0,406.0
190,16,203.0,189.0,15.0,656.0,408.0
190,16,204.0,187.0,22.0,657.0,412.0
190,16,205.0,187.0,17.0,660.0,413.0
190,16,206.0,190.0,19.0,663.0,419.0
190,16,207.0,189.0,27.0,663.0,425.0
190,16,208.0,187.0,33.0,664.0,425.0
190,16,209.0,187.0,22.0,667.0,434.0
190,16,210.0,188.0,17.0,670.0,439.0
190,16,211.0,189.0,20.0,672.0,444.0
190,16,212.0,187.0,21.0,673.0,447.0
190,16,213.0,190.0,21.0,676.0,450.0
190,16,214.0,188.0,30.0,676.0,454.0
190,16,215.0,188.0,33.0,678.0,457.0
190,16,216.0,188.0,33.0,680.0,464.0
190,16,217.0,188.0,31.0,682.0,472.0
190,16,218.0,188.0,27.0,684.0,478.0
190,16,219.0,189.0,25.0,686.0,486.0
190,16,220.0,187.0,30.0,687.0,492.0
190,16,221.0,188.0,19.0,690.0,494.0
190,16,222.0,188.0,19.0,692.0,498.0
190,16,223.0,188.0,21.0,694.0,506.0
190,16,224.0,190.0,14.0,696.0,511.0
190,16,225.0,189.0,20.0,696.0,511.0
190,16,226.0,189.0,23.0,697.0,516.0
190,16,227.0,187.0,27.0,698.0,517.0
190,16,228.0,190.0,23.0,701.0,521.0
190,16,229.0,187.0,27.0,701.0,527.0
190,16,230.0,188.0,20.0,704.0,532.0
190,16,231.0,190.0,25.0,706.0,535.0
190,16,232.0,189.0,29.0,706.0,539.0
190,16,233.0,187.0,35.0,707.0,544.0
190,16,234.0,189.0,29.0,710.0,553.0
190,16,235.0,188.0,33.0,711.0,555.0
190,16,236.0,189.0,27.0,713.0,561.0
190,16,237.0,189.0,27.0,714.0,566.0
190,16,238.0,190.0,25.0,715.0,569.0
190,16,239.0,188.0,34.0,715.0,575.0
190,16,240.0,189.0,29.0,717.0,579.0
190,16,241.0,189.0,30.0,718.0,584.0
190,16,242.0,189.0,33.0,719.0,590.0
190,16,243.0,189.0,30.0,720.0,595.0
190,16,244.0,189.0,23.0,721.0,603.0
190,16,245.0,188.0,23.0,722.0,608.0
190,16,246.0,190.0,18.0,724.0,609.0
190,16,247.0,189.0,26.0,724.0,611.0
190,16,248.0,188.0,30.0,725.0,616.0
190,16,249.0,190.0,30.0,727.0,619.0
190,16,250.0,189.0,34.0,727.0,626.0
190,16,251.0,189.0,27.0,728.0,631.0
190,16,252.0,189.0,22.0,729.0,637.0
190,16,253.0,190.0,14.0,730.0,642.0
190,16,254.0,188.0,14.0,730.0,642.0
190,16,255.0,189.0,3.0,732.0,642.0
190,16,256.0,189.0,0.0,733.0,642.0
190,16,257.0,188.0,0.0,733.0,642.0
190,16,258.0,186.0,0.0,734.0,642.0
190,16,259.0,185.0,0.0,736.0,642.0
190,16,260.0,184.0,0.0,737.0,642.0
190,16,261.0,183.0,0.0,738.0,642.0
190,16,262.0,181.0,0.0,739.0,642.0
190,16,263.0,181.0,0.0,741.0,642.0
190,16,264.0,179.0,0.0,741.0,642.0
190,16,265.0,178.0,0.0,743.0,642.0
190,16,266.0,177.0,0.0,744.0,642.0
190,16,267.0,175.0,0.0,745.0,642.0
190,16,268.0,174.0,0.0,747.0,642.0
190,16,269.0,172.0,0.0,748.0,642.0
190,16,270.0,171.0,0.0,750.0,642.0
190,16,271.0,171.0,0.0,751.0,642.0
190,16,272.0,170.0,0.0,751.0,642.0
190,16,273.0,168.0,0.0,752.0,642.0
190,16,274.0,168.0,0.0,754.0,642.0
190,16,275.0,166.0,0.0,754.0,642.0
190,16,276.0,165.0,0.0,756.0,642.0
190,16,277.0,164.0,0.0,757.0,642.0
190,16,278.0,164.0,0.0,758.0,642.0
190,16,279.0,162.0,0.0,758.0,642.0
190,16,280.0,162.0,0.0,760.0,642.0
190,17,0.0,9.0,0.0,0.0,0.0
190,17,1.0,15.0,0.0,0.0,0.0
190,17,2.0,22.0,0.0,0.0,0.0
190,17,3.0,26.0,0.0,0.0,0.0
190,17,4.0,29.0,0.0,0.0,0.0
190,17,5.0,33.0,0.0,0.0,0.0
190,17,6.0,40.0,0.0,0.0,0.0
190,17,7.0,49.0,0.0,0.0,0.0
190,17,8.0,53.0,0.0,0.0,0.0
190,17,9.0,61.0,0.0,0.0,0.0
190,17,10.0,67.0,0.0,0.0,0.0
190,17,11.0,75.0,0.0,0.0,0.0
190,17,12.0,82.0,0.0,0.0,0.0
190,17,13.0,86.0,0.0,0.0,0.0
190,17,14.0,94.0,0.0,0.0,0.0
190,17,15.0,99.0,0.0,0.0,0.0
190,17,16.0,102.0,0.0,0.0,0.0
190,17,17.0,106.0,0.0,1.0,0.0
190,17,18.0,112.0,0.0,1.0,0.0
190,17,19.0,114.0,0.0,1.0,0.0
190,17,20.0,119.0,0.0,1.0,0.0
190,17,21.0,126.0,0.0,1.0,0.0
190,17,22.0,130.0,0.0,2.0,0.0
190,17,23.0,132.0,0.0,5.0,0.0
190,17,24.0,132.0,0.0,7.0,0.0
190,17,25.0,135.0,0.0,10.0,0.0
190,17,26.0,135.0,0.0,14.0,0.0
190,17,27.0,140.0,0.0,16.0,0.0
190,17,28.0,140.0,0.0,18.0,0.0
190,17,29.0,142.0,0.0,23.0,0.0
190,17,30.0,148.0,0.0,26.0,0.0
190,17,31.0,149.0,0.0,29.0,0.0
190,17,32.0,154.0,0.0,33.0,0.0
190,17,33.0,151.0,0.0,40.0,0.0
190,17,34.0,156.0,0.0,45.0,0.0
190,17,35.0,157.0,0.0,47.0,0.0
190,17,36.0,161.0,0.0,51.0,0.0
190,17,37.0,161.0,0.0,55.0,0.0
190,17,38.0,163.0,0.0,60.0,0.0
190,17,39.0,163.0,0.0,65.0,0.0
190,17,40.0,163.0,0.0,69.0,0.0
190,17,41.0,163.0,0.0,74.0,0.0
190,17,42.0,161.0,0.0,78.0,0.0
190,17,43.0,164.0,0.0,82.0,0.0
190,17,44.0,163.0,0.0,85.0,0.0
190,17,45.0,166.0,0.0,89.0,0.0
190,17,46.0,167.0,0.0,92.0,0.0
190,17,47.0,169.0,0.0,97.0,0.0
190,17,48.0,165.0,0.0,101.0,0.0
190,17,49.0,165.0,0.0,109.0,0.0
190,17,50.0,164.0,0.0,114.0,0.0
190,17,51.0,163.0,0.0,121.0,0.0
190,17,52.0,167.0,0.0,125.0,0.0
190,17,53.0,167.0,0.0,127.0,0.0
190,17,54.0,167.0,0.0,132.0,0.0
190,17,55.0,163.0,0.0,136.0,0.0
190,17,56.0,164.0,0.0,142.0,0.0
190,17,57.0,166.0,0.0,148.0,0.0
190,17,58.0,165.0,0.0,153.0,0.0
190,17,59.0,167.0,0.0,157.0,0.0
190,17,60.0,163.0,0.0,161.0,0.0
190,17,61.0,164.0,0.0,170.0,0.0
190,17,62.0,164.0,0.0,175.0,0.0
190,17,63.0,164.0,0.0,180.0,0.0
190,17,64.0,163.0,0.0,187.0,0.0
190,17,65.0,161.0,0.0,192.0,0.0
190,17,66.0,164.0,0.0,198.0,0.0
190,17,67.0,164.0,0.0,203.0,0.0
190,17,68.0,165.0,0.0,208.0,0.0
190,17,69.0,166.0,0.0,213.0,0.0
190,17,70.0,169.0,0.0,218.0,0.0
190,17,71.0,169.0,0.0,221.0,0.0
190,17,72.0,171.0,0.0,226.0,0.0
190,17,73.0,172.0,0.0,229.0,0.0
190,17,74.0,177.0,0.0,234.0,0.0
190,17,75.0,177.0,0.0,235.0,0.0
190,17,76.0,179.0,0.0,242.0,0.0
190,17,77.0,183.0,0.0,248.0,0.0
190,17,78.0,184.0,2.0,252.0,0.0
190,17,79.0,183.0,0.0,258.0,0.0
190,17,80.0,181.0,0.0,265.0,0.0
190,17,81.0,179.0,0.0,269.0,0.0
190,17,82.0,180.0,0.0,277.0,0.0
190,17,83.0,180.0,0.0,282.0,0.0
190,17,84.0,179.0,0.0,288.0,0.0
190,17,85.0,180.0,0.0,295.0,0.0
190,17,86.0,180.0,0.0,299.0,0.0
190,17,87.0,180.0,0.0,305.0,0.0
190,17,88.0,181.0,0.0,310.0,0.0
190,17,89.0,178.0,0.0,316.0,0.0
190,17,90.0,177.0,0.0,324.0,0.0
190,17,91.0,174.0,0.0,333.0,0.0
190,17,92.0,173.0,0.0,342.0,0.0
190,17,93.0,167.0,0.0,346.0,0.0
190,17,94.0,167.0,0.0,358.0,0.0
190,17,95.0,169.0,0.0,365.0,0.0
190,17,96.0,169.0,0.0,369.0,0.0
190,17,97.0,171.0,0.0,375.0,0.0
190,17,98.0,170.0,0.0,378.0,0.0
190,17,99.0,171.0,0.0,383.0,0.0
190,17,100.0,174.0,0.0,389.0,0.0
190,17,101.0,169.0,0.0,392.0,0.0
190,17,102.0,170.0,0.0,401.0,0.0
190,17,103.0,171.0,0.0,406.0,0.0
190,17,104.0,177.0,0.0,414.0,0.0
190,17,105.0,181.0,0.0,418.0,0.0
190,17,106.0,180.0,0.0,422.0,0.0
190,17,107.0,184.0,0.0,429.0,0.0
190,17,108.0,186.0,0.0,434.0,0.0
190,17,109.0,182.0,3.0,438.0,0.0
190,17,110.0,185.0,0.0,446.0,0.0
190,17,111.0,185.0,0.0,450.0,0.0
190,17,112.0,185.0,0.0,455.0,0.0
190,17,113.0,184.0,2.0,460.0,0.0
190,17,114.0,187.0,5.0,466.0,0.0
190,17,115.0,184.0,8.0,469.0,0.0
190,17,116.0,181.0,15.0,475.0,0.0
190,17,117.0,186.0,12.0,484.0,0.0
190,17,118.0,184.0,15.0,488.0,0.0
190,17,119.0,185.0,15.0,494.0,3.0
190,17,120.0,183.0,11.0,499.0,8.0
190,17,121.0,184.0,12.0,506.0,11.0
190,17,122.0,185.0,12.0,512.0,14.0
190,17,123.0,186.0,13.0,517.0,15.0
190,17,124.0,185.0,14.0,521.0,20.0
190,17,125.0,181.0,11.0,526.0,25.0
190,17,126.0,187.0,8.0,535.0,28.0
190,17,127.0,185.0,13.0,538.0,31.0
190,17,128.0,183.0,15.0,543.0,31.0
190,17,129.0,183.0,14.0,550.0,34.0
190,17,130.0,185.0,14.0,557.0,39.0
190,17,131.0,179.0,17.0,562.0,42.0
190,17,132.0,183.0,13.0,573.0,45.0
190,17,133.0,187.0,11.0,580.0,48.0
190,17,134.0,183.0,12.0,583.0,52.0
190,17,135.0,184.0,12.0,590.0,55.0
190,17,136.0,187.0,11.0,596.0,58.0
190,17,137.0,183.0,15.0,599.0,59.0
190,17,138.0,186.0,15.0,606.0,63.0
190,17,139.0,181.0,16.0,610.0,67.0
190,17,140.0,187.0,11.0,619.0,71.0
190,17,141.0,186.0,14.0,622.0,76.0
190,17,142.0,187.0,15.0,626.0,78.0
190,17,143.0,187.0,16.0,629.0,81.0
190,17,144.0,183.0,14.0,632.0,85.0
190,17,145.0,187.0,10.0,639.0,88.0
190,17,146.0,186.0,11.0,642.0,90.0
190,17,147.0,187.0,11.0,646.0,90.0
190,17,148.0,185.0,12.0,649.0,92.0
190,17,149.0,184.0,12.0,654.0,93.0
190,17,150.0,186.0,13.0,660.0,95.0
190,17,151.0,189.0,13.0,664.0,98.0
190,17,152.0,188.0,17.0,665.0,102.0
190,17,153.0,188.0,19.0,667.0,106.0
190,17,154.0,184.0,23.0,669.0,108.0
190,17,155.0,188.0,17.0,675.0,114.0
190,17,156.0,188.0,19.0,677.0,121.0
190,17,157.0,188.0,20.0,679.0,124.0
190,17,158.0,188.0,17.0,681.0,128.0
190,17,159.0,186.0,22.0,683.0,131.0
190,17,160.0,186.0,20.0,687.0,135.0
190,17,161.0,190.0,20.0,691.0,138.0
190,17,162.0,189.0,28.0,691.0,146.0
190,17,163.0,189.0,33.0,692.0,150.0
190,17,164.0,188.0,34.0,693.0,154.0
190,17,165.0,186.0,30.0,695.0,159.0
190,17,166.0,189.0,25.0,699.0,166.0
190,17,167.0,187.0,30.0,700.0,173.0
190,17,168.0,186.0,25.0,703.0,178.0
190,17,169.0,189.0,20.0,707.0,183.0
190,17,170.0,188.0,24.0,708.0,187.0
190,17,171.0,188.0,25.0,710.0,192.0
190,17,172.0,187.0,24.0,712.0,198.0
190,17,173.0,189.0,21.0,715.0,202.0
190,17,174.0,189.0,21.0,716.0,207.0
190,17,175.0,187.0,23.0,717.0,213.0
190,17,176.0,188.0,19.0,720.0,216.0
190,17,177.0,184.0,19.0,722.0,218.0
190,17,178.0,188.0,16.0,728.0,222.0
190,17,179.0,187.0,16.0,730.0,227.0
190,17,180.0,187.0,17.0,733.0,229.0
190,17,181.0,188.0,18.0,736.0,232.0
190,17,182.0,187.0,17.0,738.0,234.0
190,17,183.0,188.0,19.0,741.0,238.0
190,17,184.0,187.0,19.0,743.0,244.0
190,17,185.0,185.0,17.0,746.0,246.0
190,17,186.0,187.0,14.0,751.0,252.0
190,17,187.0,189.0,16.0,754.0,255.0
190,17,188.0,188.0,21.0,755.0,257.0
190,17,189.0,189.0,22.0,757.0,262.0
190,17,190.0,187.0,20.0,758.0,267.0
190,17,191.0,188.0,18.0,761.0,272.0
190,17,192.0,187.0,16.0,763.0,274.0
190,17,193.0,188.0,17.0,766.0,279.0
190,17,194.0,187.0,15.0,768.0,283.0
190,17,195.0,190.0,22.0,771.0,284.0
190,17,196.0,187.0,26.0,771.0,288.0
190,17,197.0,187.0,24.0,774.0,291.0
190,17,198.0,188.0,16.0,777.0,300.0
190,17,199.0,187.0,19.0,779.0,304.0
190,17,200.0,188.0,16.0,782.0,309.0
190,17,201.0,190.0,17.0,784.0,311.0
190,17,202.0,186.0,23.0,784.0,316.0
190,17,203.0,187.0,17.0,788.0,319.0
190,17,204.0,185.0,12.0,791.0,325.0
190,17,205.0,189.0,7.0,796.0,328.0
190,17,206.0,189.0,8.0,797.0,331.0
190,17,207.0,187.0,14.0,798.0,331.0
190,17,208.0,189.0,17.0,801.0,333.0
190,17,209.0,188.0,19.0,802.0,336.0
190,17,210.0,188.0,17.0,804.0,341.0
190,17,211.0,189.0,15.0,806.0,345.0
190,17,212.0,189.0,20.0,807.0,346.0
190,17,213.0,188.0,25.0,808.0,351.0
190,17,214.0,190.0,25.0,810.0,355.0
190,17,215.0,187.0,32.0,810.0,360.0
190,17,216.0,190.0,30.0,813.0,365.0
190,17,217.0,188.0,33.0,813.0,371.0
190,17,218.0,189.0,30.0,815.0,379.0
190,17,219.0,188.0,30.0,816.0,386.0
190,17,220.0,187.0,26.0,818.0,387.0
190,17,221.0,188.0,27.0,821.0,393.0
190,17,222.0,188.0,22.0,823.0,400.0
190,17,223.0,187.0,18.0,825.0,406.0
190,17,224.0,189.0,17.0,828.0,411.0
190,17,225.0,188.0,17.0,829.0,417.0
190,17,226.0,189.0,18.0,831.0,418.0
190,17,227.0,188.0,27.0,832.0,421.0
190,17,228.0,187.0,26.0,834.0,425.0
190,17,229.0,189.0,24.0,837.0,431.0
190,17,230.0,190.0,28.0,838.0,439.0
190,17,231.0,190.0,31.0,838.0,441.0
190,17,232.0,185.0,35.0,838.0,446.0
190,17,233.0,189.0,20.0,843.0,450.0
190,17,234.0,189.0,25.0,844.0,455.0
190,17,235.0,188.0,25.0,845.0,459.0
190,17,236.0,189.0,23.0,847.0,463.0
190,17,237.0,190.0,24.0,848.0,467.0
190,17,238.0,189.0,29.0,848.0,472.0
190,17,239.0,190.0,31.0,849.0,476.0
190,17,240.0,188.0,37.0,849.0,481.0
190,17,241.0,189.0,30.0,851.0,485.0
190,17,242.0,186.0,32.0,852.0,488.0
190,17,243.0,188.0,26.0,856.0,494.0
190,17,244.0,187.0,28.0,858.0,497.0
190,17,245.0,188.0,32.0,861.0,503.0
190,17,246.0,188.0,30.0,863.0,511.0
190,17,247.0,189.0,26.0,865.0,516.0
190,17,248.0,188.0,28.0,866.0,523.0
190,17,249.0,190.0,16.0,868.0,530.0
190,17,250.0,189.0,22.0,868.0,535.0
190,17,251.0,189.0,19.0,869.0,537.0
190,17,252.0,189.0,14.0,870.0,539.0
190,17,253.0,189.0,10.0,871.0,544.0
190,17,254.0,189.0,7.0,872.0,544.0
190,17,255.0,190.0,5.0,873.0,544.0
190,17,256.0,190.0,5.0,873.0,544.0
190,17,257.0,187.0,5.0,873.0,544.0
190,17,258.0,186.0,0.0,876.0,544.0
190,17,259.0,185.0,0.0,877.0,544.0
190,17,260.0,183.0,0.0,878.0,544.0
190,17,261.0,182.0,0.0,880.0,544.0
190,17,262.0,182.0,0.0,881.0,544.0
190,17,263.0,181.0,0.0,881.0,544.0
190,17,264.0,181.0,0.0,882.0,544.0
190,17,265.0,178.0,0.0,882.0,544.0
190,17,266.0,176.0,0.0,885.0,544.0
190,17,267.0,172.0,0.0,887.0,544.0
190,17,268.0,171.0,0.0,891.0,544.0
190,17,269.0,170.0,0.0,892.0,544.0
190,17,270.0,169.0,0.0,893.0,544.0
190,17,271.0,168.0,0.0,894.0,544.0
190,17,272.0,167.0,0.0,895.0,544.0
190,17,273.0,165.0,0.0,896.0,544.0
190,17,274.0,165.0,0.0,898.0,544.0
190,17,275.0,164.0,0.0,898.0,544.0
190,17,276.0,162.0,0.0,899.0,544.0
190,17,277.0,161.0,0.0,901.0,544.0
190,17,278.0,160.0,0.0,902.0,544.0
190,17,279.0,159.0,0.0,903.0,544.0
190,17,280.0,159.0,0.0,904.0,544.0
190,17,281.0,159.0,0.0,904.0,544.0
190,17,282.0,159.0,0.0,904.0,544.0
190,17,283.0,158.0,0.0,904.0,544.0
190,17,284.0,158.0,0.0,905.0,544.0
190,17,285.0,158.0,0.0,905.0,544.0
190,17,286.0,158.0,0.0,905.0,544.0
190,17,287.0,157.0,0.0,905.0,544.0
190,17,288.0,157.0,0.0,906.0,544.0
190,18,0.0,4.0,0.0,0.0,0.0
190,18,1.0,12.0,0.0,0.0,0.0
190,18,2.0,19.0,0.0,0.0,0.0
190,18,3.0,22.0,0.0,0.0,0.0
190,18,4.0,28.0,0.0,0.0,0.0
190,18,5.0,35.0,0.0,0.0,0.0
190,18,6.0,38.0,0.0,0.0,0.0
190,18,7.0,47.0,0.0,0.0,0.0
190,18,8.0,55.0,0.0,0.0,0.0
190,18,9.0,61.0,0.0,0.0,0.0
190,18,10.0,66.0,0.0,0.0,0.0
190,18,11.0,70.0,0.0,0.0,0.0
190,18,12.0,75.0,0.0,1.0,0.0
190,18,13.0,81.0,0.0,1.0,0.0
190,18,14.0,89.0,0.0,1.0,0.0
190,18,15.0,94.0,0.0,1.0,0.0
190,18,16.0,98.0,0.0,1.0,0.0
190,18,17.0,101.0,0.0,1.0,0.0
190,18,18.0,109.0,0.0,1.0,0.0
190,18,19.0,114.0,0.0,1.0,0.0
190,18,20.0,119.0,0.0,1.0,0.0
190,18,21.0,124.0,0.0,1.0,0.0
190,18,22.0,127.0,0.0,1.0,0.0
190,18,23.0,134.0,0.0,3.0,0.0
190,18,24.0,138.0,0.0,3.0,0.0
190,18,25.0,141.0,0.0,5.0,0.0
190,18,26.0,146.0,0.0,9.0,0.0
190,18,27.0,151.0,0.0,11.0,0.0
190,18,28.0,152.0,0.0,13.0,0.0
190,18,29.0,158.0,0.0,18.0,0.0
190,18,30.0,158.0,0.0,22.0,0.0
190,18,31.0,159.0,0.0,25.0,0.0
190,18,32.0,158.0,0.0,27.0,0.0
190,18,33.0,162.0,0.0,35.0,0.0
190,18,34.0,165.0,0.0,40.0,0.0
190,18,35.0,173.0,0.0,48.0,0.0
190,18,36.0,177.0,0.0,50.0,0.0
190,18,37.0,181.0,0.0,53.0,0.0
190,18,38.0,179.0,0.0,55.0,0.0
190,18,39.0,177.0,0.0,59.0,0.0
190,18,40.0,178.0,0.0,65.0,0.0
190,18,41.0,176.0,0.0,69.0,0.0
190,18,42.0,176.0,0.0,73.0,0.0
190,18,43.0,178.0,0.0,78.0,0.0
190,18,44.0,181.0,0.0,82.0,0.0
190,18,45.0,180.0,0.0,84.0,0.0
190,18,46.0,180.0,0.0,90.0,0.0
190,18,47.0,182.0,0.0,94.0,0.0
190,18,48.0,185.0,0.0,98.0,0.0
190,18,49.0,185.0,2.0,100.0,0.0
190,18,50.0,182.0,6.0,105.0,0.0
190,18,51.0,184.0,1.0,113.0,0.0
190,18,52.0,181.0,0.0,119.0,0.0
190,18,53.0,183.0,1.0,128.0,0.0
190,18,54.0,181.0,0.0,135.0,0.0
190,18,55.0,178.0,0.0,143.0,0.0
190,18,56.0,172.0,0.0,149.0,0.0
190,18,57.0,173.0,0.0,158.0,0.0
190,18,58.0,175.0,0.0,162.0,0.0
190,18,59.0,177.0,0.0,168.0,0.0
190,18,60.0,176.0,0.0,175.0,0.0
190,18,61.0,172.0,0.0,181.0,0.0
190,18,62.0,171.0,0.0,189.0,0.0
190,18,63.0,176.0,0.0,197.0,0.0
190,18,64.0,177.0,0.0,200.0,0.0
190,18,65.0,173.0,0.0,206.0,0.0
190,18,66.0,171.0,0.0,213.0,0.0
190,18,67.0,169.0,0.0,219.0,0.0
190,18,68.0,172.0,0.0,227.0,0.0
190,18,69.0,172.0,0.0,233.0,0.0
190,18,70.0,175.0,0.0,237.0,0.0
190,18,71.0,178.0,0.0,238.0,0.0
190,18,72.0,178.0,0.0,242.0,0.0
190,18,73.0,176.0,0.0,250.0,0.0
190,18,74.0,177.0,0.0,256.0,0.0
190,18,75.0,174.0,0.0,261.0,0.0
190,18,76.0,171.0,0.0,267.0,0.0
190,18,77.0,174.0,0.0,274.0,0.0
190,18,78.0,168.0,0.0,277.0,0.0
190,18,79.0,166.0,0.0,286.0,0.0
190,18,80.0,166.0,0.0,292.0,0.0
190,18,81.0,160.0,0.0,298.0,0.0
190,18,82.0,159.0,0.0,307.0,0.0
190,18,83.0,159.0,0.0,315.0,0.0
190,18,84.0,156.0,0.0,321.0,0.0
190,18,85.0,159.0,0.0,329.0,0.0
190,18,86.0,157.0,0.0,334.0,0.0
190,18,87.0,158.0,0.0,337.0,0.0
190,18,88.0,156.0,0.0,342.0,0.0
190,18,89.0,157.0,0.0,346.0,0.0
190,18,90.0,158.0,0.0,349.0,0.0
190,18,91.0,160.0,0.0,353.0,0.0
190,18,92.0,163.0,0.0,357.0,0.0
190,18,93.0,170.0,0.0,362.0,0.0
190,18,94.0,170.0,0.0,366.0,0.0
190,18,95.0,171.0,0.0,371.0,0.0
190,18,96.0,169.0,0.0,375.0,0.0
190,18,97.0,171.0,0.0,384.0,0.0
190,18,98.0,171.0,0.0,389.0,0.0
190,18,99.0,168.0,0.0,395.0,0.0
190,18,100.0,169.0,0.0,403.0,0.0
190,18,101.0,172.0,0.0,408.0,0.0
190,18,102.0,171.0,0.0,410.0,0.0
190,18,103.0,173.0,0.0,417.0,0.0
190,18,104.0,175.0,0.0,425.0,0.0
190,18,105.0,173.0,0.0,430.0,0.0
190,18,106.0,179.0,0.0,437.0,0.0
190,18,107.0,182.0,0.0,441.0,0.0
190,18,108.0,185.0,0.0,447.0,0.0
190,18,109.0,185.0,1.0,451.0,0.0
190,18,110.0,187.0,0.0,456.0,0.0
190,18,111.0,182.0,3.0,459.0,0.0
190,18,112.0,183.0,5.0,467.0,0.0
190,18,113.0,184.0,3.0,474.0,0.0
190,18,114.0,186.0,1.0,480.0,0.0
190,18,115.0,182.0,2.0,484.0,0.0
190,18,116.0,182.0,0.0,492.0,0.0
190,18,117.0,182.0,0.0,499.0,0.0
190,18,118.0,180.0,0.0,505.0,0.0
190,18,119.0,180.0,0.0,513.0,0.0
190,18,120.0,179.0,0.0,516.0,0.0
190,18,121.0,183.0,0.0,521.0,0.0
190,18,122.0,181.0,0.0,524.0,0.0
190,18,123.0,186.0,0.0,531.0,0.0
190,18,124.0,180.0,0.0,533.0,0.0
190,18,125.0,183.0,0.0,543.0,0.0
190,18,126.0,179.0,0.0,548.0,0.0
190,18,127.0,184.0,0.0,554.0,0.0
190,18,128.0,182.0,0.0,557.0,0.0
190,18,129.0,176.0,0.0,565.0,0.0
190,18,130.0,175.0,0.0,574.0,0.0
190,18,131.0,176.0,0.0,581.0,0.0
190,18,132.0,177.0,0.0,585.0,0.0
190,18,133.0,172.0,0.0,589.0,0.0
190,18,134.0,168.0,0.0,596.0,0.0
190,18,135.0,169.0,0.0,603.0,0.0
190,18,136.0,171.0,0.0,608.0,0.0
190,18,137.0,169.0,0.0,613.0,0.0
190,18,138.0,167.0,0.0,620.0,0.0
190,18,139.0,171.0,0.0,629.0,0.0
190,18,140.0,166.0,0.0,632.0,0.0
190,18,141.0,168.0,0.0,639.0,0.0
190,18,142.0,168.0,0.0,644.0,0.0
190,18,143.0,173.0,0.0,650.0,0.0
190,18,144.0,165.0,0.0,655.0,0.0
190,18,145.0,169.0,0.0,666.0,0.0
190,18,146.0,169.0,0.0,668.0,0.0
190,18,147.0,171.0,0.0,672.0,0.0
190,18,148.0,169.0,0.0,675.0,0.0
190,18,149.0,167.0,0.0,680.0,0.0
190,18,150.0,164.0,0.0,687.0,0.0
190,18,151.0,163.0,0.0,694.0,0.0
190,18,152.0,164.0,0.0,697.0,0.0
190,18,153.0,165.0,0.0,699.0,0.0
190,18,154.0,169.0,0.0,706.0,0.0
190,18,155.0,171.0,0.0,711.0,0.0
190,18,156.0,171.0,0.0,713.0,0.0
190,18,157.0,172.0,0.0,720.0,0.0
190,18,158.0,172.0,0.0,726.0,0.0
190,18,159.0,169.0,0.0,728.0,0.0
190,18,160.0,175.0,0.0,735.0,0.0
190,18,161.0,175.0,0.0,736.0,0.0
190,18,162.0,171.0,0.0,743.0,0.0
190,18,163.0,174.0,0.0,750.0,0.0
190,18,164.0,176.0,0.0,752.0,0.0
190,18,165.0,183.0,0.0,757.0,0.0
190,18,166.0,184.0,0.0,759.0,0.0
190,18,167.0,181.0,0.0,764.0,0.0
190,18,168.0,186.0,1.0,772.0,0.0
190,18,169.0,184.0,2.0,776.0,0.0
190,18,170.0,185.0,0.0,782.0,0.0
190,18,171.0,183.0,0.0,787.0,0.0
190,18,172.0,178.0,0.0,793.0,0.0
190,18,173.0,176.0,0.0,802.0,0.0
190,18,174.0,174.0,0.0,808.0,0.0
190,18,175.0,176.0,0.0,816.0,0.0
190,18,176.0,178.0,0.0,820.0,0.0
190,18,177.0,177.0,0.0,823.0,0.0
190,18,178.0,168.0,0.0,829.0,0.0
190,18,179.0,167.0,0.0,840.0,0.0
190,18,180.0,172.0,0.0,846.0,0.0
190,18,181.0,175.0,0.0,849.0,0.0
190,18,182.0,175.0,0.0,854.0,0.0
190,18,183.0,170.0,0.0,860.0,0.0
190,18,184.0,173.0,0.0,868.0,0.0
190,18,185.0,169.0,0.0,874.0,0.0
190,18,186.0,168.0,0.0,883.0,0.0
190,18,187.0,164.0,0.0,891.0,0.0
190,18,188.0,161.0,0.0,900.0,0.0
190,18,189.0,164.0,0.0,907.0,0.0
190,18,190.0,162.0,0.0,912.0,0.0
190,18,191.0,159.0,0.0,918.0,0.0
190,18,192.0,155.0,0.0,926.0,0.0
190,18,193.0,155.0,0.0,932.0,0.0
190,18,194.0,155.0,0.0,939.0,0.0
190,18,195.0,155.0,0.0,945.0,0.0
190,18,196.0,154.0,0.0,950.0,0.0
190,18,197.0,155.0,0.0,954.0,0.0
190,18,198.0,159.0,0.0,957.0,0.0
190,18,199.0,160.0,0.0,959.0,0.0
190,18,200.0,162.0,0.0,964.0,0.0
190,18,201.0,164.0,0.0,967.0,0.0
190,18,202.0,166.0,0.0,971.0,0.0
190,18,203.0,166.0,0.0,975.0,0.0
190,18,204.0,164.0,0.0,980.0,0.0
190,18,205.0,168.0,0.0,989.0,0.0
190,18,206.0,167.0,0.0,994.0,0.0
190,18,207.0,168.0,0.0,1001.0,0.0
190,18,208.0,162.0,0.0,1007.0,0.0
190,18,209.0,164.0,0.0,1019.0,0.0
190,18,210.0,164.0,0.0,1023.0,0.0
190,18,211.0,164.0,0.0,1029.0,0.0
190,18,212.0,165.0,0.0,1034.0,0.0
190,18,213.0,163.0,0.0,1038.0,0.0
190,18,214.0,163.0,0.0,1043.0,0.0
190,18,215.0,167.0,0.0,1049.0,0.0
190,18,216.0,165.0,0.0,1052.0,0.0
190,18,217.0,165.0,0.0,1056.0,0.0
190,18,218.0,163.0,0.0,1063.0,0.0
190,18,219.0,159.0,0.0,1068.0,0.0
190,18,220.0,161.0,0.0,1074.0,0.0
190,18,221.0,162.0,0.0,1077.0,0.0
190,18,222.0,165.0,0.0,1082.0,0.0
190,18,223.0,166.0,0.0,1087.0,0.0
190,18,224.0,168.0,0.0,1089.0,0.0
190,18,225.0,170.0,0.0,1092.0,0.0
190,18,226.0,177.0,0.0,1095.0,0.0
190,18,227.0,174.0,0.0,1096.0,0.0
190,18,228.0,174.0,0.0,1101.0,0.0
190,18,229.0,172.0,0.0,1107.0,0.0
190,18,230.0,172.0,0.0,1114.0,0.0
190,18,231.0,174.0,0.0,1120.0,0.0
190,18,232.0,173.0,0.0,1125.0,0.0
190,18,233.0,175.0,0.0,1131.0,0.0
190,18,234.0,178.0,0.0,1135.0,0.0
190,18,235.0,176.0,0.0,1137.0,0.0
190,18,236.0,175.0,0.0,1145.0,0.0
190,18,237.0,175.0,0.0,1154.0,0.0
190,18,238.0,177.0,0.0,1159.0,0.0
190,18,239.0,176.0,0.0,1161.0,0.0
190,18,240.0,171.0,0.0,1167.0,0.0
190,18,241.0,167.0,0.0,1175.0,0.0
190,18,242.0,169.0,0.0,1182.0,0.0
190,18,243.0,169.0,0.0,1185.0,0.0
190,18,244.0,169.0,0.0,1191.0,0.0
190,18,245.0,172.0,0.0,1196.0,0.0
190,18,246.0,173.0,0.0,1200.0,0.0
190,18,247.0,177.0,0.0,1204.0,0.0
190,18,248.0,171.0,0.0,1206.0,0.0
190,18,249.0,172.0,0.0,1215.0,0.0
190,18,250.0,172.0,0.0,1220.0,0.0
190,18,251.0,167.0,0.0,1227.0,0.0
190,18,252.0,160.0,0.0,1232.0,0.0
190,18,253.0,156.0,0.0,1239.0,0.0
190,18,254.0,151.0,0.0,1243.0,0.0
190,18,255.0,146.0,0.0,1248.0,0.0
190,18,256.0,141.0,0.0,1253.0,0.0
190,18,257.0,131.0,0.0,1258.0,0.0
190,18,258.0,127.0,0.0,1268.0,0.0
190,18,259.0,121.0,0.0,1272.0,0.0
190,18,260.0,116.0,0.0,1278.0,0.0
190,18,261.0,109.0,0.0,1283.0,0.0
190,18,262.0,102.0,0.0,1290.0,0.0
190,18,263.0,93.0,0.0,1297.0,0.0
190,18,264.0,88.0,0.0,1306.0,0.0
190,18,265.0,83.0,0.0,1311.0,0.0
190,18,266.0,75.0,0.0,1316.0,0.0
190,18,267.0,68.0,0.0,1324.0,0.0
190,18,268.0,63.0,0.0,1331.0,0.0
190,18,269.0,59.0,0.0,1336.0,0.0
190,18,270.0,55.0,0.0,1340.0,0.0
190,18,271.0,53.0,0.0,1344.0,0.0
190,18,272.0,50.0,0.0,1346.0,0.0
190,18,273.0,43.0,0.0,1349.0,0.0
190,18,274.0,40.0,0.0,1356.0,0.0
190,18,275.0,38.0,0.0,1359.0,0.0
190,18,276.0,36.0,0.0,1361.0,0.0
190,18,277.0,34.0,0.0,1363.0,0.0
190,18,278.0,30.0,0.0,1365.0,0.0
190,18,279.0,28.0,0.0,1369.0,0.0
190,18,280.0,26.0,0.0,1371.0,0.0
190,18,281.0,25.0,0.0,1373.0,0.0
190,18,282.0,25.0,0.0,1374.0,0.0
190,18,283.0,23.0,0.0,1374.0,0.0
190,18,284.0,23.0,0.0,1376.0,0.0
190,18,285.0,23.0,0.0,1376.0,0.0
190,18,286.0,22.0,0.0,1376.0,0.0
190,18,287.0,21.0,0.0,1377.0,0.0
190,18,288.0,19.0,0.0,1378.0,0.0
190,18,289.0,19.0,0.0,1380.0,0.0
190,18,290.0,18.0,0.0,1380.0,0.0
190,18,291.0,17.0,0.0,1381.0,0.0
190,18,292.0,15.0,0.0,1382.0,0.0
190,18,293.0,14.0,0.0,1384.0,0.0
190,18,294.0,14.0,0.0,1385.0,0.0
190,18,295.0,14.0,0.0,1385.0,0.0
190,18,296.0,10.0,0.0,1385.0,0.0
190,18,297.0,9.0,0.0,1389.0,0.0
190,18,298.0,8.0,0.0,1390.0,0.0
190,18,299.0,8.0,0.0,1391.0,0.0
190,18,300.0,8.0,0.0,1391.0,0.0
190,18,301.0,6.0,0.0,1391.0,0.0
190,18,302.0,6.0,0.0,1393.0,0.0
190,18,303.0,6.0,0.0,1393.0,0.0
190,18,304.0,6.0,0.0,1393.0,0.0
190,18,305.0,5.0,0.0,1393.0,0.0
190,18,306.0,4.0,0.0,1394.0,0.0
190,18,307.0,4.0,0.0,1395.0,0.0
190,18,308.0,4.0,0.0,1395.0,0.0
190,18,309.0,4.0,0.0,1395.0,0.0
190,18,310.0,3.0,0.0,1395.0,0.0
190,18,311.0,3.0,0.0,1396.0,0.0
190,18,312.0,3.0,0.0,1396.0,0.0
190,18,313.0,3.0,0.0,1396.0,0.0
190,18,314.0,3.0,0.0,1396.0,0.0
190,18,315.0,3.0,0.0,1396.0,0.0
190,18,316.0,1.0,0.0,1396.0,0.0
190,18,317.0,1.0,0.0,1398.0,0.0
190,18,318.0,0.0,0.0,1398.0,0.0
190,18,319.0,0.0,0.0,1399.0,0.0
190,19,0.0,4.0,0.0,0.0,0.0
190,19,1.0,10.0,0.0,0.0,0.0
190,19,2.0,17.0,0.0,0.0,0.0
190,19,3.0,20.0,0.0,0.0,0.0
190,19,4.0,25.0,0.0,0.0,0.0
190,19,5.0,30.0,0.0,0.0,0.0
190,19,6.0,35.0,0.0,0.0,0.0
190,19,7.0,39.0,0.0,0.0,0.0
190,19,8.0,47.0,0.0,0.0,0.0
190,19,9.0,56.0,0.0,0.0,0.0
190,19,10.0,63.0,0.0,0.0,0.0
190,19,11.0,66.0,0.0,0.0,0.0
190,19,12.0,69.0,0.0,0.0,0.0
190,19,13.0,72.0,0.0,0.0,0.0
190,19,14.0,77.0,0.0,0.0,0.0
190,19,15.0,83.0,0.0,0.0,0.0
190,19,16.0,88.0,0.0,0.0,0.0
190,19,17.0,91.0,0.0,0.0,0.0
190,19,18.0,94.0,0.0,0.0,0.0
190,19,19.0,99.0,0.0,1.0,0.0
190,19,20.0,102.0,0.0,1.0,0.0
190,19,21.0,110.0,0.0,4.0,0.0
190,19,22.0,113.0,0.0,4.0,0.0
190,19,23.0,116.0,0.0,5.0,0.0
190,19,24.0,120.0,0.0,6.0,0.0
190,19,25.0,122.0,0.0,7.0,0.0
190,19,26.0,125.0,0.0,9.0,0.0
190,19,27.0,133.0,0.0,11.0,0.0
190,19,28.0,137.0,0.0,13.0,0.0
190,19,29.0,142.0,0.0,17.0,0.0
190,19,30.0,147.0,0.0,19.0,0.0
190,19,31.0,153.0,0.0,22.0,0.0
190,19,32.0,156.0,0.0,23.0,0.0
190,19,33.0,161.0,0.0,29.0,0.0
190,19,34.0,164.0,0.0,31.0,0.0
190,19,35.0,165.0,0.0,33.0,0.0
190,19,36.0,168.0,0.0,38.0,0.0
190,19,37.0,174.0,0.0,43.0,0.0
190,19,38.0,174.0,0.0,45.0,0.0
190,19,39.0,175.0,0.0,50.0,0.0
190,19,40.0,177.0,0.0,54.0,0.0
190,19,41.0,183.0,0.0,59.0,0.0
190,19,42.0,181.0,0.0,61.0,0.0
190,19,43.0,178.0,0.0,66.0,0.0
190,19,44.0,174.0,0.0,75.0,0.0
190,19,45.0,170.0,0.0,83.0,0.0
190,19,46.0,171.0,0.0,93.0,0.0
190,19,47.0,171.0,0.0,99.0,0.0
190,19,48.0,169.0,0.0,104.0,0.0
190,19,49.0,169.0,0.0,110.0,0.0
190,19,50.0,171.0,0.0,115.0,0.0
190,19,51.0,176.0,0.0,118.0,0.0
190,19,52.0,170.0,0.0,122.0,0.0
190,19,53.0,173.0,0.0,133.0,0.0
190,19,54.0,171.0,0.0,139.0,0.0
190,19,55.0,173.0,0.0,144.0,0.0
190,19,56.0,171.0,0.0,147.0,0.0
190,19,57.0,167.0,0.0,153.0,0.0
190,19,58.0,169.0,0.0,158.0,0.0
190,19,59.0,169.0,0.0,163.0,0.0
190,19,60.0,165.0,0.0,168.0,0.0
190,19,61.0,162.0,0.0,176.0,0.0
190,19,62.0,164.0,0.0,184.0,0.0
190,19,63.0,167.0,0.0,191.0,0.0
190,19,64.0,166.0,0.0,195.0,0.0
190,19,65.0,166.0,0.0,201.0,0.0
190,19,66.0,165.0,0.0,205.0,0.0
190,19,67.0,169.0,0.0,210.0,0.0
190,19,68.0,169.0,0.0,214.0,0.0
190,19,69.0,170.0,0.0,216.0,0.0
190,19,70.0,175.0,0.0,221.0,0.0
190,19,71.0,183.0,0.0,224.0,0.0
190,19,72.0,180.0,0.0,226.0,0.0
190,19,73.0,181.0,0.0,235.0,0.0
190,19,74.0,178.0,0.0,240.0,0.0
190,19,75.0,182.0,0.0,249.0,0.0
190,19,76.0,179.0,0.0,252.0,0.0
190,19,77.0,179.0,0.0,261.0,0.0
190,19,78.0,177.0,0.0,265.0,0.0
190,19,79.0,181.0,0.0,272.0,0.0
190,19,80.0,184.0,0.0,276.0,0.0
190,19,81.0,187.0,4.0,281.0,0.0
190,19,82.0,184.0,5.0,284.0,0.0
190,19,83.0,184.0,5.0,290.0,0.0
190,19,84.0,187.0,8.0,296.0,0.0
190,19,85.0,186.0,8.0,299.0,0.0
190,19,86.0,186.0,16.0,303.0,0.0
190,19,87.0,183.0,17.0,307.0,5.0
190,19,88.0,184.0,13.0,314.0,6.0
190,19,89.0,185.0,10.0,320.0,14.0
190,19,90.0,184.0,13.0,325.0,17.0
190,19,91.0,186.0,12.0,331.0,19.0
190,19,92.0,183.0,11.0,335.0,21.0
190,19,93.0,184.0,8.0,342.0,26.0
190,19,94.0,185.0,6.0,348.0,28.0
190,19,95.0,184.0,11.0,353.0,28.0
190,19,96.0,183.0,12.0,359.0,29.0
190,19,97.0,183.0,9.0,366.0,29.0
190,19,98.0,185.0,6.0,373.0,31.0
190,19,99.0,182.0,5.0,378.0,35.0
190,19,100.0,188.0,2.0,386.0,37.0
190,19,101.0,183.0,4.0,388.0,37.0
190,19,102.0,178.0,0.0,395.0,37.0
190,19,103.0,180.0,0.0,406.0,37.0
190,19,104.0,174.0,0.0,410.0,37.0
190,19,105.0,173.0,0.0,419.0,37.0
190,19,106.0,171.0,0.0,423.0,37.0
190,19,107.0,166.0,0.0,430.0,37.0
190,19,108.0,164.0,0.0,438.0,37.0
190,19,109.0,165.0,0.0,445.0,37.0
190,19,110.0,168.0,0.0,447.0,37.0
190,19,111.0,167.0,0.0,447.0,37.0
190,19,112.0,167.0,0.0,452.0,37.0
190,19,113.0,171.0,0.0,457.0,37.0
190,19,114.0,168.0,0.0,461.0,37.0
190,19,115.0,164.0,0.0,465.0,37.0
190,19,116.0,169.0,0.0,472.0,37.0
190,19,117.0,171.0,0.0,472.0,37.0
190,19,118.0,172.0,0.0,473.0,37.0
190,19,119.0,173.0,0.0,479.0,37.0
190,19,120.0,175.0,0.0,484.0,37.0
190,19,121.0,175.0,0.0,487.0,37.0
190,19,122.0,173.0,0.0,493.0,37.0
190,19,123.0,173.0,0.0,498.0,37.0
190,19,124.0,173.0,0.0,504.0,37.0
190,19,125.0,177.0,0.0,510.0,37.0
190,19,126.0,181.0,0.0,510.0,37.0
190,19,127.0,181.0,0.0,514.0,37.0
190,19,128.0,183.0,0.0,518.0,37.0
190,19,129.0,184.0,0.0,523.0,37.0
190,19,130.0,187.0,1.0,526.0,37.0
190,19,131.0,189.0,6.0,529.0,37.0
190,19,132.0,184.0,12.0,530.0,37.0
190,19,133.0,188.0,16.0,536.0,37.0
190,19,134.0,186.0,19.0,538.0,40.0
190,19,135.0,184.0,20.0,542.0,43.0
190,19,136.0,186.0,11.0,548.0,50.0
190,19,137.0,186.0,9.0,552.0,53.0
190,19,138.0,184.0,10.0,556.0,58.0
190,19,139.0,183.0,11.0,562.0,60.0
190,19,140.0,184.0,11.0,569.0,61.0
190,19,141.0,184.0,11.0,575.0,62.0
190,19,142.0,188.0,11.0,581.0,66.0
190,19,143.0,180.0,13.0,583.0,70.0
190,19,144.0,183.0,11.0,593.0,73.0
190,19,145.0,187.0,7.0,600.0,75.0
190,19,146.0,184.0,11.0,603.0,76.0
190,19,147.0,186.0,13.0,609.0,79.0
190,19,148.0,187.0,14.0,613.0,79.0
190,19,149.0,182.0,15.0,616.0,82.0
190,19,150.0,181.0,9.0,624.0,88.0
190,19,151.0,185.0,6.0,633.0,90.0
190,19,152.0,187.0,8.0,638.0,90.0
190,19,153.0,188.0,10.0,641.0,90.0
190,19,154.0,186.0,12.0,643.0,90.0
190,19,155.0,184.0,13.0,647.0,94.0
190,19,156.0,186.0,15.0,653.0,97.0
190,19,157.0,188.0,15.0,657.0,98.0
190,19,158.0,187.0,15.0,659.0,103.0
190,19,159.0,187.0,12.0,662.0,108.0
190,19,160.0,189.0,15.0,665.0,109.0
190,19,161.0,185.0,19.0,666.0,111.0
190,19,162.0,186.0,13.0,671.0,115.0
190,19,163.0,187.0,18.0,675.0,119.0
190,19,164.0,187.0,21.0,678.0,121.0
190,19,165.0,188.0,21.0,681.0,123.0
190,19,166.0,186.0,16.0,683.0,129.0
190,19,167.0,187.0,13.0,687.0,133.0
190,19,168.0,186.0,15.0,690.0,136.0
190,19,169.0,187.0,17.0,694.0,137.0
190,19,170.0,189.0,18.0,697.0,140.0
190,19,171.0,186.0,20.0,698.0,143.0
190,19,172.0,187.0,17.0,702.0,146.0
190,19,173.0,187.0,19.0,705.0,152.0
190,19,174.0,182.0,13.0,708.0,156.0
190,19,175.0,185.0,8.0,716.0,158.0
190,19,176.0,189.0,7.0,721.0,163.0
190,19,177.0,187.0,14.0,722.0,163.0
190,19,178.0,190.0,19.0,725.0,164.0
190,19,179.0,189.0,29.0,725.0,167.0
190,19,180.0,186.0,34.0,726.0,172.0
190,19,181.0,188.0,30.0,730.0,178.0
190,19,182.0,188.0,26.0,732.0,187.0
190,19,183.0,189.0,21.0,734.0,194.0
190,19,184.0,189.0,24.0,735.0,198.0
190,19,185.0,188.0,21.0,736.0,201.0
190,19,186.0,186.0,20.0,738.0,206.0
190,19,187.0,186.0,17.0,742.0,208.0
190,19,188.0,186.0,15.0,746.0,212.0
190,19,189.0,186.0,15.0,750.0,216.0
190,19,190.0,189.0,13.0,754.0,217.0
190,19,191.0,188.0,10.0,755.0,221.0
190,19,192.0,189.0,12.0,757.0,223.0
190,19,193.0,185.0,18.0,758.0,224.0
190,19,194.0,186.0,15.0,763.0,227.0
190,19,195.0,187.0,20.0,767.0,229.0
190,19,196.0,185.0,19.0,770.0,233.0
190,19,197.0,187.0,19.0,775.0,235.0
190,19,198.0,188.0,19.0,778.0,240.0
190,19,199.0,188.0,16.0,780.0,244.0
190,19,200.0,188.0,17.0,782.0,247.0
190,19,201.0,188.0,22.0,784.0,252.0
190,19,202.0,189.0,17.0,786.0,254.0
190,19,203.0,187.0,25.0,787.0,256.0
190,19,204.0,188.0,25.0,790.0,262.0
190,19,205.0,187.0,23.0,792.0,266.0
190,19,206.0,188.0,16.0,795.0,275.0
190,19,207.0,189.0,15.0,797.0,278.0
190,19,208.0,189.0,22.0,798.0,280.0
190,19,209.0,187.0,27.0,799.0,284.0
190,19,210.0,188.0,24.0,802.0,288.0
190,19,211.0,188.0,27.0,804.0,295.0
190,19,212.0,187.0,26.0,806.0,298.0
190,19,213.0,188.0,24.0,809.0,303.0
190,19,214.0,187.0,23.0,811.0,311.0
190,19,215.0,188.0,20.0,814.0,317.0
190,19,216.0,188.0,19.0,816.0,319.0
190,19,217.0,189.0,21.0,818.0,325.0
190,19,218.0,187.0,27.0,819.0,329.0
190,19,219.0,189.0,22.0,822.0,332.0
190,19,220.0,187.0,26.0,823.0,335.0
190,19,221.0,189.0,22.0,826.0,339.0
190,19,222.0,187.0,25.0,827.0,346.0
190,19,223.0,189.0,14.0,830.0,352.0
190,19,224.0,187.0,21.0,831.0,352.0
190,19,225.0,187.0,24.0,834.0,355.0
190,19,226.0,186.0,24.0,837.0,361.0
190,19,227.0,188.0,18.0,841.0,366.0
190,19,228.0,189.0,22.0,843.0,370.0
190,19,229.0,189.0,21.0,844.0,375.0
190,19,230.0,188.0,23.0,845.0,378.0
190,19,231.0,187.0,21.0,847.0,381.0
190,19,232.0,190.0,19.0,850.0,384.0
190,19,233.0,189.0,24.0,850.0,390.0
190,19,234.0,186.0,27.0,851.0,395.0
190,19,235.0,187.0,22.0,855.0,398.0
190,19,236.0,188.0,24.0,858.0,401.0
190,19,237.0,190.0,24.0,860.0,406.0
190,19,238.0,189.0,29.0,860.0,414.0
190,19,239.0,187.0,32.0,861.0,420.0
190,19,240.0,187.0,17.0,864.0,422.0
190,19,241.0,188.0,19.0,867.0,425.0
190,19,242.0,188.0,17.0,869.0,429.0
190,19,243.0,189.0,18.0,871.0,433.0
190,19,244.0,188.0,23.0,872.0,437.0
190,19,245.0,188.0,19.0,874.0,438.0
190,19,246.0,189.0,23.0,876.0,443.0
190,19,247.0,188.0,23.0,877.0,448.0
190,19,248.0,188.0,17.0,879.0,452.0
190,19,249.0,190.0,18.0,881.0,457.0
190,19,250.0,187.0,23.0,881.0,458.0
190,19,251.0,189.0,14.0,884.0,463.0
190,19,252.0,189.0,10.0,885.0,467.0
190,19,253.0,189.0,9.0,886.0,471.0
190,19,254.0,189.0,4.0,887.0,471.0
190,19,255.0,188.0,0.0,888.0,472.0
190,19,256.0,187.0,0.0,889.0,472.0
190,19,257.0,187.0,0.0,890.0,472.0
190,19,258.0,186.0,0.0,890.0,472.0
190,19,259.0,183.0,0.0,891.0,472.0
190,19,260.0,180.0,0.0,894.0,472.0
190,19,261.0,180.0,0.0,897.0,472.0
190,19,262.0,180.0,0.0,897.0,472.0
190,19,263.0,179.0,0.0,897.0,472.0
190,19,264.0,177.0,0.0,898.0,472.0
190,19,265.0,175.0,0.0,900.0,472.0
190,19,266.0,174.0,0.0,902.0,472.0
190,19,267.0,171.0,0.0,903.0,472.0
190,19,268.0,170.0,0.0,906.0,472.0
190,19,269.0,169.0,0.0,907.0,472.0
190,19,270.0,168.0,0.0,908.0,472.0
190,19,271.0,167.0,0.0,909.0,472.0
190,19,272.0,166.0,0.0,910.0,472.0
190,19,273.0,165.0,0.0,911.0,472.0
190,19,274.0,165.0,0.0,912.0,472.0
190,19,275.0,162.0,0.0,912.0,472.0
190,19,276.0,162.0,0.0,915.0,472.0
190,19,277.0,161.0,0.0,915.0,472.0
190,19,278.0,159.0,0.0,916.0,472.0
190,19,279.0,159.0,0.0,918.0,472.0
190,19,280.0,159.0,0.0,918.0,472.0
190,19,281.0,159.0,0.0,918.0,472.0
190,19,282.0,159.0,0.0,918.0,472.0
190,19,283.0,159.0,0.0,918.0,472.0
190,19,284.0,159.0,0.0,918.0,472.0
190,19,285.0,159.0,0.0,918.0,472.0
190,19,286.0,159.0,0.0,918.0,472.0
190,19,287.0,159.0,0.0,918.0,472.0
190,19,288.0,159.0,0.0,918.0,472.0
190,19,289.0,159.0,0.0,918.0,472.0
190,19,290.0,159.0,0.0,918.0,472.0
190,19,291.0,159.0,0.0,918.0,472.0
190,19,292.0,159.0,0.0,918.0,472.0
190,19,293.0,158.0,0.0,918.0,472.0
190,19,294.0,158.0,0.0,919.0,472.0
190,20,0.0,8.0,0.0,0.0,0.0
190,20,1.0,16.0,0.0,0.0,0.0
190,20,2.0,24.0,0.0,0.0,0.0
190,20,3.0,34.0,0.0,0.0,0.0
190,20,4.0,38.0,0.0,0.0,0.0
190,20,5.0,42.0,0.0,0.0,0.0
190,20,6.0,47.0,0.0,0.0,0.0
190,20,7.0,51.0,0.0,0.0,0.0
190,20,8.0,59.0,0.0,0.0,0.0
190,20,9.0,65.0,0.0,0.0,0.0
190,20,10.0,68.0,0.0,0.0,0.0
190,20,11.0,73.0,0.0,0.0,0.0
190,20,12.0,80.0,0.0,0.0,0.0
190,20,13.0,85.0,0.0,0.0,0.0
190,20,14.0,89.0,0.0,0.0,0.0
190,20,15.0,96.0,0.0,0.0,0.0
190,20,16.0,101.0,0.0,0.0,0.0
190,20,17.0,102.0,0.0,1.0,0.0
190,20,18.0,106.0,0.0,2.0,0.0
190,20,19.0,116.0,0.0,2.0,0.0
190,20,20.0,117.0,0.0,2.0,0.0
190,20,21.0,121.0,0.0,6.0,0.0
190,20,22.0,125.0,0.0,7.0,0.0
190,20,23.0,127.0,0.0,7.0,0.0
190,20,24.0,128.0,0.0,10.0,0.0
190,20,25.0,129.0,0.0,14.0,0.0
190,20,26.0,131.0,0.0,18.0,0.0
190,20,27.0,134.0,0.0,21.0,0.0
190,20,28.0,136.0,0.0,23.0,0.0
190,20,29.0,135.0,0.0,28.0,0.0
190,20,30.0,139.0,0.0,32.0,0.0
190,20,31.0,139.0,0.0,34.0,0.0
190,20,32.0,140.0,0.0,39.0,0.0
190,20,33.0,145.0,0.0,45.0,0.0
190,20,34.0,150.0,0.0,47.0,0.0
190,20,35.0,153.0,0.0,50.0,0.0
190,20,36.0,157.0,0.0,55.0,0.0
190,20,37.0,156.0,0.0,57.0,0.0
190,20,38.0,158.0,0.0,61.0,0.0
190,20,39.0,159.0,0.0,65.0,0.0
190,20,40.0,163.0,0.0,69.0,0.0
190,20,41.0,164.0,0.0,71.0,0.0
190,20,42.0,167.0,0.0,76.0,0.0
190,20,43.0,168.0,0.0,80.0,0.0
190,20,44.0,168.0,0.0,84.0,0.0
190,20,45.0,171.0,0.0,90.0,0.0
190,20,46.0,171.0,0.0,94.0,0.0
190,20,47.0,170.0,0.0,99.0,0.0
190,20,48.0,164.0,0.0,104.0,0.0
190,20,49.0,167.0,0.0,115.0,0.0
190,20,50.0,163.0,0.0,119.0,0.0
190,20,51.0,159.0,0.0,126.0,0.0
190,20,52.0,162.0,0.0,131.0,0.0
190,20,53.0,163.0,0.0,135.0,0.0
190,20,54.0,157.0,0.0,139.0,0.0
190,20,55.0,158.0,0.0,148.0,0.0
190,20,56.0,154.0,0.0,152.0,0.0
190,20,57.0,154.0,0.0,161.0,0.0
190,20,58.0,156.0,0.0,164.0,0.0
190,20,59.0,154.0,0.0,169.0,0.0
190,20,60.0,153.0,0.0,176.0,0.0
190,20,61.0,154.0,0.0,181.0,0.0
190,20,62.0,155.0,0.0,185.0,0.0
190,20,63.0,155.0,0.0,189.0,0.0
190,20,64.0,155.0,0.0,195.0,0.0
190,20,65.0,158.0,0.0,201.0,0.0
190,20,66.0,162.0,0.0,205.0,0.0
190,20,67.0,162.0,0.0,208.0,0.0
190,20,68.0,164.0,0.0,211.0,0.0
190,20,69.0,162.0,0.0,218.0,0.0
190,20,70.0,160.0,0.0,226.0,0.0
190,20,71.0,162.0,0.0,235.0,0.0
190,20,72.0,156.0,0.0,237.0,0.0
190,20,73.0,155.0,0.0,247.0,0.0
190,20,74.0,153.0,0.0,252.0,0.0
190,20,75.0,153.0,0.0,257.0,0.0
190,20,76.0,154.0,0.0,262.0,0.0
190,20,77.0,159.0,0.0,269.0,0.0
190,20,78.0,159.0,0.0,273.0,0.0
190,20,79.0,162.0,0.0,279.0,0.0
190,20,80.0,158.0,0.0,283.0,0.0
190,20,81.0,155.0,0.0,294.0,0.0
190,20,82.0,154.0,0.0,300.0,0.0
190,20,83.0,157.0,0.0,304.0,0.0
190,20,84.0,158.0,0.0,310.0,0.0
190,20,85.0,164.0,0.0,314.0,0.0
190,20,86.0,160.0,0.0,317.0,0.0
190,20,87.0,164.0,0.0,324.0,0.0
190,20,88.0,164.0,0.0,327.0,0.0
190,20,89.0,165.0,0.0,330.0,0.0
190,20,90.0,168.0,0.0,335.0,0.0
190,20,91.0,169.0,0.0,337.0,0.0
190,20,92.0,168.0,0.0,342.0,0.0
190,20,93.0,168.0,0.0,347.0,0.0
190,20,94.0,166.0,0.0,352.0,0.0
190,20,95.0,165.0,0.0,359.0,0.0
190,20,96.0,170.0,0.0,362.0,0.0
190,20,97.0,167.0,0.0,365.0,0.0
190,20,98.0,167.0,0.0,372.0,0.0
190,20,99.0,159.0,0.0,377.0,0.0
190,20,100.0,156.0,0.0,389.0,0.0
190,20,101.0,157.0,0.0,396.0,0.0
190,20,102.0,155.0,0.0,400.0,0.0
190,20,103.0,152.0,0.0,409.0,0.0
190,20,104.0,152.0,0.0,416.0,0.0
190,20,105.0,150.0,0.0,421.0,0.0
190,20,106.0,154.0,0.0,428.0,0.0
190,20,107.0,153.0,0.0,433.0,0.0
190,20,108.0,151.0,0.0,437.0,0.0
190,20,109.0,150.0,0.0,441.0,0.0
190,20,110.0,150.0,0.0,447.0,0.0
190,20,111.0,148.0,0.0,452.0,0.0
190,20,112.0,145.0,0.0,457.0,0.0
190,20,113.0,143.0,0.0,463.0,0.0
190,20,114.0,143.0,0.0,471.0,0.0
190,20,115.0,141.0,0.0,476.0,0.0
190,20,116.0,144.0,0.0,480.0,0.0
190,20,117.0,144.0,0.0,483.0,0.0
190,20,118.0,143.0,0.0,489.0,0.0
190,20,119.0,142.0,0.0,494.0,0.0
190,20,120.0,135.0,0.0,497.0,0.0
190,20,121.0,139.0,0.0,506.0,0.0
190,20,122.0,141.0,0.0,509.0,0.0
190,20,123.0,140.0,0.0,513.0,0.0
190,20,124.0,139.0,0.0,517.0,0.0
190,20,125.0,140.0,0.0,523.0,0.0
190,20,126.0,142.0,0.0,526.0,0.0
190,20,127.0,144.0,0.0,529.0,0.0
190,20,128.0,143.0,0.0,532.0,0.0
190,20,129.0,142.0,0.0,538.0,0.0
190,20,130.0,142.0,0.0,545.0,0.0
190,20,131.0,141.0,0.0,549.0,0.0
190,20,132.0,146.0,0.0,552.0,0.0
190,20,133.0,148.0,0.0,554.0,0.0
190,20,134.0,152.0,0.0,557.0,0.0
190,20,135.0,155.0,0.0,562.0,0.0
190,20,136.0,159.0,0.0,566.0,0.0
190,20,137.0,159.0,0.0,571.0,0.0
190,20,138.0,159.0,0.0,574.0,0.0
190,20,139.0,159.0,0.0,580.0,0.0
190,20,140.0,156.0,0.0,586.0,0.0
190,20,141.0,157.0,0.0,593.0,0.0
190,20,142.0,161.0,0.0,597.0,0.0
190,20,143.0,166.0,0.0,600.0,0.0
190,20,144.0,165.0,0.0,602.0,0.0
190,20,145.0,160.0,0.0,606.0,0.0
190,20,146.0,160.0,0.0,614.0,0.0
190,20,147.0,161.0,0.0,620.0,0.0
190,20,148.0,164.0,0.0,627.0,0.0
190,20,149.0,164.0,0.0,630.0,0.0
190,20,150.0,164.0,0.0,634.0,0.0
190,20,151.0,171.0,0.0,642.0,0.0
190,20,152.0,173.0,0.0,644.0,0.0
190,20,153.0,171.0,0.0,648.0,0.0
190,20,154.0,173.0,0.0,654.0,0.0
190,20,155.0,175.0,0.0,661.0,0.0
190,20,156.0,173.0,0.0,665.0,0.0
190,20,157.0,171.0,0.0,671.0,0.0
190,20,158.0,173.0,0.0,676.0,0.0
190,20,159.0,173.0,0.0,679.0,0.0
190,20,160.0,170.0,0.0,684.0,0.0
190,20,161.0,170.0,0.0,690.0,0.0
190,20,162.0,168.0,0.0,694.0,0.0
190,20,163.0,171.0,0.0,700.0,0.0
190,20,164.0,168.0,0.0,703.0,0.0
190,20,165.0,167.0,0.0,712.0,0.0
190,20,166.0,165.0,0.0,717.0,0.0
190,20,167.0,166.0,0.0,723.0,0.0
190,20,168.0,161.0,0.0,727.0,0.0
190,20,169.0,159.0,0.0,736.0,0.0
190,20,170.0,162.0,0.0,743.0,0.0
190,20,171.0,160.0,0.0,749.0,0.0
190,20,172.0,161.0,0.0,754.0,0.0
190,20,173.0,162.0,0.0,758.0,0.0
190,20,174.0,159.0,0.0,762.0,0.0
190,20,175.0,162.0,0.0,771.0,0.0
190,20,176.0,160.0,0.0,774.0,0.0
190,20,177.0,160.0,0.0,780.0,0.0
190,20,178.0,156.0,0.0,788.0,0.0
190,20,179.0,151.0,0.0,795.0,0.0
190,20,180.0,158.0,0.0,801.0,0.0
190,20,181.0,154.0,0.0,803.0,0.0
190,20,182.0,156.0,0.0,812.0,0.0
190,20,183.0,158.0,0.0,815.0,0.0
190,20,184.0,159.0,0.0,821.0,0.0
190,20,185.0,158.0,0.0,826.0,0.0
190,20,186.0,159.0,0.0,832.0,0.0
190,20,187.0,163.0,0.0,836.0,0.0
190,20,188.0,164.0,0.0,839.0,0.0
190,20,189.0,164.0,0.0,842.0,0.0
190,20,190.0,163.0,0.0,846.0,0.0
190,20,191.0,166.0,0.0,853.0,0.0
190,20,192.0,161.0,0.0,856.0,0.0
190,20,193.0,162.0,0.0,863.0,0.0
190,20,194.0,164.0,0.0,868.0,0.0
190,20,195.0,164.0,0.0,872.0,0.0
190,20,196.0,166.0,0.0,876.0,0.0
190,20,197.0,163.0,0.0,879.0,0.0
190,20,198.0,158.0,0.0,886.0,0.0
190,20,199.0,159.0,0.0,895.0,0.0
190,20,200.0,165.0,0.0,901.0,0.0
190,20,201.0,169.0,0.0,903.0,0.0
190,20,202.0,167.0,0.0,907.0,0.0
190,20,203.0,169.0,0.0,914.0,0.0
190,20,204.0,172.0,0.0,918.0,0.0
190,20,205.0,171.0,0.0,923.0,0.0
190,20,206.0,172.0,0.0,928.0,0.0
190,20,207.0,171.0,0.0,933.0,0.0
190,20,208.0,168.0,0.0,939.0,0.0
190,20,209.0,171.0,0.0,947.0,0.0
190,20,210.0,170.0,0.0,951.0,0.0
190,20,211.0,172.0,0.0,956.0,0.0
190,20,212.0,173.0,0.0,960.0,0.0
190,20,213.0,171.0,0.0,966.0,0.0
190,20,214.0,171.0,0.0,971.0,0.0
190,20,215.0,173.0,0.0,974.0,0.0
190,20,216.0,168.0,0.0,978.0,0.0
190,20,217.0,165.0,0.0,987.0,0.0
190,20,218.0,168.0,0.0,993.0,0.0
190,20,219.0,167.0,0.0,996.0,0.0
190,20,220.0,162.0,0.0,1003.0,0.0
190,20,221.0,163.0,0.0,1011.0,0.0
190,20,222.0,164.0,0.0,1015.0,0.0
190,20,223.0,171.0,0.0,1019.0,0.0
190,20,224.0,175.0,0.0,1023.0,0.0
190,20,225.0,173.0,0.0,1027.0,0.0
190,20,226.0,164.0,0.0,1034.0,0.0
190,20,227.0,162.0,0.0,1045.0,0.0
190,20,228.0,160.0,0.0,1051.0,0.0
190,20,229.0,164.0,0.0,1059.0,0.0
190,20,230.0,165.0,0.0,1063.0,0.0
190,20,231.0,168.0,0.0,1067.0,0.0
190,20,232.0,171.0,0.0,1070.0,0.0
190,20,233.0,174.0,0.0,1074.0,0.0
190,20,234.0,173.0,0.0,1080.0,0.0
190,20,235.0,171.0,0.0,1086.0,0.0
190,20,236.0,174.0,0.0,1092.0,0.0
190,20,237.0,174.0,0.0,1095.0,0.0
190,20,238.0,173.0,0.0,1100.0,0.0
190,20,239.0,175.0,0.0,1104.0,0.0
190,20,240.0,177.0,0.0,1107.0,0.0
190,20,241.0,181.0,0.0,1112.0,0.0
190,20,242.0,176.0,0.0,1117.0,0.0
190,20,243.0,171.0,0.0,1128.0,0.0
190,20,244.0,173.0,0.0,1136.0,0.0
190,20,245.0,176.0,0.0,1141.0,0.0
190,20,246.0,175.0,0.0,1144.0,0.0
190,20,247.0,179.0,0.0,1153.0,0.0
190,20,248.0,179.0,0.0,1156.0,0.0
190,20,249.0,175.0,0.0,1162.0,0.0
190,20,250.0,177.0,0.0,1169.0,0.0
190,20,251.0,172.0,0.0,1174.0,0.0
190,20,252.0,167.0,0.0,1179.0,0.0
190,20,253.0,163.0,0.0,1184.0,0.0
190,20,254.0,158.0,0.0,1188.0,0.0
190,20,255.0,152.0,0.0,1193.0,0.0
190,20,256.0,146.0,0.0,1199.0,0.0
190,20,257.0,140.0,0.0,1205.0,0.0
190,20,258.0,134.0,0.0,1211.0,0.0
190,20,259.0,129.0,0.0,1217.0,0.0
190,20,260.0,126.0,0.0,1222.0,0.0
190,20,261.0,119.0,0.0,1225.0,0.0
190,20,262.0,115.0,0.0,1232.0,0.0
190,20,263.0,111.0,0.0,1236.0,0.0
190,20,264.0,105.0,0.0,1240.0,0.0
190,20,265.0,99.0,0.0,1246.0,0.0
190,20,266.0,95.0,0.0,1252.0,0.0
190,20,267.0,88.0,0.0,1256.0,0.0
190,20,268.0,84.0,0.0,1263.0,0.0
190,20,269.0,76.0,0.0,1267.0,0.0
190,20,270.0,71.0,0.0,1275.0,0.0
190,20,271.0,67.0,0.0,1280.0,0.0
190,20,272.0,62.0,0.0,1284.0,0.0
190,20,273.0,59.0,0.0,1289.0,0.0
190,20,274.0,54.0,0.0,1292.0,0.0
190,20,275.0,52.0,0.0,1297.0,0.0
190,20,276.0,50.0,0.0,1299.0,0.0
190,20,277.0,45.0,0.0,1301.0,0.0
190,20,278.0,42.0,0.0,1306.0,0.0
190,20,279.0,40.0,0.0,1309.0,0.0
190,20,280.0,39.0,0.0,1311.0,0.0
190,20,281.0,38.0,0.0,1312.0,0.0
190,20,282.0,36.0,0.0,1313.0,0.0
190,20,283.0,36.0,0.0,1315.0,0.0
190,20,284.0,35.0,0.0,1315.0,0.0
190,20,285.0,33.0,0.0,1316.0,0.0
190,20,286.0,30.0,0.0,1318.0,0.0
190,20,287.0,29.0,0.0,1321.0,0.0
190,20,288.0,29.0,0.0,1322.0,0.0
190,20,289.0,28.0,0.0,1322.0,0.0
190,20,290.0,23.0,0.0,1323.0,0.0
190,20,291.0,21.0,0.0,1328.0,0.0
190,20,292.0,18.0,0.0,1330.0,0.0
190,20,293.0,17.0,0.0,1333.0,0.0
190,20,294.0,17.0,0.0,1334.0,0.0
190,20,295.0,16.0,0.0,1334.0,0.0
190,20,296.0,16.0,0.0,1335.0,0.0
190,20,297.0,15.0,0.0,1335.0,0.0
190,20,298.0,12.0,0.0,1336.0,0.0
190,20,299.0,11.0,0.0,1339.0,0.0
190,20,300.0,10.0,0.0,1340.0,0.0
190,20,301.0,9.0,0.0,1341.0,0.0
190,20,302.0,8.0,0.0,1342.0,0.0
190,20,303.0,7.0,0.0,1343.0,0.0
190,20,304.0,7.0,0.0,1344.0,0.0
190,20,305.0,7.0,0.0,1344.0,0.0
190,20,306.0,5.0,0.0,1344.0,0.0
190,20,307.0,4.0,0.0,1346.0,0.0
190,20,308.0,3.0,0.0,1347.0,0.0
190,20,309.0,3.0,0.0,1348.0,0.0
190,20,310.0,2.0,0.0,1348.0,0.0
190,20,311.0,2.0,0.0,1349.0,0.0
190,20,312.0,2.0,0.0,1349.0,0.0
190,20,313.0,2.0,0.0,1349.0,0.0
190,20,314.0,2.0,0.0,1349.0,0.0
190,20,315.0,2.0,0.0,1349.0,0.0
190,20,316.0,2.0,0.0,1349.0,0.0
190,20,317.0,2.0,0.0,1349.0,0.0
190,20,318.0,2.0,0.0,1349.0,0.0
190,20,319.0,1.0,0.0,1349.0,0.0
190,20,320.0,0.0,0.0,1350.0,0.0
190,20,321.0,0.0,0.0,1351.0,0.0
190,21,0.0,7.0,0.0,0.0,0.0
190,21,1.0,15.0,0.0,0.0,0.0
190,21,2.0,20.0,0.0,0.0,0.0
190,21,3.0,26.0,0.0,0.0,0.0
190,21,4.0,30.0,0.0,0.0,0.0
190,21,5.0,35.0,0.0,0.0,0.0
190,21,6.0,42.0,0.0,0.0,0.0
190,21,7.0,45.0,0.0,0.0,0.0
190,21,8.0,51.0,0.0,0.0,0.0
190,21,9.0,54.0,0.0,0.0,0.0
190,21,10.0,62.0,0.0,0.0,0.0
190,21,11.0,69.0,0.0,0.0,0.0
190,21,12.0,76.0,0.0,0.0,0.0
190,21,13.0,82.0,0.0,0.0,0.0
190,21,14.0,84.0,0.0,1.0,0.0
190,21,15.0,89.0,0.0,1.0,0.0
190,21,16.0,93.0,0.0,1.0,0.0
190,21,17.0,99.0,0.0,1.0,0.0
190,21,18.0,105.0,0.0,2.0,0.0
190,21,19.0,109.0,0.0,2.0,0.0
190,21,20.0,111.0,0.0,2.0,0.0
190,21,21.0,112.0,0.0,4.0,0.0
190,21,22.0,116.0,0.0,7.0,0.0
190,21,23.0,119.0,0.0,8.0,0.0
190,21,24.0,123.0,0.0,9.0,0.0
190,21,25.0,127.0,0.0,14.0,0.0
190,21,26.0,130.0,0.0,16.0,0.0
190,21,27.0,134.0,0.0,19.0,0.0
190,21,28.0,139.0,0.0,23.0,0.0
190,21,29.0,146.0,0.0,24.0,0.0
190,21,30.0,151.0,0.0,26.0,0.0
190,21,31.0,155.0,0.0,28.0,0.0
190,21,32.0,157.0,0.0,30.0,0.0
190,21,33.0,158.0,0.0,32.0,0.0
190,21,34.0,157.0,0.0,37.0,0.0
190,21,35.0,158.0,0.0,42.0,0.0
190,21,36.0,163.0,0.0,48.0,0.0
190,21,37.0,166.0,0.0,51.0,0.0
190,21,38.0,166.0,0.0,54.0,0.0
190,21,39.0,164.0,0.0,60.0,0.0
190,21,40.0,167.0,0.0,65.0,0.0
190,21,41.0,170.0,0.0,70.0,0.0
190,21,42.0,174.0,0.0,73.0,0.0
190,21,43.0,177.0,0.0,79.0,0.0
190,21,44.0,177.0,0.0,84.0,0.0
190,21,45.0,175.0,0.0,91.0,0.0
190,21,46.0,172.0,0.0,95.0,0.0
190,21,47.0,170.0,0.0,102.0,0.0
190,21,48.0,173.0,0.0,109.0,0.0
190,21,49.0,171.0,0.0,111.0,0.0
190,21,50.0,176.0,0.0,118.0,0.0
190,21,51.0,174.0,0.0,122.0,0.0
190,21,52.0,175.0,0.0,127.0,0.0
190,21,53.0,174.0,0.0,131.0,0.0
190,21,54.0,177.0,0.0,137.0,0.0
190,21,55.0,179.0,0.0,140.0,0.0
190,21,56.0,182.0,0.0,144.0,0.0
190,21,57.0,182.0,0.0,151.0,0.0
190,21,58.0,182.0,0.0,156.0,0.0
190,21,59.0,185.0,0.0,161.0,0.0
190,21,60.0,185.0,2.0,163.0,0.0
190,21,61.0,185.0,4.0,168.0,0.0
190,21,62.0,185.0,4.0,173.0,0.0
190,21,63.0,187.0,3.0,178.0,0.0
190,21,64.0,187.0,11.0,181.0,0.0
190,21,65.0,182.0,15.0,184.0,0.0
190,21,66.0,184.0,11.0,192.0,0.0
190,21,67.0,187.0,10.0,198.0,5.0
190,21,68.0,188.0,14.0,201.0,8.0
190,21,69.0,179.0,16.0,203.0,10.0
190,21,70.0,184.0,7.0,214.0,12.0
190,21,71.0,183.0,7.0,220.0,16.0
190,21,72.0,184.0,2.0,227.0,18.0
190,21,73.0,178.0,2.0,233.0,18.0
190,21,74.0,176.0,0.0,245.0,18.0
190,21,75.0,175.0,0.0,253.0,18.0
190,21,76.0,176.0,0.0,258.0,18.0
190,21,77.0,180.0,0.0,266.0,18.0
190,21,78.0,182.0,0.0,269.0,18.0
190,21,79.0,174.0,0.0,273.0,18.0
190,21,80.0,172.0,0.0,284.0,18.0
190,21,81.0,174.0,0.0,288.0,18.0
190,21,82.0,171.0,0.0,294.0,18.0
190,21,83.0,171.0,0.0,299.0,18.0
190,21,84.0,173.0,0.0,308.0,18.0
190,21,85.0,175.0,0.0,313.0,18.0
190,21,86.0,177.0,0.0,317.0,18.0
190,21,87.0,178.0,0.0,322.0,18.0
190,21,88.0,179.0,0.0,326.0,18.0
190,21,89.0,178.0,0.0,331.0,18.0
190,21,90.0,183.0,0.0,337.0,18.0
190,21,91.0,183.0,2.0,338.0,18.0
190,21,92.0,186.0,2.0,345.0,18.0
190,21,93.0,187.0,2.0,349.0,18.0
190,21,94.0,187.0,4.0,352.0,18.0
190,21,95.0,185.0,5.0,355.0,18.0
190,21,96.0,185.0,6.0,360.0,18.0
190,21,97.0,187.0,7.0,365.0,19.0
190,21,98.0,184.0,8.0,368.0,19.0
190,21,99.0,182.0,6.0,374.0,19.0
190,21,100.0,184.0,6.0,382.0,21.0
190,21,101.0,182.0,6.0,388.0,21.0
190,21,102.0,185.0,3.0,396.0,21.0
190,21,103.0,188.0,2.0,401.0,21.0
190,21,104.0,188.0,6.0,403.0,21.0
190,21,105.0,184.0,7.0,405.0,21.0
190,21,106.0,184.0,7.0,411.0,21.0
190,21,107.0,179.0,6.0,417.0,24.0
190,21,108.0,179.0,0.0,428.0,25.0
190,21,109.0,175.0,0.0,436.0,25.0
190,21,110.0,173.0,0.0,443.0,25.0
190,21,111.0,172.0,0.0,451.0,25.0
190,21,112.0,172.0,0.0,456.0,25.0
190,21,113.0,174.0,0.0,459.0,25.0
190,21,114.0,177.0,0.0,462.0,25.0
190,21,115.0,176.0,0.0,465.0,25.0
190,21,116.0,177.0,0.0,471.0,25.0
190,21,117.0,179.0,0.0,477.0,25.0
190,21,118.0,180.0,0.0,480.0,25.0
190,21,119.0,181.0,0.0,485.0,25.0
190,21,120.0,178.0,0.0,490.0,25.0
190,21,121.0,179.0,0.0,495.0,25.0
190,21,122.0,180.0,0.0,501.0,25.0
190,21,123.0,181.0,0.0,505.0,25.0
190,21,124.0,177.0,0.0,510.0,25.0
190,21,125.0,176.0,0.0,518.0,25.0
190,21,126.0,173.0,0.0,523.0,25.0
190,21,127.0,173.0,0.0,529.0,25.0
190,21,128.0,177.0,0.0,532.0,25.0
190,21,129.0,180.0,0.0,536.0,25.0
190,21,130.0,182.0,0.0,539.0,25.0
190,21,131.0,182.0,0.0,542.0,25.0
190,21,132.0,182.0,0.0,549.0,25.0
190,21,133.0,183.0,0.0,554.0,25.0
190,21,134.0,181.0,0.0,557.0,25.0
190,21,135.0,185.0,0.0,562.0,25.0
190,21,136.0,182.0,0.0,566.0,25.0
190,21,137.0,182.0,0.0,572.0,25.0
190,21,138.0,185.0,0.0,577.0,25.0
190,21,139.0,187.0,2.0,580.0,25.0
190,21,140.0,187.0,8.0,583.0,25.0
190,21,141.0,185.0,10.0,586.0,25.0
190,21,142.0,179.0,14.0,591.0,25.0
190,21,143.0,184.0,7.0,602.0,28.0
190,21,144.0,187.0,6.0,608.0,30.0
190,21,145.0,184.0,11.0,611.0,31.0
190,21,146.0,186.0,9.0,617.0,32.0
190,21,147.0,181.0,9.0,621.0,35.0
190,21,148.0,184.0,7.0,630.0,37.0
190,21,149.0,188.0,5.0,636.0,39.0
190,21,150.0,185.0,9.0,638.0,39.0
190,21,151.0,185.0,10.0,643.0,39.0
190,21,152.0,187.0,10.0,648.0,40.0
190,21,153.0,185.0,16.0,651.0,43.0
190,21,154.0,185.0,14.0,656.0,47.0
190,21,155.0,188.0,13.0,661.0,50.0
190,21,156.0,186.0,13.0,663.0,57.0
190,21,157.0,185.0,14.0,667.0,58.0
190,21,158.0,183.0,14.0,672.0,61.0
190,21,159.0,182.0,14.0,679.0,64.0
190,21,160.0,186.0,11.0,687.0,67.0
190,21,161.0,184.0,15.0,691.0,71.0
190,21,162.0,189.0,16.0,697.0,74.0
190,21,163.0,186.0,21.0,698.0,77.0
190,21,164.0,185.0,18.0,702.0,81.0
190,21,165.0,183.0,15.0,707.0,87.0
190,21,166.0,188.0,14.0,714.0,92.0
190,21,167.0,181.0,19.0,716.0,95.0
190,21,168.0,185.0,13.0,725.0,99.0
190,21,169.0,185.0,10.0,730.0,103.0
190,21,170.0,185.0,9.0,735.0,108.0
190,21,171.0,190.0,9.0,740.0,112.0
190,21,172.0,183.0,16.0,740.0,113.0
190,21,173.0,184.0,13.0,747.0,115.0
190,21,174.0,185.0,11.0,753.0,118.0
190,21,175.0,189.0,15.0,758.0,122.0
190,21,176.0,186.0,20.0,759.0,124.0
190,21,177.0,188.0,24.0,763.0,127.0
190,21,178.0,187.0,21.0,765.0,133.0
190,21,179.0,189.0,18.0,768.0,136.0
190,21,180.0,187.0,23.0,769.0,144.0
190,21,181.0,187.0,16.0,772.0,147.0
190,21,182.0,187.0,19.0,775.0,150.0
190,21,183.0,188.0,17.0,778.0,155.0
190,21,184.0,187.0,23.0,780.0,157.0
190,21,185.0,188.0,24.0,783.0,162.0
190,21,186.0,189.0,24.0,785.0,165.0
190,21,187.0,188.0,26.0,786.0,170.0
190,21,188.0,189.0,20.0,788.0,177.0
190,21,189.0,185.0,24.0,789.0,182.0
190,21,190.0,184.0,12.0,794.0,186.0
190,21,191.0,188.0,15.0,800.0,188.0
190,21,192.0,188.0,16.0,802.0,191.0
190,21,193.0,189.0,16.0,804.0,193.0
190,21,194.0,188.0,17.0,805.0,199.0
190,21,195.0,185.0,17.0,807.0,201.0
190,21,196.0,189.0,12.0,812.0,204.0
190,21,197.0,189.0,17.0,813.0,205.0
190,21,198.0,189.0,16.0,814.0,211.0
190,21,199.0,186.0,19.0,815.0,211.0
190,21,200.0,188.0,14.0,819.0,214.0
190,21,201.0,183.0,17.0,821.0,220.0
190,21,202.0,190.0,12.0,828.0,225.0
190,21,203.0,187.0,18.0,828.0,227.0
190,21,204.0,187.0,21.0,831.0,229.0
190,21,205.0,189.0,16.0,834.0,236.0
190,21,206.0,187.0,17.0,835.0,239.0
190,21,207.0,186.0,17.0,838.0,243.0
190,21,208.0,189.0,21.0,842.0,246.0
190,21,209.0,190.0,22.0,843.0,249.0
190,21,210.0,187.0,29.0,843.0,253.0
190,21,211.0,190.0,24.0,846.0,263.0
190,21,212.0,186.0,28.0,846.0,266.0
190,21,213.0,189.0,14.0,850.0,271.0
190,21,214.0,187.0,18.0,851.0,273.0
190,21,215.0,186.0,20.0,854.0,277.0
190,21,216.0,188.0,14.0,858.0,282.0
190,21,217.0,189.0,19.0,860.0,285.0
190,21,218.0,187.0,22.0,861.0,288.0
190,21,219.0,190.0,24.0,864.0,290.0
190,21,220.0,186.0,28.0,864.0,298.0
190,21,221.0,189.0,20.0,868.0,304.0
190,21,222.0,188.0,19.0,869.0,308.0
190,21,223.0,187.0,19.0,871.0,310.0
190,21,224.0,188.0,19.0,874.0,314.0
190,21,225.0,189.0,19.0,876.0,318.0
190,21,226.0,184.0,26.0,877.0,322.0
190,21,227.0,189.0,15.0,883.0,327.0
190,21,228.0,188.0,15.0,884.0,331.0
190,21,229.0,188.0,10.0,886.0,338.0
190,21,230.0,190.0,13.0,888.0,340.0
190,21,231.0,187.0,21.0,888.0,341.0
190,21,232.0,189.0,24.0,891.0,342.0
190,21,233.0,187.0,29.0,892.0,347.0
190,21,234.0,189.0,26.0,895.0,354.0
190,21,235.0,188.0,31.0,896.0,360.0
190,21,236.0,190.0,21.0,898.0,364.0
190,21,237.0,186.0,31.0,898.0,368.0
190,21,238.0,190.0,24.0,902.0,374.0
190,21,239.0,189.0,29.0,902.0,378.0
190,21,240.0,186.0,35.0,903.0,387.0
190,21,241.0,189.0,20.0,907.0,390.0
190,21,242.0,190.0,19.0,908.0,394.0
190,21,243.0,188.0,25.0,908.0,400.0
190,21,244.0,189.0,27.0,910.0,403.0
190,21,245.0,187.0,27.0,911.0,404.0
190,21,246.0,189.0,27.0,914.0,407.0
190,21,247.0,188.0,31.0,915.0,414.0
190,21,248.0,189.0,21.0,917.0,421.0
190,21,249.0,189.0,26.0,918.0,427.0
190,21,250.0,189.0,25.0,919.0,431.0
190,21,251.0,187.0,19.0,920.0,433.0
190,21,252.0,189.0,8.0,923.0,438.0
190,21,253.0,189.0,7.0,924.0,441.0
190,21,254.0,187.0,5.0,925.0,443.0
190,21,255.0,186.0,0.0,928.0,445.0
190,21,256.0,185.0,0.0,929.0,445.0
190,21,257.0,184.0,0.0,930.0,445.0
190,21,258.0,183.0,0.0,931.0,445.0
190,21,259.0,181.0,0.0,932.0,445.0
190,21,260.0,179.0,0.0,934.0,445.0
190,21,261.0,179.0,0.0,936.0,445.0
190,21,262.0,176.0,0.0,936.0,445.0
190,21,263.0,176.0,0.0,939.0,445.0
190,21,264.0,175.0,0.0,939.0,445.0
190,21,265.0,172.0,0.0,940.0,445.0
190,21,266.0,172.0,0.0,943.0,445.0
190,21,267.0,172.0,0.0,943.0,445.0
190,21,268.0,168.0,0.0,943.0,445.0
190,21,269.0,167.0,0.0,947.0,445.0
190,21,270.0,166.0,0.0,948.0,445.0
190,21,271.0,164.0,0.0,949.0,445.0
190,21,272.0,162.0,0.0,951.0,445.0
190,21,273.0,161.0,0.0,953.0,445.0
190,21,274.0,159.0,0.0,954.0,445.0
190,21,275.0,157.0,0.0,956.0,445.0
190,21,276.0,155.0,0.0,958.0,445.0
190,21,277.0,154.0,0.0,960.0,445.0
190,21,278.0,153.0,0.0,961.0,445.0
190,21,279.0,153.0,0.0,962.0,445.0
190,21,280.0,153.0,0.0,962.0,445.0
190,21,281.0,153.0,0.0,962.0,445.0
190,21,282.0,153.0,0.0,962.0,445.0
190,21,283.0,153.0,0.0,962.0,445.0
190,21,284.0,152.0,0.0,962.0,445.0
190,21,285.0,152.0,0.0,963.0,445.0
190,21,286.0,152.0,0.0,963.0,445.0
190,21,287.0,152.0,0.0,963.0,445.0
190,21,288.0,152.0,0.0,963.0,445.0
190,21,289.0,151.0,0.0,963.0,445.0
190,21,290.0,151.0,0.0,964.0,445.0
190,22,0.0,4.0,0.0,0.0,0.0
190,22,1.0,10.0,0.0,0.0,0.0
190,22,2.0,15.0,0.0,0.0,0.0
190,22,3.0,21.0,0.0,0.0,0.0
190,22,4.0,28.0,0.0,0.0,0.0
190,22,5.0,33.0,0.0,0.0,0.0
190,22,6.0,38.0,0.0,0.0,0.0
190,22,7.0,45.0,0.0,0.0,0.0
190,22,8.0,49.0,0.0,0.0,0.0
190,22,9.0,53.0,0.0,0.0,0.0
190,22,10.0,59.0,0.0,0.0,0.0
190,22,11.0,66.0,0.0,0.0,0.0
190,22,12.0,72.0,0.0,0.0,0.0
190,22,13.0,76.0,0.0,0.0,0.0
190,22,14.0,81.0,0.0,0.0,0.0
190,22,15.0,87.0,0.0,0.0,0.0
190,22,16.0,90.0,0.0,0.0,0.0
190,22,17.0,95.0,0.0,0.0,0.0
190,22,18.0,98.0,0.0,0.0,0.0
190,22,19.0,100.0,0.0,0.0,0.0
190,22,20.0,104.0,0.0,1.0,0.0
190,22,21.0,111.0,0.0,3.0,0.0
190,22,22.0,115.0,0.0,3.0,0.0
190,22,23.0,120.0,0.0,3.0,0.0
190,22,24.0,122.0,0.0,5.0,0.0
190,22,25.0,122.0,0.0,9.0,0.0
190,22,26.0,124.0,0.0,11.0,0.0
190,22,27.0,126.0,0.0,14.0,0.0
190,22,28.0,128.0,0.0,17.0,0.0
190,22,29.0,132.0,0.0,20.0,0.0
190,22,30.0,133.0,0.0,22.0,0.0
190,22,31.0,137.0,0.0,24.0,0.0
190,22,32.0,136.0,0.0,27.0,0.0
190,22,33.0,140.0,0.0,30.0,0.0
190,22,34.0,139.0,0.0,33.0,0.0
190,22,35.0,139.0,0.0,39.0,0.0
190,22,36.0,143.0,0.0,45.0,0.0
190,22,37.0,143.0,0.0,49.0,0.0
190,22,38.0,142.0,0.0,54.0,0.0
190,22,39.0,142.0,0.0,58.0,0.0
190,22,40.0,139.0,0.0,61.0,0.0
190,22,41.0,144.0,0.0,65.0,0.0
190,22,42.0,151.0,0.0,66.0,0.0
190,22,43.0,151.0,0.0,71.0,0.0
190,22,44.0,152.0,0.0,75.0,0.0
190,22,45.0,150.0,0.0,81.0,0.0
190,22,46.0,150.0,0.0,86.0,0.0
190,22,47.0,157.0,0.0,94.0,0.0
190,22,48.0,156.0,0.0,95.0,0.0
190,22,49.0,154.0,0.0,99.0,0.0
190,22,50.0,154.0,0.0,108.0,0.0
190,22,51.0,154.0,0.0,111.0,0.0
190,22,52.0,154.0,0.0,117.0,0.0
190,22,53.0,154.0,0.0,122.0,0.0
190,22,54.0,151.0,0.0,127.0,0.0
190,22,55.0,151.0,0.0,134.0,0.0
190,22,56.0,154.0,0.0,141.0,0.0
190,22,57.0,157.0,0.0,144.0,0.0
190,22,58.0,160.0,0.0,148.0,0.0
190,22,59.0,157.0,0.0,151.0,0.0
190,22,60.0,162.0,0.0,156.0,0.0
190,22,61.0,163.0,0.0,157.0,0.0
190,22,62.0,169.0,0.0,163.0,0.0
190,22,63.0,172.0,0.0,166.0,0.0
190,22,64.0,170.0,0.0,168.0,0.0
190,22,65.0,168.0,0.0,174.0,0.0
190,22,66.0,165.0,0.0,181.0,0.0
190,22,67.0,163.0,0.0,187.0,0.0
190,22,68.0,164.0,0.0,194.0,0.0
190,22,69.0,159.0,0.0,199.0,0.0
190,22,70.0,157.0,0.0,208.0,0.0
190,22,71.0,155.0,0.0,213.0,0.0
190,22,72.0,161.0,0.0,219.0,0.0
190,22,73.0,155.0,0.0,223.0,0.0
190,22,74.0,156.0,0.0,232.0,0.0
190,22,75.0,159.0,0.0,237.0,0.0
190,22,76.0,160.0,0.0,241.0,0.0
190,22,77.0,165.0,0.0,248.0,0.0
190,22,78.0,163.0,0.0,251.0,0.0
190,22,79.0,162.0,0.0,256.0,0.0
190,22,80.0,164.0,0.0,263.0,0.0
190,22,81.0,163.0,0.0,268.0,0.0
190,22,82.0,164.0,0.0,274.0,0.0
190,22,83.0,164.0,0.0,279.0,0.0
190,22,84.0,164.0,0.0,285.0,0.0
190,22,85.0,166.0,0.0,290.0,0.0
190,22,86.0,168.0,0.0,295.0,0.0
190,22,87.0,171.0,0.0,300.0,0.0
190,22,88.0,168.0,0.0,304.0,0.0
190,22,89.0,172.0,0.0,310.0,0.0
190,22,90.0,170.0,0.0,312.0,0.0
190,22,91.0,173.0,0.0,317.0,0.0
190,22,92.0,174.0,0.0,318.0,0.0
190,22,93.0,172.0,0.0,322.0,0.0
190,22,94.0,172.0,0.0,328.0,0.0
190,22,95.0,171.0,0.0,335.0,0.0
190,22,96.0,169.0,0.0,342.0,0.0
190,22,97.0,168.0,0.0,350.0,0.0
190,22,98.0,170.0,0.0,354.0,0.0
190,22,99.0,167.0,0.0,356.0,0.0
190,22,100.0,168.0,0.0,363.0,0.0
190,22,101.0,164.0,0.0,369.0,0.0
190,22,102.0,160.0,0.0,378.0,0.0
190,22,103.0,157.0,0.0,387.0,0.0
190,22,104.0,153.0,0.0,393.0,0.0
190,22,105.0,151.0,0.0,400.0,0.0
190,22,106.0,156.0,0.0,408.0,0.0
190,22,107.0,154.0,0.0,413.0,0.0
190,22,108.0,156.0,0.0,419.0,0.0
190,22,109.0,155.0,0.0,425.0,0.0
190,22,110.0,161.0,0.0,431.0,0.0
190,22,111.0,163.0,0.0,432.0,0.0
190,22,112.0,161.0,0.0,438.0,0.0
190,22,113.0,163.0,0.0,448.0,0.0
190,22,114.0,165.0,0.0,451.0,0.0
190,22,115.0,163.0,0.0,454.0,0.0
190,22,116.0,165.0,0.0,460.0,0.0
190,22,117.0,164.0,0.0,465.0,0.0
190,22,118.0,165.0,0.0,473.0,0.0
190,22,119.0,166.0,0.0,476.0,0.0
190,22,120.0,162.0,0.0,480.0,0.0
190,22,121.0,161.0,0.0,487.0,0.0
190,22,122.0,158.0,0.0,493.0,0.0
190,22,123.0,160.0,0.0,499.0,0.0
190,22,124.0,160.0,0.0,503.0,0.0
190,22,125.0,160.0,0.0,510.0,0.0
190,22,126.0,160.0,0.0,514.0,0.0
190,22,127.0,156.0,0.0,520.0,0.0
190,22,128.0,155.0,0.0,529.0,0.0
190,22,129.0,160.0,0.0,537.0,0.0
190,22,130.0,159.0,0.0,540.0,0.0
190,22,131.0,162.0,0.0,546.0,0.0
190,22,132.0,163.0,0.0,550.0,0.0
190,22,133.0,165.0,0.0,553.0,0.0
190,22,134.0,165.0,0.0,557.0,0.0
190,22,135.0,170.0,0.0,561.0,0.0
190,22,136.0,174.0,0.0,566.0,0.0
190,22,137.0,172.0,0.0,569.0,0.0
190,22,138.0,172.0,0.0,576.0,0.0
190,22,139.0,174.0,0.0,581.0,0.0
190,22,140.0,180.0,0.0,587.0,0.0
190,22,141.0,185.0,0.0,591.0,0.0
190,22,142.0,184.0,3.0,596.0,0.0
190,22,143.0,188.0,3.0,602.0,0.0
190,22,144.0,181.0,5.0,604.0,0.0
190,22,145.0,183.0,5.0,613.0,0.0
190,22,146.0,183.0,3.0,620.0,0.0
190,22,147.0,182.0,3.0,627.0,0.0
190,22,148.0,184.0,0.0,635.0,0.0
190,22,149.0,182.0,0.0,639.0,0.0
190,22,150.0,180.0,0.0,646.0,0.0
190,22,151.0,183.0,0.0,649.0,0.0
190,22,152.0,179.0,0.0,653.0,0.0
190,22,153.0,178.0,0.0,661.0,0.0
190,22,154.0,176.0,0.0,668.0,0.0
190,22,155.0,178.0,0.0,673.0,0.0
190,22,156.0,177.0,0.0,675.0,0.0
190,22,157.0,174.0,0.0,681.0,0.0
190,22,158.0,176.0,0.0,688.0,0.0
190,22,159.0,176.0,0.0,690.0,0.0
190,22,160.0,178.0,0.0,695.0,0.0
190,22,161.0,178.0,0.0,699.0,0.0
190,22,162.0,173.0,0.0,703.0,0.0
190,22,163.0,173.0,0.0,715.0,0.0
190,22,164.0,170.0,0.0,720.0,0.0
190,22,165.0,165.0,0.0,727.0,0.0
190,22,166.0,167.0,0.0,734.0,0.0
190,22,167.0,171.0,0.0,739.0,0.0
190,22,168.0,166.0,0.0,740.0,0.0
190,22,169.0,167.0,0.0,751.0,0.0
190,22,170.0,167.0,0.0,757.0,0.0
190,22,171.0,163.0,0.0,763.0,0.0
190,22,172.0,164.0,0.0,770.0,0.0
190,22,173.0,167.0,0.0,774.0,0.0
190,22,174.0,169.0,0.0,776.0,0.0
190,22,175.0,164.0,0.0,783.0,0.0
190,22,176.0,163.0,0.0,792.0,0.0
190,22,177.0,162.0,0.0,800.0,0.0
190,22,178.0,163.0,0.0,805.0,0.0
190,22,179.0,165.0,0.0,809.0,0.0
190,22,180.0,163.0,0.0,815.0,0.0
190,22,181.0,163.0,0.0,823.0,0.0
190,22,182.0,167.0,0.0,828.0,0.0
190,22,183.0,169.0,0.0,831.0,0.0
190,22,184.0,170.0,0.0,835.0,0.0
190,22,185.0,172.0,0.0,839.0,0.0
190,22,186.0,176.0,0.0,845.0,0.0
190,22,187.0,177.0,0.0,847.0,0.0
190,22,188.0,177.0,0.0,850.0,0.0
190,22,189.0,174.0,0.0,857.0,0.0
190,22,190.0,177.0,0.0,863.0,0.0
190,22,191.0,173.0,0.0,866.0,0.0
190,22,192.0,176.0,0.0,875.0,0.0
190,22,193.0,169.0,0.0,880.0,0.0
190,22,194.0,173.0,0.0,890.0,0.0
190,22,195.0,172.0,0.0,896.0,0.0
190,22,196.0,175.0,0.0,904.0,0.0
190,22,197.0,175.0,0.0,910.0,0.0
190,22,198.0,181.0,0.0,915.0,0.0
190,22,199.0,182.0,0.0,919.0,0.0
190,22,200.0,179.0,0.0,922.0,0.0
190,22,201.0,177.0,0.0,929.0,0.0
190,22,202.0,179.0,0.0,934.0,0.0
190,22,203.0,176.0,0.0,936.0,0.0
190,22,204.0,173.0,0.0,945.0,0.0
190,22,205.0,174.0,0.0,955.0,0.0
190,22,206.0,171.0,0.0,961.0,0.0
190,22,207.0,168.0,0.0,965.0,0.0
190,22,208.0,171.0,0.0,975.0,0.0
190,22,209.0,168.0,0.0,979.0,0.0
190,22,210.0,172.0,0.0,986.0,0.0
190,22,211.0,175.0,0.0,990.0,0.0
190,22,212.0,174.0,0.0,992.0,0.0
190,22,213.0,170.0,0.0,996.0,0.0
190,22,214.0,176.0,0.0,1005.0,0.0
190,22,215.0,181.0,0.0,1008.0,0.0
190,22,216.0,182.0,0.0,1012.0,0.0
190,22,217.0,179.0,0.0,1018.0,0.0
190,22,218.0,180.0,0.0,1026.0,0.0
190,22,219.0,181.0,0.0,1030.0,0.0
190,22,220.0,175.0,0.0,1036.0,0.0
190,22,221.0,175.0,0.0,1044.0,0.0
190,22,222.0,173.0,0.0,1049.0,0.0
190,22,223.0,173.0,0.0,1055.0,0.0
190,22,224.0,166.0,0.0,1058.0,0.0
190,22,225.0,165.0,0.0,1066.0,0.0
190,22,226.0,165.0,0.0,1074.0,0.0
190,22,227.0,159.0,0.0,1080.0,0.0
190,22,228.0,157.0,0.0,1090.0,0.0
190,22,229.0,157.0,0.0,1097.0,0.0
190,22,230.0,157.0,0.0,1106.0,0.0
190,22,231.0,155.0,0.0,1111.0,0.0
190,22,232.0,157.0,0.0,1118.0,0.0
190,22,233.0,153.0,0.0,1121.0,0.0
190,22,234.0,155.0,0.0,1129.0,0.0
190,22,235.0,153.0,0.0,1132.0,0.0
190,22,236.0,156.0,0.0,1140.0,0.0
190,22,237.0,155.0,0.0,1143.0,0.0
190,22,238.0,162.0,0.0,1151.0,0.0
190,22,239.0,158.0,0.0,1153.0,0.0
190,22,240.0,159.0,0.0,1164.0,0.0
190,22,241.0,163.0,0.0,1168.0,0.0
190,22,242.0,163.0,0.0,1170.0,0.0
190,22,243.0,161.0,0.0,1175.0,0.0
190,22,244.0,165.0,0.0,1181.0,0.0
190,22,245.0,170.0,0.0,1184.0,0.0
190,22,246.0,174.0,0.0,1188.0,0.0
190,22,247.0,170.0,0.0,1191.0,0.0
190,22,248.0,173.0,0.0,1199.0,0.0
190,22,249.0,172.0,0.0,1200.0,0.0
190,22,250.0,177.0,0.0,1204.0,0.0
190,22,251.0,174.0,0.0,1205.0,0.0
190,22,252.0,167.0,0.0,1208.0,0.0
190,22,253.0,155.0,0.0,1215.0,0.0
190,22,254.0,150.0,0.0,1227.0,0.0
190,22,255.0,144.0,0.0,1232.0,0.0
190,22,256.0,142.0,0.0,1238.0,0.0
190,22,257.0,138.0,0.0,1240.0,0.0
190,22,258.0,132.0,0.0,1244.0,0.0
190,22,259.0,129.0,0.0,1250.0,0.0
190,22,260.0,123.0,0.0,1253.0,0.0
190,22,261.0,120.0,0.0,1259.0,0.0
190,22,262.0,115.0,0.0,1262.0,0.0
190,22,263.0,110.0,0.0,1267.0,0.0
190,22,264.0,102.0,0.0,1272.0,0.0
190,22,265.0,94.0,0.0,1280.0,0.0
190,22,266.0,88.0,0.0,1288.0,0.0
190,22,267.0,78.0,0.0,1294.0,0.0
190,22,268.0,73.0,0.0,1304.0,0.0
190,22,269.0,71.0,0.0,1309.0,0.0
190,22,270.0,65.0,0.0,1311.0,0.0
190,22,271.0,62.0,0.0,1317.0,0.0
190,22,272.0,60.0,0.0,1320.0,0.0
190,22,273.0,52.0,0.0,1322.0,0.0
190,22,274.0,48.0,0.0,1330.0,0.0
190,22,275.0,46.0,0.0,1334.0,0.0
190,22,276.0,38.0,0.0,1336.0,0.0
190,22,277.0,35.0,0.0,1344.0,0.0
190,22,278.0,31.0,0.0,1347.0,0.0
190,22,279.0,27.0,0.0,1351.0,0.0
190,22,280.0,26.0,0.0,1355.0,0.0
190,22,281.0,26.0,0.0,1356.0,0.0
190,22,282.0,24.0,0.0,1356.0,0.0
190,22,283.0,23.0,0.0,1358.0,0.0
190,22,284.0,23.0,0.0,1359.0,0.0
190,22,285.0,21.0,0.0,1359.0,0.0
190,22,286.0,20.0,0.0,1361.0,0.0
190,22,287.0,20.0,0.0,1362.0,0.0
190,22,288.0,20.0,0.0,1362.0,0.0
190,22,289.0,19.0,0.0,1362.0,0.0
190,22,290.0,17.0,0.0,1363.0,0.0
190,22,291.0,17.0,0.0,1365.0,0.0
190,22,292.0,16.0,0.0,1365.0,0.0
190,22,293.0,16.0,0.0,1366.0,0.0
190,22,294.0,15.0,0.0,1366.0,0.0
190,22,295.0,14.0,0.0,1367.0,0.0
190,22,296.0,14.0,0.0,1368.0,0.0
190,22,297.0,13.0,0.0,1368.0,0.0
190,22,298.0,12.0,0.0,1369.0,0.0
190,22,299.0,10.0,0.0,1370.0,0.0
190,22,300.0,9.0,0.0,1372.0,0.0
190,22,301.0,9.0,0.0,1373.0,0.0
190,22,302.0,9.0,0.0,1373.0,0.0
190,22,303.0,8.0,0.0,1373.0,0.0
190,22,304.0,7.0,0.0,1374.0,0.0
190,22,305.0,6.0,0.0,1375.0,0.0
190,22,306.0,5.0,0.0,1376.0,0.0
190,22,307.0,3.0,0.0,1377.0,0.0
190,22,308.0,3.0,0.0,1379.0,0.0
190,22,309.0,2.0,0.0,1379.0,0.0
190,22,310.0,1.0,0.0,1380.0,0.0
190,22,311.0,1.0,0.0,1381.0,0.0
190,22,312.0,1.0,0.0,1381.0,0.0
190,22,313.0,0.0,0.0,1381.0,0.0
190,22,314.0,0.0,0.0,1382.0,0.0
190,23,0.0,6.0,0.0,0.0,0.0
190,23,1.0,11.0,0.0,0.0,0.0
190,23,2.0,15.0,0.0,0.0,0.0
190,23,3.0,20.0,0.0,0.0,0.0
190,23,4.0,24.0,0.0,0.0,0.0
190,23,5.0,27.0,0.0,0.0,0.0
190,23,6.0,33.0,0.0,0.0,0.0
190,23,7.0,37.0,0.0,0.0,0.0
190,23,8.0,41.0,0.0,0.0,0.0
190,23,9.0,46.0,0.0,0.0,0.0
190,23,10.0,51.0,0.0,0.0,0.0
190,23,11.0,57.0,0.0,0.0,0.0
190,23,12.0,63.0,0.0,0.0,0.0
190,23,13.0,67.0,0.0,0.0,0.0
190,23,14.0,73.0,0.0,0.0,0.0
190,23,15.0,75.0,0.0,1.0,0.0
190,23,16.0,81.0,0.0,2.0,0.0
190,23,17.0,87.0,0.0,2.0,0.0
190,23,18.0,92.0,0.0,3.0,0.0
190,23,19.0,96.0,0.0,3.0,0.0
190,23,20.0,102.0,0.0,3.0,0.0
190,23,21.0,108.0,0.0,3.0,0.0
190,23,22.0,114.0,0.0,3.0,0.0
190,23,23.0,119.0,0.0,4.0,0.0
190,23,24.0,123.0,0.0,5.0,0.0
190,23,25.0,130.0,0.0,6.0,0.0
190,23,26.0,133.0,0.0,7.0,0.0
190,23,27.0,137.0,0.0,11.0,0.0
190,23,28.0,138.0,0.0,13.0,0.0
190,23,29.0,138.0,0.0,17.0,0.0
190,23,30.0,140.0,0.0,21.0,0.0
190,23,31.0,143.0,0.0,24.0,0.0
190,23,32.0,142.0,0.0,26.0,0.0
190,23,33.0,143.0,0.0,30.0,0.0
190,23,34.0,141.0,0.0,36.0,0.0
190,23,35.0,138.0,0.0,40.0,0.0
190,23,36.0,140.0,0.0,44.0,0.0
190,23,37.0,143.0,0.0,48.0,0.0
190,23,38.0,148.0,0.0,51.0,0.0
190,23,39.0,152.0,0.0,52.0,0.0
190,23,40.0,155.0,0.0,56.0,0.0
190,23,41.0,154.0,0.0,60.0,0.0
190,23,42.0,152.0,0.0,66.0,0.0
190,23,43.0,152.0,0.0,74.0,0.0
190,23,44.0,155.0,0.0,80.0,0.0
190,23,45.0,155.0,0.0,82.0,0.0
190,23,46.0,155.0,0.0,85.0,0.0
190,23,47.0,159.0,0.0,88.0,0.0
190,23,48.0,163.0,0.0,95.0,0.0
190,23,49.0,165.0,0.0,100.0,0.0
190,23,50.0,164.0,0.0,104.0,0.0
190,23,51.0,168.0,0.0,110.0,0.0
190,23,52.0,168.0,0.0,115.0,0.0
190,23,53.0,170.0,0.0,121.0,0.0
190,23,54.0,171.0,0.0,124.0,0.0
190,23,55.0,174.0,0.0,129.0,0.0
190,23,56.0,179.0,0.0,135.0,0.0
190,23,57.0,182.0,0.0,139.0,0.0
190,23,58.0,185.0,0.0,141.0,0.0
190,23,59.0,181.0,0.0,144.0,0.0
190,23,60.0,182.0,0.0,152.0,0.0
190,23,61.0,182.0,0.0,157.0,0.0
190,23,62.0,184.0,0.0,163.0,0.0
190,23,63.0,187.0,2.0,166.0,0.0
190,23,64.0,184.0,4.0,169.0,0.0
190,23,65.0,186.0,1.0,175.0,0.0
190,23,66.0,185.0,1.0,179.0,0.0
190,23,67.0,185.0,2.0,184.0,0.0
190,23,68.0,185.0,3.0,189.0,0.0
190,23,69.0,183.0,2.0,194.0,0.0
190,23,70.0,187.0,1.0,201.0,0.0
190,23,71.0,181.0,7.0,204.0,0.0
190,23,72.0,186.0,6.0,213.0,0.0
190,23,73.0,185.0,8.0,217.0,0.0
190,23,74.0,179.0,5.0,222.0,0.0
190,23,75.0,181.0,0.0,233.0,0.0
190,23,76.0,177.0,0.0,237.0,1.0
190,23,77.0,181.0,0.0,245.0,1.0
190,23,78.0,185.0,0.0,253.0,1.0
190,23,79.0,183.0,0.0,256.0,1.0
190,23,80.0,183.0,1.0,263.0,1.0
190,23,81.0,185.0,0.0,270.0,1.0
190,23,82.0,184.0,0.0,275.0,1.0
190,23,83.0,183.0,0.0,280.0,1.0
190,23,84.0,182.0,0.0,285.0,1.0
190,23,85.0,183.0,0.0,292.0,1.0
190,23,86.0,182.0,0.0,299.0,1.0
190,23,87.0,181.0,0.0,304.0,1.0
190,23,88.0,185.0,0.0,308.0,1.0
190,23,89.0,185.0,0.0,312.0,1.0
190,23,90.0,181.0,3.0,317.0,1.0
190,23,91.0,182.0,0.0,326.0,1.0
190,23,92.0,178.0,0.0,332.0,1.0
190,23,93.0,175.0,0.0,343.0,1.0
190,23,94.0,175.0,0.0,353.0,1.0
190,23,95.0,176.0,0.0,360.0,1.0
190,23,96.0,176.0,0.0,363.0,1.0
190,23,97.0,180.0,0.0,369.0,1.0
190,23,98.0,179.0,0.0,370.0,1.0
190,23,99.0,178.0,0.0,375.0,1.0
190,23,100.0,173.0,0.0,382.0,1.0
190,23,101.0,173.0,0.0,392.0,1.0
190,23,102.0,174.0,0.0,396.0,1.0
190,23,103.0,175.0,0.0,399.0,1.0
190,23,104.0,175.0,0.0,405.0,1.0
190,23,105.0,175.0,0.0,408.0,1.0
190,23,106.0,178.0,0.0,414.0,1.0
190,23,107.0,176.0,0.0,420.0,1.0
190,23,108.0,178.0,0.0,427.0,1.0
190,23,109.0,172.0,0.0,430.0,1.0
190,23,110.0,172.0,0.0,440.0,1.0
190,23,111.0,168.0,0.0,446.0,1.0
190,23,112.0,163.0,0.0,453.0,1.0
190,23,113.0,164.0,0.0,462.0,1.0
190,23,114.0,169.0,0.0,469.0,1.0
190,23,115.0,170.0,0.0,472.0,1.0
190,23,116.0,169.0,0.0,475.0,1.0
190,23,117.0,167.0,0.0,482.0,1.0
190,23,118.0,168.0,0.0,488.0,1.0
190,23,119.0,168.0,0.0,491.0,1.0
190,23,120.0,168.0,0.0,498.0,1.0
190,23,121.0,170.0,0.0,505.0,1.0
190,23,122.0,167.0,0.0,508.0,1.0
190,23,123.0,160.0,0.0,514.0,1.0
190,23,124.0,164.0,0.0,526.0,1.0
190,23,125.0,163.0,0.0,531.0,1.0
190,23,126.0,162.0,0.0,536.0,1.0
190,23,127.0,160.0,0.0,541.0,1.0
190,23,128.0,162.0,0.0,545.0,1.0
190,23,129.0,160.0,0.0,550.0,1.0
190,23,130.0,162.0,0.0,557.0,1.0
190,23,131.0,167.0,0.0,559.0,1.0
190,23,132.0,169.0,0.0,561.0,1.0
190,23,133.0,168.0,0.0,566.0,1.0
190,23,134.0,167.0,0.0,573.0,1.0
190,23,135.0,164.0,0.0,578.0,1.0
190,23,136.0,165.0,0.0,584.0,1.0
190,23,137.0,165.0,0.0,588.0,1.0
190,23,138.0,166.0,0.0,592.0,1.0
190,23,139.0,168.0,0.0,597.0,1.0
190,23,140.0,168.0,0.0,602.0,1.0
190,23,141.0,168.0,0.0,606.0,1.0
190,23,142.0,170.0,0.0,611.0,1.0
190,23,143.0,171.0,0.0,616.0,1.0
190,23,144.0,174.0,0.0,620.0,1.0
190,23,145.0,181.0,0.0,625.0,1.0
190,23,146.0,175.0,0.0,628.0,1.0
190,23,147.0,178.0,0.0,637.0,1.0
190,23,148.0,178.0,0.0,638.0,1.0
190,23,149.0,174.0,0.0,641.0,1.0
190,23,150.0,170.0,0.0,649.0,1.0
190,23,151.0,176.0,0.0,659.0,1.0
190,23,152.0,178.0,0.0,662.0,1.0
190,23,153.0,174.0,0.0,665.0,1.0
190,23,154.0,170.0,0.0,671.0,1.0
190,23,155.0,168.0,0.0,679.0,1.0
190,23,156.0,172.0,0.0,684.0,1.0
190,23,157.0,166.0,0.0,686.0,1.0
190,23,158.0,167.0,0.0,694.0,1.0
190,23,159.0,166.0,0.0,698.0,1.0
190,23,160.0,170.0,0.0,705.0,1.0
190,23,161.0,167.0,0.0,707.0,1.0
190,23,162.0,166.0,0.0,713.0,1.0
190,23,163.0,165.0,0.0,718.0,1.0
190,23,164.0,167.0,0.0,724.0,1.0
190,23,165.0,163.0,0.0,729.0,1.0
190,23,166.0,170.0,0.0,736.0,1.0
190,23,167.0,171.0,0.0,738.0,1.0
190,23,168.0,170.0,0.0,745.0,1.0
190,23,169.0,168.0,0.0,752.0,1.0
190,23,170.0,164.0,0.0,758.0,1.0
190,23,171.0,168.0,0.0,767.0,1.0
190,23,172.0,171.0,0.0,772.0,1.0
190,23,173.0,168.0,0.0,775.0,1.0
190,23,174.0,165.0,0.0,781.0,1.0
190,23,175.0,164.0,0.0,788.0,1.0
190,23,176.0,164.0,0.0,793.0,1.0
190,23,177.0,159.0,0.0,799.0,1.0
190,23,178.0,156.0,0.0,807.0,1.0
190,23,179.0,157.0,0.0,811.0,1.0
190,23,180.0,158.0,0.0,814.0,1.0
190,23,181.0,160.0,0.0,817.0,1.0
190,23,182.0,154.0,0.0,821.0,1.0
190,23,183.0,152.0,0.0,830.0,1.0
190,23,184.0,155.0,0.0,836.0,1.0
190,23,185.0,157.0,0.0,839.0,1.0
190,23,186.0,158.0,0.0,845.0,1.0
190,23,187.0,157.0,0.0,851.0,1.0
190,23,188.0,159.0,0.0,856.0,1.0
190,23,189.0,158.0,0.0,859.0,1.0
190,23,190.0,157.0,0.0,864.0,1.0
190,23,191.0,156.0,0.0,868.0,1.0
190,23,192.0,161.0,0.0,874.0,1.0
190,23,193.0,161.0,0.0,878.0,1.0
190,23,194.0,160.0,0.0,885.0,1.0
190,23,195.0,159.0,0.0,893.0,1.0
190,23,196.0,163.0,0.0,897.0,1.0
190,23,197.0,167.0,0.0,901.0,1.0
190,23,198.0,168.0,0.0,906.0,1.0
190,23,199.0,170.0,0.0,911.0,1.0
190,23,200.0,173.0,0.0,915.0,1.0
190,23,201.0,176.0,0.0,920.0,1.0
190,23,202.0,180.0,0.0,923.0,1.0
190,23,203.0,182.0,0.0,927.0,1.0
190,23,204.0,177.0,0.0,931.0,1.0
190,23,205.0,180.0,0.0,941.0,1.0
190,23,206.0,178.0,0.0,945.0,1.0
190,23,207.0,182.0,0.0,949.0,1.0
190,23,208.0,181.0,0.0,954.0,1.0
190,23,209.0,182.0,0.0,959.0,1.0
190,23,210.0,175.0,0.0,962.0,1.0
190,23,211.0,181.0,0.0,972.0,1.0
190,23,212.0,185.0,0.0,975.0,1.0
190,23,213.0,186.0,0.0,979.0,1.0
190,23,214.0,186.0,4.0,983.0,1.0
190,23,215.0,183.0,8.0,987.0,1.0
190,23,216.0,182.0,5.0,994.0,1.0
190,23,217.0,186.0,3.0,1002.0,1.0
190,23,218.0,184.0,4.0,1006.0,1.0
190,23,219.0,182.0,2.0,1012.0,1.0
190,23,220.0,187.0,1.0,1020.0,1.0
190,23,221.0,183.0,4.0,1023.0,1.0
190,23,222.0,181.0,6.0,1030.0,1.0
190,23,223.0,188.0,2.0,1039.0,1.0
190,23,224.0,181.0,5.0,1041.0,1.0
190,23,225.0,186.0,2.0,1050.0,1.0
190,23,226.0,184.0,2.0,1054.0,1.0
190,23,227.0,186.0,4.0,1060.0,1.0
190,23,228.0,184.0,5.0,1064.0,1.0
190,23,229.0,185.0,2.0,1070.0,1.0
190,23,230.0,181.0,2.0,1075.0,1.0
190,23,231.0,179.0,0.0,1084.0,1.0
190,23,232.0,172.0,0.0,1090.0,1.0
190,23,233.0,172.0,0.0,1099.0,1.0
190,23,234.0,165.0,0.0,1103.0,1.0
190,23,235.0,161.0,0.0,1113.0,1.0
190,23,236.0,161.0,0.0,1121.0,1.0
190,23,237.0,160.0,0.0,1124.0,1.0
190,23,238.0,162.0,0.0,1129.0,1.0
190,23,239.0,167.0,0.0,1134.0,1.0
190,23,240.0,168.0,0.0,1141.0,1.0
190,23,241.0,164.0,0.0,1148.0,1.0
190,23,242.0,166.0,0.0,1154.0,1.0
190,23,243.0,165.0,0.0,1161.0,1.0
190,23,244.0,160.0,0.0,1167.0,1.0
190,23,245.0,153.0,0.0,1177.0,1.0
190,23,246.0,151.0,0.0,1186.0,1.0
190,23,247.0,154.0,0.0,1191.0,1.0
190,23,248.0,152.0,0.0,1195.0,1.0
190,23,249.0,147.0,0.0,1200.0,1.0
190,23,250.0,146.0,0.0,1210.0,1.0
190,23,251.0,142.0,0.0,1216.0,1.0
190,23,252.0,138.0,0.0,1220.0,1.0
190,23,253.0,129.0,0.0,1224.0,1.0
190,23,254.0,124.0,0.0,1233.0,1.0
190,23,255.0,119.0,0.0,1238.0,1.0
190,23,256.0,116.0,0.0,1243.0,1.0
190,23,257.0,113.0,0.0,1246.0,1.0
190,23,258.0,109.0,0.0,1249.0,1.0
190,23,259.0,102.0,0.0,1253.0,1.0
190,23,260.0,97.0,0.0,1260.0,1.0
190,23,261.0,90.0,0.0,1265.0,1.0
190,23,262.0,83.0,0.0,1272.0,1.0
190,23,263.0,79.0,0.0,1279.0,1.0
190,23,264.0,75.0,0.0,1283.0,1.0
190,23,265.0,71.0,0.0,1287.0,1.0
190,23,266.0,66.0,0.0,1291.0,1.0
190,23,267.0,61.0,0.0,1296.0,1.0
190,23,268.0,58.0,0.0,1301.0,1.0
190,23,269.0,55.0,0.0,1304.0,1.0
190,23,270.0,54.0,0.0,1307.0,1.0
190,23,271.0,47.0,0.0,1308.0,1.0
190,23,272.0,42.0,0.0,1315.0,1.0
190,23,273.0,35.0,0.0,1320.0,1.0
190,23,274.0,28.0,0.0,1327.0,1.0
190,23,275.0,28.0,0.0,1334.0,1.0
190,23,276.0,28.0,0.0,1334.0,1.0
190,23,277.0,25.0,0.0,1334.0,1.0
190,23,278.0,23.0,0.0,1337.0,1.0
190,23,279.0,22.0,0.0,1339.0,1.0
190,23,280.0,22.0,0.0,1340.0,1.0
190,23,281.0,21.0,0.0,1340.0,1.0
190,23,282.0,19.0,0.0,1341.0,1.0
190,23,283.0,14.0,0.0,1343.0,1.0
190,23,284.0,14.0,0.0,1348.0,1.0
190,23,285.0,13.0,0.0,1348.0,1.0
190,23,286.0,11.0,0.0,1349.0,1.0
190,23,287.0,10.0,0.0,1351.0,1.0
190,23,288.0,10.0,0.0,1352.0,1.0
190,23,289.0,10.0,0.0,1352.0,1.0
190,23,290.0,10.0,0.0,1352.0,1.0
190,23,291.0,10.0,0.0,1352.0,1.0
190,23,292.0,10.0,0.0,1352.0,1.0
190,23,293.0,9.0,0.0,1352.0,1.0
190,23,294.0,9.0,0.0,1353.0,1.0
190,23,295.0,7.0,0.0,1353.0,1.0
190,23,296.0,7.0,0.0,1355.0,1.0
190,23,297.0,7.0,0.0,1355.0,1.0
190,23,298.0,6.0,0.0,1355.0,1.0
190,23,299.0,5.0,0.0,1356.0,1.0
190,23,300.0,5.0,0.0,1357.0,1.0
190,23,301.0,4.0,0.0,1357.0,1.0
190,23,302.0,4.0,0.0,1358.0,1.0
190,23,303.0,4.0,0.0,1358.0,1.0
190,23,304.0,4.0,0.0,1358.0,1.0
190,23,305.0,4.0,0.0,1358.0,1.0
190,23,306.0,4.0,0.0,1358.0,1.0
190,23,307.0,4.0,0.0,1358.0,1.0
190,23,308.0,3.0,0.0,1358.0,1.0
190,23,309.0,3.0,0.0,1359.0,1.0
190,23,310.0,2.0,0.0,1359.0,1.0
190,23,311.0,2.0,0.0,1360.0,1.0
190,23,312.0,2.0,0.0,1360.0,1.0
190,23,313.0,2.0,0.0,1360.0,1.0
190,23,314.0,1.0,0.0,1360.0,1.0
190,23,315.0,1.0,0.0,1361.0,1.0
190,24,0.0,4.0,0.0,0.0,0.0
190,24,1.0,12.0,0.0,0.0,0.0
190,24,2.0,16.0,0.0,0.0,0.0
190,24,3.0,23.0,0.0,0.0,0.0
190,24,4.0,29.0,0.0,0.0,0.0
190,24,5.0,34.0,0.0,0.0,0.0
190,24,6.0,41.0,0.0,0.0,0.0
190,24,7.0,45.0,0.0,0.0,0.0
190,24,8.0,50.0,0.0,0.0,0.0
190,24,9.0,55.0,0.0,0.0,0.0
190,24,10.0,59.0,0.0,0.0,0.0
190,24,11.0,64.0,0.0,0.0,0.0
190,24,12.0,69.0,0.0,0.0,0.0
190,24,13.0,74.0,0.0,1.0,0.0
190,24,14.0,77.0,0.0,1.0,0.0
190,24,15.0,80.0,0.0,1.0,0.0
190,24,16.0,82.0,0.0,1.0,0.0
190,24,17.0,89.0,0.0,2.0,0.0
190,24,18.0,93.0,0.0,2.0,0.0
190,24,19.0,95.0,0.0,2.0,0.0
190,24,20.0,101.0,0.0,3.0,0.0
190,24,21.0,105.0,0.0,3.0,0.0
190,24,22.0,109.0,0.0,4.0,0.0
190,24,23.0,114.0,0.0,5.0,0.0
190,24,24.0,117.0,0.0,6.0,0.0
190,24,25.0,119.0,0.0,8.0,0.0
190,24,26.0,119.0,0.0,9.0,0.0
190,24,27.0,120.0,0.0,12.0,0.0
190,24,28.0,120.0,0.0,14.0,0.0
190,24,29.0,122.0,0.0,18.0,0.0
190,24,30.0,121.0,0.0,21.0,0.0
190,24,31.0,124.0,0.0,27.0,0.0
190,24,32.0,125.0,0.0,30.0,0.0
190,24,33.0,127.0,0.0,35.0,0.0
190,24,34.0,137.0,0.0,37.0,0.0
190,24,35.0,134.0,0.0,38.0,0.0
190,24,36.0,134.0,0.0,45.0,0.0
190,24,37.0,136.0,0.0,48.0,0.0
190,24,38.0,139.0,0.0,51.0,0.0
190,24,39.0,137.0,0.0,55.0,0.0
190,24,40.0,133.0,0.0,65.0,0.0
190,24,41.0,134.0,0.0,72.0,0.0
190,24,42.0,132.0,0.0,76.0,0.0
190,24,43.0,135.0,0.0,80.0,0.0
190,24,44.0,138.0,0.0,83.0,0.0
190,24,45.0,140.0,0.0,85.0,0.0
190,24,46.0,138.0,0.0,87.0,0.0
190,24,47.0,140.0,0.0,90.0,0.0
190,24,48.0,141.0,0.0,93.0,0.0
190,24,49.0,139.0,0.0,98.0,0.0
190,24,50.0,134.0,0.0,105.0,0.0
190,24,51.0,137.0,0.0,111.0,0.0
190,24,52.0,138.0,0.0,114.0,0.0
190,24,53.0,145.0,0.0,118.0,0.0
190,24,54.0,145.0,0.0,120.0,0.0
190,24,55.0,148.0,0.0,124.0,0.0
190,24,56.0,151.0,0.0,127.0,0.0
190,24,57.0,153.0,0.0,131.0,0.0
190,24,58.0,149.0,0.0,135.0,0.0
190,24,59.0,149.0,0.0,142.0,0.0
190,24,60.0,150.0,0.0,148.0,0.0
190,24,61.0,147.0,0.0,152.0,0.0
190,24,62.0,149.0,0.0,161.0,0.0
190,24,63.0,149.0,0.0,166.0,0.0
190,24,64.0,154.0,0.0,171.0,0.0
190,24,65.0,152.0,0.0,172.0,0.0
190,24,66.0,155.0,0.0,176.0,0.0
190,24,67.0,156.0,0.0,179.0,0.0
190,24,68.0,158.0,0.0,184.0,0.0
190,24,69.0,161.0,0.0,190.0,0.0
190,24,70.0,161.0,0.0,194.0,0.0
190,24,71.0,163.0,0.0,199.0,0.0
190,24,72.0,162.0,0.0,203.0,0.0
190,24,73.0,164.0,0.0,208.0,0.0
190,24,74.0,165.0,0.0,212.0,0.0
190,24,75.0,163.0,0.0,218.0,0.0
190,24,76.0,163.0,0.0,223.0,0.0
190,24,77.0,160.0,0.0,227.0,0.0
190,24,78.0,158.0,0.0,231.0,0.0
190,24,79.0,154.0,0.0,239.0,0.0
190,24,80.0,149.0,0.0,244.0,0.0
190,24,81.0,150.0,0.0,252.0,0.0
190,24,82.0,152.0,0.0,255.0,0.0
190,24,83.0,157.0,0.0,259.0,0.0
190,24,84.0,162.0,0.0,263.0,0.0
190,24,85.0,162.0,0.0,265.0,0.0
190,24,86.0,159.0,0.0,269.0,0.0
190,24,87.0,157.0,0.0,277.0,0.0
190,24,88.0,153.0,0.0,282.0,0.0
190,24,89.0,146.0,0.0,292.0,0.0
190,24,90.0,149.0,0.0,303.0,0.0
190,24,91.0,156.0,0.0,307.0,0.0
190,24,92.0,153.0,0.0,309.0,0.0
190,24,93.0,153.0,0.0,317.0,0.0
190,24,94.0,154.0,0.0,323.0,0.0
190,24,95.0,156.0,0.0,328.0,0.0
190,24,96.0,161.0,0.0,332.0,0.0
190,24,97.0,158.0,0.0,334.0,0.0
190,24,98.0,159.0,0.0,342.0,0.0
190,24,99.0,157.0,0.0,346.0,0.0
190,24,100.0,156.0,0.0,351.0,0.0
190,24,101.0,157.0,0.0,357.0,0.0
190,24,102.0,159.0,0.0,360.0,0.0
190,24,103.0,161.0,0.0,364.0,0.0
190,24,104.0,156.0,0.0,369.0,0.0
190,24,105.0,154.0,0.0,378.0,0.0
190,24,106.0,154.0,0.0,383.0,0.0
190,24,107.0,152.0,0.0,387.0,0.0
190,24,108.0,154.0,0.0,393.0,0.0
190,24,109.0,161.0,0.0,398.0,0.0
190,24,110.0,163.0,0.0,400.0,0.0
190,24,111.0,161.0,0.0,404.0,0.0
190,24,112.0,162.0,0.0,411.0,0.0
190,24,113.0,162.0,0.0,416.0,0.0
190,24,114.0,163.0,0.0,422.0,0.0
190,24,115.0,169.0,0.0,426.0,0.0
190,24,116.0,169.0,0.0,429.0,0.0
190,24,117.0,168.0,0.0,433.0,0.0
190,24,118.0,169.0,0.0,438.0,0.0
190,24,119.0,165.0,0.0,444.0,0.0
190,24,120.0,165.0,0.0,452.0,0.0
190,24,121.0,164.0,0.0,457.0,0.0
190,24,122.0,163.0,0.0,463.0,0.0
190,24,123.0,161.0,0.0,468.0,0.0
190,24,124.0,160.0,0.0,473.0,0.0
190,24,125.0,157.0,0.0,478.0,0.0
190,24,126.0,157.0,0.0,486.0,0.0
190,24,127.0,155.0,0.0,491.0,0.0
190,24,128.0,154.0,0.0,498.0,0.0
190,24,129.0,157.0,0.0,502.0,0.0
190,24,130.0,152.0,0.0,507.0,0.0
190,24,131.0,157.0,0.0,516.0,0.0
190,24,132.0,156.0,0.0,519.0,0.0
190,24,133.0,157.0,0.0,523.0,0.0
190,24,134.0,157.0,0.0,525.0,0.0
190,24,135.0,159.0,0.0,532.0,0.0
190,24,136.0,161.0,0.0,535.0,0.0
190,24,137.0,161.0,0.0,539.0,0.0
190,24,138.0,162.0,0.0,545.0,0.0
190,24,139.0,163.0,0.0,549.0,0.0
190,24,140.0,160.0,0.0,555.0,0.0
190,24,141.0,160.0,0.0,563.0,0.0
190,24,142.0,155.0,0.0,568.0,0.0
190,24,143.0,155.0,0.0,575.0,0.0
190,24,144.0,158.0,0.0,581.0,0.0
190,24,145.0,160.0,0.0,584.0,0.0
190,24,146.0,162.0,0.0,586.0,0.0
190,24,147.0,164.0,0.0,588.0,0.0
190,24,148.0,168.0,0.0,592.0,0.0
190,24,149.0,167.0,0.0,595.0,0.0
190,24,150.0,168.0,0.0,601.0,0.0
190,24,151.0,166.0,0.0,604.0,0.0
190,24,152.0,164.0,0.0,609.0,0.0
190,24,153.0,160.0,0.0,615.0,0.0
190,24,154.0,160.0,0.0,621.0,0.0
190,24,155.0,159.0,0.0,625.0,0.0
190,24,156.0,156.0,0.0,632.0,0.0
190,24,157.0,159.0,0.0,639.0,0.0
190,24,158.0,158.0,0.0,643.0,0.0
190,24,159.0,166.0,0.0,647.0,0.0
190,24,160.0,163.0,0.0,648.0,0.0
190,24,161.0,167.0,0.0,653.0,0.0
190,24,162.0,168.0,0.0,657.0,0.0
190,24,163.0,167.0,0.0,662.0,0.0
190,24,164.0,167.0,0.0,668.0,0.0
190,24,165.0,165.0,0.0,673.0,0.0
190,24,166.0,164.0,0.0,683.0,0.0
190,24,167.0,165.0,0.0,691.0,0.0
190,24,168.0,166.0,0.0,695.0,0.0
190,24,169.0,167.0,0.0,696.0,0.0
190,24,170.0,169.0,0.0,701.0,0.0
190,24,171.0,169.0,0.0,706.0,0.0
190,24,172.0,173.0,0.0,713.0,0.0
190,24,173.0,178.0,0.0,715.0,0.0
190,24,174.0,177.0,0.0,718.0,0.0
190,24,175.0,175.0,0.0,724.0,0.0
190,24,176.0,176.0,0.0,731.0,0.0
190,24,177.0,178.0,0.0,736.0,0.0
190,24,178.0,184.0,0.0,741.0,0.0
190,24,179.0,187.0,0.0,743.0,0.0
190,24,180.0,181.0,2.0,744.0,0.0
190,24,181.0,184.0,0.0,753.0,0.0
190,24,182.0,186.0,1.0,758.0,0.0
190,24,183.0,189.0,4.0,762.0,0.0
190,24,184.0,183.0,7.0,763.0,0.0
190,24,185.0,184.0,5.0,770.0,0.0
190,24,186.0,183.0,7.0,776.0,0.0
190,24,187.0,180.0,6.0,783.0,0.0
190,24,188.0,181.0,2.0,793.0,0.0
190,24,189.0,185.0,0.0,802.0,0.0
190,24,190.0,186.0,1.0,807.0,0.0
190,24,191.0,187.0,9.0,811.0,0.0
190,24,192.0,186.0,11.0,814.0,0.0
190,24,193.0,185.0,14.0,818.0,0.0
190,24,194.0,186.0,13.0,823.0,3.0
190,24,195.0,187.0,15.0,827.0,6.0
190,24,196.0,180.0,19.0,830.0,9.0
190,24,197.0,184.0,16.0,840.0,11.0
190,24,198.0,185.0,15.0,846.0,16.0
190,24,199.0,182.0,16.0,851.0,21.0
190,24,200.0,185.0,14.0,859.0,26.0
190,24,201.0,184.0,17.0,864.0,29.0
190,24,202.0,186.0,17.0,870.0,32.0
190,24,203.0,181.0,22.0,874.0,37.0
190,24,204.0,184.0,12.0,883.0,41.0
190,24,205.0,184.0,14.0,889.0,46.0
190,24,206.0,187.0,12.0,895.0,53.0
190,24,207.0,182.0,13.0,898.0,53.0
190,24,208.0,182.0,10.0,906.0,56.0
190,24,209.0,184.0,6.0,914.0,59.0
190,24,210.0,184.0,6.0,920.0,62.0
190,24,211.0,184.0,6.0,926.0,62.0
190,24,212.0,181.0,4.0,932.0,62.0
190,24,213.0,184.0,2.0,941.0,62.0
190,24,214.0,184.0,2.0,947.0,62.0
190,24,215.0,186.0,0.0,953.0,62.0
190,24,216.0,187.0,0.0,957.0,62.0
190,24,217.0,189.0,1.0,960.0,62.0
190,24,218.0,188.0,5.0,961.0,62.0
190,24,219.0,182.0,9.0,963.0,62.0
190,24,220.0,187.0,3.0,971.0,62.0
190,24,221.0,182.0,5.0,974.0,63.0
190,24,222.0,187.0,2.0,982.0,63.0
190,24,223.0,187.0,6.0,985.0,63.0
190,24,224.0,188.0,10.0,988.0,63.0
190,24,225.0,189.0,14.0,990.0,63.0
190,24,226.0,188.0,18.0,991.0,63.0
190,24,227.0,187.0,13.0,993.0,68.0
190,24,228.0,188.0,9.0,996.0,71.0
190,24,229.0,187.0,9.0,998.0,74.0
190,24,230.0,186.0,11.0,1001.0,74.0
190,24,231.0,185.0,10.0,1005.0,74.0
190,24,232.0,188.0,16.0,1010.0,76.0
190,24,233.0,184.0,19.0,1012.0,77.0
190,24,234.0,189.0,16.0,1018.0,78.0
190,24,235.0,186.0,18.0,1019.0,85.0
190,24,236.0,187.0,15.0,1023.0,87.0
190,24,237.0,185.0,15.0,1026.0,91.0
190,24,238.0,184.0,10.0,1031.0,96.0
190,24,239.0,186.0,10.0,1037.0,96.0
190,24,240.0,187.0,12.0,1041.0,98.0
190,24,241.0,183.0,14.0,1044.0,98.0
190,24,242.0,185.0,10.0,1051.0,100.0
190,24,243.0,184.0,10.0,1056.0,102.0
190,24,244.0,185.0,13.0,1062.0,105.0
190,24,245.0,188.0,16.0,1067.0,106.0
190,24,246.0,184.0,16.0,1069.0,107.0
190,24,247.0,186.0,10.0,1075.0,112.0
190,24,248.0,184.0,12.0,1079.0,118.0
190,24,249.0,187.0,15.0,1085.0,118.0
190,24,250.0,184.0,18.0,1088.0,119.0
190,24,251.0,187.0,11.0,1094.0,123.0
190,24,252.0,189.0,5.0,1097.0,129.0
190,24,253.0,185.0,1.0,1098.0,132.0
190,24,254.0,182.0,0.0,1103.0,132.0
190,24,255.0,179.0,0.0,1107.0,133.0
190,24,256.0,174.0,0.0,1110.0,133.0
190,24,257.0,172.0,0.0,1115.0,133.0
190,24,258.0,168.0,0.0,1117.0,133.0
190,24,259.0,166.0,0.0,1121.0,133.0
190,24,260.0,163.0,0.0,1123.0,133.0
190,24,261.0,156.0,0.0,1126.0,133.0
190,24,262.0,151.0,0.0,1133.0,133.0
190,24,263.0,149.0,0.0,1138.0,133.0
190,24,264.0,148.0,0.0,1140.0,133.0
190,24,265.0,146.0,0.0,1141.0,133.0
190,24,266.0,144.0,0.0,1143.0,133.0
190,24,267.0,142.0,0.0,1145.0,133.0
190,24,268.0,138.0,0.0,1147.0,133.0
190,24,269.0,136.0,0.0,1151.0,133.0
190,24,270.0,135.0,0.0,1153.0,133.0
190,24,271.0,133.0,0.0,1154.0,133.0
190,24,272.0,129.0,0.0,1156.0,133.0
190,24,273.0,124.0,0.0,1160.0,133.0
190,24,274.0,123.0,0.0,1165.0,133.0
190,24,275.0,121.0,0.0,1166.0,133.0
190,24,276.0,120.0,0.0,1168.0,133.0
190,24,277.0,120.0,0.0,1169.0,133.0
190,24,278.0,115.0,0.0,1169.0,133.0
190,24,279.0,113.0,0.0,1174.0,133.0
190,24,280.0,113.0,0.0,1176.0,133.0
190,24,281.0,112.0,0.0,1176.0,133.0
190,24,282.0,110.0,0.0,1177.0,133.0
190,24,283.0,110.0,0.0,1179.0,133.0
190,24,284.0,109.0,0.0,1179.0,133.0
190,24,285.0,104.0,0.0,1180.0,133.0
190,24,286.0,103.0,0.0,1185.0,133.0
190,24,287.0,103.0,0.0,1186.0,133.0
190,24,288.0,103.0,0.0,1186.0,133.0
190,24,289.0,103.0,0.0,1186.0,133.0
190,24,290.0,101.0,0.0,1186.0,133.0
190,24,291.0,100.0,0.0,1188.0,133.0
190,24,292.0,100.0,0.0,1189.0,133.0
190,24,293.0,100.0,0.0,1189.0,133.0
190,24,294.0,98.0,0.0,1189.0,133.0
190,24,295.0,97.0,0.0,1191.0,133.0
190,24,296.0,95.0,0.0,1192.0,133.0
190,24,297.0,93.0,0.0,1194.0,133.0
190,24,298.0,93.0,0.0,1196.0,133.0
190,24,299.0,92.0,0.0,1196.0,133.0
190,24,300.0,91.0,0.0,1197.0,133.0
190,24,301.0,91.0,0.0,1198.0,133.0
190,24,302.0,91.0,0.0,1198.0,133.0
190,24,303.0,91.0,0.0,1198.0,133.0
190,24,304.0,91.0,0.0,1198.0,133.0
190,24,305.0,91.0,0.0,1198.0,133.0
190,24,306.0,91.0,0.0,1198.0,133.0
190,24,307.0,91.0,0.0,1198.0,133.0
190,24,308.0,89.0,0.0,1198.0,133.0
190,24,309.0,87.0,0.0,1200.0,133.0
190,24,310.0,86.0,0.0,1202.0,133.0
190,24,311.0,86.0,0.0,1203.0,133.0
190,24,312.0,86.0,0.0,1203.0,133.0
190,24,313.0,86.0,0.0,1203.0,133.0
190,24,314.0,85.0,0.0,1203.0,133.0
190,24,315.0,83.0,0.0,1204.0,133.0
190,24,316.0,83.0,0.0,1206.0,133.0
190,24,317.0,83.0,0.0,1206.0,133.0
190,24,318.0,83.0,0.0,1206.0,133.0
190,24,319.0,83.0,0.0,1206.0,133.0
190,24,320.0,83.0,0.0,1206.0,133.0
190,24,321.0,83.0,0.0,1206.0,133.0
190,24,322.0,83.0,0.0,1206.0,133.0
190,24,323.0,83.0,0.0,1206.0,133.0
190,24,324.0,82.0,0.0,1206.0,133.0
190,24,325.0,82.0,0.0,1207.0,133.0
190,25,0.0,7.0,0.0,0.0,0.0
190,25,1.0,14.0,0.0,0.0,0.0
190,25,2.0,17.0,0.0,0.0,0.0
190,25,3.0,22.0,0.0,0.0,0.0
190,25,4.0,25.0,0.0,0.0,0.0
190,25,5.0,31.0,0.0,0.0,0.0
190,25,6.0,37.0,0.0,0.0,0.0
190,25,7.0,42.0,0.0,0.0,0.0
190,25,8.0,50.0,0.0,0.0,0.0
190,25,9.0,54.0,0.0,0.0,0.0
190,25,10.0,58.0,0.0,0.0,0.0
190,25,11.0,65.0,0.0,0.0,0.0
190,25,12.0,72.0,0.0,0.0,0.0
190,25,13.0,76.0,0.0,0.0,0.0
190,25,14.0,83.0,0.0,0.0,0.0
190,25,15.0,89.0,0.0,0.0,0.0
190,25,16.0,96.0,0.0,0.0,0.0
190,25,17.0,101.0,0.0,0.0,0.0
190,25,18.0,104.0,0.0,0.0,0.0
190,25,19.0,110.0,0.0,1.0,0.0
190,25,20.0,115.0,0.0,1.0,0.0
190,25,21.0,121.0,0.0,1.0,0.0
190,25,22.0,124.0,0.0,3.0,0.0
190,25,23.0,128.0,0.0,5.0,0.0
190,25,24.0,133.0,0.0,6.0,0.0
190,25,25.0,141.0,0.0,7.0,0.0
190,25,26.0,142.0,0.0,9.0,0.0
190,25,27.0,141.0,0.0,12.0,0.0
190,25,28.0,144.0,0.0,16.0,0.0
190,25,29.0,145.0,0.0,18.0,0.0
190,25,30.0,146.0,0.0,22.0,0.0
190,25,31.0,147.0,0.0,26.0,0.0
190,25,32.0,144.0,0.0,30.0,0.0
190,25,33.0,143.0,0.0,36.0,0.0
190,25,34.0,144.0,0.0,41.0,0.0
190,25,35.0,147.0,0.0,45.0,0.0
190,25,36.0,147.0,0.0,47.0,0.0
190,25,37.0,143.0,0.0,51.0,0.0
190,25,38.0,139.0,0.0,57.0,0.0
190,25,39.0,141.0,0.0,64.0,0.0
190,25,40.0,145.0,0.0,69.0,0.0
190,25,41.0,146.0,0.0,73.0,0.0
190,25,42.0,140.0,0.0,77.0,0.0
190,25,43.0,141.0,0.0,86.0,0.0
190,25,44.0,143.0,0.0,91.0,0.0
190,25,45.0,140.0,0.0,95.0,0.0
190,25,46.0,144.0,0.0,102.0,0.0
190,25,47.0,144.0,0.0,105.0,0.0
190,25,48.0,144.0,0.0,110.0,0.0
190,25,49.0,145.0,0.0,115.0,0.0
190,25,50.0,147.0,0.0,118.0,0.0
190,25,51.0,147.0,0.0,122.0,0.0
190,25,52.0,150.0,0.0,125.0,0.0
190,25,53.0,150.0,0.0,132.0,0.0
190,25,54.0,151.0,0.0,138.0,0.0
190,25,55.0,151.0,0.0,143.0,0.0
190,25,56.0,149.0,0.0,147.0,0.0
190,25,57.0,149.0,0.0,153.0,0.0
190,25,58.0,148.0,0.0,158.0,0.0
190,25,59.0,152.0,0.0,161.0,0.0
190,25,60.0,151.0,0.0,166.0,0.0
190,25,61.0,151.0,0.0,168.0,0.0
190,25,62.0,153.0,0.0,173.0,0.0
190,25,63.0,148.0,0.0,179.0,0.0
190,25,64.0,148.0,0.0,187.0,0.0
190,25,65.0,149.0,0.0,191.0,0.0
190,25,66.0,155.0,0.0,195.0,0.0
190,25,67.0,155.0,0.0,197.0,0.0
190,25,68.0,156.0,0.0,202.0,0.0
190,25,69.0,155.0,0.0,207.0,0.0
190,25,70.0,154.0,0.0,213.0,0.0
190,25,71.0,156.0,0.0,222.0,0.0
190,25,72.0,163.0,0.0,226.0,0.0
190,25,73.0,166.0,0.0,228.0,0.0
190,25,74.0,162.0,0.0,232.0,0.0
190,25,75.0,164.0,0.0,239.0,0.0
190,25,76.0,165.0,0.0,246.0,0.0
190,25,77.0,168.0,0.0,250.0,0.0
190,25,78.0,165.0,0.0,254.0,0.0
190,25,79.0,166.0,0.0,260.0,0.0
190,25,80.0,166.0,0.0,265.0,0.0
190,25,81.0,167.0,0.0,270.0,0.0
190,25,82.0,170.0,0.0,273.0,0.0
190,25,83.0,170.0,0.0,277.0,0.0
190,25,84.0,169.0,0.0,281.0,0.0
190,25,85.0,169.0,0.0,288.0,0.0
190,25,86.0,169.0,0.0,292.0,0.0
190,25,87.0,168.0,0.0,297.0,0.0
190,25,88.0,167.0,0.0,300.0,0.0
190,25,89.0,168.0,0.0,305.0,0.0
190,25,90.0,168.0,0.0,310.0,0.0
190,25,91.0,165.0,0.0,315.0,0.0
190,25,92.0,167.0,0.0,323.0,0.0
190,25,93.0,165.0,0.0,326.0,0.0
190,25,94.0,166.0,0.0,332.0,0.0
190,25,95.0,162.0,0.0,336.0,0.0
190,25,96.0,161.0,0.0,343.0,0.0
190,25,97.0,158.0,0.0,348.0,0.0
190,25,98.0,158.0,0.0,354.0,0.0
190,25,99.0,156.0,0.0,360.0,0.0
190,25,100.0,156.0,0.0,366.0,0.0
190,25,101.0,156.0,0.0,370.0,0.0
190,25,102.0,155.0,0.0,378.0,0.0
190,25,103.0,158.0,0.0,385.0,0.0
190,25,104.0,158.0,0.0,390.0,0.0
190,25,105.0,161.0,0.0,394.0,0.0
190,25,106.0,160.0,0.0,399.0,0.0
190,25,107.0,160.0,0.0,406.0,0.0
190,25,108.0,155.0,0.0,411.0,0.0
190,25,109.0,159.0,0.0,420.0,0.0
190,25,110.0,159.0,0.0,422.0,0.0
190,25,111.0,157.0,0.0,425.0,0.0
190,25,112.0,159.0,0.0,431.0,0.0
190,25,113.0,160.0,0.0,437.0,0.0
190,25,114.0,162.0,0.0,442.0,0.0
190,25,115.0,167.0,0.0,448.0,0.0
190,25,116.0,164.0,0.0,450.0,0.0
190,25,117.0,164.0,0.0,458.0,0.0
190,25,118.0,164.0,0.0,461.0,0.0
190,25,119.0,160.0,0.0,464.0,0.0
190,25,120.0,157.0,0.0,472.0,0.0
190,25,121.0,156.0,0.0,478.0,0.0
190,25,122.0,155.0,0.0,485.0,0.0
190,25,123.0,156.0,0.0,491.0,0.0
190,25,124.0,156.0,0.0,495.0,0.0
190,25,125.0,158.0,0.0,501.0,0.0
190,25,126.0,160.0,0.0,508.0,0.0
190,25,127.0,159.0,0.0,513.0,0.0
190,25,128.0,160.0,0.0,518.0,0.0
190,25,129.0,163.0,0.0,522.0,0.0
190,25,130.0,164.0,0.0,525.0,0.0
190,25,131.0,167.0,0.0,531.0,0.0
190,25,132.0,168.0,0.0,535.0,0.0
190,25,133.0,169.0,0.0,538.0,0.0
190,25,134.0,175.0,0.0,541.0,0.0
190,25,135.0,177.0,0.0,545.0,0.0
190,25,136.0,179.0,0.0,548.0,0.0
190,25,137.0,178.0,0.0,553.0,0.0
190,25,138.0,179.0,0.0,560.0,0.0
190,25,139.0,177.0,0.0,569.0,0.0
190,25,140.0,172.0,0.0,573.0,0.0
190,25,141.0,170.0,0.0,582.0,0.0
190,25,142.0,172.0,0.0,586.0,0.0
190,25,143.0,171.0,0.0,589.0,0.0
190,25,144.0,168.0,0.0,596.0,0.0
190,25,145.0,166.0,0.0,604.0,0.0
190,25,146.0,166.0,0.0,610.0,0.0
190,25,147.0,165.0,0.0,614.0,0.0
190,25,148.0,167.0,0.0,618.0,0.0
190,25,149.0,166.0,0.0,622.0,0.0
190,25,150.0,169.0,0.0,627.0,0.0
190,25,151.0,166.0,0.0,631.0,0.0
190,25,152.0,166.0,0.0,638.0,0.0
190,25,153.0,171.0,0.0,644.0,0.0
190,25,154.0,170.0,0.0,648.0,0.0
190,25,155.0,172.0,0.0,656.0,0.0
190,25,156.0,173.0,0.0,660.0,0.0
190,25,157.0,172.0,0.0,664.0,0.0
190,25,158.0,170.0,0.0,668.0,0.0
190,25,159.0,163.0,0.0,677.0,0.0
190,25,160.0,159.0,0.0,686.0,0.0
190,25,161.0,164.0,0.0,694.0,0.0
190,25,162.0,164.0,0.0,697.0,0.0
190,25,163.0,165.0,0.0,704.0,0.0
190,25,164.0,168.0,0.0,710.0,0.0
190,25,165.0,167.0,0.0,714.0,0.0
190,25,166.0,166.0,0.0,723.0,0.0
190,25,167.0,169.0,0.0,729.0,0.0
190,25,168.0,169.0,0.0,733.0,0.0
190,25,169.0,167.0,0.0,736.0,0.0
190,25,170.0,169.0,0.0,743.0,0.0
190,25,171.0,168.0,0.0,747.0,0.0
190,25,172.0,168.0,0.0,752.0,0.0
190,25,173.0,164.0,0.0,759.0,0.0
190,25,174.0,168.0,0.0,766.0,0.0
190,25,175.0,169.0,0.0,769.0,0.0
190,25,176.0,171.0,0.0,775.0,0.0
190,25,177.0,171.0,0.0,779.0,0.0
190,25,178.0,173.0,0.0,783.0,0.0
190,25,179.0,170.0,0.0,788.0,0.0
190,25,180.0,166.0,0.0,795.0,0.0
190,25,181.0,163.0,0.0,802.0,0.0
190,25,182.0,164.0,0.0,807.0,0.0
190,25,183.0,162.0,0.0,811.0,0.0
190,25,184.0,163.0,0.0,819.0,0.0
190,25,185.0,165.0,0.0,826.0,0.0
190,25,186.0,166.0,0.0,830.0,0.0
190,25,187.0,166.0,0.0,835.0,0.0
190,25,188.0,166.0,0.0,840.0,0.0
190,25,189.0,171.0,0.0,845.0,0.0
190,25,190.0,168.0,0.0,850.0,0.0
190,25,191.0,167.0,0.0,858.0,0.0
190,25,192.0,167.0,0.0,863.0,0.0
190,25,193.0,170.0,0.0,866.0,0.0
190,25,194.0,168.0,0.0,870.0,0.0
190,25,195.0,168.0,0.0,876.0,0.0
190,25,196.0,169.0,0.0,882.0,0.0
190,25,197.0,169.0,0.0,887.0,0.0
190,25,198.0,168.0,0.0,895.0,0.0
190,25,199.0,171.0,0.0,900.0,0.0
190,25,200.0,172.0,0.0,907.0,0.0
190,25,201.0,176.0,0.0,912.0,0.0
190,25,202.0,175.0,0.0,914.0,0.0
190,25,203.0,181.0,0.0,920.0,0.0
190,25,204.0,182.0,0.0,923.0,0.0
190,25,205.0,179.0,0.0,929.0,0.0
190,25,206.0,178.0,0.0,937.0,0.0
190,25,207.0,176.0,0.0,943.0,0.0
190,25,208.0,176.0,0.0,949.0,0.0
190,25,209.0,178.0,0.0,955.0,0.0
190,25,210.0,177.0,0.0,959.0,0.0
190,25,211.0,179.0,0.0,963.0,0.0
190,25,212.0,180.0,0.0,967.0,0.0
190,25,213.0,182.0,0.0,972.0,0.0
190,25,214.0,183.0,0.0,978.0,0.0
190,25,215.0,184.0,0.0,984.0,0.0
190,25,216.0,184.0,2.0,990.0,0.0
190,25,217.0,182.0,2.0,996.0,0.0
190,25,218.0,178.0,0.0,1004.0,0.0
190,25,219.0,181.0,0.0,1011.0,0.0
190,25,220.0,175.0,0.0,1014.0,0.0
190,25,221.0,172.0,0.0,1023.0,0.0
190,25,222.0,173.0,0.0,1031.0,0.0
190,25,223.0,176.0,0.0,1037.0,0.0
190,25,224.0,173.0,0.0,1041.0,0.0
190,25,225.0,175.0,0.0,1047.0,0.0
190,25,226.0,177.0,0.0,1052.0,0.0
190,25,227.0,182.0,0.0,1055.0,0.0
190,25,228.0,181.0,0.0,1059.0,0.0
190,25,229.0,183.0,0.0,1065.0,0.0
190,25,230.0,182.0,0.0,1068.0,0.0
190,25,231.0,180.0,0.0,1071.0,0.0
190,25,232.0,181.0,0.0,1080.0,0.0
190,25,233.0,179.0,0.0,1082.0,0.0
190,25,234.0,177.0,0.0,1088.0,0.0
190,25,235.0,177.0,0.0,1095.0,0.0
190,25,236.0,174.0,0.0,1100.0,0.0
190,25,237.0,170.0,0.0,1106.0,0.0
190,25,238.0,168.0,0.0,1115.0,0.0
190,25,239.0,171.0,0.0,1120.0,0.0
190,25,240.0,167.0,0.0,1123.0,0.0
190,25,241.0,163.0,0.0,1132.0,0.0
190,25,242.0,164.0,0.0,1141.0,0.0
190,25,243.0,165.0,0.0,1147.0,0.0
190,25,244.0,166.0,0.0,1152.0,0.0
190,25,245.0,163.0,0.0,1156.0,0.0
190,25,246.0,165.0,0.0,1162.0,0.0
190,25,247.0,167.0,0.0,1166.0,0.0
190,25,248.0,166.0,0.0,1172.0,0.0
190,25,249.0,169.0,0.0,1177.0,0.0
190,25,250.0,172.0,0.0,1182.0,0.0
190,25,251.0,169.0,0.0,1186.0,0.0
190,25,252.0,162.0,0.0,1189.0,0.0
190,25,253.0,153.0,0.0,1196.0,0.0
190,25,254.0,147.0,0.0,1205.0,0.0
190,25,255.0,142.0,0.0,1211.0,0.0
190,25,256.0,135.0,0.0,1216.0,0.0
190,25,257.0,131.0,0.0,1223.0,0.0
190,25,258.0,127.0,0.0,1227.0,0.0
190,25,259.0,118.0,0.0,1231.0,0.0
190,25,260.0,116.0,0.0,1240.0,0.0
190,25,261.0,111.0,0.0,1242.0,0.0
190,25,262.0,106.0,0.0,1247.0,0.0
190,25,263.0,102.0,0.0,1252.0,0.0
190,25,264.0,98.0,0.0,1256.0,0.0
190,25,265.0,92.0,0.0,1260.0,0.0
190,25,266.0,87.0,0.0,1266.0,0.0
190,25,267.0,83.0,0.0,1271.0,0.0
190,25,268.0,80.0,0.0,1275.0,0.0
190,25,269.0,76.0,0.0,1278.0,0.0
190,25,270.0,72.0,0.0,1282.0,0.0
190,25,271.0,68.0,0.0,1286.0,0.0
190,25,272.0,63.0,0.0,1290.0,0.0
190,25,273.0,59.0,0.0,1295.0,0.0
190,25,274.0,52.0,0.0,1299.0,0.0
190,25,275.0,51.0,0.0,1306.0,0.0
190,25,276.0,47.0,0.0,1307.0,0.0
190,25,277.0,44.0,0.0,1311.0,0.0
190,25,278.0,42.0,0.0,1314.0,0.0
190,25,279.0,41.0,0.0,1316.0,0.0
190,25,280.0,36.0,0.0,1317.0,0.0
190,25,281.0,35.0,0.0,1322.0,0.0
190,25,282.0,30.0,0.0,1323.0,0.0
190,25,283.0,29.0,0.0,1328.0,0.0
190,25,284.0,27.0,0.0,1329.0,0.0
190,25,285.0,24.0,0.0,1331.0,0.0
190,25,286.0,23.0,0.0,1334.0,0.0
190,25,287.0,21.0,0.0,1335.0,0.0
190,25,288.0,19.0,0.0,1337.0,0.0
190,25,289.0,17.0,0.0,1339.0,0.0
190,25,290.0,16.0,0.0,1341.0,0.0
190,25,291.0,13.0,0.0,1342.0,0.0
190,25,292.0,12.0,0.0,1345.0,0.0
190,25,293.0,11.0,0.0,1346.0,0.0
190,25,294.0,10.0,0.0,1347.0,0.0
190,25,295.0,10.0,0.0,1348.0,0.0
190,25,296.0,9.0,0.0,1348.0,0.0
190,25,297.0,8.0,0.0,1349.0,0.0
190,25,298.0,8.0,0.0,1350.0,0.0
190,25,299.0,8.0,0.0,1350.0,0.0
190,25,300.0,7.0,0.0,1350.0,0.0
190,25,301.0,7.0,0.0,1351.0,0.0
190,25,302.0,7.0,0.0,1351.0,0.0
190,25,303.0,6.0,0.0,1351.0,0.0
190,25,304.0,6.0,0.0,1352.0,0.0
190,25,305.0,6.0,0.0,1352.0,0.0
190,25,306.0,6.0,0.0,1352.0,0.0
190,25,307.0,6.0,0.0,1352.0,0.0
190,25,308.0,5.0,0.0,1352.0,0.0
190,25,309.0,5.0,0.0,1353.0,0.0
190,25,310.0,5.0,0.0,1353.0,0.0
190,25,311.0,2.0,0.0,1353.0,0.0
190,25,312.0,2.0,0.0,1356.0,0.0
190,25,313.0,2.0,0.0,1356.0,0.0
190,25,314.0,2.0,0.0,1356.0,0.0
190,25,315.0,0.0,0.0,1356.0,0.0
190,25,316.0,0.0,0.0,1358.0,0.0
190,26,0.0,4.0,0.0,0.0,0.0
190,26,1.0,11.0,0.0,0.0,0.0
190,26,2.0,15.0,0.0,0.0,0.0
190,26,3.0,17.0,0.0,0.0,0.0
190,26,4.0,24.0,0.0,0.0,0.0
190,26,5.0,30.0,0.0,0.0,0.0
190,26,6.0,38.0,0.0,0.0,0.0
190,26,7.0,41.0,0.0,0.0,0.0
190,26,8.0,45.0,0.0,0.0,0.0
190,26,9.0,52.0,0.0,0.0,0.0
190,26,10.0,56.0,0.0,0.0,0.0
190,26,11.0,61.0,0.0,0.0,0.0
190,26,12.0,65.0,0.0,0.0,0.0
190,26,13.0,71.0,0.0,1.0,0.0
190,26,14.0,74.0,0.0,1.0,0.0
190,26,15.0,79.0,0.0,1.0,0.0
190,26,16.0,82.0,0.0,1.0,0.0
190,26,17.0,86.0,0.0,2.0,0.0
190,26,18.0,91.0,0.0,2.0,0.0
190,26,19.0,97.0,0.0,2.0,0.0
190,26,20.0,100.0,0.0,3.0,0.0
190,26,21.0,110.0,0.0,3.0,0.0
190,26,22.0,117.0,0.0,3.0,0.0
190,26,23.0,120.0,0.0,4.0,0.0
190,26,24.0,122.0,0.0,5.0,0.0
190,26,25.0,125.0,0.0,8.0,0.0
190,26,26.0,130.0,0.0,10.0,0.0
190,26,27.0,134.0,0.0,12.0,0.0
190,26,28.0,137.0,0.0,14.0,0.0
190,26,29.0,139.0,0.0,18.0,0.0
190,26,30.0,143.0,0.0,20.0,0.0
190,26,31.0,143.0,0.0,23.0,0.0
190,26,32.0,144.0,0.0,29.0,0.0
190,26,33.0,147.0,0.0,32.0,0.0
190,26,34.0,148.0,0.0,34.0,0.0
190,26,35.0,148.0,0.0,38.0,0.0
190,26,36.0,150.0,0.0,43.0,0.0
190,26,37.0,145.0,0.0,45.0,0.0
190,26,38.0,148.0,0.0,55.0,0.0
190,26,39.0,151.0,0.0,58.0,0.0
190,26,40.0,155.0,0.0,62.0,0.0
190,26,41.0,158.0,0.0,65.0,0.0
190,26,42.0,160.0,0.0,68.0,0.0
190,26,43.0,159.0,0.0,72.0,0.0
190,26,44.0,160.0,0.0,79.0,0.0
190,26,45.0,161.0,0.0,83.0,0.0
190,26,46.0,161.0,0.0,88.0,0.0
190,26,47.0,162.0,0.0,94.0,0.0
190,26,48.0,168.0,0.0,99.0,0.0
190,26,49.0,170.0,0.0,100.0,0.0
190,26,50.0,173.0,0.0,105.0,0.0
190,26,51.0,174.0,0.0,109.0,0.0
190,26,52.0,178.0,0.0,114.0,0.0
190,26,53.0,179.0,0.0,119.0,0.0
190,26,54.0,178.0,0.0,122.0,0.0
190,26,55.0,180.0,0.0,126.0,0.0
190,26,56.0,177.0,0.0,129.0,0.0
190,26,57.0,174.0,0.0,136.0,0.0
190,26,58.0,174.0,0.0,143.0,0.0
190,26,59.0,177.0,0.0,150.0,0.0
190,26,60.0,174.0,0.0,155.0,0.0
190,26,61.0,177.0,0.0,161.0,0.0
190,26,62.0,173.0,0.0,166.0,0.0
190,26,63.0,172.0,0.0,172.0,0.0
190,26,64.0,171.0,0.0,176.0,0.0
190,26,65.0,171.0,0.0,182.0,0.0
190,26,66.0,172.0,0.0,189.0,0.0
190,26,67.0,173.0,0.0,193.0,0.0
190,26,68.0,172.0,0.0,199.0,0.0
190,26,69.0,176.0,0.0,204.0,0.0
190,26,70.0,174.0,0.0,206.0,0.0
190,26,71.0,174.0,0.0,214.0,0.0
190,26,72.0,169.0,0.0,220.0,0.0
190,26,73.0,165.0,0.0,227.0,0.0
190,26,74.0,163.0,0.0,235.0,0.0
190,26,75.0,163.0,0.0,240.0,0.0
190,26,76.0,157.0,0.0,246.0,0.0
190,26,77.0,157.0,0.0,255.0,0.0
190,26,78.0,157.0,0.0,260.0,0.0
190,26,79.0,156.0,0.0,265.0,0.0
190,26,80.0,153.0,0.0,269.0,0.0
190,26,81.0,160.0,0.0,275.0,0.0
190,26,82.0,166.0,0.0,277.0,0.0
190,26,83.0,162.0,0.0,280.0,0.0
190,26,84.0,159.0,0.0,287.0,0.0
190,26,85.0,153.0,0.0,294.0,0.0
190,26,86.0,150.0,0.0,303.0,0.0
190,26,87.0,151.0,0.0,311.0,0.0
190,26,88.0,152.0,0.0,315.0,0.0
190,26,89.0,151.0,0.0,319.0,0.0
190,26,90.0,150.0,0.0,324.0,0.0
190,26,91.0,152.0,0.0,332.0,0.0
190,26,92.0,151.0,0.0,335.0,0.0
190,26,93.0,149.0,0.0,345.0,0.0
190,26,94.0,150.0,0.0,351.0,0.0
190,26,95.0,148.0,0.0,355.0,0.0
190,26,96.0,151.0,0.0,361.0,0.0
190,26,97.0,150.0,0.0,365.0,0.0
190,26,98.0,157.0,0.0,370.0,0.0
190,26,99.0,162.0,0.0,374.0,0.0
190,26,100.0,161.0,0.0,375.0,0.0
190,26,101.0,164.0,0.0,382.0,0.0
190,26,102.0,168.0,0.0,386.0,0.0
190,26,103.0,168.0,0.0,391.0,0.0
190,26,104.0,170.0,0.0,396.0,0.0
190,26,105.0,172.0,0.0,400.0,0.0
190,26,106.0,172.0,0.0,404.0,0.0
190,26,107.0,170.0,0.0,408.0,0.0
190,26,108.0,173.0,0.0,412.0,0.0
190,26,109.0,169.0,0.0,416.0,0.0
190,26,110.0,174.0,0.0,425.0,0.0
190,26,111.0,178.0,0.0,430.0,0.0
190,26,112.0,178.0,0.0,434.0,0.0
190,26,113.0,177.0,0.0,438.0,0.0
190,26,114.0,176.0,0.0,444.0,0.0
190,26,115.0,177.0,0.0,451.0,0.0
190,26,116.0,180.0,0.0,453.0,0.0
190,26,117.0,181.0,0.0,457.0,0.0
190,26,118.0,180.0,0.0,462.0,0.0
190,26,119.0,174.0,0.0,466.0,0.0
190,26,120.0,176.0,0.0,474.0,0.0
190,26,121.0,179.0,0.0,483.0,0.0
190,26,122.0,180.0,0.0,487.0,0.0
190,26,123.0,182.0,0.0,490.0,0.0
190,26,124.0,176.0,0.0,496.0,0.0
190,26,125.0,176.0,0.0,504.0,0.0
190,26,126.0,170.0,0.0,508.0,0.0
190,26,127.0,173.0,0.0,518.0,0.0
190,26,128.0,174.0,0.0,524.0,0.0
190,26,129.0,175.0,0.0,529.0,0.0
190,26,130.0,172.0,0.0,534.0,0.0
190,26,131.0,170.0,0.0,542.0,0.0
190,26,132.0,176.0,0.0,550.0,0.0
190,26,133.0,178.0,0.0,552.0,0.0
190,26,134.0,174.0,0.0,554.0,0.0
190,26,135.0,177.0,0.0,564.0,0.0
190,26,136.0,178.0,0.0,568.0,0.0
190,26,137.0,175.0,0.0,575.0,0.0
190,26,138.0,179.0,0.0,582.0,0.0
190,26,139.0,178.0,0.0,585.0,0.0
190,26,140.0,179.0,0.0,594.0,0.0
190,26,141.0,180.0,0.0,596.0,0.0
190,26,142.0,180.0,0.0,601.0,0.0
190,26,143.0,182.0,0.0,605.0,0.0
190,26,144.0,187.0,0.0,609.0,0.0
190,26,145.0,185.0,2.0,612.0,0.0
190,26,146.0,180.0,2.0,617.0,0.0
190,26,147.0,178.0,0.0,627.0,0.0
190,26,148.0,179.0,0.0,638.0,0.0
190,26,149.0,177.0,0.0,644.0,0.0
190,26,150.0,176.0,0.0,652.0,0.0
190,26,151.0,177.0,0.0,657.0,0.0
190,26,152.0,174.0,0.0,664.0,0.0
190,26,153.0,173.0,0.0,671.0,0.0
190,26,154.0,171.0,0.0,676.0,0.0
190,26,155.0,170.0,0.0,682.0,0.0
190,26,156.0,169.0,0.0,688.0,0.0
190,26,157.0,174.0,0.0,693.0,0.0
190,26,158.0,175.0,0.0,696.0,0.0
190,26,159.0,172.0,0.0,700.0,0.0
190,26,160.0,169.0,0.0,708.0,0.0
190,26,161.0,172.0,0.0,715.0,0.0
190,26,162.0,168.0,0.0,719.0,0.0
190,26,163.0,170.0,0.0,726.0,0.0
190,26,164.0,172.0,0.0,728.0,0.0
190,26,165.0,172.0,0.0,734.0,0.0
190,26,166.0,168.0,0.0,742.0,0.0
190,26,167.0,164.0,0.0,752.0,0.0
190,26,168.0,161.0,0.0,758.0,0.0
190,26,169.0,159.0,0.0,765.0,0.0
190,26,170.0,160.0,0.0,769.0,0.0
190,26,171.0,162.0,0.0,777.0,0.0
190,26,172.0,158.0,0.0,780.0,0.0
190,26,173.0,159.0,0.0,790.0,0.0
190,26,174.0,162.0,0.0,796.0,0.0
190,26,175.0,162.0,0.0,798.0,0.0
190,26,176.0,164.0,0.0,804.0,0.0
190,26,177.0,167.0,0.0,809.0,0.0
190,26,178.0,164.0,0.0,813.0,0.0
190,26,179.0,163.0,0.0,821.0,0.0
190,26,180.0,163.0,0.0,826.0,0.0
190,26,181.0,162.0,0.0,830.0,0.0
190,26,182.0,165.0,0.0,836.0,0.0
190,26,183.0,163.0,0.0,840.0,0.0
190,26,184.0,166.0,0.0,846.0,0.0
190,26,185.0,163.0,0.0,851.0,0.0
190,26,186.0,161.0,0.0,858.0,0.0
190,26,187.0,159.0,0.0,863.0,0.0
190,26,188.0,160.0,0.0,870.0,0.0
190,26,189.0,159.0,0.0,874.0,0.0
190,26,190.0,156.0,0.0,880.0,0.0
190,26,191.0,156.0,0.0,885.0,0.0
190,26,192.0,156.0,0.0,891.0,0.0
190,26,193.0,156.0,0.0,896.0,0.0
190,26,194.0,159.0,0.0,900.0,0.0
190,26,195.0,153.0,0.0,906.0,0.0
190,26,196.0,154.0,0.0,917.0,0.0
190,26,197.0,157.0,0.0,923.0,0.0
190,26,198.0,156.0,0.0,926.0,0.0
190,26,199.0,156.0,0.0,932.0,0.0
190,26,200.0,162.0,0.0,935.0,0.0
190,26,201.0,162.0,0.0,939.0,0.0
190,26,202.0,159.0,0.0,948.0,0.0
190,26,203.0,161.0,0.0,955.0,0.0
190,26,204.0,156.0,0.0,960.0,0.0
190,26,205.0,156.0,0.0,967.0,0.0
190,26,206.0,154.0,0.0,971.0,0.0
190,26,207.0,155.0,0.0,976.0,0.0
190,26,208.0,158.0,0.0,979.0,0.0
190,26,209.0,153.0,0.0,981.0,0.0
190,26,210.0,154.0,0.0,987.0,0.0
190,26,211.0,157.0,0.0,989.0,0.0
190,26,212.0,159.0,0.0,993.0,0.0
190,26,213.0,163.0,0.0,997.0,0.0
190,26,214.0,161.0,0.0,999.0,0.0
190,26,215.0,166.0,0.0,1006.0,0.0
190,26,216.0,165.0,0.0,1008.0,0.0
190,26,217.0,166.0,0.0,1012.0,0.0
190,26,218.0,165.0,0.0,1017.0,0.0
190,26,219.0,165.0,0.0,1022.0,0.0
190,26,220.0,160.0,0.0,1027.0,0.0
190,26,221.0,159.0,0.0,1035.0,0.0
190,26,222.0,159.0,0.0,1041.0,0.0
190,26,223.0,159.0,0.0,1045.0,0.0
190,26,224.0,162.0,0.0,1050.0,0.0
190,26,225.0,163.0,0.0,1052.0,0.0
190,26,226.0,162.0,0.0,1057.0,0.0
190,26,227.0,160.0,0.0,1063.0,0.0
190,26,228.0,160.0,0.0,1070.0,0.0
190,26,229.0,159.0,0.0,1074.0,0.0
190,26,230.0,157.0,0.0,1082.0,0.0
190,26,231.0,163.0,0.0,1089.0,0.0
190,26,232.0,164.0,0.0,1091.0,0.0
190,26,233.0,160.0,0.0,1096.0,0.0
190,26,234.0,160.0,0.0,1103.0,0.0
190,26,235.0,157.0,0.0,1109.0,0.0
190,26,236.0,153.0,0.0,1116.0,0.0
190,26,237.0,155.0,0.0,1124.0,0.0
190,26,238.0,157.0,0.0,1127.0,0.0
190,26,239.0,155.0,0.0,1130.0,0.0
190,26,240.0,160.0,0.0,1137.0,0.0
190,26,241.0,157.0,0.0,1140.0,0.0
190,26,242.0,160.0,0.0,1148.0,0.0
190,26,243.0,160.0,0.0,1149.0,0.0
190,26,244.0,160.0,0.0,1153.0,0.0
190,26,245.0,156.0,0.0,1158.0,0.0
190,26,246.0,156.0,0.0,1165.0,0.0
190,26,247.0,154.0,0.0,1168.0,0.0
190,26,248.0,153.0,0.0,1176.0,0.0
190,26,249.0,151.0,0.0,1184.0,0.0
190,26,250.0,155.0,0.0,1189.0,0.0
190,26,251.0,153.0,0.0,1191.0,0.0
190,26,252.0,151.0,0.0,1193.0,0.0
190,26,253.0,145.0,0.0,1195.0,0.0
190,26,254.0,139.0,0.0,1201.0,0.0
190,26,255.0,136.0,0.0,1207.0,0.0
190,26,256.0,132.0,0.0,1210.0,0.0
190,26,257.0,122.0,0.0,1214.0,0.0
190,26,258.0,118.0,0.0,1224.0,0.0
190,26,259.0,108.0,0.0,1228.0,0.0
190,26,260.0,102.0,0.0,1238.0,0.0
190,26,261.0,96.0,0.0,1244.0,0.0
190,26,262.0,91.0,0.0,1250.0,0.0
190,26,263.0,80.0,0.0,1255.0,0.0
190,26,264.0,76.0,0.0,1266.0,0.0
190,26,265.0,72.0,0.0,1270.0,0.0
190,26,266.0,66.0,0.0,1274.0,0.0
190,26,267.0,63.0,0.0,1280.0,0.0
190,26,268.0,60.0,0.0,1283.0,0.0
190,26,269.0,57.0,0.0,1286.0,0.0
190,26,270.0,53.0,0.0,1289.0,0.0
190,26,271.0,51.0,0.0,1293.0,0.0
190,26,272.0,48.0,0.0,1295.0,0.0
190,26,273.0,44.0,0.0,1298.0,0.0
190,26,274.0,40.0,0.0,1302.0,0.0
190,26,275.0,35.0,0.0,1306.0,0.0
190,26,276.0,34.0,0.0,1311.0,0.0
190,26,277.0,32.0,0.0,1312.0,0.0
190,26,278.0,32.0,0.0,1314.0,0.0
190,26,279.0,30.0,0.0,1314.0,0.0
190,26,280.0,27.0,0.0,1316.0,0.0
190,26,281.0,27.0,0.0,1319.0,0.0
190,26,282.0,27.0,0.0,1319.0,0.0
190,26,283.0,27.0,0.0,1319.0,0.0
190,26,284.0,24.0,0.0,1319.0,0.0
190,26,285.0,22.0,0.0,1322.0,0.0
190,26,286.0,19.0,0.0,1324.0,0.0
190,26,287.0,19.0,0.0,1327.0,0.0
190,26,288.0,18.0,0.0,1327.0,0.0
190,26,289.0,18.0,0.0,1328.0,0.0
190,26,290.0,18.0,0.0,1328.0,0.0
190,26,291.0,16.0,0.0,1328.0,0.0
190,26,292.0,15.0,0.0,1330.0,0.0
190,26,293.0,14.0,0.0,1331.0,0.0
190,26,294.0,14.0,0.0,1332.0,0.0
190,26,295.0,14.0,0.0,1332.0,0.0
190,26,296.0,14.0,0.0,1332.0,0.0
190,26,297.0,13.0,0.0,1332.0,0.0
190,26,298.0,12.0,0.0,1333.0,0.0
190,26,299.0,10.0,0.0,1334.0,0.0
190,26,300.0,9.0,0.0,1336.0,0.0
190,26,301.0,7.0,0.0,1337.0,0.0
190,26,302.0,7.0,0.0,1339.0,0.0
190,26,303.0,7.0,0.0,1339.0,0.0
190,26,304.0,6.0,0.0,1339.0,0.0
190,26,305.0,6.0,0.0,1340.0,0.0
190,26,306.0,5.0,0.0,1340.0,0.0
190,26,307.0,4.0,0.0,1341.0,0.0
190,26,308.0,4.0,0.0,1342.0,0.0
190,26,309.0,4.0,0.0,1342.0,0.0
190,26,310.0,4.0,0.0,1342.0,0.0
190,26,311.0,4.0,0.0,1342.0,0.0
190,26,312.0,3.0,0.0,1342.0,0.0
190,26,313.0,3.0,0.0,1343.0,0.0
190,26,314.0,3.0,0.0,1343.0,0.0
190,26,315.0,3.0,0.0,1343.0,0.0
190,26,316.0,2.0,0.0,1343.0,0.0
190,26,317.0,2.0,0.0,1344.0,0.0
190,26,318.0,1.0,0.0,1344.0,0.0
190,26,319.0,1.0,0.0,1345.0,0.0
190,26,320.0,1.0,0.0,1345.0,0.0
190,26,321.0,1.0,0.0,1345.0,0.0
190,26,322.0,0.0,0.0,1345.0,0.0
190,26,323.0,0.0,0.0,1346.0,0.0
190,27,0.0,6.0,0.0,0.0,0.0
190,27,1.0,10.0,0.0,0.0,0.0
190,27,2.0,17.0,0.0,0.0,0.0
190,27,3.0,22.0,0.0,0.0,0.0
190,27,4.0,27.0,0.0,0.0,0.0
190,27,5.0,32.0,0.0,0.0,0.0
190,27,6.0,36.0,0.0,0.0,0.0
190,27,7.0,41.0,0.0,1.0,0.0
190,27,8.0,46.0,0.0,1.0,0.0
190,27,9.0,51.0,0.0,1.0,0.0
190,27,10.0,56.0,0.0,1.0,0.0
190,27,11.0,63.0,0.0,1.0,0.0
190,27,12.0,66.0,0.0,1.0,0.0
190,27,13.0,69.0,0.0,1.0,0.0
190,27,14.0,77.0,0.0,2.0,0.0
190,27,15.0,80.0,0.0,2.0,0.0
190,27,16.0,86.0,0.0,2.0,0.0
190,27,17.0,92.0,0.0,3.0,0.0
190,27,18.0,101.0,0.0,3.0,0.0
190,27,19.0,104.0,0.0,3.0,0.0
190,27,20.0,111.0,0.0,3.0,0.0
190,27,21.0,113.0,0.0,3.0,0.0
190,27,22.0,120.0,0.0,4.0,0.0
190,27,23.0,124.0,0.0,4.0,0.0
190,27,24.0,129.0,0.0,4.0,0.0
190,27,25.0,130.0,0.0,6.0,0.0
190,27,26.0,133.0,0.0,10.0,0.0
190,27,27.0,138.0,0.0,13.0,0.0
190,27,28.0,142.0,0.0,16.0,0.0
190,27,29.0,146.0,0.0,19.0,0.0
190,27,30.0,148.0,0.0,24.0,0.0
190,27,31.0,151.0,0.0,26.0,0.0
190,27,32.0,154.0,0.0,29.0,0.0
190,27,33.0,155.0,0.0,33.0,0.0
190,27,34.0,159.0,0.0,36.0,0.0
190,27,35.0,160.0,0.0,38.0,0.0
190,27,36.0,165.0,0.0,41.0,0.0
190,27,37.0,164.0,0.0,43.0,0.0
190,27,38.0,165.0,0.0,47.0,0.0
190,27,39.0,166.0,0.0,52.0,0.0
190,27,40.0,170.0,0.0,57.0,0.0
190,27,41.0,172.0,0.0,61.0,0.0
190,27,42.0,172.0,0.0,65.0,0.0
190,27,43.0,171.0,0.0,69.0,0.0
190,27,44.0,169.0,0.0,74.0,0.0
190,27,45.0,168.0,0.0,82.0,0.0
190,27,46.0,167.0,0.0,86.0,0.0
190,27,47.0,171.0,0.0,93.0,0.0
190,27,48.0,165.0,0.0,95.0,0.0
190,27,49.0,169.0,0.0,106.0,0.0
190,27,50.0,168.0,0.0,109.0,0.0
190,27,51.0,167.0,0.0,114.0,0.0
190,27,52.0,169.0,0.0,123.0,0.0
190,27,53.0,171.0,0.0,124.0,0.0
190,27,54.0,175.0,0.0,129.0,0.0
190,27,55.0,177.0,0.0,133.0,0.0
190,27,56.0,176.0,0.0,137.0,0.0
190,27,57.0,176.0,0.0,143.0,0.0
190,27,58.0,175.0,0.0,149.0,0.0
190,27,59.0,176.0,0.0,155.0,0.0
190,27,60.0,174.0,0.0,159.0,0.0
190,27,61.0,177.0,0.0,167.0,0.0
190,27,62.0,176.0,0.0,169.0,0.0
190,27,63.0,180.0,0.0,174.0,0.0
190,27,64.0,181.0,0.0,176.0,0.0
190,27,65.0,182.0,0.0,183.0,0.0
190,27,66.0,180.0,0.0,190.0,0.0
190,27,67.0,181.0,0.0,195.0,0.0
190,27,68.0,176.0,0.0,200.0,0.0
190,27,69.0,174.0,0.0,208.0,0.0
190,27,70.0,178.0,0.0,217.0,0.0
190,27,71.0,177.0,0.0,220.0,0.0
190,27,72.0,181.0,0.0,228.0,0.0
190,27,73.0,180.0,0.0,230.0,0.0
190,27,74.0,180.0,0.0,236.0,0.0
190,27,75.0,182.0,0.0,242.0,0.0
190,27,76.0,186.0,0.0,244.0,0.0
190,27,77.0,185.0,2.0,248.0,0.0
190,27,78.0,184.0,0.0,253.0,0.0
190,27,79.0,178.0,0.0,259.0,0.0
190,27,80.0,177.0,0.0,268.0,0.0
190,27,81.0,174.0,0.0,275.0,0.0
190,27,82.0,175.0,0.0,283.0,0.0
190,27,83.0,176.0,0.0,288.0,0.0
190,27,84.0,173.0,0.0,291.0,0.0
190,27,85.0,176.0,0.0,296.0,0.0
190,27,86.0,174.0,0.0,300.0,0.0
190,27,87.0,175.0,0.0,307.0,0.0
190,27,88.0,172.0,0.0,314.0,0.0
190,27,89.0,171.0,0.0,320.0,0.0
190,27,90.0,173.0,0.0,324.0,0.0
190,27,91.0,169.0,0.0,330.0,0.0
190,27,92.0,171.0,0.0,338.0,0.0
190,27,93.0,169.0,0.0,343.0,0.0
190,27,94.0,164.0,0.0,352.0,0.0
190,27,95.0,169.0,0.0,363.0,0.0
190,27,96.0,167.0,0.0,366.0,0.0
190,27,97.0,166.0,0.0,375.0,0.0
190,27,98.0,167.0,0.0,382.0,0.0
190,27,99.0,169.0,0.0,387.0,0.0
190,27,100.0,168.0,0.0,394.0,0.0
190,27,101.0,168.0,0.0,401.0,0.0
190,27,102.0,170.0,0.0,408.0,0.0
190,27,103.0,167.0,0.0,413.0,0.0
190,27,104.0,172.0,0.0,420.0,0.0
190,27,105.0,176.0,0.0,423.0,0.0
190,27,106.0,179.0,0.0,424.0,0.0
190,27,107.0,182.0,0.0,428.0,0.0
190,27,108.0,183.0,0.0,432.0,0.0
190,27,109.0,184.0,0.0,437.0,0.0
190,27,110.0,185.0,1.0,441.0,0.0
190,27,111.0,185.0,4.0,446.0,0.0
190,27,112.0,184.0,6.0,451.0,0.0
190,27,113.0,185.0,5.0,457.0,0.0
190,27,114.0,186.0,4.0,462.0,0.0
190,27,115.0,183.0,7.0,466.0,0.0
190,27,116.0,184.0,6.0,473.0,0.0
190,27,117.0,186.0,6.0,479.0,0.0
190,27,118.0,179.0,9.0,483.0,0.0
190,27,119.0,180.0,0.0,494.0,0.0
190,27,120.0,181.0,0.0,504.0,0.0
190,27,121.0,181.0,0.0,509.0,0.0
190,27,122.0,185.0,1.0,515.0,0.0
190,27,123.0,187.0,1.0,520.0,0.0
190,27,124.0,185.0,4.0,523.0,0.0
190,27,125.0,185.0,5.0,528.0,0.0
190,27,126.0,181.0,6.0,533.0,0.0
190,27,127.0,183.0,3.0,542.0,0.0
190,27,128.0,184.0,3.0,549.0,0.0
190,27,129.0,183.0,5.0,555.0,0.0
190,27,130.0,186.0,4.0,562.0,0.0
190,27,131.0,182.0,5.0,566.0,0.0
190,27,132.0,183.0,2.0,574.0,0.0
190,27,133.0,188.0,1.0,581.0,0.0
190,27,134.0,185.0,1.0,583.0,0.0
190,27,135.0,185.0,1.0,588.0,0.0
190,27,136.0,183.0,0.0,593.0,0.0
190,27,137.0,186.0,2.0,600.0,0.0
190,27,138.0,179.0,2.0,604.0,0.0
190,27,139.0,179.0,0.0,615.0,0.0
190,27,140.0,180.0,0.0,620.0,0.0
190,27,141.0,180.0,0.0,624.0,0.0
190,27,142.0,179.0,0.0,631.0,0.0
190,27,143.0,181.0,0.0,634.0,0.0
190,27,144.0,180.0,0.0,637.0,0.0
190,27,145.0,180.0,0.0,645.0,0.0
190,27,146.0,177.0,0.0,653.0,0.0
190,27,147.0,179.0,0.0,659.0,0.0
190,27,148.0,182.0,0.0,663.0,0.0
190,27,149.0,184.0,0.0,669.0,0.0
190,27,150.0,181.0,0.0,674.0,0.0
190,27,151.0,179.0,0.0,682.0,0.0
190,27,152.0,175.0,0.0,692.0,0.0
190,27,153.0,170.0,0.0,702.0,0.0
190,27,154.0,170.0,0.0,710.0,0.0
190,27,155.0,168.0,0.0,715.0,0.0
190,27,156.0,169.0,0.0,720.0,0.0
190,27,157.0,170.0,0.0,726.0,0.0
190,27,158.0,169.0,0.0,730.0,0.0
190,27,159.0,174.0,0.0,738.0,0.0
190,27,160.0,173.0,0.0,741.0,0.0
190,27,161.0,179.0,0.0,748.0,0.0
190,27,162.0,183.0,0.0,749.0,0.0
190,27,163.0,180.0,0.0,754.0,0.0
190,27,164.0,179.0,0.0,762.0,0.0
190,27,165.0,175.0,0.0,768.0,0.0
190,27,166.0,173.0,0.0,775.0,0.0
190,27,167.0,174.0,0.0,781.0,0.0
190,27,168.0,174.0,0.0,785.0,0.0
190,27,169.0,176.0,0.0,788.0,0.0
190,27,170.0,177.0,0.0,790.0,0.0
190,27,171.0,176.0,0.0,796.0,0.0
190,27,172.0,176.0,0.0,805.0,0.0
190,27,173.0,178.0,0.0,809.0,0.0
190,27,174.0,175.0,0.0,813.0,0.0
190,27,175.0,171.0,0.0,820.0,0.0
190,27,176.0,170.0,0.0,828.0,0.0
190,27,177.0,168.0,0.0,834.0,0.0
190,27,178.0,165.0,0.0,840.0,0.0
190,27,179.0,164.0,0.0,848.0,0.0
190,27,180.0,166.0,0.0,853.0,0.0
190,27,181.0,168.0,0.0,856.0,0.0
190,27,182.0,173.0,0.0,862.0,0.0
190,27,183.0,172.0,0.0,867.0,0.0
190,27,184.0,173.0,0.0,873.0,0.0
190,27,185.0,173.0,0.0,877.0,0.0
190,27,186.0,174.0,0.0,882.0,0.0
190,27,187.0,174.0,0.0,887.0,0.0
190,27,188.0,176.0,0.0,895.0,0.0
190,27,189.0,170.0,0.0,899.0,0.0
190,27,190.0,165.0,0.0,910.0,0.0
190,27,191.0,164.0,0.0,919.0,0.0
190,27,192.0,164.0,0.0,924.0,0.0
190,27,193.0,163.0,0.0,927.0,0.0
190,27,194.0,163.0,0.0,931.0,0.0
190,27,195.0,163.0,0.0,935.0,0.0
190,27,196.0,162.0,0.0,940.0,0.0
190,27,197.0,162.0,0.0,947.0,0.0
190,27,198.0,159.0,0.0,953.0,0.0
190,27,199.0,159.0,0.0,959.0,0.0
190,27,200.0,161.0,0.0,964.0,0.0
190,27,201.0,163.0,0.0,966.0,0.0
190,27,202.0,164.0,0.0,968.0,0.0
190,27,203.0,165.0,0.0,970.0,0.0
190,27,204.0,161.0,0.0,973.0,0.0
190,27,205.0,160.0,0.0,981.0,0.0
190,27,206.0,156.0,0.0,987.0,0.0
190,27,207.0,157.0,0.0,996.0,0.0
190,27,208.0,156.0,0.0,1002.0,0.0
190,27,209.0,155.0,0.0,1005.0,0.0
190,27,210.0,154.0,0.0,1012.0,0.0
190,27,211.0,153.0,0.0,1017.0,0.0
190,27,212.0,156.0,0.0,1020.0,0.0
190,27,213.0,157.0,0.0,1022.0,0.0
190,27,214.0,160.0,0.0,1025.0,0.0
190,27,215.0,156.0,0.0,1030.0,0.0
190,27,216.0,162.0,0.0,1038.0,0.0
190,27,217.0,161.0,0.0,1041.0,0.0
190,27,218.0,161.0,0.0,1046.0,0.0
190,27,219.0,163.0,0.0,1051.0,0.0
190,27,220.0,162.0,0.0,1056.0,0.0
190,27,221.0,163.0,0.0,1059.0,0.0
190,27,222.0,164.0,0.0,1063.0,0.0
190,27,223.0,163.0,0.0,1066.0,0.0
190,27,224.0,165.0,0.0,1071.0,0.0
190,27,225.0,164.0,0.0,1077.0,0.0
190,27,226.0,168.0,0.0,1083.0,0.0
190,27,227.0,167.0,0.0,1086.0,0.0
190,27,228.0,165.0,0.0,1094.0,0.0
190,27,229.0,170.0,0.0,1099.0,0.0
190,27,230.0,172.0,0.0,1102.0,0.0
190,27,231.0,167.0,0.0,1106.0,0.0
190,27,232.0,164.0,0.0,1115.0,0.0
190,27,233.0,166.0,0.0,1124.0,0.0
190,27,234.0,168.0,0.0,1130.0,0.0
190,27,235.0,169.0,0.0,1133.0,0.0
190,27,236.0,171.0,0.0,1141.0,0.0
190,27,237.0,177.0,0.0,1144.0,0.0
190,27,238.0,182.0,0.0,1148.0,0.0
190,27,239.0,180.0,0.0,1152.0,0.0
190,27,240.0,179.0,0.0,1158.0,0.0
190,27,241.0,181.0,0.0,1164.0,0.0
190,27,242.0,179.0,0.0,1167.0,0.0
190,27,243.0,181.0,0.0,1173.0,0.0
190,27,244.0,178.0,0.0,1178.0,0.0
190,27,245.0,176.0,0.0,1187.0,0.0
190,27,246.0,178.0,0.0,1193.0,0.0
190,27,247.0,176.0,0.0,1199.0,0.0
190,27,248.0,175.0,0.0,1208.0,0.0
190,27,249.0,179.0,0.0,1214.0,0.0
190,27,250.0,175.0,0.0,1218.0,0.0
190,27,251.0,168.0,0.0,1225.0,0.0
190,27,252.0,165.0,0.0,1232.0,0.0
190,27,253.0,153.0,0.0,1235.0,0.0
190,27,254.0,147.0,0.0,1247.0,0.0
190,27,255.0,138.0,0.0,1253.0,0.0
190,27,256.0,132.0,0.0,1262.0,0.0
190,27,257.0,126.0,0.0,1268.0,0.0
190,27,258.0,124.0,0.0,1274.0,0.0
190,27,259.0,119.0,0.0,1276.0,0.0
190,27,260.0,114.0,0.0,1281.0,0.0
190,27,261.0,107.0,0.0,1286.0,0.0
190,27,262.0,103.0,0.0,1293.0,0.0
190,27,263.0,96.0,0.0,1297.0,0.0
190,27,264.0,90.0,0.0,1304.0,0.0
190,27,265.0,85.0,0.0,1310.0,0.0
190,27,266.0,81.0,0.0,1315.0,0.0
190,27,267.0,77.0,0.0,1319.0,0.0
190,27,268.0,70.0,0.0,1323.0,0.0
190,27,269.0,66.0,0.0,1330.0,0.0
190,27,270.0,64.0,0.0,1334.0,0.0
190,27,271.0,60.0,0.0,1336.0,0.0
190,27,272.0,52.0,0.0,1340.0,0.0
190,27,273.0,45.0,0.0,1348.0,0.0
190,27,274.0,41.0,0.0,1355.0,0.0
190,27,275.0,40.0,0.0,1359.0,0.0
190,27,276.0,39.0,0.0,1360.0,0.0
190,27,277.0,34.0,0.0,1361.0,0.0
190,27,278.0,32.0,0.0,1366.0,0.0
190,27,279.0,30.0,0.0,1368.0,0.0
190,27,280.0,28.0,0.0,1370.0,0.0
190,27,281.0,26.0,0.0,1372.0,0.0
190,27,282.0,25.0,0.0,1374.0,0.0
190,27,283.0,25.0,0.0,1375.0,0.0
190,27,284.0,22.0,0.0,1375.0,0.0
190,27,285.0,22.0,0.0,1378.0,0.0
190,27,286.0,21.0,0.0,1378.0,0.0
190,27,287.0,20.0,0.0,1379.0,0.0
190,27,288.0,19.0,0.0,1380.0,0.0
190,27,289.0,15.0,0.0,1381.0,0.0
190,27,290.0,14.0,0.0,1385.0,0.0
190,27,291.0,14.0,0.0,1386.0,0.0
190,27,292.0,13.0,0.0,1386.0,0.0
190,27,293.0,12.0,0.0,1387.0,0.0
190,27,294.0,12.0,0.0,1388.0,0.0
190,27,295.0,10.0,0.0,1388.0,0.0
190,27,296.0,10.0,0.0,1390.0,0.0
190,27,297.0,10.0,0.0,1390.0,0.0
190,27,298.0,10.0,0.0,1390.0,0.0
190,27,299.0,9.0,0.0,1390.0,0.0
190,27,300.0,8.0,0.0,1391.0,0.0
190,27,301.0,8.0,0.0,1392.0,0.0
190,27,302.0,6.0,0.0,1392.0,0.0
190,27,303.0,6.0,0.0,1394.0,0.0
190,27,304.0,5.0,0.0,1394.0,0.0
190,27,305.0,5.0,0.0,1395.0,0.0
190,27,306.0,4.0,0.0,1395.0,0.0
190,27,307.0,3.0,0.0,1396.0,0.0
190,27,308.0,2.0,0.0,1397.0,0.0
190,27,309.0,2.0,0.0,1398.0,0.0
190,27,310.0,2.0,0.0,1398.0,0.0
190,27,311.0,2.0,0.0,1398.0,0.0
190,27,312.0,2.0,0.0,1398.0,0.0
190,27,313.0,0.0,0.0,1398.0,0.0
190,27,314.0,0.0,0.0,1400.0,0.0
190,28,0.0,5.0,0.0,0.0,0.0
190,28,1.0,11.0,0.0,0.0,0.0
190,28,2.0,18.0,0.0,0.0,0.0
190,28,3.0,25.0,0.0,0.0,0.0
190,28,4.0,28.0,0.0,0.0,0.0
190,28,5.0,39.0,0.0,0.0,0.0
190,28,6.0,45.0,0.0,0.0,0.0
190,28,7.0,48.0,0.0,0.0,0.0
190,28,8.0,51.0,0.0,0.0,0.0
190,28,9.0,57.0,0.0,0.0,0.0
190,28,10.0,61.0,0.0,0.0,0.0
190,28,11.0,68.0,0.0,0.0,0.0
190,28,12.0,74.0,0.0,0.0,0.0
190,28,13.0,80.0,0.0,0.0,0.0
190,28,14.0,86.0,0.0,0.0,0.0
190,28,15.0,90.0,0.0,0.0,0.0
190,28,16.0,96.0,0.0,0.0,0.0
190,28,17.0,102.0,0.0,0.0,0.0
190,28,18.0,106.0,0.0,0.0,0.0
190,28,19.0,108.0,0.0,1.0,0.0
190,28,20.0,114.0,0.0,2.0,0.0
190,28,21.0,124.0,0.0,3.0,0.0
190,28,22.0,128.0,0.0,4.0,0.0
190,28,23.0,131.0,0.0,5.0,0.0
190,28,24.0,135.0,0.0,8.0,0.0
190,28,25.0,139.0,0.0,10.0,0.0
190,28,26.0,142.0,0.0,12.0,0.0
190,28,27.0,144.0,0.0,15.0,0.0
190,28,28.0,144.0,0.0,17.0,0.0
190,28,29.0,148.0,0.0,22.0,0.0
190,28,30.0,148.0,0.0,26.0,0.0
190,28,31.0,151.0,0.0,30.0,0.0
190,28,32.0,150.0,0.0,33.0,0.0
190,28,33.0,151.0,0.0,39.0,0.0
190,28,34.0,154.0,0.0,42.0,0.0
190,28,35.0,160.0,0.0,45.0,0.0
190,28,36.0,161.0,0.0,48.0,0.0
190,28,37.0,161.0,0.0,52.0,0.0
190,28,38.0,165.0,0.0,55.0,0.0
190,28,39.0,168.0,0.0,58.0,0.0
190,28,40.0,166.0,0.0,62.0,0.0
190,28,41.0,163.0,0.0,70.0,0.0
190,28,42.0,163.0,0.0,77.0,0.0
190,28,43.0,164.0,0.0,80.0,0.0
190,28,44.0,167.0,0.0,85.0,0.0
190,28,45.0,171.0,0.0,88.0,0.0
190,28,46.0,168.0,0.0,91.0,0.0
190,28,47.0,170.0,0.0,100.0,0.0
190,28,48.0,166.0,0.0,103.0,0.0
190,28,49.0,166.0,0.0,112.0,0.0
190,28,50.0,162.0,0.0,117.0,0.0
190,28,51.0,162.0,0.0,125.0,0.0
190,28,52.0,166.0,0.0,130.0,0.0
190,28,53.0,168.0,0.0,132.0,0.0
190,28,54.0,166.0,0.0,134.0,0.0
190,28,55.0,167.0,0.0,143.0,0.0
190,28,56.0,170.0,0.0,147.0,0.0
190,28,57.0,170.0,0.0,151.0,0.0
190,28,58.0,174.0,0.0,155.0,0.0
190,28,59.0,167.0,0.0,156.0,0.0
190,28,60.0,173.0,0.0,165.0,0.0
190,28,61.0,175.0,0.0,170.0,0.0
190,28,62.0,170.0,0.0,176.0,0.0
190,28,63.0,162.0,0.0,185.0,0.0
190,28,64.0,163.0,0.0,196.0,0.0
190,28,65.0,169.0,0.0,201.0,0.0
190,28,66.0,172.0,0.0,203.0,0.0
190,28,67.0,176.0,0.0,208.0,0.0
190,28,68.0,180.0,0.0,212.0,0.0
190,28,69.0,178.0,0.0,214.0,0.0
190,28,70.0,179.0,0.0,221.0,0.0
190,28,71.0,176.0,0.0,225.0,0.0
190,28,72.0,175.0,0.0,229.0,0.0
190,28,73.0,179.0,0.0,233.0,0.0
190,28,74.0,179.0,0.0,237.0,0.0
190,28,75.0,185.0,0.0,240.0,0.0
190,28,76.0,181.0,5.0,244.0,0.0
190,28,77.0,185.0,5.0,253.0,0.0
190,28,78.0,183.0,5.0,258.0,0.0
190,28,79.0,184.0,3.0,265.0,0.0
190,28,80.0,186.0,1.0,271.0,0.0
190,28,81.0,182.0,0.0,275.0,0.0
190,28,82.0,177.0,0.0,282.0,0.0
190,28,83.0,179.0,0.0,292.0,0.0
190,28,84.0,174.0,0.0,295.0,0.0
190,28,85.0,175.0,0.0,305.0,0.0
190,28,86.0,174.0,0.0,310.0,0.0
190,28,87.0,171.0,0.0,317.0,0.0
190,28,88.0,172.0,0.0,322.0,0.0
190,28,89.0,168.0,0.0,327.0,0.0
190,28,90.0,170.0,0.0,334.0,0.0
190,28,91.0,167.0,0.0,337.0,0.0
190,28,92.0,166.0,0.0,345.0,0.0
190,28,93.0,166.0,0.0,351.0,0.0
190,28,94.0,167.0,0.0,358.0,0.0
190,28,95.0,166.0,0.0,364.0,0.0
190,28,96.0,165.0,0.0,370.0,0.0
190,28,97.0,165.0,0.0,377.0,0.0
190,28,98.0,165.0,0.0,386.0,0.0
190,28,99.0,167.0,0.0,391.0,0.0
190,28,100.0,161.0,0.0,394.0,0.0
190,28,101.0,164.0,0.0,403.0,0.0
190,28,102.0,165.0,0.0,407.0,0.0
190,28,103.0,161.0,0.0,412.0,0.0
190,28,104.0,161.0,0.0,420.0,0.0
190,28,105.0,159.0,0.0,426.0,0.0
190,28,106.0,159.0,0.0,433.0,0.0
190,28,107.0,162.0,0.0,438.0,0.0
190,28,108.0,164.0,0.0,441.0,0.0
190,28,109.0,164.0,0.0,446.0,0.0
190,28,110.0,163.0,0.0,450.0,0.0
190,28,111.0,163.0,0.0,458.0,0.0
190,28,112.0,161.0,0.0,462.0,0.0
190,28,113.0,161.0,0.0,469.0,0.0
190,28,114.0,157.0,0.0,475.0,0.0
190,28,115.0,154.0,0.0,482.0,0.0
190,28,116.0,153.0,0.0,488.0,0.0
190,28,117.0,155.0,0.0,493.0,0.0
190,28,118.0,158.0,0.0,495.0,0.0
190,28,119.0,158.0,0.0,498.0,0.0
190,28,120.0,154.0,0.0,501.0,0.0
190,28,121.0,157.0,0.0,508.0,0.0
190,28,122.0,156.0,0.0,512.0,0.0
190,28,123.0,161.0,0.0,519.0,0.0
190,28,124.0,158.0,0.0,522.0,0.0
190,28,125.0,160.0,0.0,527.0,0.0
190,28,126.0,159.0,0.0,533.0,0.0
190,28,127.0,158.0,0.0,540.0,0.0
190,28,128.0,157.0,0.0,547.0,0.0
190,28,129.0,160.0,0.0,553.0,0.0
190,28,130.0,161.0,0.0,556.0,0.0
190,28,131.0,168.0,0.0,561.0,0.0
190,28,132.0,169.0,0.0,562.0,0.0
190,28,133.0,171.0,0.0,564.0,0.0
190,28,134.0,172.0,0.0,567.0,0.0
190,28,135.0,169.0,0.0,572.0,0.0
190,28,136.0,169.0,0.0,579.0,0.0
190,28,137.0,168.0,0.0,586.0,0.0
190,28,138.0,165.0,0.0,591.0,0.0
190,28,139.0,163.0,0.0,600.0,0.0
190,28,140.0,167.0,0.0,605.0,0.0
190,28,141.0,166.0,0.0,607.0,0.0
190,28,142.0,169.0,0.0,615.0,0.0
190,28,143.0,172.0,0.0,618.0,0.0
190,28,144.0,177.0,0.0,623.0,0.0
190,28,145.0,178.0,0.0,630.0,0.0
190,28,146.0,179.0,0.0,634.0,0.0
190,28,147.0,176.0,0.0,640.0,0.0
190,28,148.0,177.0,0.0,647.0,0.0
190,28,149.0,180.0,0.0,651.0,0.0
190,28,150.0,180.0,0.0,654.0,0.0
190,28,151.0,178.0,0.0,661.0,0.0
190,28,152.0,178.0,0.0,669.0,0.0
190,28,153.0,176.0,0.0,676.0,0.0
190,28,154.0,178.0,0.0,683.0,0.0
190,28,155.0,175.0,0.0,686.0,0.0
190,28,156.0,174.0,0.0,692.0,0.0
190,28,157.0,174.0,0.0,697.0,0.0
190,28,158.0,173.0,0.0,704.0,0.0
190,28,159.0,171.0,0.0,709.0,0.0
190,28,160.0,169.0,0.0,714.0,0.0
190,28,161.0,171.0,0.0,720.0,0.0
190,28,162.0,170.0,0.0,725.0,0.0
190,28,163.0,165.0,0.0,730.0,0.0
190,28,164.0,167.0,0.0,737.0,0.0
190,28,165.0,171.0,0.0,740.0,0.0
190,28,166.0,175.0,0.0,743.0,0.0
190,28,167.0,173.0,0.0,749.0,0.0
190,28,168.0,171.0,0.0,756.0,0.0
190,28,169.0,169.0,0.0,763.0,0.0
190,28,170.0,166.0,0.0,769.0,0.0
190,28,171.0,167.0,0.0,774.0,0.0
190,28,172.0,165.0,0.0,780.0,0.0
190,28,173.0,162.0,0.0,785.0,0.0
190,28,174.0,163.0,0.0,793.0,0.0
190,28,175.0,163.0,0.0,799.0,0.0
190,28,176.0,158.0,0.0,806.0,0.0
190,28,177.0,163.0,0.0,813.0,0.0
190,28,178.0,161.0,0.0,816.0,0.0
190,28,179.0,163.0,0.0,822.0,0.0
190,28,180.0,163.0,0.0,827.0,0.0
190,28,181.0,165.0,0.0,831.0,0.0
190,28,182.0,165.0,0.0,835.0,0.0
190,28,183.0,165.0,0.0,840.0,0.0
190,28,184.0,167.0,0.0,844.0,0.0
190,28,185.0,172.0,0.0,848.0,0.0
190,28,186.0,171.0,0.0,852.0,0.0
190,28,187.0,173.0,0.0,857.0,0.0
190,28,188.0,176.0,0.0,864.0,0.0
190,28,189.0,175.0,0.0,866.0,0.0
190,28,190.0,175.0,0.0,872.0,0.0
190,28,191.0,172.0,0.0,875.0,0.0
190,28,192.0,172.0,0.0,885.0,0.0
190,28,193.0,173.0,0.0,891.0,0.0
190,28,194.0,176.0,0.0,895.0,0.0
190,28,195.0,180.0,0.0,903.0,0.0
190,28,196.0,184.0,0.0,907.0,0.0
190,28,197.0,184.0,0.0,911.0,0.0
190,28,198.0,184.0,3.0,916.0,0.0
190,28,199.0,182.0,4.0,922.0,0.0
190,28,200.0,186.0,0.0,930.0,0.0
190,28,201.0,186.0,0.0,934.0,0.0
190,28,202.0,183.0,1.0,938.0,0.0
190,28,203.0,178.0,0.0,945.0,0.0
190,28,204.0,180.0,0.0,955.0,0.0
190,28,205.0,179.0,0.0,960.0,0.0
190,28,206.0,175.0,0.0,966.0,0.0
190,28,207.0,176.0,0.0,974.0,0.0
190,28,208.0,174.0,0.0,980.0,0.0
190,28,209.0,177.0,0.0,989.0,0.0
190,28,210.0,180.0,0.0,991.0,0.0
190,28,211.0,184.0,0.0,995.0,0.0
190,28,212.0,182.0,0.0,998.0,0.0
190,28,213.0,182.0,0.0,1005.0,0.0
190,28,214.0,185.0,1.0,1011.0,0.0
190,28,215.0,184.0,2.0,1016.0,0.0
190,28,216.0,183.0,1.0,1022.0,0.0
190,28,217.0,182.0,0.0,1029.0,0.0
190,28,218.0,183.0,0.0,1036.0,0.0
190,28,219.0,188.0,0.0,1038.0,0.0
190,28,220.0,184.0,7.0,1040.0,0.0
190,28,221.0,181.0,6.0,1046.0,0.0
190,28,222.0,185.0,3.0,1055.0,0.0
190,28,223.0,186.0,5.0,1060.0,0.0
190,28,224.0,182.0,8.0,1064.0,0.0
190,28,225.0,186.0,7.0,1072.0,0.0
190,28,226.0,182.0,10.0,1076.0,0.0
190,28,227.0,184.0,9.0,1084.0,0.0
190,28,228.0,185.0,10.0,1090.0,2.0
190,28,229.0,181.0,9.0,1095.0,2.0
190,28,230.0,186.0,4.0,1104.0,2.0
190,28,231.0,185.0,9.0,1108.0,6.0
190,28,232.0,181.0,8.0,1113.0,6.0
190,28,233.0,181.0,7.0,1122.0,6.0
190,28,234.0,187.0,6.0,1131.0,9.0
190,28,235.0,186.0,9.0,1134.0,9.0
190,28,236.0,183.0,12.0,1138.0,9.0
190,28,237.0,186.0,9.0,1145.0,11.0
190,28,238.0,184.0,9.0,1149.0,14.0
190,28,239.0,182.0,6.0,1155.0,17.0
190,28,240.0,181.0,3.0,1163.0,18.0
190,28,241.0,182.0,0.0,1172.0,19.0
190,28,242.0,183.0,0.0,1178.0,19.0
190,28,243.0,181.0,0.0,1180.0,19.0
190,28,244.0,181.0,0.0,1187.0,19.0
190,28,245.0,178.0,0.0,1193.0,19.0
190,28,246.0,176.0,0.0,1201.0,19.0
190,28,247.0,173.0,0.0,1209.0,19.0
190,28,248.0,181.0,0.0,1217.0,19.0
190,28,249.0,182.0,0.0,1217.0,19.0
190,28,250.0,185.0,0.0,1222.0,19.0
190,28,251.0,173.0,0.0,1224.0,19.0
190,28,252.0,163.0,0.0,1236.0,19.0
190,28,253.0,159.0,0.0,1246.0,19.0
190,28,254.0,155.0,0.0,1250.0,19.0
190,28,255.0,153.0,0.0,1254.0,19.0
190,28,256.0,146.0,0.0,1256.0,19.0
190,28,257.0,144.0,0.0,1263.0,19.0
190,28,258.0,142.0,0.0,1265.0,19.0
190,28,259.0,139.0,0.0,1267.0,19.0
190,28,260.0,132.0,0.0,1270.0,19.0
190,28,261.0,129.0,0.0,1277.0,19.0
190,28,262.0,128.0,0.0,1280.0,19.0
190,28,263.0,118.0,0.0,1281.0,19.0
190,28,264.0,116.0,0.0,1291.0,19.0
190,28,265.0,107.0,0.0,1293.0,19.0
190,28,266.0,101.0,0.0,1302.0,19.0
190,28,267.0,97.0,0.0,1308.0,19.0
190,28,268.0,94.0,0.0,1312.0,19.0
190,28,269.0,91.0,0.0,1315.0,19.0
190,28,270.0,88.0,0.0,1318.0,19.0
190,28,271.0,83.0,0.0,1321.0,19.0
190,28,272.0,80.0,0.0,1326.0,19.0
190,28,273.0,77.0,0.0,1329.0,19.0
190,28,274.0,73.0,0.0,1332.0,19.0
190,28,275.0,66.0,0.0,1336.0,19.0
190,28,276.0,62.0,0.0,1343.0,19.0
190,28,277.0,58.0,0.0,1347.0,19.0
190,28,278.0,55.0,0.0,1351.0,19.0
190,28,279.0,53.0,0.0,1354.0,19.0
190,28,280.0,51.0,0.0,1356.0,19.0
190,28,281.0,49.0,0.0,1358.0,19.0
190,28,282.0,47.0,0.0,1360.0,19.0
190,28,283.0,46.0,0.0,1362.0,19.0
190,28,284.0,46.0,0.0,1363.0,19.0
190,28,285.0,44.0,0.0,1363.0,19.0
190,28,286.0,44.0,0.0,1365.0,19.0
190,28,287.0,43.0,0.0,1365.0,19.0
190,28,288.0,40.0,0.0,1366.0,19.0
190,28,289.0,40.0,0.0,1369.0,19.0
190,28,290.0,40.0,0.0,1369.0,19.0
190,28,291.0,38.0,0.0,1369.0,19.0
190,28,292.0,36.0,0.0,1371.0,19.0
190,28,293.0,35.0,0.0,1373.0,19.0
190,28,294.0,34.0,0.0,1374.0,19.0
190,28,295.0,33.0,0.0,1375.0,19.0
190,28,296.0,33.0,0.0,1376.0,19.0
190,28,297.0,32.0,0.0,1376.0,19.0
190,28,298.0,30.0,0.0,1377.0,19.0
190,28,299.0,26.0,0.0,1379.0,19.0
190,28,300.0,25.0,0.0,1383.0,19.0
190,28,301.0,24.0,0.0,1384.0,19.0
190,28,302.0,24.0,0.0,1385.0,19.0
190,28,303.0,24.0,0.0,1385.0,19.0
190,28,304.0,24.0,0.0,1385.0,19.0
190,28,305.0,23.0,0.0,1385.0,19.0
190,28,306.0,23.0,0.0,1386.0,19.0
190,28,307.0,23.0,0.0,1386.0,19.0
190,28,308.0,23.0,0.0,1386.0,19.0
190,28,309.0,23.0,0.0,1386.0,19.0
190,28,310.0,23.0,0.0,1386.0,19.0
190,28,311.0,21.0,0.0,1386.0,19.0
190,28,312.0,21.0,0.0,1388.0,19.0
190,28,313.0,19.0,0.0,1388.0,19.0
190,28,314.0,19.0,0.0,1390.0,19.0
190,29,0.0,6.0,0.0,0.0,0.0
190,29,1.0,14.0,0.0,0.0,0.0
190,29,2.0,18.0,0.0,0.0,0.0
190,29,3.0,24.0,0.0,0.0,0.0
190,29,4.0,30.0,0.0,0.0,0.0
190,29,5.0,34.0,0.0,0.0,0.0
190,29,6.0,40.0,0.0,0.0,0.0
190,29,7.0,43.0,0.0,0.0,0.0
190,29,8.0,46.0,0.0,0.0,0.0
190,29,9.0,51.0,0.0,0.0,0.0
190,29,10.0,56.0,0.0,0.0,0.0
190,29,11.0,63.0,0.0,0.0,0.0
190,29,12.0,65.0,0.0,0.0,0.0
190,29,13.0,68.0,0.0,1.0,0.0
190,29,14.0,76.0,0.0,1.0,0.0
190,29,15.0,82.0,0.0,1.0,0.0
190,29,16.0,85.0,0.0,1.0,0.0
190,29,17.0,89.0,0.0,2.0,0.0
190,29,18.0,93.0,0.0,3.0,0.0
190,29,19.0,99.0,0.0,3.0,0.0
190,29,20.0,103.0,0.0,3.0,0.0
190,29,21.0,108.0,0.0,4.0,0.0
190,29,22.0,116.0,0.0,4.0,0.0
190,29,23.0,119.0,0.0,4.0,0.0
190,29,24.0,121.0,0.0,6.0,0.0
190,29,25.0,126.0,0.0,11.0,0.0
190,29,26.0,128.0,0.0,13.0,0.0
190,29,27.0,127.0,0.0,14.0,0.0
190,29,28.0,133.0,0.0,18.0,0.0
190,29,29.0,135.0,0.0,21.0,0.0
190,29,30.0,135.0,0.0,23.0,0.0
190,29,31.0,138.0,0.0,28.0,0.0
190,29,32.0,141.0,0.0,31.0,0.0
190,29,33.0,141.0,0.0,36.0,0.0
190,29,34.0,146.0,0.0,41.0,0.0
190,29,35.0,149.0,0.0,42.0,0.0
190,29,36.0,153.0,0.0,46.0,0.0
190,29,37.0,153.0,0.0,51.0,0.0
190,29,38.0,154.0,0.0,56.0,0.0
190,29,39.0,156.0,0.0,59.0,0.0
190,29,40.0,154.0,0.0,62.0,0.0
190,29,41.0,154.0,0.0,71.0,0.0
190,29,42.0,155.0,0.0,77.0,0.0
190,29,43.0,159.0,0.0,80.0,0.0
190,29,44.0,158.0,0.0,83.0,0.0
190,29,45.0,158.0,0.0,90.0,0.0
190,29,46.0,160.0,0.0,94.0,0.0
190,29,47.0,157.0,0.0,98.0,0.0
190,29,48.0,162.0,0.0,106.0,0.0
190,29,49.0,161.0,0.0,108.0,0.0
190,29,50.0,164.0,0.0,114.0,0.0
190,29,51.0,166.0,0.0,117.0,0.0
190,29,52.0,161.0,0.0,121.0,0.0
190,29,53.0,162.0,0.0,128.0,0.0
190,29,54.0,160.0,0.0,133.0,0.0
190,29,55.0,165.0,0.0,139.0,0.0
190,29,56.0,168.0,0.0,141.0,0.0
190,29,57.0,169.0,0.0,146.0,0.0
190,29,58.0,169.0,0.0,151.0,0.0
190,29,59.0,176.0,0.0,156.0,0.0
190,29,60.0,180.0,0.0,158.0,0.0
190,29,61.0,180.0,0.0,161.0,0.0
190,29,62.0,182.0,0.0,167.0,0.0
190,29,63.0,183.0,0.0,172.0,0.0
190,29,64.0,180.0,0.0,177.0,0.0
190,29,65.0,181.0,0.0,182.0,0.0
190,29,66.0,182.0,0.0,188.0,0.0
190,29,67.0,179.0,1.0,194.0,0.0
190,29,68.0,180.0,0.0,205.0,0.0
190,29,69.0,176.0,0.0,210.0,0.0
190,29,70.0,180.0,0.0,216.0,0.0
190,29,71.0,182.0,0.0,221.0,0.0
190,29,72.0,183.0,0.0,226.0,0.0
190,29,73.0,181.0,0.0,232.0,0.0
190,29,74.0,187.0,0.0,237.0,0.0
190,29,75.0,183.0,1.0,239.0,0.0
190,29,76.0,188.0,1.0,246.0,0.0
190,29,77.0,186.0,4.0,248.0,0.0
190,29,78.0,184.0,8.0,252.0,0.0
190,29,79.0,180.0,12.0,258.0,0.0
190,29,80.0,187.0,7.0,268.0,0.0
190,29,81.0,181.0,9.0,271.0,0.0
190,29,82.0,181.0,7.0,280.0,0.0
190,29,83.0,185.0,6.0,289.0,2.0
190,29,84.0,181.0,5.0,294.0,2.0
190,29,85.0,187.0,1.0,303.0,2.0
190,29,86.0,186.0,2.0,306.0,2.0
190,29,87.0,186.0,6.0,310.0,2.0
190,29,88.0,184.0,6.0,314.0,2.0
190,29,89.0,185.0,2.0,320.0,2.0
190,29,90.0,186.0,4.0,325.0,2.0
190,29,91.0,181.0,4.0,329.0,2.0
190,29,92.0,183.0,0.0,338.0,2.0
190,29,93.0,183.0,0.0,342.0,2.0
190,29,94.0,179.0,0.0,348.0,2.0
190,29,95.0,180.0,0.0,356.0,2.0
190,29,96.0,178.0,0.0,360.0,2.0
190,29,97.0,182.0,0.0,366.0,2.0
190,29,98.0,181.0,0.0,371.0,2.0
190,29,99.0,178.0,0.0,376.0,2.0
190,29,100.0,180.0,0.0,384.0,2.0
190,29,101.0,177.0,0.0,388.0,2.0
190,29,102.0,171.0,0.0,394.0,2.0
190,29,103.0,174.0,0.0,402.0,2.0
190,29,104.0,168.0,0.0,406.0,2.0
190,29,105.0,168.0,0.0,415.0,2.0
190,29,106.0,165.0,0.0,421.0,2.0
190,29,107.0,164.0,0.0,428.0,2.0
190,29,108.0,168.0,0.0,436.0,2.0
190,29,109.0,167.0,0.0,438.0,2.0
190,29,110.0,167.0,0.0,444.0,2.0
190,29,111.0,163.0,0.0,449.0,2.0
190,29,112.0,163.0,0.0,458.0,2.0
190,29,113.0,165.0,0.0,463.0,2.0
190,29,114.0,159.0,0.0,466.0,2.0
190,29,115.0,162.0,0.0,474.0,2.0
190,29,116.0,158.0,0.0,474.0,2.0
190,29,117.0,157.0,0.0,482.0,2.0
190,29,118.0,157.0,0.0,489.0,2.0
190,29,119.0,153.0,0.0,495.0,2.0
190,29,120.0,156.0,0.0,504.0,2.0
190,29,121.0,156.0,0.0,508.0,2.0
190,29,122.0,155.0,0.0,511.0,2.0
190,29,123.0,155.0,0.0,514.0,2.0
190,29,124.0,154.0,0.0,519.0,2.0
190,29,125.0,153.0,0.0,525.0,2.0
190,29,126.0,152.0,0.0,531.0,2.0
190,29,127.0,149.0,0.0,535.0,2.0
190,29,128.0,152.0,0.0,540.0,2.0
190,29,129.0,156.0,0.0,544.0,2.0
190,29,130.0,162.0,0.0,548.0,2.0
190,29,131.0,160.0,0.0,552.0,2.0
190,29,132.0,165.0,0.0,559.0,2.0
190,29,133.0,160.0,0.0,563.0,2.0
190,29,134.0,157.0,0.0,570.0,2.0
190,29,135.0,157.0,0.0,575.0,2.0
190,29,136.0,157.0,0.0,577.0,2.0
190,29,137.0,158.0,0.0,582.0,2.0
190,29,138.0,160.0,0.0,586.0,2.0
190,29,139.0,160.0,0.0,592.0,2.0
190,29,140.0,159.0,0.0,599.0,2.0
190,29,141.0,162.0,0.0,603.0,2.0
190,29,142.0,162.0,0.0,604.0,2.0
190,29,143.0,164.0,0.0,608.0,2.0
190,29,144.0,162.0,0.0,612.0,2.0
190,29,145.0,162.0,0.0,618.0,2.0
190,29,146.0,159.0,0.0,623.0,2.0
190,29,147.0,159.0,0.0,629.0,2.0
190,29,148.0,158.0,0.0,635.0,2.0
190,29,149.0,159.0,0.0,641.0,2.0
190,29,150.0,165.0,0.0,647.0,2.0
190,29,151.0,166.0,0.0,651.0,2.0
190,29,152.0,165.0,0.0,654.0,2.0
190,29,153.0,163.0,0.0,658.0,2.0
190,29,154.0,161.0,0.0,664.0,2.0
190,29,155.0,162.0,0.0,672.0,2.0
190,29,156.0,163.0,0.0,676.0,2.0
190,29,157.0,167.0,0.0,679.0,2.0
190,29,158.0,165.0,0.0,682.0,2.0
190,29,159.0,166.0,0.0,686.0,2.0
190,29,160.0,168.0,0.0,693.0,2.0
190,29,161.0,170.0,0.0,696.0,2.0
190,29,162.0,174.0,0.0,702.0,2.0
190,29,163.0,175.0,0.0,709.0,2.0
190,29,164.0,175.0,0.0,712.0,2.0
190,29,165.0,174.0,0.0,718.0,2.0
190,29,166.0,172.0,0.0,722.0,2.0
190,29,167.0,170.0,0.0,732.0,2.0
190,29,168.0,168.0,0.0,737.0,2.0
190,29,169.0,170.0,0.0,742.0,2.0
190,29,170.0,170.0,0.0,746.0,2.0
190,29,171.0,168.0,0.0,753.0,2.0
190,29,172.0,170.0,0.0,758.0,2.0
190,29,173.0,170.0,0.0,762.0,2.0
190,29,174.0,168.0,0.0,767.0,2.0
190,29,175.0,166.0,0.0,773.0,2.0
190,29,176.0,166.0,0.0,780.0,2.0
190,29,177.0,170.0,0.0,786.0,2.0
190,29,178.0,173.0,0.0,789.0,2.0
190,29,179.0,175.0,0.0,794.0,2.0
190,29,180.0,172.0,0.0,799.0,2.0
190,29,181.0,171.0,0.0,807.0,2.0
190,29,182.0,170.0,0.0,813.0,2.0
190,29,183.0,174.0,0.0,820.0,2.0
190,29,184.0,175.0,0.0,823.0,2.0
190,29,185.0,175.0,0.0,827.0,2.0
190,29,186.0,180.0,0.0,831.0,2.0
190,29,187.0,182.0,0.0,835.0,2.0
190,29,188.0,181.0,0.0,841.0,2.0
190,29,189.0,182.0,0.0,848.0,2.0
190,29,190.0,178.0,0.0,852.0,2.0
190,29,191.0,177.0,0.0,861.0,2.0
190,29,192.0,174.0,0.0,867.0,2.0
190,29,193.0,174.0,0.0,873.0,2.0
190,29,194.0,174.0,0.0,878.0,2.0
190,29,195.0,174.0,0.0,882.0,2.0
190,29,196.0,170.0,0.0,886.0,2.0
190,29,197.0,171.0,0.0,896.0,2.0
190,29,198.0,174.0,0.0,899.0,2.0
190,29,199.0,175.0,0.0,902.0,2.0
190,29,200.0,178.0,0.0,906.0,2.0
190,29,201.0,181.0,0.0,912.0,2.0
190,29,202.0,178.0,0.0,916.0,2.0
190,29,203.0,180.0,0.0,923.0,2.0
190,29,204.0,177.0,0.0,927.0,2.0
190,29,205.0,169.0,0.0,935.0,2.0
190,29,206.0,172.0,0.0,945.0,2.0
190,29,207.0,174.0,0.0,948.0,2.0
190,29,208.0,173.0,0.0,953.0,2.0
190,29,209.0,176.0,0.0,958.0,2.0
190,29,210.0,174.0,0.0,963.0,2.0
190,29,211.0,174.0,0.0,970.0,2.0
190,29,212.0,170.0,0.0,973.0,2.0
190,29,213.0,169.0,0.0,981.0,2.0
190,29,214.0,168.0,0.0,987.0,2.0
190,29,215.0,169.0,0.0,995.0,2.0
190,29,216.0,168.0,0.0,1000.0,2.0
190,29,217.0,166.0,0.0,1004.0,2.0
190,29,218.0,171.0,0.0,1012.0,2.0
190,29,219.0,171.0,0.0,1014.0,2.0
190,29,220.0,167.0,0.0,1020.0,2.0
190,29,221.0,169.0,0.0,1028.0,2.0
190,29,222.0,168.0,0.0,1031.0,2.0
190,29,223.0,170.0,0.0,1036.0,2.0
190,29,224.0,174.0,0.0,1042.0,2.0
190,29,225.0,176.0,0.0,1045.0,2.0
190,29,226.0,177.0,0.0,1048.0,2.0
190,29,227.0,175.0,0.0,1052.0,2.0
190,29,228.0,172.0,0.0,1057.0,2.0
190,29,229.0,174.0,0.0,1064.0,2.0
190,29,230.0,169.0,0.0,1066.0,2.0
190,29,231.0,172.0,0.0,1074.0,2.0
190,29,232.0,174.0,0.0,1077.0,2.0
190,29,233.0,175.0,0.0,1079.0,2.0
190,29,234.0,175.0,0.0,1083.0,2.0
190,29,235.0,174.0,0.0,1090.0,2.0
190,29,236.0,170.0,0.0,1095.0,2.0
190,29,237.0,168.0,0.0,1103.0,2.0
190,29,238.0,171.0,0.0,1110.0,2.0
190,29,239.0,173.0,0.0,1114.0,2.0
190,29,240.0,173.0,0.0,1118.0,2.0
190,29,241.0,170.0,0.0,1127.0,2.0
190,29,242.0,175.0,0.0,1134.0,2.0
190,29,243.0,175.0,0.0,1135.0,2.0
190,29,244.0,177.0,0.0,1139.0,2.0
190,29,245.0,172.0,0.0,1142.0,2.0
190,29,246.0,166.0,0.0,1150.0,2.0
190,29,247.0,172.0,0.0,1160.0,2.0
190,29,248.0,173.0,0.0,1163.0,2.0
190,29,249.0,168.0,0.0,1168.0,2.0
190,29,250.0,170.0,0.0,1179.0,2.0
190,29,251.0,163.0,0.0,1184.0,2.0
190,29,252.0,159.0,0.0,1191.0,2.0
190,29,253.0,150.0,0.0,1195.0,2.0
190,29,254.0,145.0,0.0,1204.0,2.0
190,29,255.0,138.0,0.0,1209.0,2.0
190,29,256.0,134.0,0.0,1216.0,2.0
190,29,257.0,131.0,0.0,1220.0,2.0
190,29,258.0,130.0,0.0,1223.0,2.0
190,29,259.0,123.0,0.0,1224.0,2.0
190,29,260.0,121.0,0.0,1231.0,2.0
190,29,261.0,113.0,0.0,1233.0,2.0
190,29,262.0,107.0,0.0,1241.0,2.0
190,29,263.0,103.0,0.0,1247.0,2.0
190,29,264.0,100.0,0.0,1251.0,2.0
190,29,265.0,94.0,0.0,1254.0,2.0
190,29,266.0,89.0,0.0,1260.0,2.0
190,29,267.0,81.0,0.0,1265.0,2.0
190,29,268.0,77.0,0.0,1273.0,2.0
190,29,269.0,69.0,0.0,1277.0,2.0
190,29,270.0,62.0,0.0,1285.0,2.0
190,29,271.0,57.0,0.0,1292.0,2.0
190,29,272.0,51.0,0.0,1297.0,2.0
190,29,273.0,46.0,0.0,1303.0,2.0
190,29,274.0,41.0,0.0,1308.0,2.0
190,29,275.0,37.0,0.0,1313.0,2.0
190,29,276.0,35.0,0.0,1317.0,2.0
190,29,277.0,32.0,0.0,1319.0,2.0
190,29,278.0,32.0,0.0,1322.0,2.0
190,29,279.0,32.0,0.0,1322.0,2.0
190,29,280.0,28.0,0.0,1322.0,2.0
190,29,281.0,27.0,0.0,1326.0,2.0
190,29,282.0,25.0,0.0,1327.0,2.0
190,29,283.0,24.0,0.0,1329.0,2.0
190,29,284.0,23.0,0.0,1330.0,2.0
190,29,285.0,22.0,0.0,1331.0,2.0
190,29,286.0,18.0,0.0,1332.0,2.0
190,29,287.0,17.0,0.0,1336.0,2.0
190,29,288.0,16.0,0.0,1337.0,2.0
190,29,289.0,15.0,0.0,1338.0,2.0
190,29,290.0,14.0,0.0,1339.0,2.0
190,29,291.0,14.0,0.0,1340.0,2.0
190,29,292.0,14.0,0.0,1340.0,2.0
190,29,293.0,14.0,0.0,1340.0,2.0
190,29,294.0,13.0,0.0,1340.0,2.0
190,29,295.0,11.0,0.0,1341.0,2.0
190,29,296.0,10.0,0.0,1343.0,2.0
190,29,297.0,9.0,0.0,1344.0,2.0
190,29,298.0,8.0,0.0,1345.0,2.0
190,29,299.0,8.0,0.0,1346.0,2.0
190,29,300.0,7.0,0.0,1346.0,2.0
190,29,301.0,5.0,0.0,1347.0,2.0
190,29,302.0,5.0,0.0,1349.0,2.0
190,29,303.0,5.0,0.0,1349.0,2.0
190,29,304.0,5.0,0.0,1349.0,2.0
190,29,305.0,5.0,0.0,1349.0,2.0
190,29,306.0,5.0,0.0,1349.0,2.0
190,29,307.0,4.0,0.0,1349.0,2.0
190,29,308.0,4.0,0.0,1350.0,2.0
190,29,309.0,4.0,0.0,1350.0,2.0
190,29,310.0,4.0,0.0,1350.0,2.0
190,29,311.0,3.0,0.0,1350.0,2.0
190,29,312.0,3.0,0.0,1351.0,2.0
190,29,313.0,3.0,0.0,1351.0,2.0
190,29,314.0,3.0,0.0,1351.0,2.0
190,29,315.0,3.0,0.0,1351.0,2.0
190,29,316.0,2.0,0.0,1351.0,2.0
190,29,317.0,2.0,0.0,1352.0,2.0
200,30,0.0,3.0,0.0,0.0,0.0
200,30,1.0,8.0,0.0,0.0,0.0
200,30,2.0,16.0,0.0,0.0,0.0
200,30,3.0,19.0,0.0,0.0,0.0
200,30,4.0,25.0,0.0,0.0,0.0
200,30,5.0,32.0,0.0,0.0,0.0
200,30,6.0,38.0,0.0,0.0,0.0
200,30,7.0,42.0,0.0,0.0,0.0
200,30,8.0,43.0,0.0,0.0,0.0
200,30,9.0,48.0,0.0,0.0,0.0
200,30,10.0,55.0,0.0,0.0,0.0
200,30,11.0,59.0,0.0,0.0,0.0
200,30,12.0,66.0,0.0,0.0,0.0
200,30,13.0,72.0,0.0,0.0,0.0
200,30,14.0,74.0,0.0,0.0,0.0
200,30,15.0,81.0,0.0,0.0,0.0
200,30,16.0,82.0,0.0,0.0,0.0
200,30,17.0,88.0,0.0,1.0,0.0
200,30,18.0,92.0,0.0,2.0,0.0
200,30,19.0,94.0,0.0,5.0,0.0
200,30,20.0,98.0,0.0,6.0,0.0
200,30,21.0,105.0,0.0,6.0,0.0
200,30,22.0,110.0,0.0,6.0,0.0
200,30,23.0,115.0,0.0,8.0,0.0
200,30,24.0,115.0,0.0,9.0,0.0
200,30,25.0,118.0,0.0,12.0,0.0
200,30,26.0,119.0,0.0,15.0,0.0
200,30,27.0,125.0,0.0,18.0,0.0
200,30,28.0,131.0,0.0,19.0,0.0
200,30,29.0,135.0,0.0,21.0,0.0
200,30,30.0,137.0,0.0,24.0,0.0
200,30,31.0,134.0,0.0,26.0,0.0
200,30,32.0,134.0,0.0,33.0,0.0
200,30,33.0,135.0,0.0,38.0,0.0
200,30,34.0,136.0,0.0,40.0,0.0
200,30,35.0,138.0,0.0,44.0,0.0
200,30,36.0,141.0,0.0,49.0,0.0
200,30,37.0,143.0,0.0,52.0,0.0
200,30,38.0,144.0,0.0,55.0,0.0
200,30,39.0,144.0,0.0,58.0,0.0
200,30,40.0,144.0,0.0,62.0,0.0
200,30,41.0,146.0,0.0,66.0,0.0
200,30,42.0,149.0,0.0,70.0,0.0
200,30,43.0,146.0,0.0,71.0,0.0
200,30,44.0,145.0,0.0,77.0,0.0
200,30,45.0,152.0,0.0,85.0,0.0
200,30,46.0,153.0,0.0,88.0,0.0
200,30,47.0,153.0,0.0,91.0,0.0
200,30,48.0,152.0,0.0,95.0,0.0
200,30,49.0,151.0,0.0,98.0,0.0
200,30,50.0,157.0,0.0,102.0,0.0
200,30,51.0,159.0,0.0,103.0,0.0
200,30,52.0,158.0,0.0,108.0,0.0
200,30,53.0,158.0,0.0,112.0,0.0
200,30,54.0,152.0,0.0,120.0,0.0
200,30,55.0,154.0,0.0,129.0,0.0
200,30,56.0,158.0,0.0,133.0,0.0
200,30,57.0,158.0,0.0,137.0,0.0
200,30,58.0,161.0,0.0,142.0,0.0
200,30,59.0,164.0,0.0,145.0,0.0
200,30,60.0,164.0,0.0,149.0,0.0
200,30,61.0,164.0,0.0,155.0,0.0
200,30,62.0,163.0,0.0,161.0,0.0
200,30,63.0,168.0,0.0,165.0,0.0
200,30,64.0,173.0,0.0,167.0,0.0
200,30,65.0,176.0,0.0,170.0,0.0
200,30,66.0,175.0,0.0,176.0,0.0
200,30,67.0,170.0,0.0,186.0,0.0
200,30,68.0,173.0,0.0,194.0,0.0
200,30,69.0,176.0,0.0,195.0,0.0
200,30,70.0,175.0,0.0,197.0,0.0
200,30,71.0,172.0,0.0,201.0,0.0
200,30,72.0,170.0,0.0,208.0,0.0
200,30,73.0,172.0,0.0,214.0,0.0
200,30,74.0,170.0,0.0,218.0,0.0
200,30,75.0,170.0,0.0,226.0,0.0
200,30,76.0,172.0,0.0,234.0,0.0
200,30,77.0,169.0,0.0,237.0,0.0
200,30,78.0,167.0,0.0,244.0,0.0
200,30,79.0,170.0,0.0,252.0,0.0
200,30,80.0,167.0,0.0,254.0,0.0
200,30,81.0,170.0,0.0,260.0,0.0
200,30,82.0,172.0,0.0,262.0,0.0
200,30,83.0,174.0,0.0,265.0,0.0
200,30,84.0,175.0,0.0,270.0,0.0
200,30,85.0,170.0,0.0,275.0,0.0
200,30,86.0,172.0,0.0,283.0,0.0
200,30,87.0,174.0,0.0,288.0,0.0
200,30,88.0,175.0,0.0,291.0,0.0
200,30,89.0,178.0,0.0,297.0,0.0
200,30,90.0,177.0,0.0,300.0,0.0
200,30,91.0,176.0,0.0,304.0,0.0
200,30,92.0,173.0,0.0,310.0,0.0
200,30,93.0,172.0,0.0,317.0,0.0
200,30,94.0,167.0,0.0,322.0,0.0
200,30,95.0,168.0,0.0,334.0,0.0
200,30,96.0,163.0,0.0,339.0,0.0
200,30,97.0,160.0,0.0,348.0,0.0
200,30,98.0,160.0,0.0,353.0,0.0
200,30,99.0,165.0,0.0,362.0,0.0
200,30,100.0,164.0,0.0,365.0,0.0
200,30,101.0,162.0,0.0,370.0,0.0
200,30,102.0,163.0,0.0,374.0,0.0
200,30,103.0,163.0,0.0,378.0,0.0
200,30,104.0,162.0,0.0,383.0,0.0
200,30,105.0,167.0,0.0,389.0,0.0
200,30,106.0,169.0,0.0,392.0,0.0
200,30,107.0,170.0,0.0,396.0,0.0
200,30,108.0,169.0,0.0,403.0,0.0
200,30,109.0,168.0,0.0,408.0,0.0
200,30,110.0,164.0,0.0,412.0,0.0
200,30,111.0,167.0,0.0,418.0,0.0
200,30,112.0,169.0,0.0,423.0,0.0
200,30,113.0,175.0,0.0,427.0,0.0
200,30,114.0,177.0,0.0,430.0,0.0
200,30,115.0,181.0,0.0,433.0,0.0
200,30,116.0,181.0,0.0,439.0,0.0
200,30,117.0,180.0,0.0,445.0,0.0
200,30,118.0,182.0,0.0,453.0,0.0
200,30,119.0,183.0,0.0,457.0,0.0
200,30,120.0,181.0,0.0,462.0,0.0
200,30,121.0,176.0,0.0,468.0,0.0
200,30,122.0,177.0,0.0,478.0,0.0
200,30,123.0,178.0,0.0,481.0,0.0
200,30,124.0,176.0,0.0,486.0,0.0
200,30,125.0,174.0,0.0,493.0,0.0
200,30,126.0,170.0,0.0,499.0,0.0
200,30,127.0,169.0,0.0,508.0,0.0
200,30,128.0,170.0,0.0,513.0,0.0
200,30,129.0,170.0,0.0,517.0,0.0
200,30,130.0,170.0,0.0,522.0,0.0
200,30,131.0,173.0,0.0,529.0,0.0
200,30,132.0,169.0,0.0,532.0,0.0
200,30,133.0,170.0,0.0,541.0,0.0
200,30,134.0,171.0,0.0,547.0,0.0
200,30,135.0,170.0,0.0,550.0,0.0
200,30,136.0,169.0,0.0,557.0,0.0
200,30,137.0,176.0,0.0,564.0,0.0
200,30,138.0,176.0,0.0,565.0,0.0
200,30,139.0,173.0,0.0,572.0,0.0
200,30,140.0,176.0,0.0,582.0,0.0
200,30,141.0,176.0,0.0,586.0,0.0
200,30,142.0,174.0,0.0,594.0,0.0
200,30,143.0,177.0,0.0,602.0,0.0
200,30,144.0,174.0,0.0,604.0,0.0
200,30,145.0,174.0,0.0,612.0,0.0
200,30,146.0,179.0,0.0,617.0,0.0
200,30,147.0,174.0,0.0,620.0,0.0
200,30,148.0,176.0,0.0,628.0,0.0
200,30,149.0,180.0,0.0,634.0,0.0
200,30,150.0,178.0,0.0,639.0,0.0
200,30,151.0,180.0,0.0,646.0,0.0
200,30,152.0,179.0,0.0,651.0,0.0
200,30,153.0,178.0,0.0,657.0,0.0
200,30,154.0,181.0,0.0,664.0,0.0
200,30,155.0,183.0,0.0,665.0,0.0
200,30,156.0,187.0,0.0,669.0,0.0
200,30,157.0,187.0,0.0,671.0,0.0
200,30,158.0,186.0,0.0,676.0,0.0
200,30,159.0,186.0,0.0,684.0,0.0
200,30,160.0,189.0,0.0,687.0,0.0
200,30,161.0,187.0,0.0,691.0,0.0
200,30,162.0,190.0,0.0,699.0,0.0
200,30,163.0,185.0,0.0,702.0,0.0
200,30,164.0,186.0,0.0,710.0,0.0
200,30,165.0,186.0,0.0,715.0,0.0
200,30,166.0,185.0,0.0,722.0,0.0
200,30,167.0,181.0,0.0,726.0,0.0
200,30,168.0,182.0,0.0,735.0,0.0
200,30,169.0,178.0,0.0,742.0,0.0
200,30,170.0,177.0,0.0,751.0,0.0
200,30,171.0,176.0,0.0,757.0,0.0
200,30,172.0,174.0,0.0,762.0,0.0
200,30,173.0,179.0,0.0,768.0,0.0
200,30,174.0,174.0,0.0,776.0,0.0
200,30,175.0,171.0,0.0,783.0,0.0
200,30,176.0,172.0,0.0,790.0,0.0
200,30,177.0,175.0,0.0,795.0,0.0
200,30,178.0,176.0,0.0,802.0,0.0
200,30,179.0,172.0,0.0,809.0,0.0
200,30,180.0,179.0,0.0,816.0,0.0
200,30,181.0,176.0,0.0,819.0,0.0
200,30,182.0,179.0,0.0,825.0,0.0
200,30,183.0,180.0,0.0,829.0,0.0
200,30,184.0,177.0,0.0,833.0,0.0
200,30,185.0,180.0,0.0,843.0,0.0
200,30,186.0,178.0,0.0,849.0,0.0
200,30,187.0,182.0,0.0,857.0,0.0
200,30,188.0,175.0,0.0,861.0,0.0
200,30,189.0,178.0,0.0,871.0,0.0
200,30,190.0,177.0,0.0,877.0,0.0
200,30,191.0,175.0,0.0,882.0,0.0
200,30,192.0,177.0,0.0,887.0,0.0
200,30,193.0,179.0,0.0,891.0,0.0
200,30,194.0,182.0,0.0,898.0,0.0
200,30,195.0,176.0,0.0,899.0,0.0
200,30,196.0,176.0,0.0,907.0,0.0
200,30,197.0,176.0,0.0,913.0,0.0
200,30,198.0,176.0,0.0,919.0,0.0
200,30,199.0,169.0,0.0,927.0,0.0
200,30,200.0,167.0,0.0,939.0,0.0
200,30,201.0,165.0,0.0,947.0,0.0
200,30,202.0,167.0,0.0,958.0,0.0
200,30,203.0,167.0,0.0,962.0,0.0
200,30,204.0,169.0,0.0,968.0,0.0
200,30,205.0,172.0,0.0,972.0,0.0
200,30,206.0,173.0,0.0,977.0,0.0
200,30,207.0,171.0,0.0,981.0,0.0
200,30,208.0,169.0,0.0,987.0,0.0
200,30,209.0,177.0,0.0,992.0,0.0
200,30,210.0,179.0,0.0,994.0,0.0
200,30,211.0,177.0,0.0,998.0,0.0
200,30,212.0,177.0,0.0,1005.0,0.0
200,30,213.0,177.0,0.0,1008.0,0.0
200,30,214.0,179.0,0.0,1011.0,0.0
200,30,215.0,184.0,0.0,1016.0,0.0
200,30,216.0,186.0,0.0,1017.0,0.0
200,30,217.0,183.0,0.0,1022.0,0.0
200,30,218.0,179.0,0.0,1031.0,0.0
200,30,219.0,176.0,0.0,1041.0,0.0
200,30,220.0,180.0,0.0,1048.0,0.0
200,30,221.0,181.0,0.0,1051.0,0.0
200,30,222.0,180.0,0.0,1056.0,0.0
200,30,223.0,181.0,0.0,1061.0,0.0
200,30,224.0,182.0,0.0,1065.0,0.0
200,30,225.0,178.0,0.0,1072.0,0.0
200,30,226.0,181.0,0.0,1079.0,0.0
200,30,227.0,180.0,0.0,1081.0,0.0
200,30,228.0,181.0,0.0,1088.0,0.0
200,30,229.0,184.0,0.0,1094.0,0.0
200,30,230.0,184.0,0.0,1099.0,0.0
200,30,231.0,186.0,0.0,1104.0,0.0
200,30,232.0,186.0,0.0,1108.0,0.0
200,30,233.0,183.0,0.0,1114.0,0.0
200,30,234.0,185.0,0.0,1119.0,0.0
200,30,235.0,180.0,0.0,1121.0,0.0
200,30,236.0,185.0,0.0,1129.0,0.0
200,30,237.0,177.0,0.0,1133.0,0.0
200,30,238.0,178.0,0.0,1143.0,0.0
200,30,239.0,177.0,0.0,1148.0,0.0
200,30,240.0,179.0,0.0,1152.0,0.0
200,30,241.0,179.0,0.0,1156.0,0.0
200,30,242.0,173.0,0.0,1161.0,0.0
200,30,243.0,167.0,0.0,1169.0,0.0
200,30,244.0,167.0,0.0,1179.0,0.0
200,30,245.0,168.0,0.0,1185.0,0.0
200,30,246.0,167.0,0.0,1191.0,0.0
200,30,247.0,171.0,0.0,1202.0,0.0
200,30,248.0,172.0,0.0,1205.0,0.0
200,30,249.0,173.0,0.0,1211.0,0.0
200,30,250.0,170.0,0.0,1215.0,0.0
200,30,251.0,168.0,0.0,1220.0,0.0
200,30,252.0,163.0,0.0,1222.0,0.0
200,30,253.0,155.0,0.0,1227.0,0.0
200,30,254.0,149.0,0.0,1235.0,0.0
200,30,255.0,145.0,0.0,1241.0,0.0
200,30,256.0,140.0,0.0,1245.0,0.0
200,30,257.0,133.0,0.0,1250.0,0.0
200,30,258.0,128.0,0.0,1257.0,0.0
200,30,259.0,123.0,0.0,1262.0,0.0
200,30,260.0,121.0,0.0,1267.0,0.0
200,30,261.0,116.0,0.0,1269.0,0.0
200,30,262.0,108.0,0.0,1274.0,0.0
200,30,263.0,103.0,0.0,1282.0,0.0
200,30,264.0,100.0,0.0,1287.0,0.0
200,30,265.0,95.0,0.0,1290.0,0.0
200,30,266.0,87.0,0.0,1295.0,0.0
200,30,267.0,79.0,0.0,1303.0,0.0
200,30,268.0,74.0,0.0,1311.0,0.0
200,30,269.0,69.0,0.0,1316.0,0.0
200,30,270.0,62.0,0.0,1321.0,0.0
200,30,271.0,58.0,0.0,1328.0,0.0
200,30,272.0,53.0,0.0,1332.0,0.0
200,30,273.0,49.0,0.0,1337.0,0.0
200,30,274.0,44.0,0.0,1341.0,0.0
200,30,275.0,43.0,0.0,1346.0,0.0
200,30,276.0,41.0,0.0,1347.0,0.0
200,30,277.0,35.0,0.0,1349.0,0.0
200,30,278.0,30.0,0.0,1355.0,0.0
200,30,279.0,28.0,0.0,1360.0,0.0
200,30,280.0,26.0,0.0,1362.0,0.0
200,30,281.0,26.0,0.0,1364.0,0.0
200,30,282.0,21.0,0.0,1364.0,0.0
200,30,283.0,20.0,0.0,1369.0,0.0
200,30,284.0,19.0,0.0,1370.0,0.0
200,30,285.0,18.0,0.0,1371.0,0.0
200,30,286.0,16.0,0.0,1372.0,0.0
200,30,287.0,15.0,0.0,1374.0,0.0
200,30,288.0,14.0,0.0,1375.0,0.0
200,30,289.0,14.0,0.0,1376.0,0.0
200,30,290.0,13.0,0.0,1376.0,0.0
200,30,291.0,13.0,0.0,1377.0,0.0
200,30,292.0,12.0,0.0,1377.0,0.0
200,30,293.0,11.0,0.0,1378.0,0.0
200,30,294.0,8.0,0.0,1379.0,0.0
200,30,295.0,7.0,0.0,1382.0,0.0
200,30,296.0,6.0,0.0,1383.0,0.0
200,30,297.0,6.0,0.0,1384.0,0.0
200,30,298.0,5.0,0.0,1384.0,0.0
200,30,299.0,4.0,0.0,1385.0,0.0
200,30,300.0,4.0,0.0,1386.0,0.0
200,30,301.0,4.0,0.0,1386.0,0.0
200,30,302.0,4.0,0.0,1386.0,0.0
200,30,303.0,4.0,0.0,1386.0,0.0
200,30,304.0,4.0,0.0,1386.0,0.0
200,30,305.0,4.0,0.0,1386.0,0.0
200,30,306.0,4.0,0.0,1386.0,0.0
200,30,307.0,3.0,0.0,1386.0,0.0
200,30,308.0,2.0,0.0,1387.0,0.0
200,30,309.0,1.0,0.0,1388.0,0.0
200,30,310.0,0.0,0.0,1389.0,0.0
200,30,311.0,0.0,0.0,1390.0,0.0
200,31,0.0,8.0,0.0,0.0,0.0
200,31,1.0,12.0,0.0,0.0,0.0
200,31,2.0,16.0,0.0,0.0,0.0
200,31,3.0,21.0,0.0,0.0,0.0
200,31,4.0,24.0,0.0,0.0,0.0
200,31,5.0,29.0,0.0,0.0,0.0
200,31,6.0,31.0,0.0,0.0,0.0
200,31,7.0,36.0,0.0,0.0,0.0
200,31,8.0,43.0,0.0,0.0,0.0
200,31,9.0,49.0,0.0,0.0,0.0
200,31,10.0,56.0,0.0,0.0,0.0
200,31,11.0,60.0,0.0,0.0,0.0
200,31,12.0,64.0,0.0,0.0,0.0
200,31,13.0,70.0,0.0,0.0,0.0
200,31,14.0,79.0,0.0,1.0,0.0
200,31,15.0,85.0,0.0,1.0,0.0
200,31,16.0,88.0,0.0,1.0,0.0
200,31,17.0,95.0,0.0,2.0,0.0
200,31,18.0,100.0,0.0,2.0,0.0
200,31,19.0,107.0,0.0,2.0,0.0
200,31,20.0,108.0,0.0,2.0,0.0
200,31,21.0,110.0,0.0,3.0,0.0
200,31,22.0,115.0,0.0,3.0,0.0
200,31,23.0,122.0,0.0,5.0,0.0
200,31,24.0,122.0,0.0,5.0,0.0
200,31,25.0,120.0,0.0,9.0,0.0
200,31,26.0,127.0,0.0,16.0,0.0
200,31,27.0,134.0,0.0,17.0,0.0
200,31,28.0,137.0,0.0,18.0,0.0
200,31,29.0,139.0,0.0,19.0,0.0
200,31,30.0,143.0,0.0,24.0,0.0
200,31,31.0,145.0,0.0,25.0,0.0
200,31,32.0,148.0,0.0,28.0,0.0
200,31,33.0,146.0,0.0,31.0,0.0
200,31,34.0,149.0,0.0,38.0,0.0
200,31,35.0,147.0,0.0,41.0,0.0
200,31,36.0,148.0,0.0,47.0,0.0
200,31,37.0,151.0,0.0,52.0,0.0
200,31,38.0,153.0,0.0,53.0,0.0
200,31,39.0,160.0,0.0,57.0,0.0
200,31,40.0,164.0,0.0,58.0,0.0
200,31,41.0,167.0,0.0,63.0,0.0
200,31,42.0,164.0,0.0,69.0,0.0
200,31,43.0,160.0,0.0,76.0,0.0
200,31,44.0,162.0,0.0,83.0,0.0
200,31,45.0,164.0,0.0,86.0,0.0
200,31,46.0,164.0,0.0,89.0,0.0
200,31,47.0,169.0,0.0,95.0,0.0
200,31,48.0,170.0,0.0,98.0,0.0
200,31,49.0,168.0,0.0,104.0,0.0
200,31,50.0,170.0,0.0,108.0,0.0
200,31,51.0,172.0,0.0,112.0,0.0
200,31,52.0,173.0,0.0,117.0,0.0
200,31,53.0,173.0,0.0,121.0,0.0
200,31,54.0,171.0,0.0,125.0,0.0
200,31,55.0,172.0,0.0,130.0,0.0
200,31,56.0,173.0,0.0,133.0,0.0
200,31,57.0,173.0,0.0,138.0,0.0
200,31,58.0,179.0,0.0,145.0,0.0
200,31,59.0,181.0,0.0,149.0,0.0
200,31,60.0,180.0,0.0,154.0,0.0
200,31,61.0,183.0,0.0,158.0,0.0
200,31,62.0,180.0,0.0,162.0,0.0
200,31,63.0,180.0,0.0,171.0,0.0
200,31,64.0,180.0,0.0,179.0,0.0
200,31,65.0,180.0,0.0,182.0,0.0
200,31,66.0,182.0,0.0,188.0,0.0
200,31,67.0,179.0,0.0,190.0,0.0
200,31,68.0,182.0,0.0,197.0,0.0
200,31,69.0,178.0,0.0,201.0,0.0
200,31,70.0,177.0,0.0,208.0,0.0
200,31,71.0,175.0,0.0,216.0,0.0
200,31,72.0,177.0,0.0,221.0,0.0
200,31,73.0,175.0,0.0,226.0,0.0
200,31,74.0,174.0,0.0,232.0,0.0
200,31,75.0,175.0,0.0,238.0,0.0
200,31,76.0,172.0,0.0,242.0,0.0
200,31,77.0,177.0,0.0,249.0,0.0
200,31,78.0,176.0,0.0,251.0,0.0
200,31,79.0,176.0,0.0,256.0,0.0
200,31,80.0,173.0,0.0,261.0,0.0
200,31,81.0,171.0,0.0,268.0,0.0
200,31,82.0,167.0,0.0,276.0,0.0
200,31,83.0,170.0,0.0,282.0,0.0
200,31,84.0,167.0,0.0,286.0,0.0
200,31,85.0,165.0,0.0,294.0,0.0
200,31,86.0,164.0,0.0,299.0,0.0
200,31,87.0,164.0,0.0,305.0,0.0
200,31,88.0,160.0,0.0,313.0,0.0
200,31,89.0,164.0,0.0,321.0,0.0
200,31,90.0,168.0,0.0,325.0,0.0
200,31,91.0,170.0,0.0,330.0,0.0
200,31,92.0,168.0,0.0,337.0,0.0
200,31,93.0,165.0,0.0,344.0,0.0
200,31,94.0,171.0,0.0,350.0,0.0
200,31,95.0,170.0,0.0,351.0,0.0
200,31,96.0,170.0,0.0,357.0,0.0
200,31,97.0,169.0,0.0,361.0,0.0
200,31,98.0,170.0,0.0,370.0,0.0
200,31,99.0,169.0,0.0,372.0,0.0
200,31,100.0,167.0,0.0,379.0,0.0
200,31,101.0,168.0,0.0,384.0,0.0
200,31,102.0,163.0,0.0,388.0,0.0
200,31,103.0,166.0,0.0,397.0,0.0
200,31,104.0,168.0,0.0,400.0,0.0
200,31,105.0,169.0,0.0,407.0,0.0
200,31,106.0,168.0,0.0,412.0,0.0
200,31,107.0,170.0,0.0,418.0,0.0
200,31,108.0,170.0,0.0,423.0,0.0
200,31,109.0,161.0,0.0,428.0,0.0
200,31,110.0,162.0,0.0,438.0,0.0
200,31,111.0,161.0,0.0,443.0,0.0
200,31,112.0,158.0,0.0,447.0,0.0
200,31,113.0,158.0,0.0,455.0,0.0
200,31,114.0,162.0,0.0,458.0,0.0
200,31,115.0,158.0,0.0,462.0,0.0
200,31,116.0,157.0,0.0,471.0,0.0
200,31,117.0,160.0,0.0,480.0,0.0
200,31,118.0,160.0,0.0,482.0,0.0
200,31,119.0,157.0,0.0,490.0,0.0
200,31,120.0,161.0,0.0,496.0,0.0
200,31,121.0,166.0,0.0,499.0,0.0
200,31,122.0,165.0,0.0,502.0,0.0
200,31,123.0,166.0,0.0,509.0,0.0
200,31,124.0,170.0,0.0,513.0,0.0
200,31,125.0,168.0,0.0,515.0,0.0
200,31,126.0,170.0,0.0,523.0,0.0
200,31,127.0,168.0,0.0,526.0,0.0
200,31,128.0,166.0,0.0,532.0,0.0
200,31,129.0,164.0,0.0,539.0,0.0
200,31,130.0,163.0,0.0,543.0,0.0
200,31,131.0,162.0,0.0,548.0,0.0
200,31,132.0,159.0,0.0,552.0,0.0
200,31,133.0,157.0,0.0,559.0,0.0
200,31,134.0,157.0,0.0,567.0,0.0
200,31,135.0,159.0,0.0,572.0,0.0
200,31,136.0,155.0,0.0,576.0,0.0
200,31,137.0,154.0,0.0,583.0,0.0
200,31,138.0,152.0,0.0,588.0,0.0
200,31,139.0,152.0,0.0,593.0,0.0
200,31,140.0,153.0,0.0,597.0,0.0
200,31,141.0,151.0,0.0,601.0,0.0
200,31,142.0,146.0,0.0,606.0,0.0
200,31,143.0,147.0,0.0,615.0,0.0
200,31,144.0,147.0,0.0,620.0,0.0
200,31,145.0,146.0,0.0,624.0,0.0
200,31,146.0,147.0,0.0,628.0,0.0
200,31,147.0,150.0,0.0,633.0,0.0
200,31,148.0,147.0,0.0,635.0,0.0
200,31,149.0,148.0,0.0,643.0,0.0
200,31,150.0,148.0,0.0,647.0,0.0
200,31,151.0,149.0,0.0,653.0,0.0
200,31,152.0,149.0,0.0,658.0,0.0
200,31,153.0,149.0,0.0,662.0,0.0
200,31,154.0,148.0,0.0,668.0,0.0
200,31,155.0,153.0,0.0,674.0,0.0
200,31,156.0,155.0,0.0,680.0,0.0
200,31,157.0,155.0,0.0,685.0,0.0
200,31,158.0,157.0,0.0,690.0,0.0
200,31,159.0,159.0,0.0,694.0,0.0
200,31,160.0,157.0,0.0,700.0,0.0
200,31,161.0,159.0,0.0,706.0,0.0
200,31,162.0,162.0,0.0,709.0,0.0
200,31,163.0,162.0,0.0,712.0,0.0
200,31,164.0,162.0,0.0,716.0,0.0
200,31,165.0,160.0,0.0,720.0,0.0
200,31,166.0,163.0,0.0,725.0,0.0
200,31,167.0,164.0,0.0,728.0,0.0
200,31,168.0,163.0,0.0,734.0,0.0
200,31,169.0,163.0,0.0,741.0,0.0
200,31,170.0,163.0,0.0,745.0,0.0
200,31,171.0,165.0,0.0,751.0,0.0
200,31,172.0,165.0,0.0,756.0,0.0
200,31,173.0,160.0,0.0,761.0,0.0
200,31,174.0,159.0,0.0,769.0,0.0
200,31,175.0,160.0,0.0,775.0,0.0
200,31,176.0,160.0,0.0,778.0,0.0
200,31,177.0,158.0,0.0,785.0,0.0
200,31,178.0,158.0,0.0,793.0,0.0
200,31,179.0,156.0,0.0,797.0,0.0
200,31,180.0,159.0,0.0,803.0,0.0
200,31,181.0,153.0,0.0,805.0,0.0
200,31,182.0,155.0,0.0,813.0,0.0
200,31,183.0,149.0,0.0,820.0,0.0
200,31,184.0,152.0,0.0,828.0,0.0
200,31,185.0,153.0,0.0,832.0,0.0
200,31,186.0,153.0,0.0,836.0,0.0
200,31,187.0,154.0,0.0,842.0,0.0
200,31,188.0,151.0,0.0,846.0,0.0
200,31,189.0,151.0,0.0,853.0,0.0
200,31,190.0,152.0,0.0,859.0,0.0
200,31,191.0,152.0,0.0,863.0,0.0
200,31,192.0,157.0,0.0,867.0,0.0
200,31,193.0,159.0,0.0,871.0,0.0
200,31,194.0,161.0,0.0,876.0,0.0
200,31,195.0,165.0,0.0,880.0,0.0
200,31,196.0,164.0,0.0,885.0,0.0
200,31,197.0,170.0,0.0,889.0,0.0
200,31,198.0,172.0,0.0,891.0,0.0
200,31,199.0,172.0,0.0,895.0,0.0
200,31,200.0,175.0,0.0,898.0,0.0
200,31,201.0,179.0,0.0,900.0,0.0
200,31,202.0,178.0,0.0,904.0,0.0
200,31,203.0,177.0,0.0,910.0,0.0
200,31,204.0,180.0,0.0,917.0,0.0
200,31,205.0,176.0,0.0,920.0,0.0
200,31,206.0,174.0,0.0,927.0,0.0
200,31,207.0,175.0,0.0,931.0,0.0
200,31,208.0,173.0,0.0,937.0,0.0
200,31,209.0,172.0,0.0,944.0,0.0
200,31,210.0,174.0,0.0,950.0,0.0
200,31,211.0,176.0,0.0,955.0,0.0
200,31,212.0,171.0,0.0,959.0,0.0
200,31,213.0,167.0,0.0,968.0,0.0
200,31,214.0,165.0,0.0,977.0,0.0
200,31,215.0,165.0,0.0,985.0,0.0
200,31,216.0,164.0,0.0,990.0,0.0
200,31,217.0,161.0,0.0,994.0,0.0
200,31,218.0,161.0,0.0,999.0,0.0
200,31,219.0,160.0,0.0,1005.0,0.0
200,31,220.0,163.0,0.0,1013.0,0.0
200,31,221.0,164.0,0.0,1018.0,0.0
200,31,222.0,159.0,0.0,1024.0,0.0
200,31,223.0,157.0,0.0,1032.0,0.0
200,31,224.0,157.0,0.0,1038.0,0.0
200,31,225.0,157.0,0.0,1042.0,0.0
200,31,226.0,159.0,0.0,1046.0,0.0
200,31,227.0,157.0,0.0,1049.0,0.0
200,31,228.0,154.0,0.0,1056.0,0.0
200,31,229.0,159.0,0.0,1063.0,0.0
200,31,230.0,158.0,0.0,1068.0,0.0
200,31,231.0,155.0,0.0,1074.0,0.0
200,31,232.0,154.0,0.0,1080.0,0.0
200,31,233.0,158.0,0.0,1084.0,0.0
200,31,234.0,163.0,0.0,1088.0,0.0
200,31,235.0,162.0,0.0,1090.0,0.0
200,31,236.0,163.0,0.0,1095.0,0.0
200,31,237.0,161.0,0.0,1100.0,0.0
200,31,238.0,166.0,0.0,1105.0,0.0
200,31,239.0,166.0,0.0,1107.0,0.0
200,31,240.0,165.0,0.0,1112.0,0.0
200,31,241.0,167.0,0.0,1119.0,0.0
200,31,242.0,166.0,0.0,1124.0,0.0
200,31,243.0,169.0,0.0,1130.0,0.0
200,31,244.0,172.0,0.0,1132.0,0.0
200,31,245.0,173.0,0.0,1135.0,0.0
200,31,246.0,172.0,0.0,1143.0,0.0
200,31,247.0,173.0,0.0,1150.0,0.0
200,31,248.0,173.0,0.0,1153.0,0.0
200,31,249.0,173.0,0.0,1158.0,0.0
200,31,250.0,173.0,0.0,1161.0,0.0
200,31,251.0,166.0,0.0,1164.0,0.0
200,31,252.0,158.0,0.0,1171.0,0.0
200,31,253.0,152.0,0.0,1179.0,0.0
200,31,254.0,148.0,0.0,1185.0,0.0
200,31,255.0,143.0,0.0,1189.0,0.0
200,31,256.0,133.0,0.0,1194.0,0.0
200,31,257.0,128.0,0.0,1204.0,0.0
200,31,258.0,123.0,0.0,1209.0,0.0
200,31,259.0,115.0,0.0,1214.0,0.0
200,31,260.0,107.0,0.0,1222.0,0.0
200,31,261.0,100.0,0.0,1230.0,0.0
200,31,262.0,96.0,0.0,1237.0,0.0
200,31,263.0,92.0,0.0,1241.0,0.0
200,31,264.0,85.0,0.0,1245.0,0.0
200,31,265.0,80.0,0.0,1252.0,0.0
200,31,266.0,75.0,0.0,1257.0,0.0
200,31,267.0,69.0,0.0,1262.0,0.0
200,31,268.0,68.0,0.0,1268.0,0.0
200,31,269.0,64.0,0.0,1269.0,0.0
200,31,270.0,60.0,0.0,1273.0,0.0
200,31,271.0,55.0,0.0,1277.0,0.0
200,31,272.0,46.0,0.0,1282.0,0.0
200,31,273.0,41.0,0.0,1291.0,0.0
200,31,274.0,37.0,0.0,1296.0,0.0
200,31,275.0,36.0,0.0,1300.0,0.0
200,31,276.0,34.0,0.0,1301.0,0.0
200,31,277.0,31.0,0.0,1303.0,0.0
200,31,278.0,30.0,0.0,1306.0,0.0
200,31,279.0,27.0,0.0,1307.0,0.0
200,31,280.0,25.0,0.0,1310.0,0.0
200,31,281.0,25.0,0.0,1312.0,0.0
200,31,282.0,22.0,0.0,1312.0,0.0
200,31,283.0,21.0,0.0,1315.0,0.0
200,31,284.0,21.0,0.0,1316.0,0.0
200,31,285.0,20.0,0.0,1316.0,0.0
200,31,286.0,20.0,0.0,1317.0,0.0
200,31,287.0,18.0,0.0,1317.0,0.0
200,31,288.0,16.0,0.0,1319.0,0.0
200,31,289.0,15.0,0.0,1321.0,0.0
200,31,290.0,15.0,0.0,1322.0,0.0
200,31,291.0,15.0,0.0,1322.0,0.0
200,31,292.0,15.0,0.0,1322.0,0.0
200,31,293.0,13.0,0.0,1322.0,0.0
200,31,294.0,12.0,0.0,1324.0,0.0
200,31,295.0,9.0,0.0,1325.0,0.0
200,31,296.0,8.0,0.0,1328.0,0.0
200,31,297.0,8.0,0.0,1329.0,0.0
200,31,298.0,7.0,0.0,1329.0,0.0
200,31,299.0,7.0,0.0,1330.0,0.0
200,31,300.0,7.0,0.0,1330.0,0.0
200,31,301.0,6.0,0.0,1330.0,0.0
200,31,302.0,4.0,0.0,1331.0,0.0
200,31,303.0,4.0,0.0,1333.0,0.0
200,31,304.0,4.0,0.0,1333.0,0.0
200,31,305.0,4.0,0.0,1333.0,0.0
200,31,306.0,4.0,0.0,1333.0,0.0
200,31,307.0,4.0,0.0,1333.0,0.0
200,31,308.0,3.0,0.0,1333.0,0.0
200,31,309.0,3.0,0.0,1334.0,0.0
200,31,310.0,2.0,0.0,1334.0,0.0
200,31,311.0,2.0,0.0,1335.0,0.0
200,31,312.0,2.0,0.0,1335.0,0.0
200,31,313.0,1.0,0.0,1335.0,0.0
200,31,314.0,1.0,0.0,1336.0,0.0
200,31,315.0,1.0,0.0,1336.0,0.0
200,31,316.0,1.0,0.0,1336.0,0.0
200,31,317.0,1.0,0.0,1336.0,0.0
200,31,318.0,1.0,0.0,1336.0,0.0
200,31,319.0,0.0,0.0,1336.0,0.0
200,31,320.0,0.0,0.0,1337.0,0.0
200,32,0.0,9.0,0.0,0.0,0.0
200,32,1.0,18.0,0.0,0.0,0.0
200,32,2.0,20.0,0.0,0.0,0.0
200,32,3.0,25.0,0.0,0.0,0.0
200,32,4.0,31.0,0.0,0.0,0.0
200,32,5.0,33.0,0.0,0.0,0.0
200,32,6.0,34.0,0.0,0.0,0.0
200,32,7.0,41.0,0.0,0.0,0.0
200,32,8.0,47.0,0.0,0.0,0.0
200,32,9.0,51.0,0.0,0.0,0.0
200,32,10.0,59.0,0.0,0.0,0.0
200,32,11.0,62.0,0.0,0.0,0.0
200,32,12.0,66.0,0.0,0.0,0.0
200,32,13.0,73.0,0.0,0.0,0.0
200,32,14.0,82.0,0.0,0.0,0.0
200,32,15.0,87.0,0.0,0.0,0.0
200,32,16.0,92.0,0.0,1.0,0.0
200,32,17.0,97.0,0.0,1.0,0.0
200,32,18.0,101.0,0.0,1.0,0.0
200,32,19.0,106.0,0.0,1.0,0.0
200,32,20.0,107.0,0.0,1.0,0.0
200,32,21.0,111.0,0.0,3.0,0.0
200,32,22.0,116.0,0.0,6.0,0.0
200,32,23.0,123.0,0.0,7.0,0.0
200,32,24.0,125.0,0.0,7.0,0.0
200,32,25.0,126.0,0.0,9.0,0.0
200,32,26.0,129.0,0.0,11.0,0.0
200,32,27.0,137.0,0.0,15.0,0.0
200,32,28.0,142.0,0.0,18.0,0.0
200,32,29.0,141.0,0.0,21.0,0.0
200,32,30.0,144.0,0.0,25.0,0.0
200,32,31.0,146.0,0.0,27.0,0.0
200,32,32.0,151.0,0.0,32.0,0.0
200,32,33.0,147.0,0.0,34.0,0.0
200,32,34.0,148.0,0.0,40.0,0.0
200,32,35.0,147.0,0.0,48.0,0.0
200,32,36.0,148.0,0.0,53.0,0.0
200,32,37.0,151.0,0.0,55.0,0.0
200,32,38.0,153.0,0.0,58.0,0.0
200,32,39.0,155.0,0.0,63.0,0.0
200,32,40.0,159.0,0.0,65.0,0.0
200,32,41.0,160.0,0.0,69.0,0.0
200,32,42.0,161.0,0.0,74.0,0.0
200,32,43.0,164.0,0.0,79.0,0.0
200,32,44.0,162.0,0.0,82.0,0.0
200,32,45.0,165.0,0.0,87.0,0.0
200,32,46.0,161.0,0.0,92.0,0.0
200,32,47.0,164.0,0.0,99.0,0.0
200,32,48.0,167.0,0.0,101.0,0.0
200,32,49.0,170.0,0.0,106.0,0.0
200,32,50.0,167.0,0.0,108.0,0.0
200,32,51.0,172.0,0.0,114.0,0.0
200,32,52.0,173.0,0.0,120.0,0.0
200,32,53.0,175.0,0.0,126.0,0.0
200,32,54.0,178.0,0.0,132.0,0.0
200,32,55.0,177.0,0.0,136.0,0.0
200,32,56.0,179.0,0.0,144.0,0.0
200,32,57.0,180.0,0.0,146.0,0.0
200,32,58.0,179.0,0.0,152.0,0.0
200,32,59.0,179.0,0.0,156.0,0.0
200,32,60.0,176.0,0.0,162.0,0.0
200,32,61.0,174.0,0.0,167.0,0.0
200,32,62.0,178.0,0.0,173.0,0.0
200,32,63.0,176.0,0.0,180.0,0.0
200,32,64.0,171.0,0.0,187.0,0.0
200,32,65.0,172.0,0.0,196.0,0.0
200,32,66.0,174.0,0.0,201.0,0.0
200,32,67.0,173.0,0.0,207.0,0.0
200,32,68.0,177.0,0.0,210.0,0.0
200,32,69.0,177.0,0.0,212.0,0.0
200,32,70.0,177.0,0.0,217.0,0.0
200,32,71.0,181.0,0.0,224.0,0.0
200,32,72.0,180.0,0.0,228.0,0.0
200,32,73.0,185.0,0.0,234.0,0.0
200,32,74.0,187.0,0.0,236.0,0.0
200,32,75.0,188.0,0.0,241.0,0.0
200,32,76.0,189.0,0.0,247.0,0.0
200,32,77.0,186.0,0.0,253.0,0.0
200,32,78.0,186.0,0.0,261.0,0.0
200,32,79.0,187.0,0.0,265.0,0.0
200,32,80.0,190.0,0.0,268.0,0.0
200,32,81.0,195.0,0.0,274.0,0.0
200,32,82.0,193.0,0.0,279.0,0.0
200,32,83.0,193.0,0.0,284.0,0.0
200,32,84.0,194.0,0.0,288.0,0.0
200,32,85.0,192.0,1.0,294.0,0.0
200,32,86.0,194.0,0.0,302.0,0.0
200,32,87.0,188.0,1.0,305.0,0.0
200,32,88.0,191.0,0.0,317.0,0.0
200,32,89.0,190.0,0.0,320.0,0.0
200,32,90.0,196.0,0.0,325.0,0.0
200,32,91.0,195.0,3.0,327.0,0.0
200,32,92.0,196.0,2.0,332.0,0.0
200,32,93.0,194.0,8.0,336.0,0.0
200,32,94.0,198.0,6.0,342.0,0.0
200,32,95.0,191.0,9.0,344.0,0.0
200,32,96.0,194.0,4.0,353.0,0.0
200,32,97.0,191.0,4.0,359.0,2.0
200,32,98.0,191.0,0.0,368.0,2.0
200,32,99.0,190.0,0.0,376.0,2.0
200,32,100.0,193.0,0.0,384.0,2.0
200,32,101.0,191.0,0.0,389.0,2.0
200,32,102.0,188.0,0.0,395.0,2.0
200,32,103.0,183.0,0.0,404.0,2.0
200,32,104.0,183.0,0.0,414.0,2.0
200,32,105.0,184.0,0.0,419.0,2.0
200,32,106.0,182.0,0.0,425.0,2.0
200,32,107.0,179.0,0.0,430.0,2.0
200,32,108.0,176.0,0.0,439.0,2.0
200,32,109.0,180.0,0.0,446.0,2.0
200,32,110.0,178.0,0.0,449.0,2.0
200,32,111.0,184.0,0.0,458.0,2.0
200,32,112.0,185.0,0.0,461.0,2.0
200,32,113.0,185.0,0.0,464.0,2.0
200,32,114.0,188.0,0.0,470.0,2.0
200,32,115.0,187.0,0.0,476.0,2.0
200,32,116.0,188.0,0.0,481.0,2.0
200,32,117.0,189.0,0.0,484.0,2.0
200,32,118.0,188.0,0.0,487.0,2.0
200,32,119.0,186.0,0.0,492.0,2.0
200,32,120.0,184.0,0.0,497.0,2.0
200,32,121.0,186.0,0.0,506.0,2.0
200,32,122.0,193.0,0.0,511.0,2.0
200,32,123.0,194.0,0.0,513.0,2.0
200,32,124.0,193.0,0.0,518.0,2.0
200,32,125.0,194.0,2.0,525.0,2.0
200,32,126.0,198.0,5.0,531.0,2.0
200,32,127.0,194.0,12.0,533.0,2.0
200,32,128.0,193.0,16.0,539.0,2.0
200,32,129.0,192.0,13.0,546.0,2.0
200,32,130.0,195.0,13.0,554.0,6.0
200,32,131.0,194.0,13.0,559.0,12.0
200,32,132.0,193.0,11.0,565.0,14.0
200,32,133.0,193.0,12.0,572.0,19.0
200,32,134.0,196.0,8.0,579.0,23.0
200,32,135.0,192.0,10.0,583.0,24.0
200,32,136.0,195.0,9.0,591.0,27.0
200,32,137.0,195.0,5.0,596.0,28.0
200,32,138.0,193.0,8.0,601.0,30.0
200,32,139.0,192.0,9.0,608.0,31.0
200,32,140.0,194.0,5.0,616.0,31.0
200,32,141.0,193.0,8.0,622.0,31.0
200,32,142.0,194.0,4.0,629.0,31.0
200,32,143.0,193.0,2.0,635.0,31.0
200,32,144.0,190.0,0.0,642.0,31.0
200,32,145.0,195.0,0.0,649.0,31.0
200,32,146.0,191.0,1.0,652.0,31.0
200,32,147.0,191.0,0.0,661.0,31.0
200,32,148.0,195.0,0.0,668.0,31.0
200,32,149.0,191.0,0.0,672.0,31.0
200,32,150.0,191.0,0.0,679.0,31.0
200,32,151.0,195.0,0.0,683.0,31.0
200,32,152.0,195.0,0.0,686.0,31.0
200,32,153.0,193.0,4.0,689.0,31.0
200,32,154.0,194.0,2.0,696.0,31.0
200,32,155.0,198.0,2.0,702.0,31.0
200,32,156.0,198.0,5.0,704.0,31.0
200,32,157.0,197.0,10.0,706.0,31.0
200,32,158.0,196.0,11.0,709.0,31.0
200,32,159.0,196.0,11.0,713.0,33.0
200,32,160.0,194.0,12.0,717.0,37.0
200,32,161.0,196.0,7.0,723.0,39.0
200,32,162.0,195.0,7.0,727.0,42.0
200,32,163.0,198.0,7.0,732.0,47.0
200,32,164.0,194.0,10.0,734.0,47.0
200,32,165.0,196.0,13.0,740.0,48.0
200,32,166.0,195.0,16.0,744.0,51.0
200,32,167.0,193.0,15.0,749.0,54.0
200,32,168.0,192.0,12.0,756.0,59.0
200,32,169.0,193.0,7.0,764.0,64.0
200,32,170.0,193.0,4.0,771.0,65.0
200,32,171.0,192.0,0.0,778.0,66.0
200,32,172.0,190.0,0.0,785.0,66.0
200,32,173.0,192.0,0.0,792.0,66.0
200,32,174.0,189.0,0.0,793.0,66.0
200,32,175.0,190.0,0.0,799.0,66.0
200,32,176.0,187.0,0.0,804.0,66.0
200,32,177.0,189.0,0.0,811.0,66.0
200,32,178.0,195.0,0.0,815.0,66.0
200,32,179.0,193.0,3.0,819.0,66.0
200,32,180.0,195.0,3.0,826.0,66.0
200,32,181.0,194.0,1.0,831.0,66.0
200,32,182.0,196.0,0.0,837.0,66.0
200,32,183.0,198.0,4.0,840.0,66.0
200,32,184.0,199.0,8.0,842.0,66.0
200,32,185.0,196.0,12.0,843.0,66.0
200,32,186.0,197.0,12.0,847.0,66.0
200,32,187.0,194.0,15.0,850.0,69.0
200,32,188.0,196.0,14.0,856.0,72.0
200,32,189.0,196.0,14.0,860.0,72.0
200,32,190.0,200.0,13.0,864.0,77.0
200,32,191.0,199.0,20.0,864.0,82.0
200,32,192.0,197.0,25.0,865.0,84.0
200,32,193.0,196.0,24.0,868.0,88.0
200,32,194.0,195.0,22.0,872.0,92.0
200,32,195.0,196.0,17.0,877.0,99.0
200,32,196.0,196.0,13.0,881.0,104.0
200,32,197.0,195.0,15.0,885.0,110.0
200,32,198.0,194.0,15.0,890.0,114.0
200,32,199.0,192.0,12.0,896.0,115.0
200,32,200.0,195.0,4.0,904.0,121.0
200,32,201.0,196.0,7.0,909.0,126.0
200,32,202.0,196.0,7.0,913.0,127.0
200,32,203.0,195.0,8.0,917.0,127.0
200,32,204.0,198.0,11.0,922.0,128.0
200,32,205.0,191.0,16.0,924.0,130.0
200,32,206.0,196.0,12.0,933.0,131.0
200,32,207.0,197.0,13.0,937.0,135.0
200,32,208.0,196.0,15.0,940.0,140.0
200,32,209.0,197.0,14.0,944.0,143.0
200,32,210.0,195.0,17.0,947.0,146.0
200,32,211.0,198.0,15.0,952.0,149.0
200,32,212.0,196.0,20.0,954.0,150.0
200,32,213.0,198.0,20.0,958.0,153.0
200,32,214.0,196.0,23.0,960.0,155.0
200,32,215.0,198.0,24.0,964.0,160.0
200,32,216.0,197.0,23.0,966.0,167.0
200,32,217.0,197.0,22.0,969.0,172.0
200,32,218.0,199.0,21.0,972.0,176.0
200,32,219.0,197.0,21.0,973.0,180.0
200,32,220.0,197.0,19.0,976.0,186.0
200,32,221.0,198.0,18.0,979.0,188.0
200,32,222.0,199.0,20.0,981.0,191.0
200,32,223.0,197.0,24.0,982.0,198.0
200,32,224.0,199.0,18.0,985.0,200.0
200,32,225.0,193.0,22.0,986.0,203.0
200,32,226.0,200.0,10.0,993.0,210.0
200,32,227.0,199.0,14.0,993.0,213.0
200,32,228.0,199.0,16.0,994.0,216.0
200,32,229.0,199.0,19.0,995.0,219.0
200,32,230.0,196.0,16.0,996.0,222.0
200,32,231.0,198.0,14.0,1000.0,222.0
200,32,232.0,199.0,17.0,1002.0,225.0
200,32,233.0,196.0,25.0,1003.0,229.0
200,32,234.0,199.0,21.0,1007.0,234.0
200,32,235.0,197.0,21.0,1008.0,236.0
200,32,236.0,195.0,16.0,1011.0,241.0
200,32,237.0,198.0,9.0,1016.0,248.0
200,32,238.0,199.0,11.0,1018.0,252.0
200,32,239.0,198.0,15.0,1019.0,253.0
200,32,240.0,199.0,16.0,1021.0,254.0
200,32,241.0,198.0,18.0,1022.0,257.0
200,32,242.0,196.0,18.0,1024.0,260.0
200,32,243.0,198.0,17.0,1028.0,263.0
200,32,244.0,197.0,19.0,1030.0,266.0
200,32,245.0,198.0,20.0,1033.0,271.0
200,32,246.0,199.0,20.0,1035.0,275.0
200,32,247.0,198.0,23.0,1036.0,279.0
200,32,248.0,196.0,25.0,1038.0,282.0
200,32,249.0,199.0,26.0,1042.0,285.0
200,32,250.0,195.0,31.0,1043.0,292.0
200,32,251.0,198.0,13.0,1048.0,299.0
200,32,252.0,199.0,11.0,1050.0,306.0
200,32,253.0,198.0,5.0,1051.0,310.0
200,32,254.0,199.0,0.0,1053.0,310.0
200,32,255.0,197.0,0.0,1054.0,312.0
200,32,256.0,196.0,0.0,1056.0,312.0
200,32,257.0,194.0,0.0,1057.0,312.0
200,32,258.0,191.0,0.0,1059.0,312.0
200,32,259.0,190.0,0.0,1062.0,312.0
200,32,260.0,188.0,0.0,1063.0,312.0
200,32,261.0,185.0,0.0,1065.0,312.0
200,32,262.0,184.0,0.0,1068.0,312.0
200,32,263.0,184.0,0.0,1069.0,312.0
200,32,264.0,183.0,0.0,1069.0,312.0
200,32,265.0,181.0,0.0,1070.0,312.0
200,32,266.0,180.0,0.0,1072.0,312.0
200,32,267.0,178.0,0.0,1073.0,312.0
200,32,268.0,177.0,0.0,1075.0,312.0
200,32,269.0,173.0,0.0,1076.0,312.0
200,32,270.0,171.0,0.0,1080.0,312.0
200,32,271.0,170.0,0.0,1082.0,312.0
200,32,272.0,169.0,0.0,1083.0,312.0
200,32,273.0,168.0,0.0,1084.0,312.0
200,32,274.0,167.0,0.0,1085.0,312.0
200,32,275.0,165.0,0.0,1086.0,312.0
200,32,276.0,164.0,0.0,1088.0,312.0
200,32,277.0,163.0,0.0,1089.0,312.0
200,32,278.0,163.0,0.0,1090.0,312.0
200,32,279.0,163.0,0.0,1090.0,312.0
200,32,280.0,163.0,0.0,1090.0,312.0
200,32,281.0,163.0,0.0,1090.0,312.0
200,32,282.0,162.0,0.0,1090.0,312.0
200,32,283.0,162.0,0.0,1091.0,312.0
200,32,284.0,161.0,0.0,1091.0,312.0
200,32,285.0,160.0,0.0,1092.0,312.0
200,32,286.0,160.0,0.0,1093.0,312.0
200,32,287.0,160.0,0.0,1093.0,312.0
200,32,288.0,160.0,0.0,1093.0,312.0
200,32,289.0,160.0,0.0,1093.0,312.0
200,32,290.0,160.0,0.0,1093.0,312.0
200,32,291.0,159.0,0.0,1093.0,312.0
200,32,292.0,159.0,0.0,1094.0,312.0
200,32,293.0,159.0,0.0,1094.0,312.0
200,32,294.0,159.0,0.0,1094.0,312.0
200,32,295.0,158.0,0.0,1094.0,312.0
200,32,296.0,157.0,0.0,1095.0,312.0
200,32,297.0,157.0,0.0,1096.0,312.0
200,32,298.0,157.0,0.0,1096.0,312.0
200,32,299.0,157.0,0.0,1096.0,312.0
200,32,300.0,157.0,0.0,1096.0,312.0
200,32,301.0,155.0,0.0,1096.0,312.0
200,32,302.0,155.0,0.0,1098.0,312.0
200,32,303.0,155.0,0.0,1098.0,312.0
200,32,304.0,155.0,0.0,1098.0,312.0
200,32,305.0,155.0,0.0,1098.0,312.0
200,32,306.0,155.0,0.0,1098.0,312.0
200,32,307.0,154.0,0.0,1098.0,312.0
200,32,308.0,154.0,0.0,1099.0,312.0
200,33,0.0,6.0,0.0,0.0,0.0
200,33,1.0,11.0,0.0,0.0,0.0
200,33,2.0,12.0,0.0,0.0,0.0
200,33,3.0,15.0,0.0,0.0,0.0
200,33,4.0,21.0,0.0,0.0,0.0
200,33,5.0,26.0,0.0,0.0,0.0
200,33,6.0,35.0,0.0,0.0,0.0
200,33,7.0,38.0,0.0,0.0,0.0
200,33,8.0,43.0,0.0,0.0,0.0
200,33,9.0,47.0,0.0,0.0,0.0
200,33,10.0,52.0,0.0,0.0,0.0
200,33,11.0,57.0,0.0,0.0,0.0
200,33,12.0,60.0,0.0,0.0,0.0
200,33,13.0,67.0,0.0,0.0,0.0
200,33,14.0,75.0,0.0,0.0,0.0
200,33,15.0,81.0,0.0,1.0,0.0
200,33,16.0,83.0,0.0,1.0,0.0
200,33,17.0,94.0,0.0,1.0,0.0
200,33,18.0,98.0,0.0,1.0,0.0
200,33,19.0,103.0,0.0,1.0,0.0
200,33,20.0,108.0,0.0,1.0,0.0
200,33,21.0,110.0,0.0,2.0,0.0
200,33,22.0,113.0,0.0,5.0,0.0
200,33,23.0,119.0,0.0,6.0,0.0
200,33,24.0,123.0,0.0,7.0,0.0
200,33,25.0,128.0,0.0,9.0,0.0
200,33,26.0,131.0,0.0,10.0,0.0
200,33,27.0,138.0,0.0,12.0,0.0
200,33,28.0,146.0,0.0,14.0,0.0
200,33,29.0,147.0,0.0,15.0,0.0
200,33,30.0,150.0,0.0,20.0,0.0
200,33,31.0,148.0,0.0,23.0,0.0
200,33,32.0,149.0,0.0,30.0,0.0
200,33,33.0,153.0,0.0,33.0,0.0
200,33,34.0,154.0,0.0,35.0,0.0
200,33,35.0,155.0,0.0,41.0,0.0
200,33,36.0,155.0,0.0,43.0,0.0
200,33,37.0,157.0,0.0,48.0,0.0
200,33,38.0,156.0,0.0,52.0,0.0
200,33,39.0,161.0,0.0,57.0,0.0
200,33,40.0,166.0,0.0,58.0,0.0
200,33,41.0,168.0,0.0,61.0,0.0
200,33,42.0,170.0,0.0,64.0,0.0
200,33,43.0,167.0,0.0,69.0,0.0
200,33,44.0,170.0,0.0,77.0,0.0
200,33,45.0,170.0,0.0,78.0,0.0
200,33,46.0,172.0,0.0,82.0,0.0
200,33,47.0,176.0,0.0,88.0,0.0
200,33,48.0,175.0,0.0,92.0,0.0
200,33,49.0,179.0,0.0,100.0,0.0
200,33,50.0,185.0,0.0,104.0,0.0
200,33,51.0,183.0,0.0,107.0,0.0
200,33,52.0,184.0,0.0,112.0,0.0
200,33,53.0,191.0,0.0,120.0,0.0
200,33,54.0,192.0,0.0,121.0,0.0
200,33,55.0,194.0,0.0,125.0,0.0
200,33,56.0,192.0,0.0,130.0,0.0
200,33,57.0,188.0,0.0,135.0,0.0
200,33,58.0,185.0,0.0,144.0,0.0
200,33,59.0,185.0,0.0,151.0,0.0
200,33,60.0,185.0,0.0,156.0,0.0
200,33,61.0,186.0,0.0,161.0,0.0
200,33,62.0,185.0,0.0,168.0,0.0
200,33,63.0,183.0,0.0,174.0,0.0
200,33,64.0,178.0,0.0,178.0,0.0
200,33,65.0,179.0,0.0,185.0,0.0
200,33,66.0,178.0,0.0,191.0,0.0
200,33,67.0,177.0,0.0,195.0,0.0
200,33,68.0,174.0,0.0,198.0,0.0
200,33,69.0,176.0,0.0,206.0,0.0
200,33,70.0,178.0,0.0,210.0,0.0
200,33,71.0,177.0,0.0,216.0,0.0
200,33,72.0,173.0,0.0,224.0,0.0
200,33,73.0,171.0,0.0,234.0,0.0
200,33,74.0,164.0,0.0,241.0,0.0
200,33,75.0,163.0,0.0,252.0,0.0
200,33,76.0,162.0,0.0,259.0,0.0
200,33,77.0,158.0,0.0,266.0,0.0
200,33,78.0,160.0,0.0,274.0,0.0
200,33,79.0,162.0,0.0,277.0,0.0
200,33,80.0,165.0,0.0,282.0,0.0
200,33,81.0,166.0,0.0,284.0,0.0
200,33,82.0,170.0,0.0,288.0,0.0
200,33,83.0,170.0,0.0,292.0,0.0
200,33,84.0,167.0,0.0,298.0,0.0
200,33,85.0,172.0,0.0,305.0,0.0
200,33,86.0,167.0,0.0,308.0,0.0
200,33,87.0,170.0,0.0,315.0,0.0
200,33,88.0,169.0,0.0,318.0,0.0
200,33,89.0,173.0,0.0,323.0,0.0
200,33,90.0,175.0,0.0,324.0,0.0
200,33,91.0,172.0,0.0,326.0,0.0
200,33,92.0,175.0,0.0,334.0,0.0
200,33,93.0,170.0,0.0,338.0,0.0
200,33,94.0,168.0,0.0,346.0,0.0
200,33,95.0,168.0,0.0,355.0,0.0
200,33,96.0,169.0,0.0,359.0,0.0
200,33,97.0,168.0,0.0,364.0,0.0
200,33,98.0,165.0,0.0,369.0,0.0
200,33,99.0,168.0,0.0,375.0,0.0
200,33,100.0,169.0,0.0,379.0,0.0
200,33,101.0,170.0,0.0,384.0,0.0
200,33,102.0,170.0,0.0,389.0,0.0
200,33,103.0,171.0,0.0,394.0,0.0
200,33,104.0,168.0,0.0,399.0,0.0
200,33,105.0,167.0,0.0,405.0,0.0
200,33,106.0,173.0,0.0,411.0,0.0
200,33,107.0,166.0,0.0,412.0,0.0
200,33,108.0,167.0,0.0,421.0,0.0
200,33,109.0,170.0,0.0,426.0,0.0
200,33,110.0,170.0,0.0,431.0,0.0
200,33,111.0,170.0,0.0,434.0,0.0
200,33,112.0,171.0,0.0,440.0,0.0
200,33,113.0,169.0,0.0,444.0,0.0
200,33,114.0,164.0,0.0,451.0,0.0
200,33,115.0,163.0,0.0,459.0,0.0
200,33,116.0,161.0,0.0,463.0,0.0
200,33,117.0,165.0,0.0,471.0,0.0
200,33,118.0,165.0,0.0,475.0,0.0
200,33,119.0,165.0,0.0,483.0,0.0
200,33,120.0,168.0,0.0,489.0,0.0
200,33,121.0,166.0,0.0,496.0,0.0
200,33,122.0,167.0,0.0,501.0,0.0
200,33,123.0,167.0,0.0,506.0,0.0
200,33,124.0,163.0,0.0,511.0,0.0
200,33,125.0,158.0,0.0,518.0,0.0
200,33,126.0,159.0,0.0,527.0,0.0
200,33,127.0,167.0,0.0,530.0,0.0
200,33,128.0,165.0,0.0,532.0,0.0
200,33,129.0,165.0,0.0,537.0,0.0
200,33,130.0,162.0,0.0,543.0,0.0
200,33,131.0,164.0,0.0,550.0,0.0
200,33,132.0,163.0,0.0,554.0,0.0
200,33,133.0,160.0,0.0,559.0,0.0
200,33,134.0,159.0,0.0,567.0,0.0
200,33,135.0,165.0,0.0,572.0,0.0
200,33,136.0,163.0,0.0,573.0,0.0
200,33,137.0,163.0,0.0,578.0,0.0
200,33,138.0,166.0,0.0,584.0,0.0
200,33,139.0,165.0,0.0,589.0,0.0
200,33,140.0,166.0,0.0,595.0,0.0
200,33,141.0,170.0,0.0,599.0,0.0
200,33,142.0,171.0,0.0,603.0,0.0
200,33,143.0,170.0,0.0,608.0,0.0
200,33,144.0,173.0,0.0,616.0,0.0
200,33,145.0,170.0,0.0,618.0,0.0
200,33,146.0,171.0,0.0,625.0,0.0
200,33,147.0,171.0,0.0,631.0,0.0
200,33,148.0,174.0,0.0,636.0,0.0
200,33,149.0,178.0,0.0,639.0,0.0
200,33,150.0,180.0,0.0,642.0,0.0
200,33,151.0,176.0,0.0,648.0,0.0
200,33,152.0,175.0,0.0,658.0,0.0
200,33,153.0,175.0,0.0,662.0,0.0
200,33,154.0,172.0,0.0,670.0,0.0
200,33,155.0,172.0,0.0,675.0,0.0
200,33,156.0,164.0,0.0,680.0,0.0
200,33,157.0,166.0,0.0,691.0,0.0
200,33,158.0,165.0,0.0,695.0,0.0
200,33,159.0,165.0,0.0,702.0,0.0
200,33,160.0,167.0,0.0,706.0,0.0
200,33,161.0,167.0,0.0,710.0,0.0
200,33,162.0,170.0,0.0,714.0,0.0
200,33,163.0,176.0,0.0,718.0,0.0
200,33,164.0,170.0,0.0,722.0,0.0
200,33,165.0,170.0,0.0,732.0,0.0
200,33,166.0,169.0,0.0,739.0,0.0
200,33,167.0,168.0,0.0,742.0,0.0
200,33,168.0,165.0,0.0,746.0,0.0
200,33,169.0,163.0,0.0,754.0,0.0
200,33,170.0,165.0,0.0,758.0,0.0
200,33,171.0,163.0,0.0,763.0,0.0
200,33,172.0,163.0,0.0,769.0,0.0
200,33,173.0,165.0,0.0,772.0,0.0
200,33,174.0,158.0,0.0,779.0,0.0
200,33,175.0,149.0,0.0,787.0,0.0
200,33,176.0,149.0,0.0,800.0,0.0
200,33,177.0,147.0,0.0,805.0,0.0
200,33,178.0,147.0,0.0,810.0,0.0
200,33,179.0,149.0,0.0,814.0,0.0
200,33,180.0,151.0,0.0,819.0,0.0
200,33,181.0,151.0,0.0,821.0,0.0
200,33,182.0,151.0,0.0,824.0,0.0
200,33,183.0,155.0,0.0,828.0,0.0
200,33,184.0,153.0,0.0,832.0,0.0
200,33,185.0,151.0,0.0,836.0,0.0
200,33,186.0,149.0,0.0,842.0,0.0
200,33,187.0,150.0,0.0,848.0,0.0
200,33,188.0,149.0,0.0,854.0,0.0
200,33,189.0,140.0,0.0,861.0,0.0
200,33,190.0,139.0,0.0,871.0,0.0
200,33,191.0,140.0,0.0,877.0,0.0
200,33,192.0,141.0,0.0,882.0,0.0
200,33,193.0,144.0,0.0,886.0,0.0
200,33,194.0,143.0,0.0,892.0,0.0
200,33,195.0,145.0,0.0,897.0,0.0
200,33,196.0,145.0,0.0,902.0,0.0
200,33,197.0,144.0,0.0,908.0,0.0
200,33,198.0,148.0,0.0,913.0,0.0
200,33,199.0,149.0,0.0,917.0,0.0
200,33,200.0,154.0,0.0,921.0,0.0
200,33,201.0,154.0,0.0,924.0,0.0
200,33,202.0,155.0,0.0,931.0,0.0
200,33,203.0,156.0,0.0,936.0,0.0
200,33,204.0,161.0,0.0,939.0,0.0
200,33,205.0,159.0,0.0,942.0,0.0
200,33,206.0,160.0,0.0,947.0,0.0
200,33,207.0,163.0,0.0,949.0,0.0
200,33,208.0,166.0,0.0,953.0,0.0
200,33,209.0,167.0,0.0,957.0,0.0
200,33,210.0,173.0,0.0,961.0,0.0
200,33,211.0,181.0,0.0,962.0,0.0
200,33,212.0,179.0,0.0,964.0,0.0
200,33,213.0,181.0,0.0,970.0,0.0
200,33,214.0,185.0,0.0,974.0,0.0
200,33,215.0,186.0,0.0,977.0,0.0
200,33,216.0,185.0,0.0,983.0,0.0
200,33,217.0,185.0,0.0,989.0,0.0
200,33,218.0,186.0,0.0,993.0,0.0
200,33,219.0,181.0,0.0,996.0,0.0
200,33,220.0,182.0,0.0,1009.0,0.0
200,33,221.0,183.0,0.0,1016.0,0.0
200,33,222.0,184.0,0.0,1019.0,0.0
200,33,223.0,185.0,0.0,1023.0,0.0
200,33,224.0,188.0,0.0,1028.0,0.0
200,33,225.0,186.0,0.0,1031.0,0.0
200,33,226.0,180.0,0.0,1034.0,0.0
200,33,227.0,178.0,0.0,1043.0,0.0
200,33,228.0,179.0,0.0,1051.0,0.0
200,33,229.0,181.0,0.0,1055.0,0.0
200,33,230.0,176.0,0.0,1061.0,0.0
200,33,231.0,175.0,0.0,1071.0,0.0
200,33,232.0,175.0,0.0,1076.0,0.0
200,33,233.0,170.0,0.0,1080.0,0.0
200,33,234.0,167.0,0.0,1089.0,0.0
200,33,235.0,164.0,0.0,1096.0,0.0
200,33,236.0,160.0,0.0,1102.0,0.0
200,33,237.0,155.0,0.0,1110.0,0.0
200,33,238.0,154.0,0.0,1117.0,0.0
200,33,239.0,155.0,0.0,1125.0,0.0
200,33,240.0,156.0,0.0,1129.0,0.0
200,33,241.0,158.0,0.0,1133.0,0.0
200,33,242.0,151.0,0.0,1140.0,0.0
200,33,243.0,152.0,0.0,1151.0,0.0
200,33,244.0,156.0,0.0,1158.0,0.0
200,33,245.0,161.0,0.0,1161.0,0.0
200,33,246.0,163.0,0.0,1163.0,0.0
200,33,247.0,161.0,0.0,1168.0,0.0
200,33,248.0,162.0,0.0,1174.0,0.0
200,33,249.0,161.0,0.0,1179.0,0.0
200,33,250.0,158.0,0.0,1185.0,0.0
200,33,251.0,154.0,0.0,1192.0,0.0
200,33,252.0,146.0,0.0,1196.0,0.0
200,33,253.0,141.0,0.0,1204.0,0.0
200,33,254.0,136.0,0.0,1209.0,0.0
200,33,255.0,132.0,0.0,1214.0,0.0
200,33,256.0,130.0,0.0,1218.0,0.0
200,33,257.0,123.0,0.0,1220.0,0.0
200,33,258.0,117.0,0.0,1227.0,0.0
200,33,259.0,112.0,0.0,1233.0,0.0
200,33,260.0,109.0,0.0,1238.0,0.0
200,33,261.0,104.0,0.0,1241.0,0.0
200,33,262.0,102.0,0.0,1246.0,0.0
200,33,263.0,100.0,0.0,1248.0,0.0
200,33,264.0,95.0,0.0,1250.0,0.0
200,33,265.0,89.0,0.0,1255.0,0.0
200,33,266.0,85.0,0.0,1261.0,0.0
200,33,267.0,80.0,0.0,1265.0,0.0
200,33,268.0,73.0,0.0,1270.0,0.0
200,33,269.0,67.0,0.0,1277.0,0.0
200,33,270.0,62.0,0.0,1283.0,0.0
200,33,271.0,58.0,0.0,1288.0,0.0
200,33,272.0,52.0,0.0,1292.0,0.0
200,33,273.0,49.0,0.0,1298.0,0.0
200,33,274.0,46.0,0.0,1301.0,0.0
200,33,275.0,45.0,0.0,1304.0,0.0
200,33,276.0,43.0,0.0,1305.0,0.0
200,33,277.0,41.0,0.0,1307.0,0.0
200,33,278.0,34.0,0.0,1309.0,0.0
200,33,279.0,31.0,0.0,1316.0,0.0
200,33,280.0,28.0,0.0,1319.0,0.0
200,33,281.0,28.0,0.0,1322.0,0.0
200,33,282.0,26.0,0.0,1322.0,0.0
200,33,283.0,26.0,0.0,1324.0,0.0
200,33,284.0,25.0,0.0,1324.0,0.0
200,33,285.0,23.0,0.0,1325.0,0.0
200,33,286.0,20.0,0.0,1327.0,0.0
200,33,287.0,18.0,0.0,1330.0,0.0
200,33,288.0,17.0,0.0,1332.0,0.0
200,33,289.0,17.0,0.0,1333.0,0.0
200,33,290.0,15.0,0.0,1333.0,0.0
200,33,291.0,15.0,0.0,1335.0,0.0
200,33,292.0,14.0,0.0,1335.0,0.0
200,33,293.0,14.0,0.0,1336.0,0.0
200,33,294.0,12.0,0.0,1336.0,0.0
200,33,295.0,10.0,0.0,1338.0,0.0
200,33,296.0,9.0,0.0,1340.0,0.0
200,33,297.0,7.0,0.0,1341.0,0.0
200,33,298.0,6.0,0.0,1343.0,0.0
200,33,299.0,5.0,0.0,1344.0,0.0
200,33,300.0,5.0,0.0,1345.0,0.0
200,33,301.0,5.0,0.0,1345.0,0.0
200,33,302.0,5.0,0.0,1345.0,0.0
200,33,303.0,3.0,0.0,1345.0,0.0
200,33,304.0,2.0,0.0,1347.0,0.0
200,33,305.0,2.0,0.0,1348.0,0.0
200,33,306.0,2.0,0.0,1348.0,0.0
200,33,307.0,2.0,0.0,1348.0,0.0
200,33,308.0,1.0,0.0,1348.0,0.0
200,33,309.0,1.0,0.0,1349.0,0.0
200,33,310.0,1.0,0.0,1349.0,0.0
200,33,311.0,1.0,0.0,1349.0,0.0
200,33,312.0,1.0,0.0,1349.0,0.0
200,33,313.0,1.0,0.0,1349.0,0.0
200,33,314.0,1.0,0.0,1349.0,0.0
200,33,315.0,0.0,0.0,1349.0,0.0
200,33,316.0,0.0,0.0,1350.0,0.0
200,34,0.0,7.0,0.0,0.0,0.0
200,34,1.0,9.0,0.0,0.0,0.0
200,34,2.0,17.0,0.0,0.0,0.0
200,34,3.0,25.0,0.0,0.0,0.0
200,34,4.0,28.0,0.0,0.0,0.0
200,34,5.0,35.0,0.0,0.0,0.0
200,34,6.0,40.0,0.0,0.0,0.0
200,34,7.0,46.0,0.0,0.0,0.0
200,34,8.0,54.0,0.0,0.0,0.0
200,34,9.0,65.0,0.0,0.0,0.0
200,34,10.0,70.0,0.0,0.0,0.0
200,34,11.0,75.0,0.0,0.0,0.0
200,34,12.0,82.0,0.0,0.0,0.0
200,34,13.0,89.0,0.0,1.0,0.0
200,34,14.0,98.0,0.0,1.0,0.0
200,34,15.0,107.0,0.0,1.0,0.0
200,34,16.0,111.0,0.0,1.0,0.0
200,34,17.0,117.0,0.0,1.0,0.0
200,34,18.0,118.0,0.0,1.0,0.0
200,34,19.0,120.0,0.0,3.0,0.0
200,34,20.0,125.0,0.0,4.0,0.0
200,34,21.0,131.0,0.0,4.0,0.0
200,34,22.0,133.0,0.0,4.0,0.0
200,34,23.0,139.0,0.0,6.0,0.0
200,34,24.0,143.0,0.0,8.0,0.0
200,34,25.0,153.0,0.0,11.0,0.0
200,34,26.0,155.0,0.0,12.0,0.0
200,34,27.0,156.0,0.0,16.0,0.0
200,34,28.0,153.0,0.0,19.0,0.0
200,34,29.0,157.0,0.0,24.0,0.0
200,34,30.0,162.0,0.0,26.0,0.0
200,34,31.0,168.0,0.0,29.0,0.0
200,34,32.0,165.0,0.0,33.0,0.0
200,34,33.0,168.0,0.0,41.0,0.0
200,34,34.0,170.0,0.0,47.0,0.0
200,34,35.0,172.0,0.0,52.0,0.0
200,34,36.0,173.0,0.0,58.0,0.0
200,34,37.0,174.0,0.0,61.0,0.0
200,34,38.0,174.0,0.0,64.0,0.0
200,34,39.0,170.0,0.0,72.0,0.0
200,34,40.0,174.0,0.0,79.0,0.0
200,34,41.0,175.0,0.0,82.0,0.0
200,34,42.0,175.0,0.0,84.0,0.0
200,34,43.0,175.0,0.0,90.0,0.0
200,34,44.0,175.0,0.0,95.0,0.0
200,34,45.0,174.0,0.0,98.0,0.0
200,34,46.0,181.0,0.0,102.0,0.0
200,34,47.0,184.0,0.0,104.0,0.0
200,34,48.0,181.0,0.0,108.0,0.0
200,34,49.0,184.0,0.0,118.0,0.0
200,34,50.0,181.0,0.0,123.0,0.0
200,34,51.0,183.0,0.0,130.0,0.0
200,34,52.0,182.0,0.0,133.0,0.0
200,34,53.0,180.0,0.0,140.0,0.0
200,34,54.0,180.0,0.0,147.0,0.0
200,34,55.0,178.0,0.0,150.0,0.0
200,34,56.0,175.0,0.0,156.0,0.0
200,34,57.0,173.0,0.0,164.0,0.0
200,34,58.0,168.0,0.0,171.0,0.0
200,34,59.0,168.0,0.0,178.0,0.0
200,34,60.0,164.0,0.0,185.0,0.0
200,34,61.0,165.0,0.0,196.0,0.0
200,34,62.0,166.0,0.0,204.0,0.0
200,34,63.0,166.0,0.0,209.0,0.0
200,34,64.0,166.0,0.0,213.0,0.0
200,34,65.0,167.0,0.0,218.0,0.0
200,34,66.0,168.0,0.0,221.0,0.0
200,34,67.0,168.0,0.0,225.0,0.0
200,34,68.0,170.0,0.0,227.0,0.0
200,34,69.0,169.0,0.0,229.0,0.0
200,34,70.0,166.0,0.0,235.0,0.0
200,34,71.0,173.0,0.0,242.0,0.0
200,34,72.0,170.0,0.0,244.0,0.0
200,34,73.0,171.0,0.0,251.0,0.0
200,34,74.0,171.0,0.0,256.0,0.0
200,34,75.0,173.0,0.0,260.0,0.0
200,34,76.0,174.0,0.0,262.0,0.0
200,34,77.0,169.0,0.0,267.0,0.0
200,34,78.0,167.0,0.0,278.0,0.0
200,34,79.0,167.0,0.0,284.0,0.0
200,34,80.0,165.0,0.0,287.0,0.0
200,34,81.0,166.0,0.0,295.0,0.0
200,34,82.0,164.0,0.0,298.0,0.0
200,34,83.0,167.0,0.0,305.0,0.0
200,34,84.0,167.0,0.0,310.0,0.0
200,34,85.0,172.0,0.0,315.0,0.0
200,34,86.0,173.0,0.0,318.0,0.0
200,34,87.0,171.0,0.0,324.0,0.0
200,34,88.0,172.0,0.0,332.0,0.0
200,34,89.0,173.0,0.0,336.0,0.0
200,34,90.0,172.0,0.0,342.0,0.0
200,34,91.0,174.0,0.0,347.0,0.0
200,34,92.0,173.0,0.0,349.0,0.0
200,34,93.0,169.0,0.0,358.0,0.0
200,34,94.0,167.0,0.0,366.0,0.0
200,34,95.0,169.0,0.0,375.0,0.0
200,34,96.0,169.0,0.0,378.0,0.0
200,34,97.0,171.0,0.0,386.0,0.0
200,34,98.0,171.0,0.0,391.0,0.0
200,34,99.0,170.0,0.0,394.0,0.0
200,34,100.0,168.0,0.0,398.0,0.0
200,34,101.0,169.0,0.0,406.0,0.0
200,34,102.0,172.0,0.0,412.0,0.0
200,34,103.0,167.0,0.0,415.0,0.0
200,34,104.0,163.0,0.0,422.0,0.0
200,34,105.0,166.0,0.0,431.0,0.0
200,34,106.0,170.0,0.0,434.0,0.0
200,34,107.0,170.0,0.0,437.0,0.0
200,34,108.0,170.0,0.0,440.0,0.0
200,34,109.0,171.0,0.0,443.0,0.0
200,34,110.0,169.0,0.0,449.0,0.0
200,34,111.0,164.0,0.0,455.0,0.0
200,34,112.0,163.0,0.0,464.0,0.0
200,34,113.0,162.0,0.0,471.0,0.0
200,34,114.0,158.0,0.0,476.0,0.0
200,34,115.0,159.0,0.0,483.0,0.0
200,34,116.0,156.0,0.0,491.0,0.0
200,34,117.0,154.0,0.0,498.0,0.0
200,34,118.0,152.0,0.0,506.0,0.0
200,34,119.0,147.0,0.0,512.0,0.0
200,34,120.0,151.0,0.0,522.0,0.0
200,34,121.0,151.0,0.0,523.0,0.0
200,34,122.0,151.0,0.0,528.0,0.0
200,34,123.0,146.0,0.0,531.0,0.0
200,34,124.0,149.0,0.0,540.0,0.0
200,34,125.0,151.0,0.0,541.0,0.0
200,34,126.0,151.0,0.0,544.0,0.0
200,34,127.0,150.0,0.0,547.0,0.0
200,34,128.0,154.0,0.0,553.0,0.0
200,34,129.0,149.0,0.0,557.0,0.0
200,34,130.0,149.0,0.0,569.0,0.0
200,34,131.0,147.0,0.0,576.0,0.0
200,34,132.0,151.0,0.0,582.0,0.0
200,34,133.0,150.0,0.0,587.0,0.0
200,34,134.0,150.0,0.0,592.0,0.0
200,34,135.0,148.0,0.0,595.0,0.0
200,34,136.0,148.0,0.0,603.0,0.0
200,34,137.0,154.0,0.0,607.0,0.0
200,34,138.0,161.0,0.0,610.0,0.0
200,34,139.0,165.0,0.0,612.0,0.0
200,34,140.0,160.0,0.0,614.0,0.0
200,34,141.0,161.0,0.0,621.0,0.0
200,34,142.0,162.0,0.0,625.0,0.0
200,34,143.0,162.0,0.0,628.0,0.0
200,34,144.0,162.0,0.0,634.0,0.0
200,34,145.0,164.0,0.0,639.0,0.0
200,34,146.0,168.0,0.0,643.0,0.0
200,34,147.0,173.0,0.0,645.0,0.0
200,34,148.0,177.0,0.0,647.0,0.0
200,34,149.0,172.0,0.0,652.0,0.0
200,34,150.0,173.0,0.0,660.0,0.0
200,34,151.0,172.0,0.0,665.0,0.0
200,34,152.0,172.0,0.0,668.0,0.0
200,34,153.0,172.0,0.0,673.0,0.0
200,34,154.0,173.0,0.0,678.0,0.0
200,34,155.0,172.0,0.0,681.0,0.0
200,34,156.0,175.0,0.0,689.0,0.0
200,34,157.0,175.0,0.0,694.0,0.0
200,34,158.0,170.0,0.0,700.0,0.0
200,34,159.0,172.0,0.0,710.0,0.0
200,34,160.0,167.0,0.0,713.0,0.0
200,34,161.0,171.0,0.0,721.0,0.0
200,34,162.0,168.0,0.0,722.0,0.0
200,34,163.0,165.0,0.0,730.0,0.0
200,34,164.0,159.0,0.0,740.0,0.0
200,34,165.0,159.0,0.0,750.0,0.0
200,34,166.0,160.0,0.0,754.0,0.0
200,34,167.0,161.0,0.0,758.0,0.0
200,34,168.0,156.0,0.0,761.0,0.0
200,34,169.0,160.0,0.0,769.0,0.0
200,34,170.0,164.0,0.0,772.0,0.0
200,34,171.0,166.0,0.0,775.0,0.0
200,34,172.0,165.0,0.0,782.0,0.0
200,34,173.0,162.0,0.0,787.0,0.0
200,34,174.0,164.0,0.0,794.0,0.0
200,34,175.0,165.0,0.0,800.0,0.0
200,34,176.0,168.0,0.0,804.0,0.0
200,34,177.0,168.0,0.0,809.0,0.0
200,34,178.0,164.0,0.0,814.0,0.0
200,34,179.0,165.0,0.0,819.0,0.0
200,34,180.0,166.0,0.0,821.0,0.0
200,34,181.0,166.0,0.0,829.0,0.0
200,34,182.0,166.0,0.0,833.0,0.0
200,34,183.0,166.0,0.0,837.0,0.0
200,34,184.0,169.0,0.0,843.0,0.0
200,34,185.0,173.0,0.0,848.0,0.0
200,34,186.0,177.0,0.0,853.0,0.0
200,34,187.0,176.0,0.0,856.0,0.0
200,34,188.0,174.0,0.0,863.0,0.0
200,34,189.0,177.0,0.0,870.0,0.0
200,34,190.0,177.0,0.0,874.0,0.0
200,34,191.0,177.0,0.0,882.0,0.0
200,34,192.0,176.0,0.0,886.0,0.0
200,34,193.0,179.0,0.0,892.0,0.0
200,34,194.0,179.0,0.0,894.0,0.0
200,34,195.0,175.0,0.0,896.0,0.0
200,34,196.0,174.0,0.0,907.0,0.0
200,34,197.0,173.0,0.0,913.0,0.0
200,34,198.0,172.0,0.0,918.0,0.0
200,34,199.0,172.0,0.0,923.0,0.0
200,34,200.0,168.0,0.0,927.0,0.0
200,34,201.0,167.0,0.0,934.0,0.0
200,34,202.0,168.0,0.0,942.0,0.0
200,34,203.0,171.0,0.0,949.0,0.0
200,34,204.0,171.0,0.0,953.0,0.0
200,34,205.0,172.0,0.0,958.0,0.0
200,34,206.0,169.0,0.0,965.0,0.0
200,34,207.0,168.0,0.0,971.0,0.0
200,34,208.0,170.0,0.0,976.0,0.0
200,34,209.0,168.0,0.0,982.0,0.0
200,34,210.0,167.0,0.0,987.0,0.0
200,34,211.0,167.0,0.0,992.0,0.0
200,34,212.0,171.0,0.0,996.0,0.0
200,34,213.0,168.0,0.0,999.0,0.0
200,34,214.0,170.0,0.0,1007.0,0.0
200,34,215.0,172.0,0.0,1010.0,0.0
200,34,216.0,171.0,0.0,1012.0,0.0
200,34,217.0,174.0,0.0,1019.0,0.0
200,34,218.0,174.0,0.0,1021.0,0.0
200,34,219.0,165.0,0.0,1026.0,0.0
200,34,220.0,163.0,0.0,1038.0,0.0
200,34,221.0,164.0,0.0,1044.0,0.0
200,34,222.0,165.0,0.0,1050.0,0.0
200,34,223.0,170.0,0.0,1054.0,0.0
200,34,224.0,171.0,0.0,1057.0,0.0
200,34,225.0,174.0,0.0,1064.0,0.0
200,34,226.0,173.0,0.0,1068.0,0.0
200,34,227.0,175.0,0.0,1074.0,0.0
200,34,228.0,174.0,0.0,1078.0,0.0
200,34,229.0,171.0,0.0,1087.0,0.0
200,34,230.0,168.0,0.0,1095.0,0.0
200,34,231.0,173.0,0.0,1103.0,0.0
200,34,232.0,175.0,0.0,1107.0,0.0
200,34,233.0,177.0,0.0,1111.0,0.0
200,34,234.0,175.0,0.0,1115.0,0.0
200,34,235.0,171.0,0.0,1121.0,0.0
200,34,236.0,170.0,0.0,1127.0,0.0
200,34,237.0,171.0,0.0,1133.0,0.0
200,34,238.0,173.0,0.0,1140.0,0.0
200,34,239.0,174.0,0.0,1145.0,0.0
200,34,240.0,176.0,0.0,1150.0,0.0
200,34,241.0,174.0,0.0,1153.0,0.0
200,34,242.0,173.0,0.0,1158.0,0.0
200,34,243.0,173.0,0.0,1167.0,0.0
200,34,244.0,176.0,0.0,1171.0,0.0
200,34,245.0,182.0,0.0,1176.0,0.0
200,34,246.0,189.0,0.0,1181.0,0.0
200,34,247.0,188.0,0.0,1183.0,0.0
200,34,248.0,190.0,0.0,1191.0,0.0
200,34,249.0,188.0,0.0,1196.0,0.0
200,34,250.0,190.0,0.0,1204.0,0.0
200,34,251.0,184.0,0.0,1212.0,0.0
200,34,252.0,180.0,0.0,1218.0,0.0
200,34,253.0,175.0,0.0,1222.0,0.0
200,34,254.0,169.0,0.0,1227.0,0.0
200,34,255.0,165.0,0.0,1233.0,0.0
200,34,256.0,158.0,0.0,1237.0,0.0
200,34,257.0,154.0,0.0,1244.0,0.0
200,34,258.0,145.0,0.0,1248.0,0.0
200,34,259.0,133.0,0.0,1257.0,0.0
200,34,260.0,128.0,0.0,1269.0,0.0
200,34,261.0,123.0,0.0,1274.0,0.0
200,34,262.0,118.0,0.0,1279.0,0.0
200,34,263.0,114.0,0.0,1284.0,0.0
200,34,264.0,109.0,0.0,1288.0,0.0
200,34,265.0,102.0,0.0,1293.0,0.0
200,34,266.0,93.0,0.0,1300.0,0.0
200,34,267.0,84.0,0.0,1309.0,0.0
200,34,268.0,77.0,0.0,1318.0,0.0
200,34,269.0,72.0,0.0,1325.0,0.0
200,34,270.0,68.0,0.0,1330.0,0.0
200,34,271.0,63.0,0.0,1334.0,0.0
200,34,272.0,57.0,0.0,1339.0,0.0
200,34,273.0,54.0,0.0,1345.0,0.0
200,34,274.0,52.0,0.0,1348.0,0.0
200,34,275.0,50.0,0.0,1350.0,0.0
200,34,276.0,47.0,0.0,1352.0,0.0
200,34,277.0,43.0,0.0,1355.0,0.0
200,34,278.0,42.0,0.0,1359.0,0.0
200,34,279.0,37.0,0.0,1360.0,0.0
200,34,280.0,34.0,0.0,1365.0,0.0
200,34,281.0,32.0,0.0,1368.0,0.0
200,34,282.0,32.0,0.0,1370.0,0.0
200,34,283.0,32.0,0.0,1370.0,0.0
200,34,284.0,27.0,0.0,1370.0,0.0
200,34,285.0,24.0,0.0,1375.0,0.0
200,34,286.0,24.0,0.0,1378.0,0.0
200,34,287.0,23.0,0.0,1378.0,0.0
200,34,288.0,22.0,0.0,1379.0,0.0
200,34,289.0,22.0,0.0,1380.0,0.0
200,34,290.0,21.0,0.0,1380.0,0.0
200,34,291.0,19.0,0.0,1381.0,0.0
200,34,292.0,18.0,0.0,1383.0,0.0
200,34,293.0,17.0,0.0,1384.0,0.0
200,34,294.0,17.0,0.0,1385.0,0.0
200,34,295.0,15.0,0.0,1385.0,0.0
200,34,296.0,15.0,0.0,1387.0,0.0
200,34,297.0,13.0,0.0,1387.0,0.0
200,34,298.0,12.0,0.0,1389.0,0.0
200,34,299.0,12.0,0.0,1390.0,0.0
200,34,300.0,11.0,0.0,1390.0,0.0
200,34,301.0,11.0,0.0,1391.0,0.0
200,34,302.0,10.0,0.0,1391.0,0.0
200,34,303.0,10.0,0.0,1392.0,0.0
200,34,304.0,10.0,0.0,1392.0,0.0
200,34,305.0,9.0,0.0,1392.0,0.0
200,34,306.0,8.0,0.0,1393.0,0.0
200,34,307.0,7.0,0.0,1394.0,0.0
200,34,308.0,7.0,0.0,1395.0,0.0
200,34,309.0,7.0,0.0,1395.0,0.0
200,34,310.0,6.0,0.0,1395.0,0.0
200,34,311.0,5.0,0.0,1396.0,0.0
200,34,312.0,4.0,0.0,1397.0,0.0
200,34,313.0,4.0,0.0,1398.0,0.0
200,34,314.0,3.0,0.0,1398.0,0.0
200,34,315.0,1.0,0.0,1399.0,0.0
200,34,316.0,1.0,0.0,1401.0,0.0
200,34,317.0,1.0,0.0,1401.0,0.0
200,34,318.0,0.0,0.0,1401.0,0.0
200,34,319.0,0.0,0.0,1402.0,0.0
200,35,0.0,4.0,0.0,0.0,0.0
200,35,1.0,7.0,0.0,0.0,0.0
200,35,2.0,13.0,0.0,0.0,0.0
200,35,3.0,21.0,0.0,0.0,0.0
200,35,4.0,30.0,0.0,0.0,0.0
200,35,5.0,35.0,0.0,0.0,0.0
200,35,6.0,39.0,0.0,0.0,0.0
200,35,7.0,46.0,0.0,0.0,0.0
200,35,8.0,49.0,0.0,0.0,0.0
200,35,9.0,53.0,0.0,0.0,0.0
200,35,10.0,57.0,0.0,0.0,0.0
200,35,11.0,61.0,0.0,0.0,0.0
200,35,12.0,65.0,0.0,0.0,0.0
200,35,13.0,71.0,0.0,0.0,0.0
200,35,14.0,74.0,0.0,0.0,0.0
200,35,15.0,80.0,0.0,0.0,0.0
200,35,16.0,83.0,0.0,0.0,0.0
200,35,17.0,87.0,0.0,0.0,0.0
200,35,18.0,93.0,0.0,0.0,0.0
200,35,19.0,100.0,0.0,0.0,0.0
200,35,20.0,109.0,0.0,0.0,0.0
200,35,21.0,115.0,0.0,0.0,0.0
200,35,22.0,119.0,0.0,2.0,0.0
200,35,23.0,120.0,0.0,2.0,0.0
200,35,24.0,123.0,0.0,6.0,0.0
200,35,25.0,125.0,0.0,8.0,0.0
200,35,26.0,129.0,0.0,11.0,0.0
200,35,27.0,133.0,0.0,12.0,0.0
200,35,28.0,133.0,0.0,14.0,0.0
200,35,29.0,136.0,0.0,15.0,0.0
200,35,30.0,136.0,0.0,19.0,0.0
200,35,31.0,135.0,0.0,24.0,0.0
200,35,32.0,138.0,0.0,28.0,0.0
200,35,33.0,136.0,0.0,31.0,0.0
200,35,34.0,138.0,0.0,36.0,0.0
200,35,35.0,139.0,0.0,39.0,0.0
200,35,36.0,137.0,0.0,43.0,0.0
200,35,37.0,141.0,0.0,49.0,0.0
200,35,38.0,143.0,0.0,54.0,0.0
200,35,39.0,143.0,0.0,56.0,0.0
200,35,40.0,143.0,0.0,59.0,0.0
200,35,41.0,150.0,0.0,63.0,0.0
200,35,42.0,150.0,0.0,66.0,0.0
200,35,43.0,152.0,0.0,70.0,0.0
200,35,44.0,153.0,0.0,73.0,0.0
200,35,45.0,157.0,0.0,78.0,0.0
200,35,46.0,158.0,0.0,82.0,0.0
200,35,47.0,157.0,0.0,85.0,0.0
200,35,48.0,160.0,0.0,88.0,0.0
200,35,49.0,162.0,0.0,89.0,0.0
200,35,50.0,157.0,0.0,92.0,0.0
200,35,51.0,157.0,0.0,100.0,0.0
200,35,52.0,151.0,0.0,104.0,0.0
200,35,53.0,147.0,0.0,114.0,0.0
200,35,54.0,148.0,0.0,125.0,0.0
200,35,55.0,150.0,0.0,127.0,0.0
200,35,56.0,154.0,0.0,130.0,0.0
200,35,57.0,157.0,0.0,133.0,0.0
200,35,58.0,159.0,0.0,136.0,0.0
200,35,59.0,159.0,0.0,139.0,0.0
200,35,60.0,157.0,0.0,144.0,0.0
200,35,61.0,155.0,0.0,151.0,0.0
200,35,62.0,153.0,0.0,158.0,0.0
200,35,63.0,151.0,0.0,164.0,0.0
200,35,64.0,154.0,0.0,171.0,0.0
200,35,65.0,156.0,0.0,174.0,0.0
200,35,66.0,156.0,0.0,178.0,0.0
200,35,67.0,157.0,0.0,183.0,0.0
200,35,68.0,156.0,0.0,188.0,0.0
200,35,69.0,158.0,0.0,196.0,0.0
200,35,70.0,152.0,0.0,199.0,0.0
200,35,71.0,158.0,0.0,209.0,0.0
200,35,72.0,155.0,0.0,213.0,0.0
200,35,73.0,157.0,0.0,220.0,0.0
200,35,74.0,156.0,0.0,226.0,0.0
200,35,75.0,152.0,0.0,230.0,0.0
200,35,76.0,154.0,0.0,240.0,0.0
200,35,77.0,158.0,0.0,244.0,0.0
200,35,78.0,159.0,0.0,249.0,0.0
200,35,79.0,162.0,0.0,254.0,0.0
200,35,80.0,162.0,0.0,259.0,0.0
200,35,81.0,160.0,0.0,263.0,0.0
200,35,82.0,160.0,0.0,268.0,0.0
200,35,83.0,163.0,0.0,272.0,0.0
200,35,84.0,169.0,0.0,275.0,0.0
200,35,85.0,170.0,0.0,276.0,0.0
200,35,86.0,169.0,0.0,282.0,0.0
200,35,87.0,168.0,0.0,288.0,0.0
200,35,88.0,170.0,0.0,296.0,0.0
200,35,89.0,170.0,0.0,301.0,0.0
200,35,90.0,169.0,0.0,306.0,0.0
200,35,91.0,174.0,0.0,310.0,0.0
200,35,92.0,172.0,0.0,313.0,0.0
200,35,93.0,166.0,0.0,319.0,0.0
200,35,94.0,163.0,0.0,328.0,0.0
200,35,95.0,163.0,0.0,336.0,0.0
200,35,96.0,164.0,0.0,339.0,0.0
200,35,97.0,167.0,0.0,343.0,0.0
200,35,98.0,164.0,0.0,348.0,0.0
200,35,99.0,165.0,0.0,355.0,0.0
200,35,100.0,164.0,0.0,358.0,0.0
200,35,101.0,164.0,0.0,362.0,0.0
200,35,102.0,167.0,0.0,367.0,0.0
200,35,103.0,169.0,0.0,371.0,0.0
200,35,104.0,176.0,0.0,374.0,0.0
200,35,105.0,171.0,0.0,376.0,0.0
200,35,106.0,172.0,0.0,384.0,0.0
200,35,107.0,167.0,0.0,388.0,0.0
200,35,108.0,165.0,0.0,398.0,0.0
200,35,109.0,160.0,0.0,406.0,0.0
200,35,110.0,162.0,0.0,413.0,0.0
200,35,111.0,159.0,0.0,415.0,0.0
200,35,112.0,161.0,0.0,423.0,0.0
200,35,113.0,161.0,0.0,430.0,0.0
200,35,114.0,162.0,0.0,436.0,0.0
200,35,115.0,164.0,0.0,440.0,0.0
200,35,116.0,168.0,0.0,443.0,0.0
200,35,117.0,167.0,0.0,447.0,0.0
200,35,118.0,168.0,0.0,454.0,0.0
200,35,119.0,168.0,0.0,457.0,0.0
200,35,120.0,167.0,0.0,464.0,0.0
200,35,121.0,169.0,0.0,470.0,0.0
200,35,122.0,165.0,0.0,476.0,0.0
200,35,123.0,165.0,0.0,485.0,0.0
200,35,124.0,168.0,0.0,491.0,0.0
200,35,125.0,165.0,0.0,496.0,0.0
200,35,126.0,169.0,0.0,503.0,0.0
200,35,127.0,173.0,0.0,508.0,0.0
200,35,128.0,173.0,0.0,510.0,0.0
200,35,129.0,175.0,0.0,514.0,0.0
200,35,130.0,176.0,0.0,517.0,0.0
200,35,131.0,176.0,0.0,522.0,0.0
200,35,132.0,174.0,0.0,527.0,0.0
200,35,133.0,176.0,0.0,537.0,0.0
200,35,134.0,176.0,0.0,541.0,0.0
200,35,135.0,175.0,0.0,548.0,0.0
200,35,136.0,178.0,0.0,553.0,0.0
200,35,137.0,179.0,0.0,556.0,0.0
200,35,138.0,180.0,0.0,560.0,0.0
200,35,139.0,178.0,0.0,565.0,0.0
200,35,140.0,179.0,0.0,572.0,0.0
200,35,141.0,178.0,0.0,576.0,0.0
200,35,142.0,179.0,0.0,581.0,0.0
200,35,143.0,178.0,0.0,591.0,0.0
200,35,144.0,177.0,0.0,599.0,0.0
200,35,145.0,175.0,0.0,606.0,0.0
200,35,146.0,175.0,0.0,611.0,0.0
200,35,147.0,178.0,0.0,617.0,0.0
200,35,148.0,179.0,0.0,622.0,0.0
200,35,149.0,179.0,0.0,625.0,0.0
200,35,150.0,181.0,0.0,633.0,0.0
200,35,151.0,183.0,0.0,637.0,0.0
200,35,152.0,181.0,0.0,642.0,0.0
200,35,153.0,185.0,0.0,646.0,0.0
200,35,154.0,185.0,0.0,651.0,0.0
200,35,155.0,190.0,0.0,656.0,0.0
200,35,156.0,192.0,0.0,661.0,0.0
200,35,157.0,192.0,0.0,665.0,0.0
200,35,158.0,193.0,0.0,671.0,0.0
200,35,159.0,195.0,0.0,675.0,0.0
200,35,160.0,194.0,1.0,679.0,0.0
200,35,161.0,192.0,1.0,685.0,0.0
200,35,162.0,194.0,0.0,693.0,0.0
200,35,163.0,191.0,0.0,697.0,0.0
200,35,164.0,189.0,0.0,704.0,0.0
200,35,165.0,187.0,0.0,711.0,0.0
200,35,166.0,183.0,0.0,716.0,0.0
200,35,167.0,178.0,0.0,725.0,0.0
200,35,168.0,177.0,0.0,734.0,0.0
200,35,169.0,180.0,0.0,739.0,0.0
200,35,170.0,180.0,0.0,744.0,0.0
200,35,171.0,183.0,0.0,747.0,0.0
200,35,172.0,179.0,0.0,752.0,0.0
200,35,173.0,182.0,0.0,760.0,0.0
200,35,174.0,179.0,0.0,762.0,0.0
200,35,175.0,176.0,0.0,770.0,0.0
200,35,176.0,175.0,0.0,777.0,0.0
200,35,177.0,178.0,0.0,784.0,0.0
200,35,178.0,175.0,0.0,790.0,0.0
200,35,179.0,177.0,0.0,796.0,0.0
200,35,180.0,178.0,0.0,801.0,0.0
200,35,181.0,176.0,0.0,805.0,0.0
200,35,182.0,174.0,0.0,809.0,0.0
200,35,183.0,176.0,0.0,817.0,0.0
200,35,184.0,176.0,0.0,821.0,0.0
200,35,185.0,173.0,0.0,826.0,0.0
200,35,186.0,170.0,0.0,835.0,0.0
200,35,187.0,171.0,0.0,842.0,0.0
200,35,188.0,169.0,0.0,843.0,0.0
200,35,189.0,171.0,0.0,852.0,0.0
200,35,190.0,167.0,0.0,856.0,0.0
200,35,191.0,168.0,0.0,865.0,0.0
200,35,192.0,162.0,0.0,870.0,0.0
200,35,193.0,161.0,0.0,879.0,0.0
200,35,194.0,160.0,0.0,886.0,0.0
200,35,195.0,157.0,0.0,894.0,0.0
200,35,196.0,157.0,0.0,899.0,0.0
200,35,197.0,157.0,0.0,905.0,0.0
200,35,198.0,156.0,0.0,908.0,0.0
200,35,199.0,151.0,0.0,913.0,0.0
200,35,200.0,153.0,0.0,921.0,0.0
200,35,201.0,157.0,0.0,926.0,0.0
200,35,202.0,157.0,0.0,930.0,0.0
200,35,203.0,156.0,0.0,936.0,0.0
200,35,204.0,158.0,0.0,944.0,0.0
200,35,205.0,162.0,0.0,946.0,0.0
200,35,206.0,163.0,0.0,948.0,0.0
200,35,207.0,165.0,0.0,954.0,0.0
200,35,208.0,171.0,0.0,958.0,0.0
200,35,209.0,164.0,0.0,964.0,0.0
200,35,210.0,167.0,0.0,972.0,0.0
200,35,211.0,166.0,0.0,975.0,0.0
200,35,212.0,168.0,0.0,980.0,0.0
200,35,213.0,169.0,0.0,984.0,0.0
200,35,214.0,174.0,0.0,991.0,0.0
200,35,215.0,176.0,0.0,994.0,0.0
200,35,216.0,177.0,0.0,999.0,0.0
200,35,217.0,175.0,0.0,1005.0,0.0
200,35,218.0,177.0,0.0,1013.0,0.0
200,35,219.0,183.0,0.0,1017.0,0.0
200,35,220.0,182.0,0.0,1019.0,0.0
200,35,221.0,182.0,0.0,1024.0,0.0
200,35,222.0,184.0,0.0,1034.0,0.0
200,35,223.0,188.0,0.0,1040.0,0.0
200,35,224.0,183.0,0.0,1045.0,0.0
200,35,225.0,180.0,0.0,1052.0,0.0
200,35,226.0,182.0,0.0,1058.0,0.0
200,35,227.0,183.0,0.0,1060.0,0.0
200,35,228.0,181.0,0.0,1061.0,0.0
200,35,229.0,177.0,0.0,1070.0,0.0
200,35,230.0,173.0,0.0,1078.0,0.0
200,35,231.0,175.0,0.0,1088.0,0.0
200,35,232.0,180.0,0.0,1091.0,0.0
200,35,233.0,178.0,0.0,1094.0,0.0
200,35,234.0,174.0,0.0,1099.0,0.0
200,35,235.0,175.0,0.0,1109.0,0.0
200,35,236.0,174.0,0.0,1114.0,0.0
200,35,237.0,168.0,0.0,1120.0,0.0
200,35,238.0,169.0,0.0,1131.0,0.0
200,35,239.0,168.0,0.0,1137.0,0.0
200,35,240.0,171.0,0.0,1145.0,0.0
200,35,241.0,174.0,0.0,1148.0,0.0
200,35,242.0,174.0,0.0,1152.0,0.0
200,35,243.0,171.0,0.0,1159.0,0.0
200,35,244.0,174.0,0.0,1164.0,0.0
200,35,245.0,175.0,0.0,1169.0,0.0
200,35,246.0,173.0,0.0,1173.0,0.0
200,35,247.0,172.0,0.0,1178.0,0.0
200,35,248.0,175.0,0.0,1184.0,0.0
200,35,249.0,170.0,0.0,1189.0,0.0
200,35,250.0,167.0,0.0,1197.0,0.0
200,35,251.0,164.0,0.0,1204.0,0.0
200,35,252.0,159.0,0.0,1207.0,0.0
200,35,253.0,155.0,0.0,1212.0,0.0
200,35,254.0,148.0,0.0,1216.0,0.0
200,35,255.0,143.0,0.0,1223.0,0.0
200,35,256.0,137.0,0.0,1228.0,0.0
200,35,257.0,133.0,0.0,1234.0,0.0
200,35,258.0,125.0,0.0,1238.0,0.0
200,35,259.0,117.0,0.0,1246.0,0.0
200,35,260.0,114.0,0.0,1254.0,0.0
200,35,261.0,106.0,0.0,1257.0,0.0
200,35,262.0,101.0,0.0,1265.0,0.0
200,35,263.0,95.0,0.0,1270.0,0.0
200,35,264.0,86.0,0.0,1276.0,0.0
200,35,265.0,82.0,0.0,1285.0,0.0
200,35,266.0,78.0,0.0,1289.0,0.0
200,35,267.0,74.0,0.0,1293.0,0.0
200,35,268.0,68.0,0.0,1297.0,0.0
200,35,269.0,65.0,0.0,1303.0,0.0
200,35,270.0,61.0,0.0,1306.0,0.0
200,35,271.0,54.0,0.0,1310.0,0.0
200,35,272.0,49.0,0.0,1317.0,0.0
200,35,273.0,47.0,0.0,1322.0,0.0
200,35,274.0,44.0,0.0,1324.0,0.0
200,35,275.0,38.0,0.0,1327.0,0.0
200,35,276.0,35.0,0.0,1333.0,0.0
200,35,277.0,35.0,0.0,1336.0,0.0
200,35,278.0,35.0,0.0,1336.0,0.0
200,35,279.0,32.0,0.0,1336.0,0.0
200,35,280.0,30.0,0.0,1339.0,0.0
200,35,281.0,28.0,0.0,1341.0,0.0
200,35,282.0,27.0,0.0,1343.0,0.0
200,35,283.0,22.0,0.0,1344.0,0.0
200,35,284.0,21.0,0.0,1349.0,0.0
200,35,285.0,18.0,0.0,1350.0,0.0
200,35,286.0,16.0,0.0,1353.0,0.0
200,35,287.0,14.0,0.0,1355.0,0.0
200,35,288.0,14.0,0.0,1357.0,0.0
200,35,289.0,13.0,0.0,1357.0,0.0
200,35,290.0,13.0,0.0,1358.0,0.0
200,35,291.0,11.0,0.0,1358.0,0.0
200,35,292.0,11.0,0.0,1360.0,0.0
200,35,293.0,10.0,0.0,1360.0,0.0
200,35,294.0,9.0,0.0,1361.0,0.0
200,35,295.0,7.0,0.0,1362.0,0.0
200,35,296.0,6.0,0.0,1364.0,0.0
200,35,297.0,5.0,0.0,1365.0,0.0
200,35,298.0,4.0,0.0,1366.0,0.0
200,35,299.0,4.0,0.0,1367.0,0.0
200,35,300.0,4.0,0.0,1367.0,0.0
200,35,301.0,3.0,0.0,1367.0,0.0
200,35,302.0,3.0,0.0,1368.0,0.0
200,35,303.0,3.0,0.0,1368.0,0.0
200,35,304.0,3.0,0.0,1368.0,0.0
200,35,305.0,3.0,0.0,1368.0,0.0
200,35,306.0,3.0,0.0,1368.0,0.0
200,35,307.0,3.0,0.0,1368.0,0.0
200,35,308.0,2.0,0.0,1368.0,0.0
200,35,309.0,2.0,0.0,1369.0,0.0
200,35,310.0,2.0,0.0,1369.0,0.0
200,35,311.0,2.0,0.0,1369.0,0.0
200,35,312.0,2.0,0.0,1369.0,0.0
200,35,313.0,1.0,0.0,1369.0,0.0
200,35,314.0,1.0,0.0,1370.0,0.0
200,35,315.0,1.0,0.0,1370.0,0.0
200,35,316.0,1.0,0.0,1370.0,0.0
200,35,317.0,1.0,0.0,1370.0,0.0
200,35,318.0,1.0,0.0,1370.0,0.0
200,35,319.0,1.0,0.0,1370.0,0.0
200,35,320.0,1.0,0.0,1370.0,0.0
200,35,321.0,0.0,0.0,1370.0,0.0
200,35,322.0,0.0,0.0,1371.0,0.0
200,36,0.0,5.0,0.0,0.0,0.0
200,36,1.0,8.0,0.0,0.0,0.0
200,36,2.0,11.0,0.0,0.0,0.0
200,36,3.0,19.0,0.0,0.0,0.0
200,36,4.0,26.0,0.0,0.0,0.0
200,36,5.0,31.0,0.0,0.0,0.0
200,36,6.0,33.0,0.0,0.0,0.0
200,36,7.0,37.0,0.0,0.0,0.0
200,36,8.0,46.0,0.0,0.0,0.0
200,36,9.0,51.0,0.0,0.0,0.0
200,36,10.0,56.0,0.0,0.0,0.0
200,36,11.0,61.0,0.0,0.0,0.0
200,36,12.0,67.0,0.0,0.0,0.0
200,36,13.0,72.0,0.0,0.0,0.0
200,36,14.0,76.0,0.0,0.0,0.0
200,36,15.0,81.0,0.0,0.0,0.0
200,36,16.0,84.0,0.0,0.0,0.0
200,36,17.0,88.0,0.0,0.0,0.0
200,36,18.0,91.0,0.0,1.0,0.0
200,36,19.0,98.0,0.0,1.0,0.0
200,36,20.0,102.0,0.0,2.0,0.0
200,36,21.0,106.0,0.0,2.0,0.0
200,36,22.0,110.0,0.0,2.0,0.0
200,36,23.0,118.0,0.0,3.0,0.0
200,36,24.0,124.0,0.0,3.0,0.0
200,36,25.0,125.0,0.0,5.0,0.0
200,36,26.0,126.0,0.0,7.0,0.0
200,36,27.0,129.0,0.0,10.0,0.0
200,36,28.0,134.0,0.0,13.0,0.0
200,36,29.0,136.0,0.0,14.0,0.0
200,36,30.0,135.0,0.0,18.0,0.0
200,36,31.0,134.0,0.0,24.0,0.0
200,36,32.0,137.0,0.0,29.0,0.0
200,36,33.0,140.0,0.0,30.0,0.0
200,36,34.0,143.0,0.0,33.0,0.0
200,36,35.0,146.0,0.0,35.0,0.0
200,36,36.0,148.0,0.0,41.0,0.0
200,36,37.0,148.0,0.0,44.0,0.0
200,36,38.0,150.0,0.0,49.0,0.0
200,36,39.0,149.0,0.0,53.0,0.0
200,36,40.0,155.0,0.0,58.0,0.0
200,36,41.0,157.0,0.0,61.0,0.0
200,36,42.0,155.0,0.0,64.0,0.0
200,36,43.0,157.0,0.0,70.0,0.0
200,36,44.0,155.0,0.0,74.0,0.0
200,36,45.0,152.0,0.0,80.0,0.0
200,36,46.0,155.0,0.0,85.0,0.0
200,36,47.0,159.0,0.0,89.0,0.0
200,36,48.0,158.0,0.0,92.0,0.0
200,36,49.0,160.0,0.0,97.0,0.0
200,36,50.0,159.0,0.0,102.0,0.0
200,36,51.0,159.0,0.0,107.0,0.0
200,36,52.0,154.0,0.0,112.0,0.0
200,36,53.0,157.0,0.0,121.0,0.0
200,36,54.0,157.0,0.0,123.0,0.0
200,36,55.0,164.0,0.0,130.0,0.0
200,36,56.0,164.0,0.0,135.0,0.0
200,36,57.0,168.0,0.0,139.0,0.0
200,36,58.0,164.0,0.0,141.0,0.0
200,36,59.0,166.0,0.0,151.0,0.0
200,36,60.0,168.0,0.0,157.0,0.0
200,36,61.0,167.0,0.0,161.0,0.0
200,36,62.0,168.0,0.0,165.0,0.0
200,36,63.0,166.0,0.0,169.0,0.0
200,36,64.0,166.0,0.0,177.0,0.0
200,36,65.0,162.0,0.0,181.0,0.0
200,36,66.0,159.0,0.0,189.0,0.0
200,36,67.0,155.0,0.0,196.0,0.0
200,36,68.0,151.0,0.0,204.0,0.0
200,36,69.0,151.0,0.0,211.0,0.0
200,36,70.0,152.0,0.0,215.0,0.0
200,36,71.0,154.0,0.0,217.0,0.0
200,36,72.0,155.0,0.0,220.0,0.0
200,36,73.0,152.0,0.0,225.0,0.0
200,36,74.0,151.0,0.0,233.0,0.0
200,36,75.0,151.0,0.0,238.0,0.0
200,36,76.0,153.0,0.0,243.0,0.0
200,36,77.0,151.0,0.0,247.0,0.0
200,36,78.0,148.0,0.0,252.0,0.0
200,36,79.0,144.0,0.0,259.0,0.0
200,36,80.0,149.0,0.0,266.0,0.0
200,36,81.0,147.0,0.0,270.0,0.0
200,36,82.0,146.0,0.0,277.0,0.0
200,36,83.0,146.0,0.0,283.0,0.0
200,36,84.0,146.0,0.0,290.0,0.0
200,36,85.0,144.0,0.0,294.0,0.0
200,36,86.0,145.0,0.0,299.0,0.0
200,36,87.0,144.0,0.0,306.0,0.0
200,36,88.0,144.0,0.0,312.0,0.0
200,36,89.0,147.0,0.0,316.0,0.0
200,36,90.0,152.0,0.0,319.0,0.0
200,36,91.0,158.0,0.0,322.0,0.0
200,36,92.0,156.0,0.0,323.0,0.0
200,36,93.0,156.0,0.0,330.0,0.0
200,36,94.0,154.0,0.0,333.0,0.0
200,36,95.0,154.0,0.0,339.0,0.0
200,36,96.0,150.0,0.0,345.0,0.0
200,36,97.0,150.0,0.0,353.0,0.0
200,36,98.0,155.0,0.0,359.0,0.0
200,36,99.0,149.0,0.0,362.0,0.0
200,36,100.0,154.0,0.0,372.0,0.0
200,36,101.0,156.0,0.0,374.0,0.0
200,36,102.0,157.0,0.0,377.0,0.0
200,36,103.0,157.0,0.0,378.0,0.0
200,36,104.0,161.0,0.0,383.0,0.0
200,36,105.0,165.0,0.0,387.0,0.0
200,36,106.0,168.0,0.0,388.0,0.0
200,36,107.0,169.0,0.0,391.0,0.0
200,36,108.0,169.0,0.0,395.0,0.0
200,36,109.0,170.0,0.0,402.0,0.0
200,36,110.0,167.0,0.0,406.0,0.0
200,36,111.0,165.0,0.0,411.0,0.0
200,36,112.0,162.0,0.0,416.0,0.0
200,36,113.0,160.0,0.0,422.0,0.0
200,36,114.0,159.0,0.0,428.0,0.0
200,36,115.0,157.0,0.0,433.0,0.0
200,36,116.0,160.0,0.0,441.0,0.0
200,36,117.0,164.0,0.0,447.0,0.0
200,36,118.0,164.0,0.0,450.0,0.0
200,36,119.0,163.0,0.0,455.0,0.0
200,36,120.0,164.0,0.0,459.0,0.0
200,36,121.0,159.0,0.0,464.0,0.0
200,36,122.0,161.0,0.0,473.0,0.0
200,36,123.0,161.0,0.0,478.0,0.0
200,36,124.0,161.0,0.0,484.0,0.0
200,36,125.0,162.0,0.0,489.0,0.0
200,36,126.0,166.0,0.0,495.0,0.0
200,36,127.0,169.0,0.0,497.0,0.0
200,36,128.0,167.0,0.0,503.0,0.0
200,36,129.0,170.0,0.0,510.0,0.0
200,36,130.0,167.0,0.0,514.0,0.0
200,36,131.0,164.0,0.0,521.0,0.0
200,36,132.0,169.0,0.0,528.0,0.0
200,36,133.0,169.0,0.0,530.0,0.0
200,36,134.0,166.0,0.0,535.0,0.0
200,36,135.0,164.0,0.0,541.0,0.0
200,36,136.0,164.0,0.0,545.0,0.0
200,36,137.0,165.0,0.0,549.0,0.0
200,36,138.0,165.0,0.0,554.0,0.0
200,36,139.0,162.0,0.0,559.0,0.0
200,36,140.0,162.0,0.0,566.0,0.0
200,36,141.0,159.0,0.0,572.0,0.0
200,36,142.0,159.0,0.0,580.0,0.0
200,36,143.0,159.0,0.0,587.0,0.0
200,36,144.0,159.0,0.0,592.0,0.0
200,36,145.0,158.0,0.0,597.0,0.0
200,36,146.0,156.0,0.0,604.0,0.0
200,36,147.0,157.0,0.0,612.0,0.0
200,36,148.0,156.0,0.0,615.0,0.0
200,36,149.0,153.0,0.0,621.0,0.0
200,36,150.0,154.0,0.0,630.0,0.0
200,36,151.0,156.0,0.0,634.0,0.0
200,36,152.0,155.0,0.0,638.0,0.0
200,36,153.0,155.0,0.0,648.0,0.0
200,36,154.0,156.0,0.0,653.0,0.0
200,36,155.0,158.0,0.0,656.0,0.0
200,36,156.0,158.0,0.0,661.0,0.0
200,36,157.0,158.0,0.0,664.0,0.0
200,36,158.0,165.0,0.0,670.0,0.0
200,36,159.0,170.0,0.0,672.0,0.0
200,36,160.0,174.0,0.0,674.0,0.0
200,36,161.0,174.0,0.0,678.0,0.0
200,36,162.0,170.0,0.0,682.0,0.0
200,36,163.0,173.0,0.0,689.0,0.0
200,36,164.0,172.0,0.0,692.0,0.0
200,36,165.0,171.0,0.0,698.0,0.0
200,36,166.0,170.0,0.0,705.0,0.0
200,36,167.0,173.0,0.0,711.0,0.0
200,36,168.0,174.0,0.0,717.0,0.0
200,36,169.0,175.0,0.0,721.0,0.0
200,36,170.0,173.0,0.0,725.0,0.0
200,36,171.0,173.0,0.0,730.0,0.0
200,36,172.0,169.0,0.0,735.0,0.0
200,36,173.0,167.0,0.0,740.0,0.0
200,36,174.0,170.0,0.0,746.0,0.0
200,36,175.0,167.0,0.0,747.0,0.0
200,36,176.0,163.0,0.0,754.0,0.0
200,36,177.0,162.0,0.0,762.0,0.0
200,36,178.0,162.0,0.0,768.0,0.0
200,36,179.0,162.0,0.0,773.0,0.0
200,36,180.0,166.0,0.0,776.0,0.0
200,36,181.0,163.0,0.0,777.0,0.0
200,36,182.0,162.0,0.0,786.0,0.0
200,36,183.0,162.0,0.0,792.0,0.0
200,36,184.0,160.0,0.0,796.0,0.0
200,36,185.0,161.0,0.0,801.0,0.0
200,36,186.0,165.0,0.0,806.0,0.0
200,36,187.0,168.0,0.0,809.0,0.0
200,36,188.0,170.0,0.0,816.0,0.0
200,36,189.0,170.0,0.0,818.0,0.0
200,36,190.0,169.0,0.0,826.0,0.0
200,36,191.0,173.0,0.0,831.0,0.0
200,36,192.0,166.0,0.0,835.0,0.0
200,36,193.0,162.0,0.0,845.0,0.0
200,36,194.0,169.0,0.0,852.0,0.0
200,36,195.0,167.0,0.0,855.0,0.0
200,36,196.0,163.0,0.0,861.0,0.0
200,36,197.0,163.0,0.0,869.0,0.0
200,36,198.0,161.0,0.0,876.0,0.0
200,36,199.0,159.0,0.0,881.0,0.0
200,36,200.0,159.0,0.0,889.0,0.0
200,36,201.0,159.0,0.0,893.0,0.0
200,36,202.0,160.0,0.0,897.0,0.0
200,36,203.0,162.0,0.0,902.0,0.0
200,36,204.0,160.0,0.0,906.0,0.0
200,36,205.0,159.0,0.0,911.0,0.0
200,36,206.0,161.0,0.0,918.0,0.0
200,36,207.0,161.0,0.0,922.0,0.0
200,36,208.0,160.0,0.0,930.0,0.0
200,36,209.0,163.0,0.0,936.0,0.0
200,36,210.0,160.0,0.0,937.0,0.0
200,36,211.0,160.0,0.0,942.0,0.0
200,36,212.0,165.0,0.0,947.0,0.0
200,36,213.0,164.0,0.0,953.0,0.0
200,36,214.0,164.0,0.0,959.0,0.0
200,36,215.0,163.0,0.0,967.0,0.0
200,36,216.0,163.0,0.0,973.0,0.0
200,36,217.0,165.0,0.0,977.0,0.0
200,36,218.0,165.0,0.0,981.0,0.0
200,36,219.0,163.0,0.0,986.0,0.0
200,36,220.0,160.0,0.0,991.0,0.0
200,36,221.0,166.0,0.0,996.0,0.0
200,36,222.0,165.0,0.0,997.0,0.0
200,36,223.0,168.0,0.0,1003.0,0.0
200,36,224.0,167.0,0.0,1006.0,0.0
200,36,225.0,165.0,0.0,1011.0,0.0
200,36,226.0,166.0,0.0,1017.0,0.0
200,36,227.0,168.0,0.0,1022.0,0.0
200,36,228.0,172.0,0.0,1024.0,0.0
200,36,229.0,174.0,0.0,1027.0,0.0
200,36,230.0,168.0,0.0,1030.0,0.0
200,36,231.0,165.0,0.0,1038.0,0.0
200,36,232.0,160.0,0.0,1045.0,0.0
200,36,233.0,158.0,0.0,1053.0,0.0
200,36,234.0,157.0,0.0,1060.0,0.0
200,36,235.0,155.0,0.0,1065.0,0.0
200,36,236.0,153.0,0.0,1071.0,0.0
200,36,237.0,159.0,0.0,1076.0,0.0
200,36,238.0,161.0,0.0,1079.0,0.0
200,36,239.0,162.0,0.0,1082.0,0.0
200,36,240.0,157.0,0.0,1089.0,0.0
200,36,241.0,157.0,0.0,1100.0,0.0
200,36,242.0,162.0,0.0,1106.0,0.0
200,36,243.0,159.0,0.0,1110.0,0.0
200,36,244.0,158.0,0.0,1120.0,0.0
200,36,245.0,160.0,0.0,1125.0,0.0
200,36,246.0,165.0,0.0,1127.0,0.0
200,36,247.0,165.0,0.0,1130.0,0.0
200,36,248.0,170.0,0.0,1139.0,0.0
200,36,249.0,170.0,0.0,1141.0,0.0
200,36,250.0,169.0,0.0,1145.0,0.0
200,36,251.0,161.0,0.0,1150.0,0.0
200,36,252.0,158.0,0.0,1158.0,0.0
200,36,253.0,151.0,0.0,1161.0,0.0
200,36,254.0,149.0,0.0,1168.0,0.0
200,36,255.0,146.0,0.0,1170.0,0.0
200,36,256.0,141.0,0.0,1173.0,0.0
200,36,257.0,134.0,0.0,1178.0,0.0
200,36,258.0,129.0,0.0,1185.0,0.0
200,36,259.0,126.0,0.0,1190.0,0.0
200,36,260.0,121.0,0.0,1193.0,0.0
200,36,261.0,115.0,0.0,1198.0,0.0
200,36,262.0,110.0,0.0,1204.0,0.0
200,36,263.0,104.0,0.0,1209.0,0.0
200,36,264.0,94.0,0.0,1215.0,0.0
200,36,265.0,89.0,0.0,1225.0,0.0
200,36,266.0,85.0,0.0,1230.0,0.0
200,36,267.0,80.0,0.0,1234.0,0.0
200,36,268.0,74.0,0.0,1239.0,0.0
200,36,269.0,71.0,0.0,1245.0,0.0
200,36,270.0,66.0,0.0,1248.0,0.0
200,36,271.0,59.0,0.0,1253.0,0.0
200,36,272.0,55.0,0.0,1260.0,0.0
200,36,273.0,50.0,0.0,1264.0,0.0
200,36,274.0,47.0,0.0,1269.0,0.0
200,36,275.0,46.0,0.0,1272.0,0.0
200,36,276.0,43.0,0.0,1273.0,0.0
200,36,277.0,41.0,0.0,1276.0,0.0
200,36,278.0,39.0,0.0,1278.0,0.0
200,36,279.0,36.0,0.0,1280.0,0.0
200,36,280.0,35.0,0.0,1283.0,0.0
200,36,281.0,34.0,0.0,1284.0,0.0
200,36,282.0,32.0,0.0,1285.0,0.0
200,36,283.0,31.0,0.0,1287.0,0.0
200,36,284.0,31.0,0.0,1288.0,0.0
200,36,285.0,29.0,0.0,1288.0,0.0
200,36,286.0,27.0,0.0,1290.0,0.0
200,36,287.0,26.0,0.0,1292.0,0.0
200,36,288.0,24.0,0.0,1293.0,0.0
200,36,289.0,22.0,0.0,1295.0,0.0
200,36,290.0,17.0,0.0,1297.0,0.0
200,36,291.0,17.0,0.0,1302.0,0.0
200,36,292.0,17.0,0.0,1302.0,0.0
200,36,293.0,14.0,0.0,1302.0,0.0
200,36,294.0,13.0,0.0,1305.0,0.0
200,36,295.0,13.0,0.0,1306.0,0.0
200,36,296.0,12.0,0.0,1306.0,0.0
200,36,297.0,11.0,0.0,1307.0,0.0
200,36,298.0,11.0,0.0,1308.0,0.0
200,36,299.0,10.0,0.0,1308.0,0.0
200,36,300.0,9.0,0.0,1309.0,0.0
200,36,301.0,8.0,0.0,1310.0,0.0
200,36,302.0,7.0,0.0,1311.0,0.0
200,36,303.0,7.0,0.0,1312.0,0.0
200,36,304.0,7.0,0.0,1312.0,0.0
200,36,305.0,7.0,0.0,1312.0,0.0
200,36,306.0,6.0,0.0,1312.0,0.0
200,36,307.0,5.0,0.0,1313.0,0.0
200,36,308.0,5.0,0.0,1314.0,0.0
200,36,309.0,5.0,0.0,1314.0,0.0
200,36,310.0,5.0,0.0,1314.0,0.0
200,36,311.0,4.0,0.0,1314.0,0.0
200,36,312.0,2.0,0.0,1315.0,0.0
200,36,313.0,1.0,0.0,1317.0,0.0
200,36,314.0,1.0,0.0,1318.0,0.0
200,36,315.0,1.0,0.0,1318.0,0.0
200,36,316.0,0.0,0.0,1318.0,0.0
200,36,317.0,0.0,0.0,1319.0,0.0
200,37,0.0,7.0,0.0,0.0,0.0
200,37,1.0,15.0,0.0,0.0,0.0
200,37,2.0,18.0,0.0,0.0,0.0
200,37,3.0,20.0,0.0,0.0,0.0
200,37,4.0,27.0,0.0,0.0,0.0
200,37,5.0,34.0,0.0,0.0,0.0
200,37,6.0,39.0,0.0,0.0,0.0
200,37,7.0,45.0,0.0,0.0,0.0
200,37,8.0,48.0,0.0,0.0,0.0
200,37,9.0,52.0,0.0,0.0,0.0
200,37,10.0,56.0,0.0,0.0,0.0
200,37,11.0,58.0,0.0,0.0,0.0
200,37,12.0,64.0,0.0,0.0,0.0
200,37,13.0,69.0,0.0,0.0,0.0
200,37,14.0,73.0,0.0,1.0,0.0
200,37,15.0,78.0,0.0,1.0,0.0
200,37,16.0,83.0,0.0,1.0,0.0
200,37,17.0,89.0,0.0,1.0,0.0
200,37,18.0,93.0,0.0,1.0,0.0
200,37,19.0,95.0,0.0,1.0,0.0
200,37,20.0,97.0,0.0,3.0,0.0
200,37,21.0,101.0,0.0,4.0,0.0
200,37,22.0,104.0,0.0,4.0,0.0
200,37,23.0,103.0,0.0,5.0,0.0
200,37,24.0,111.0,0.0,8.0,0.0
200,37,25.0,115.0,0.0,10.0,0.0
200,37,26.0,119.0,0.0,11.0,0.0
200,37,27.0,125.0,0.0,13.0,0.0
200,37,28.0,122.0,0.0,17.0,0.0
200,37,29.0,127.0,0.0,24.0,0.0
200,37,30.0,131.0,0.0,25.0,0.0
200,37,31.0,134.0,0.0,27.0,0.0
200,37,32.0,135.0,0.0,29.0,0.0
200,37,33.0,134.0,0.0,32.0,0.0
200,37,34.0,136.0,0.0,36.0,0.0
200,37,35.0,133.0,0.0,43.0,0.0
200,37,36.0,135.0,0.0,49.0,0.0
200,37,37.0,137.0,0.0,53.0,0.0
200,37,38.0,139.0,0.0,56.0,0.0
200,37,39.0,145.0,0.0,58.0,0.0
200,37,40.0,147.0,0.0,60.0,0.0
200,37,41.0,148.0,0.0,65.0,0.0
200,37,42.0,151.0,0.0,67.0,0.0
200,37,43.0,150.0,0.0,72.0,0.0
200,37,44.0,150.0,0.0,78.0,0.0
200,37,45.0,154.0,0.0,83.0,0.0
200,37,46.0,154.0,0.0,86.0,0.0
200,37,47.0,155.0,0.0,90.0,0.0
200,37,48.0,156.0,0.0,97.0,0.0
200,37,49.0,156.0,0.0,99.0,0.0
200,37,50.0,156.0,0.0,101.0,0.0
200,37,51.0,159.0,0.0,106.0,0.0
200,37,52.0,159.0,0.0,112.0,0.0
200,37,53.0,163.0,0.0,116.0,0.0
200,37,54.0,164.0,0.0,121.0,0.0
200,37,55.0,166.0,0.0,123.0,0.0
200,37,56.0,165.0,0.0,127.0,0.0
200,37,57.0,162.0,0.0,132.0,0.0
200,37,58.0,162.0,0.0,140.0,0.0
200,37,59.0,156.0,0.0,146.0,0.0
200,37,60.0,154.0,0.0,155.0,0.0
200,37,61.0,152.0,0.0,160.0,0.0
200,37,62.0,156.0,0.0,165.0,0.0
200,37,63.0,152.0,0.0,167.0,0.0
200,37,64.0,152.0,0.0,174.0,0.0
200,37,65.0,157.0,0.0,180.0,0.0
200,37,66.0,156.0,0.0,181.0,0.0
200,37,67.0,151.0,0.0,191.0,0.0
200,37,68.0,153.0,0.0,199.0,0.0
200,37,69.0,154.0,0.0,203.0,0.0
200,37,70.0,155.0,0.0,207.0,0.0
200,37,71.0,153.0,0.0,213.0,0.0
200,37,72.0,151.0,0.0,216.0,0.0
200,37,73.0,157.0,0.0,222.0,0.0
200,37,74.0,156.0,0.0,225.0,0.0
200,37,75.0,159.0,0.0,231.0,0.0
200,37,76.0,162.0,0.0,235.0,0.0
200,37,77.0,162.0,0.0,237.0,0.0
200,37,78.0,159.0,0.0,241.0,0.0
200,37,79.0,157.0,0.0,248.0,0.0
200,37,80.0,156.0,0.0,258.0,0.0
200,37,81.0,156.0,0.0,262.0,0.0
200,37,82.0,153.0,0.0,270.0,0.0
200,37,83.0,156.0,0.0,275.0,0.0
200,37,84.0,153.0,0.0,279.0,0.0
200,37,85.0,151.0,0.0,286.0,0.0
200,37,86.0,153.0,0.0,293.0,0.0
200,37,87.0,154.0,0.0,297.0,0.0
200,37,88.0,156.0,0.0,304.0,0.0
200,37,89.0,160.0,0.0,309.0,0.0
200,37,90.0,162.0,0.0,312.0,0.0
200,37,91.0,162.0,0.0,317.0,0.0
200,37,92.0,158.0,0.0,322.0,0.0
200,37,93.0,158.0,0.0,330.0,0.0
200,37,94.0,160.0,0.0,337.0,0.0
200,37,95.0,162.0,0.0,341.0,0.0
200,37,96.0,163.0,0.0,346.0,0.0
200,37,97.0,158.0,0.0,349.0,0.0
200,37,98.0,156.0,0.0,357.0,0.0
200,37,99.0,158.0,0.0,364.0,0.0
200,37,100.0,157.0,0.0,367.0,0.0
200,37,101.0,158.0,0.0,373.0,0.0
200,37,102.0,159.0,0.0,375.0,0.0
200,37,103.0,161.0,0.0,378.0,0.0
200,37,104.0,167.0,0.0,381.0,0.0
200,37,105.0,172.0,0.0,386.0,0.0
200,37,106.0,175.0,0.0,390.0,0.0
200,37,107.0,171.0,0.0,392.0,0.0
200,37,108.0,171.0,0.0,399.0,0.0
200,37,109.0,170.0,0.0,405.0,0.0
200,37,110.0,174.0,0.0,413.0,0.0
200,37,111.0,170.0,0.0,415.0,0.0
200,37,112.0,171.0,0.0,424.0,0.0
200,37,113.0,174.0,0.0,429.0,0.0
200,37,114.0,175.0,0.0,433.0,0.0
200,37,115.0,172.0,0.0,436.0,0.0
200,37,116.0,176.0,0.0,446.0,0.0
200,37,117.0,175.0,0.0,449.0,0.0
200,37,118.0,177.0,0.0,456.0,0.0
200,37,119.0,173.0,0.0,459.0,0.0
200,37,120.0,174.0,0.0,466.0,0.0
200,37,121.0,175.0,0.0,474.0,0.0
200,37,122.0,171.0,0.0,480.0,0.0
200,37,123.0,170.0,0.0,489.0,0.0
200,37,124.0,169.0,0.0,494.0,0.0
200,37,125.0,168.0,0.0,501.0,0.0
200,37,126.0,169.0,0.0,508.0,0.0
200,37,127.0,167.0,0.0,513.0,0.0
200,37,128.0,170.0,0.0,517.0,0.0
200,37,129.0,169.0,0.0,521.0,0.0
200,37,130.0,170.0,0.0,527.0,0.0
200,37,131.0,170.0,0.0,531.0,0.0
200,37,132.0,171.0,0.0,534.0,0.0
200,37,133.0,172.0,0.0,537.0,0.0
200,37,134.0,170.0,0.0,540.0,0.0
200,37,135.0,169.0,0.0,548.0,0.0
200,37,136.0,167.0,0.0,558.0,0.0
200,37,137.0,167.0,0.0,562.0,0.0
200,37,138.0,168.0,0.0,565.0,0.0
200,37,139.0,165.0,0.0,570.0,0.0
200,37,140.0,164.0,0.0,579.0,0.0
200,37,141.0,160.0,0.0,587.0,0.0
200,37,142.0,162.0,0.0,594.0,0.0
200,37,143.0,158.0,0.0,597.0,0.0
200,37,144.0,154.0,0.0,605.0,0.0
200,37,145.0,157.0,0.0,616.0,0.0
200,37,146.0,158.0,0.0,619.0,0.0
200,37,147.0,155.0,0.0,623.0,0.0
200,37,148.0,155.0,0.0,631.0,0.0
200,37,149.0,156.0,0.0,635.0,0.0
200,37,150.0,155.0,0.0,639.0,0.0
200,37,151.0,152.0,0.0,644.0,0.0
200,37,152.0,155.0,0.0,651.0,0.0
200,37,153.0,157.0,0.0,653.0,0.0
200,37,154.0,156.0,0.0,656.0,0.0
200,37,155.0,156.0,0.0,659.0,0.0
200,37,156.0,161.0,0.0,662.0,0.0
200,37,157.0,167.0,0.0,667.0,0.0
200,37,158.0,168.0,0.0,670.0,0.0
200,37,159.0,163.0,0.0,674.0,0.0
200,37,160.0,163.0,0.0,682.0,0.0
200,37,161.0,157.0,0.0,687.0,0.0
200,37,162.0,159.0,0.0,700.0,0.0
200,37,163.0,163.0,0.0,704.0,0.0
200,37,164.0,161.0,0.0,708.0,0.0
200,37,165.0,161.0,0.0,714.0,0.0
200,37,166.0,158.0,0.0,720.0,0.0
200,37,167.0,159.0,0.0,725.0,0.0
200,37,168.0,168.0,0.0,729.0,0.0
200,37,169.0,169.0,0.0,731.0,0.0
200,37,170.0,172.0,0.0,736.0,0.0
200,37,171.0,176.0,0.0,740.0,0.0
200,37,172.0,175.0,0.0,744.0,0.0
200,37,173.0,175.0,0.0,748.0,0.0
200,37,174.0,172.0,0.0,752.0,0.0
200,37,175.0,171.0,0.0,762.0,0.0
200,37,176.0,171.0,0.0,768.0,0.0
200,37,177.0,173.0,0.0,772.0,0.0
200,37,178.0,173.0,0.0,775.0,0.0
200,37,179.0,172.0,0.0,781.0,0.0
200,37,180.0,172.0,0.0,787.0,0.0
200,37,181.0,168.0,0.0,792.0,0.0
200,37,182.0,165.0,0.0,801.0,0.0
200,37,183.0,164.0,0.0,809.0,0.0
200,37,184.0,163.0,0.0,814.0,0.0
200,37,185.0,165.0,0.0,821.0,0.0
200,37,186.0,170.0,0.0,825.0,0.0
200,37,187.0,166.0,0.0,829.0,0.0
200,37,188.0,166.0,0.0,834.0,0.0
200,37,189.0,164.0,0.0,839.0,0.0
200,37,190.0,163.0,0.0,844.0,0.0
200,37,191.0,167.0,0.0,848.0,0.0
200,37,192.0,164.0,0.0,851.0,0.0
200,37,193.0,163.0,0.0,858.0,0.0
200,37,194.0,162.0,0.0,863.0,0.0
200,37,195.0,164.0,0.0,871.0,0.0
200,37,196.0,162.0,0.0,875.0,0.0
200,37,197.0,163.0,0.0,881.0,0.0
200,37,198.0,166.0,0.0,888.0,0.0
200,37,199.0,170.0,0.0,892.0,0.0
200,37,200.0,175.0,0.0,896.0,0.0
200,37,201.0,172.0,0.0,898.0,0.0
200,37,202.0,166.0,0.0,905.0,0.0
200,37,203.0,168.0,0.0,913.0,0.0
200,37,204.0,164.0,0.0,916.0,0.0
200,37,205.0,170.0,0.0,926.0,0.0
200,37,206.0,168.0,0.0,929.0,0.0
200,37,207.0,171.0,0.0,937.0,0.0
200,37,208.0,172.0,0.0,940.0,0.0
200,37,209.0,173.0,0.0,943.0,0.0
200,37,210.0,172.0,0.0,946.0,0.0
200,37,211.0,168.0,0.0,951.0,0.0
200,37,212.0,171.0,0.0,959.0,0.0
200,37,213.0,166.0,0.0,960.0,0.0
200,37,214.0,162.0,0.0,968.0,0.0
200,37,215.0,160.0,0.0,977.0,0.0
200,37,216.0,158.0,0.0,985.0,0.0
200,37,217.0,155.0,0.0,992.0,0.0
200,37,218.0,155.0,0.0,997.0,0.0
200,37,219.0,158.0,0.0,1003.0,0.0
200,37,220.0,162.0,0.0,1006.0,0.0
200,37,221.0,162.0,0.0,1009.0,0.0
200,37,222.0,163.0,0.0,1018.0,0.0
200,37,223.0,165.0,0.0,1022.0,0.0
200,37,224.0,164.0,0.0,1025.0,0.0
200,37,225.0,165.0,0.0,1031.0,0.0
200,37,226.0,164.0,0.0,1036.0,0.0
200,37,227.0,162.0,0.0,1041.0,0.0
200,37,228.0,157.0,0.0,1045.0,0.0
200,37,229.0,157.0,0.0,1054.0,0.0
200,37,230.0,159.0,0.0,1061.0,0.0
200,37,231.0,159.0,0.0,1065.0,0.0
200,37,232.0,161.0,0.0,1071.0,0.0
200,37,233.0,165.0,0.0,1076.0,0.0
200,37,234.0,165.0,0.0,1080.0,0.0
200,37,235.0,168.0,0.0,1086.0,0.0
200,37,236.0,162.0,0.0,1090.0,0.0
200,37,237.0,166.0,0.0,1097.0,0.0
200,37,238.0,174.0,0.0,1099.0,0.0
200,37,239.0,175.0,0.0,1101.0,0.0
200,37,240.0,172.0,0.0,1105.0,0.0
200,37,241.0,173.0,0.0,1111.0,0.0
200,37,242.0,170.0,0.0,1115.0,0.0
200,37,243.0,168.0,0.0,1120.0,0.0
200,37,244.0,169.0,0.0,1125.0,0.0
200,37,245.0,165.0,0.0,1132.0,0.0
200,37,246.0,167.0,0.0,1137.0,0.0
200,37,247.0,171.0,0.0,1143.0,0.0
200,37,248.0,172.0,0.0,1144.0,0.0
200,37,249.0,173.0,0.0,1149.0,0.0
200,37,250.0,170.0,0.0,1153.0,0.0
200,37,251.0,168.0,0.0,1162.0,0.0
200,37,252.0,160.0,0.0,1164.0,0.0
200,37,253.0,153.0,0.0,1172.0,0.0
200,37,254.0,147.0,0.0,1179.0,0.0
200,37,255.0,145.0,0.0,1185.0,0.0
200,37,256.0,138.0,0.0,1187.0,0.0
200,37,257.0,135.0,0.0,1194.0,0.0
200,37,258.0,126.0,0.0,1197.0,0.0
200,37,259.0,118.0,0.0,1206.0,0.0
200,37,260.0,116.0,0.0,1214.0,0.0
200,37,261.0,110.0,0.0,1216.0,0.0
200,37,262.0,106.0,0.0,1222.0,0.0
200,37,263.0,103.0,0.0,1226.0,0.0
200,37,264.0,93.0,0.0,1229.0,0.0
200,37,265.0,91.0,0.0,1239.0,0.0
200,37,266.0,82.0,0.0,1241.0,0.0
200,37,267.0,76.0,0.0,1250.0,0.0
200,37,268.0,71.0,0.0,1256.0,0.0
200,37,269.0,63.0,0.0,1261.0,0.0
200,37,270.0,60.0,0.0,1269.0,0.0
200,37,271.0,56.0,0.0,1272.0,0.0
200,37,272.0,52.0,0.0,1276.0,0.0
200,37,273.0,49.0,0.0,1280.0,0.0
200,37,274.0,48.0,0.0,1283.0,0.0
200,37,275.0,45.0,0.0,1284.0,0.0
200,37,276.0,41.0,0.0,1287.0,0.0
200,37,277.0,38.0,0.0,1291.0,0.0
200,37,278.0,34.0,0.0,1294.0,0.0
200,37,279.0,31.0,0.0,1298.0,0.0
200,37,280.0,25.0,0.0,1301.0,0.0
200,37,281.0,25.0,0.0,1307.0,0.0
200,37,282.0,23.0,0.0,1307.0,0.0
200,37,283.0,21.0,0.0,1309.0,0.0
200,37,284.0,20.0,0.0,1311.0,0.0
200,37,285.0,19.0,0.0,1312.0,0.0
200,37,286.0,17.0,0.0,1313.0,0.0
200,37,287.0,16.0,0.0,1315.0,0.0
200,37,288.0,15.0,0.0,1316.0,0.0
200,37,289.0,15.0,0.0,1317.0,0.0
200,37,290.0,14.0,0.0,1317.0,0.0
200,37,291.0,14.0,0.0,1318.0,0.0
200,37,292.0,11.0,0.0,1318.0,0.0
200,37,293.0,11.0,0.0,1321.0,0.0
200,37,294.0,11.0,0.0,1321.0,0.0
200,37,295.0,10.0,0.0,1321.0,0.0
200,37,296.0,9.0,0.0,1322.0,0.0
200,37,297.0,8.0,0.0,1323.0,0.0
200,37,298.0,8.0,0.0,1324.0,0.0
200,37,299.0,5.0,0.0,1324.0,0.0
200,37,300.0,5.0,0.0,1327.0,0.0
200,37,301.0,5.0,0.0,1327.0,0.0
200,37,302.0,5.0,0.0,1327.0,0.0
200,37,303.0,5.0,0.0,1327.0,0.0
200,37,304.0,5.0,0.0,1327.0,0.0
200,37,305.0,4.0,0.0,1327.0,0.0
200,37,306.0,4.0,0.0,1328.0,0.0
200,37,307.0,3.0,0.0,1328.0,0.0
200,37,308.0,3.0,0.0,1329.0,0.0
200,37,309.0,3.0,0.0,1329.0,0.0
200,37,310.0,3.0,0.0,1329.0,0.0
200,37,311.0,3.0,0.0,1329.0,0.0
200,37,312.0,3.0,0.0,1329.0,0.0
200,37,313.0,3.0,0.0,1329.0,0.0
200,37,314.0,3.0,0.0,1329.0,0.0
200,37,315.0,2.0,0.0,1329.0,0.0
200,37,316.0,2.0,0.0,1330.0,0.0
200,37,317.0,2.0,0.0,1330.0,0.0
200,37,318.0,1.0,0.0,1330.0,0.0
200,37,319.0,0.0,0.0,1331.0,0.0
200,37,320.0,0.0,0.0,1332.0,0.0
200,38,0.0,3.0,0.0,0.0,0.0
200,38,1.0,8.0,0.0,0.0,0.0
200,38,2.0,16.0,0.0,0.0,0.0
200,38,3.0,18.0,0.0,0.0,0.0
200,38,4.0,25.0,0.0,0.0,0.0
200,38,5.0,29.0,0.0,0.0,0.0
200,38,6.0,35.0,0.0,0.0,0.0
200,38,7.0,43.0,0.0,0.0,0.0
200,38,8.0,48.0,0.0,0.0,0.0
200,38,9.0,52.0,0.0,0.0,0.0
200,38,10.0,54.0,0.0,0.0,0.0
200,38,11.0,61.0,0.0,0.0,0.0
200,38,12.0,68.0,0.0,0.0,0.0
200,38,13.0,72.0,0.0,0.0,0.0
200,38,14.0,75.0,0.0,1.0,0.0
200,38,15.0,78.0,0.0,1.0,0.0
200,38,16.0,82.0,0.0,2.0,0.0
200,38,17.0,89.0,0.0,2.0,0.0
200,38,18.0,92.0,0.0,2.0,0.0
200,38,19.0,101.0,0.0,2.0,0.0
200,38,20.0,106.0,0.0,2.0,0.0
200,38,21.0,104.0,0.0,4.0,0.0
200,38,22.0,111.0,0.0,9.0,0.0
200,38,23.0,118.0,0.0,9.0,0.0
200,38,24.0,124.0,0.0,9.0,0.0
200,38,25.0,126.0,0.0,11.0,0.0
200,38,26.0,126.0,0.0,15.0,0.0
200,38,27.0,129.0,0.0,21.0,0.0
200,38,28.0,132.0,0.0,24.0,0.0
200,38,29.0,136.0,0.0,25.0,0.0
200,38,30.0,140.0,0.0,27.0,0.0
200,38,31.0,145.0,0.0,30.0,0.0
200,38,32.0,144.0,0.0,33.0,0.0
200,38,33.0,146.0,0.0,37.0,0.0
200,38,34.0,148.0,0.0,41.0,0.0
200,38,35.0,151.0,0.0,45.0,0.0
200,38,36.0,150.0,0.0,47.0,0.0
200,38,37.0,152.0,0.0,51.0,0.0
200,38,38.0,150.0,0.0,54.0,0.0
200,38,39.0,152.0,0.0,59.0,0.0
200,38,40.0,152.0,0.0,62.0,0.0
200,38,41.0,150.0,0.0,68.0,0.0
200,38,42.0,147.0,0.0,72.0,0.0
200,38,43.0,146.0,0.0,79.0,0.0
200,38,44.0,149.0,0.0,84.0,0.0
200,38,45.0,151.0,0.0,87.0,0.0
200,38,46.0,150.0,0.0,90.0,0.0
200,38,47.0,150.0,0.0,95.0,0.0
200,38,48.0,154.0,0.0,103.0,0.0
200,38,49.0,159.0,0.0,106.0,0.0
200,38,50.0,164.0,0.0,110.0,0.0
200,38,51.0,162.0,0.0,112.0,0.0
200,38,52.0,162.0,0.0,116.0,0.0
200,38,53.0,167.0,0.0,122.0,0.0
200,38,54.0,161.0,0.0,126.0,0.0
200,38,55.0,162.0,0.0,134.0,0.0
200,38,56.0,158.0,0.0,137.0,0.0
200,38,57.0,159.0,0.0,143.0,0.0
200,38,58.0,158.0,0.0,147.0,0.0
200,38,59.0,161.0,0.0,152.0,0.0
200,38,60.0,162.0,0.0,156.0,0.0
200,38,61.0,156.0,0.0,159.0,0.0
200,38,62.0,150.0,0.0,169.0,0.0
200,38,63.0,152.0,0.0,177.0,0.0
200,38,64.0,153.0,0.0,182.0,0.0
200,38,65.0,152.0,0.0,186.0,0.0
200,38,66.0,150.0,0.0,191.0,0.0
200,38,67.0,155.0,0.0,198.0,0.0
200,38,68.0,158.0,0.0,202.0,0.0
200,38,69.0,159.0,0.0,206.0,0.0
200,38,70.0,156.0,0.0,211.0,0.0
200,38,71.0,161.0,0.0,217.0,0.0
200,38,72.0,161.0,0.0,219.0,0.0
200,38,73.0,164.0,0.0,224.0,0.0
200,38,74.0,162.0,0.0,230.0,0.0
200,38,75.0,162.0,0.0,237.0,0.0
200,38,76.0,157.0,0.0,243.0,0.0
200,38,77.0,157.0,0.0,251.0,0.0
200,38,78.0,154.0,0.0,256.0,0.0
200,38,79.0,157.0,0.0,264.0,0.0
200,38,80.0,161.0,0.0,269.0,0.0
200,38,81.0,161.0,0.0,272.0,0.0
200,38,82.0,160.0,0.0,278.0,0.0
200,38,83.0,158.0,0.0,284.0,0.0
200,38,84.0,156.0,0.0,291.0,0.0
200,38,85.0,155.0,0.0,298.0,0.0
200,38,86.0,156.0,0.0,302.0,0.0
200,38,87.0,156.0,0.0,308.0,0.0
200,38,88.0,160.0,0.0,312.0,0.0
200,38,89.0,168.0,0.0,314.0,0.0
200,38,90.0,170.0,0.0,316.0,0.0
200,38,91.0,169.0,0.0,320.0,0.0
200,38,92.0,171.0,0.0,325.0,0.0
200,38,93.0,170.0,0.0,332.0,0.0
200,38,94.0,169.0,0.0,339.0,0.0
200,38,95.0,173.0,0.0,343.0,0.0
200,38,96.0,176.0,0.0,345.0,0.0
200,38,97.0,173.0,0.0,348.0,0.0
200,38,98.0,175.0,0.0,355.0,0.0
200,38,99.0,172.0,0.0,357.0,0.0
200,38,100.0,169.0,0.0,363.0,0.0
200,38,101.0,170.0,0.0,370.0,0.0
200,38,102.0,173.0,0.0,372.0,0.0
200,38,103.0,173.0,0.0,376.0,0.0
200,38,104.0,170.0,0.0,381.0,0.0
200,38,105.0,171.0,0.0,389.0,0.0
200,38,106.0,171.0,0.0,396.0,0.0
200,38,107.0,167.0,0.0,403.0,0.0
200,38,108.0,164.0,0.0,410.0,0.0
200,38,109.0,163.0,0.0,416.0,0.0
200,38,110.0,165.0,0.0,422.0,0.0
200,38,111.0,164.0,0.0,427.0,0.0
200,38,112.0,165.0,0.0,431.0,0.0
200,38,113.0,163.0,0.0,434.0,0.0
200,38,114.0,160.0,0.0,439.0,0.0
200,38,115.0,160.0,0.0,447.0,0.0
200,38,116.0,159.0,0.0,452.0,0.0
200,38,117.0,157.0,0.0,459.0,0.0
200,38,118.0,154.0,0.0,464.0,0.0
200,38,119.0,156.0,0.0,470.0,0.0
200,38,120.0,156.0,0.0,474.0,0.0
200,38,121.0,155.0,0.0,482.0,0.0
200,38,122.0,154.0,0.0,489.0,0.0
200,38,123.0,154.0,0.0,497.0,0.0
200,38,124.0,152.0,0.0,502.0,0.0
200,38,125.0,150.0,0.0,508.0,0.0
200,38,126.0,151.0,0.0,513.0,0.0
200,38,127.0,149.0,0.0,518.0,0.0
200,38,128.0,147.0,0.0,523.0,0.0
200,38,129.0,154.0,0.0,529.0,0.0
200,38,130.0,153.0,0.0,531.0,0.0
200,38,131.0,150.0,0.0,536.0,0.0
200,38,132.0,150.0,0.0,542.0,0.0
200,38,133.0,158.0,0.0,546.0,0.0
200,38,134.0,158.0,0.0,549.0,0.0
200,38,135.0,152.0,0.0,553.0,0.0
200,38,136.0,157.0,0.0,562.0,0.0
200,38,137.0,154.0,0.0,566.0,0.0
200,38,138.0,155.0,0.0,571.0,0.0
200,38,139.0,154.0,0.0,575.0,0.0
200,38,140.0,155.0,0.0,582.0,0.0
200,38,141.0,158.0,0.0,584.0,0.0
200,38,142.0,165.0,0.0,587.0,0.0
200,38,143.0,169.0,0.0,590.0,0.0
200,38,144.0,166.0,0.0,594.0,0.0
200,38,145.0,165.0,0.0,602.0,0.0
200,38,146.0,168.0,0.0,607.0,0.0
200,38,147.0,168.0,0.0,610.0,0.0
200,38,148.0,167.0,0.0,616.0,0.0
200,38,149.0,164.0,0.0,622.0,0.0
200,38,150.0,167.0,0.0,627.0,0.0
200,38,151.0,174.0,0.0,630.0,0.0
200,38,152.0,170.0,0.0,634.0,0.0
200,38,153.0,170.0,0.0,642.0,0.0
200,38,154.0,172.0,0.0,645.0,0.0
200,38,155.0,173.0,0.0,650.0,0.0
200,38,156.0,165.0,0.0,655.0,0.0
200,38,157.0,164.0,0.0,664.0,0.0
200,38,158.0,168.0,0.0,670.0,0.0
200,38,159.0,166.0,0.0,673.0,0.0
200,38,160.0,166.0,0.0,679.0,0.0
200,38,161.0,167.0,0.0,684.0,0.0
200,38,162.0,171.0,0.0,686.0,0.0
200,38,163.0,169.0,0.0,690.0,0.0
200,38,164.0,168.0,0.0,699.0,0.0
200,38,165.0,165.0,0.0,702.0,0.0
200,38,166.0,164.0,0.0,712.0,0.0
200,38,167.0,166.0,0.0,718.0,0.0
200,38,168.0,164.0,0.0,721.0,0.0
200,38,169.0,164.0,0.0,729.0,0.0
200,38,170.0,163.0,0.0,734.0,0.0
200,38,171.0,164.0,0.0,739.0,0.0
200,38,172.0,165.0,0.0,745.0,0.0
200,38,173.0,164.0,0.0,749.0,0.0
200,38,174.0,166.0,0.0,754.0,0.0
200,38,175.0,166.0,0.0,759.0,0.0
200,38,176.0,167.0,0.0,766.0,0.0
200,38,177.0,166.0,0.0,771.0,0.0
200,38,178.0,163.0,0.0,777.0,0.0
200,38,179.0,164.0,0.0,784.0,0.0
200,38,180.0,165.0,0.0,788.0,0.0
200,38,181.0,164.0,0.0,793.0,0.0
200,38,182.0,164.0,0.0,801.0,0.0
200,38,183.0,162.0,0.0,805.0,0.0
200,38,184.0,161.0,0.0,810.0,0.0
200,38,185.0,162.0,0.0,819.0,0.0
200,38,186.0,162.0,0.0,822.0,0.0
200,38,187.0,164.0,0.0,827.0,0.0
200,38,188.0,163.0,0.0,831.0,0.0
200,38,189.0,163.0,0.0,837.0,0.0
200,38,190.0,164.0,0.0,841.0,0.0
200,38,191.0,163.0,0.0,848.0,0.0
200,38,192.0,162.0,0.0,855.0,0.0
200,38,193.0,158.0,0.0,860.0,0.0
200,38,194.0,157.0,0.0,868.0,0.0
200,38,195.0,156.0,0.0,876.0,0.0
200,38,196.0,155.0,0.0,880.0,0.0
200,38,197.0,157.0,0.0,888.0,0.0
200,38,198.0,156.0,0.0,893.0,0.0
200,38,199.0,161.0,0.0,896.0,0.0
200,38,200.0,164.0,0.0,900.0,0.0
200,38,201.0,162.0,0.0,905.0,0.0
200,38,202.0,161.0,0.0,912.0,0.0
200,38,203.0,163.0,0.0,918.0,0.0
200,38,204.0,167.0,0.0,922.0,0.0
200,38,205.0,169.0,0.0,926.0,0.0
200,38,206.0,166.0,0.0,933.0,0.0
200,38,207.0,168.0,0.0,940.0,0.0
200,38,208.0,167.0,0.0,946.0,0.0
200,38,209.0,165.0,0.0,950.0,0.0
200,38,210.0,167.0,0.0,957.0,0.0
200,38,211.0,170.0,0.0,961.0,0.0
200,38,212.0,177.0,0.0,965.0,0.0
200,38,213.0,179.0,0.0,968.0,0.0
200,38,214.0,182.0,0.0,972.0,0.0
200,38,215.0,181.0,0.0,975.0,0.0
200,38,216.0,179.0,0.0,983.0,0.0
200,38,217.0,181.0,0.0,991.0,0.0
200,38,218.0,181.0,0.0,994.0,0.0
200,38,219.0,183.0,0.0,998.0,0.0
200,38,220.0,186.0,0.0,1002.0,0.0
200,38,221.0,188.0,0.0,1005.0,0.0
200,38,222.0,187.0,0.0,1008.0,0.0
200,38,223.0,185.0,0.0,1018.0,0.0
200,38,224.0,182.0,0.0,1026.0,0.0
200,38,225.0,184.0,0.0,1032.0,0.0
200,38,226.0,185.0,0.0,1037.0,0.0
200,38,227.0,182.0,0.0,1041.0,0.0
200,38,228.0,184.0,0.0,1052.0,0.0
200,38,229.0,182.0,0.0,1059.0,0.0
200,38,230.0,181.0,0.0,1065.0,0.0
200,38,231.0,179.0,0.0,1071.0,0.0
200,38,232.0,179.0,0.0,1079.0,0.0
200,38,233.0,180.0,0.0,1087.0,0.0
200,38,234.0,181.0,0.0,1092.0,0.0
200,38,235.0,183.0,0.0,1096.0,0.0
200,38,236.0,176.0,0.0,1100.0,0.0
200,38,237.0,180.0,0.0,1111.0,0.0
200,38,238.0,179.0,0.0,1114.0,0.0
200,38,239.0,179.0,0.0,1119.0,0.0
200,38,240.0,176.0,0.0,1124.0,0.0
200,38,241.0,175.0,0.0,1130.0,0.0
200,38,242.0,171.0,0.0,1135.0,0.0
200,38,243.0,166.0,0.0,1142.0,0.0
200,38,244.0,165.0,0.0,1152.0,0.0
200,38,245.0,166.0,0.0,1159.0,0.0
200,38,246.0,169.0,0.0,1163.0,0.0
200,38,247.0,169.0,0.0,1168.0,0.0
200,38,248.0,164.0,0.0,1173.0,0.0
200,38,249.0,169.0,0.0,1183.0,0.0
200,38,250.0,174.0,0.0,1188.0,0.0
200,38,251.0,167.0,0.0,1191.0,0.0
200,38,252.0,165.0,0.0,1198.0,0.0
200,38,253.0,157.0,0.0,1200.0,0.0
200,38,254.0,150.0,0.0,1208.0,0.0
200,38,255.0,147.0,0.0,1215.0,0.0
200,38,256.0,143.0,0.0,1218.0,0.0
200,38,257.0,137.0,0.0,1222.0,0.0
200,38,258.0,134.0,0.0,1228.0,0.0
200,38,259.0,130.0,0.0,1231.0,0.0
200,38,260.0,127.0,0.0,1235.0,0.0
200,38,261.0,123.0,0.0,1238.0,0.0
200,38,262.0,120.0,0.0,1242.0,0.0
200,38,263.0,115.0,0.0,1245.0,0.0
200,38,264.0,108.0,0.0,1250.0,0.0
200,38,265.0,103.0,0.0,1257.0,0.0
200,38,266.0,96.0,0.0,1262.0,0.0
200,38,267.0,90.0,0.0,1269.0,0.0
200,38,268.0,85.0,0.0,1275.0,0.0
200,38,269.0,78.0,0.0,1280.0,0.0
200,38,270.0,71.0,0.0,1287.0,0.0
200,38,271.0,68.0,0.0,1294.0,0.0
200,38,272.0,63.0,0.0,1297.0,0.0
200,38,273.0,59.0,0.0,1302.0,0.0
200,38,274.0,53.0,0.0,1306.0,0.0
200,38,275.0,45.0,0.0,1312.0,0.0
200,38,276.0,44.0,0.0,1320.0,0.0
200,38,277.0,35.0,0.0,1321.0,0.0
200,38,278.0,32.0,0.0,1330.0,0.0
200,38,279.0,31.0,0.0,1333.0,0.0
200,38,280.0,29.0,0.0,1334.0,0.0
200,38,281.0,26.0,0.0,1336.0,0.0
200,38,282.0,25.0,0.0,1339.0,0.0
200,38,283.0,24.0,0.0,1340.0,0.0
200,38,284.0,24.0,0.0,1341.0,0.0
200,38,285.0,22.0,0.0,1341.0,0.0
200,38,286.0,21.0,0.0,1343.0,0.0
200,38,287.0,18.0,0.0,1344.0,0.0
200,38,288.0,17.0,0.0,1347.0,0.0
200,38,289.0,15.0,0.0,1348.0,0.0
200,38,290.0,15.0,0.0,1350.0,0.0
200,38,291.0,13.0,0.0,1350.0,0.0
200,38,292.0,12.0,0.0,1352.0,0.0
200,38,293.0,11.0,0.0,1353.0,0.0
200,38,294.0,10.0,0.0,1354.0,0.0
200,38,295.0,9.0,0.0,1355.0,0.0
200,38,296.0,8.0,0.0,1356.0,0.0
200,38,297.0,8.0,0.0,1357.0,0.0
200,38,298.0,4.0,0.0,1357.0,0.0
200,38,299.0,3.0,0.0,1361.0,0.0
200,38,300.0,3.0,0.0,1362.0,0.0
200,38,301.0,3.0,0.0,1362.0,0.0
200,38,302.0,3.0,0.0,1362.0,0.0
200,38,303.0,2.0,0.0,1362.0,0.0
200,38,304.0,2.0,0.0,1363.0,0.0
200,38,305.0,2.0,0.0,1363.0,0.0
200,38,306.0,2.0,0.0,1363.0,0.0
200,38,307.0,2.0,0.0,1363.0,0.0
200,38,308.0,2.0,0.0,1363.0,0.0
200,38,309.0,2.0,0.0,1363.0,0.0
200,38,310.0,2.0,0.0,1363.0,0.0
200,38,311.0,2.0,0.0,1363.0,0.0
200,38,312.0,2.0,0.0,1363.0,0.0
200,38,313.0,2.0,0.0,1363.0,0.0
200,38,314.0,1.0,0.0,1363.0,0.0
200,38,315.0,1.0,0.0,1364.0,0.0
200,38,316.0,1.0,0.0,1364.0,0.0
200,38,317.0,1.0,0.0,1364.0,0.0
200,38,318.0,0.0,0.0,1364.0,0.0
200,38,319.0,0.0,0.0,1365.0,0.0
200,39,0.0,9.0,0.0,0.0,0.0
200,39,1.0,16.0,0.0,0.0,0.0
200,39,2.0,24.0,0.0,0.0,0.0
200,39,3.0,28.0,0.0,0.0,0.0
200,39,4.0,29.0,0.0,0.0,0.0
200,39,5.0,34.0,0.0,0.0,0.0
200,39,6.0,39.0,0.0,0.0,0.0
200,39,7.0,46.0,0.0,0.0,0.0
200,39,8.0,50.0,0.0,0.0,0.0
200,39,9.0,53.0,0.0,1.0,0.0
200,39,10.0,59.0,0.0,1.0,0.0
200,39,11.0,64.0,0.0,1.0,0.0
200,39,12.0,70.0,0.0,1.0,0.0
200,39,13.0,78.0,0.0,1.0,0.0
200,39,14.0,83.0,0.0,1.0,0.0
200,39,15.0,89.0,0.0,1.0,0.0
200,39,16.0,94.0,0.0,1.0,0.0
200,39,17.0,98.0,0.0,3.0,0.0
200,39,18.0,106.0,0.0,3.0,0.0
200,39,19.0,114.0,0.0,3.0,0.0
200,39,20.0,118.0,0.0,3.0,0.0
200,39,21.0,122.0,0.0,4.0,0.0
200,39,22.0,126.0,0.0,5.0,0.0
200,39,23.0,132.0,0.0,6.0,0.0
200,39,24.0,135.0,0.0,7.0,0.0
200,39,25.0,133.0,0.0,12.0,0.0
200,39,26.0,138.0,0.0,19.0,0.0
200,39,27.0,134.0,0.0,21.0,0.0
200,39,28.0,137.0,0.0,28.0,0.0
200,39,29.0,138.0,0.0,30.0,0.0
200,39,30.0,138.0,0.0,33.0,0.0
200,39,31.0,140.0,0.0,37.0,0.0
200,39,32.0,141.0,0.0,39.0,0.0
200,39,33.0,141.0,0.0,43.0,0.0
200,39,34.0,145.0,0.0,46.0,0.0
200,39,35.0,149.0,0.0,48.0,0.0
200,39,36.0,147.0,0.0,50.0,0.0
200,39,37.0,151.0,0.0,55.0,0.0
200,39,38.0,150.0,0.0,57.0,0.0
200,39,39.0,149.0,0.0,60.0,0.0
200,39,40.0,151.0,0.0,64.0,0.0
200,39,41.0,153.0,0.0,67.0,0.0
200,39,42.0,156.0,0.0,69.0,0.0
200,39,43.0,158.0,0.0,74.0,0.0
200,39,44.0,158.0,0.0,79.0,0.0
200,39,45.0,159.0,0.0,84.0,0.0
200,39,46.0,166.0,0.0,87.0,0.0
200,39,47.0,165.0,0.0,88.0,0.0
200,39,48.0,162.0,0.0,91.0,0.0
200,39,49.0,164.0,0.0,96.0,0.0
200,39,50.0,167.0,0.0,102.0,0.0
200,39,51.0,172.0,0.0,105.0,0.0
200,39,52.0,167.0,0.0,109.0,0.0
200,39,53.0,173.0,0.0,116.0,0.0
200,39,54.0,173.0,0.0,119.0,0.0
200,39,55.0,170.0,0.0,123.0,0.0
200,39,56.0,170.0,0.0,129.0,0.0
200,39,57.0,170.0,0.0,133.0,0.0
200,39,58.0,168.0,0.0,138.0,0.0
200,39,59.0,169.0,0.0,146.0,0.0
200,39,60.0,167.0,0.0,149.0,0.0
200,39,61.0,169.0,0.0,154.0,0.0
200,39,62.0,171.0,0.0,157.0,0.0
200,39,63.0,168.0,0.0,161.0,0.0
200,39,64.0,168.0,0.0,167.0,0.0
200,39,65.0,167.0,0.0,171.0,0.0
200,39,66.0,168.0,0.0,178.0,0.0
200,39,67.0,164.0,0.0,184.0,0.0
200,39,68.0,161.0,0.0,192.0,0.0
200,39,69.0,164.0,0.0,200.0,0.0
200,39,70.0,164.0,0.0,206.0,0.0
200,39,71.0,167.0,0.0,212.0,0.0
200,39,72.0,168.0,0.0,216.0,0.0
200,39,73.0,168.0,0.0,224.0,0.0
200,39,74.0,164.0,0.0,229.0,0.0
200,39,75.0,162.0,0.0,239.0,0.0
200,39,76.0,168.0,0.0,246.0,0.0
200,39,77.0,169.0,0.0,250.0,0.0
200,39,78.0,177.0,0.0,254.0,0.0
200,39,79.0,176.0,0.0,256.0,0.0
200,39,80.0,175.0,0.0,263.0,0.0
200,39,81.0,175.0,0.0,271.0,0.0
200,39,82.0,175.0,0.0,278.0,0.0
200,39,83.0,182.0,0.0,281.0,0.0
200,39,84.0,183.0,0.0,283.0,0.0
200,39,85.0,181.0,0.0,289.0,0.0
200,39,86.0,183.0,0.0,297.0,0.0
200,39,87.0,183.0,0.0,304.0,0.0
200,39,88.0,183.0,0.0,310.0,0.0
200,39,89.0,183.0,0.0,313.0,0.0
200,39,90.0,182.0,0.0,317.0,0.0
200,39,91.0,183.0,0.0,323.0,0.0
200,39,92.0,182.0,0.0,328.0,0.0
200,39,93.0,180.0,0.0,333.0,0.0
200,39,94.0,181.0,0.0,341.0,0.0
200,39,95.0,178.0,0.0,346.0,0.0
200,39,96.0,178.0,0.0,352.0,0.0
200,39,97.0,177.0,0.0,357.0,0.0
200,39,98.0,179.0,0.0,365.0,0.0
200,39,99.0,180.0,0.0,370.0,0.0
200,39,100.0,178.0,0.0,373.0,0.0
200,39,101.0,177.0,0.0,378.0,0.0
200,39,102.0,179.0,0.0,385.0,0.0
200,39,103.0,179.0,0.0,387.0,0.0
200,39,104.0,183.0,0.0,394.0,0.0
200,39,105.0,184.0,0.0,398.0,0.0
200,39,106.0,179.0,0.0,402.0,0.0
200,39,107.0,184.0,0.0,414.0,0.0
200,39,108.0,174.0,0.0,419.0,0.0
200,39,109.0,171.0,0.0,432.0,0.0
200,39,110.0,171.0,0.0,440.0,0.0
200,39,111.0,173.0,0.0,443.0,0.0
200,39,112.0,175.0,0.0,448.0,0.0
200,39,113.0,173.0,0.0,453.0,0.0
200,39,114.0,173.0,0.0,459.0,0.0
200,39,115.0,175.0,0.0,462.0,0.0
200,39,116.0,171.0,0.0,469.0,0.0
200,39,117.0,176.0,0.0,474.0,0.0
200,39,118.0,176.0,0.0,476.0,0.0
200,39,119.0,171.0,0.0,482.0,0.0
200,39,120.0,175.0,0.0,488.0,0.0
200,39,121.0,173.0,0.0,491.0,0.0
200,39,122.0,176.0,0.0,497.0,0.0
200,39,123.0,176.0,0.0,503.0,0.0
200,39,124.0,175.0,0.0,509.0,0.0
200,39,125.0,181.0,0.0,514.0,0.0
200,39,126.0,183.0,0.0,518.0,0.0
200,39,127.0,178.0,0.0,521.0,0.0
200,39,128.0,176.0,0.0,528.0,0.0
200,39,129.0,181.0,0.0,535.0,0.0
200,39,130.0,181.0,0.0,539.0,0.0
200,39,131.0,178.0,0.0,546.0,0.0
200,39,132.0,177.0,0.0,552.0,0.0
200,39,133.0,178.0,0.0,558.0,0.0
200,39,134.0,172.0,0.0,564.0,0.0
200,39,135.0,171.0,0.0,574.0,0.0
200,39,136.0,172.0,0.0,578.0,0.0
200,39,137.0,171.0,0.0,583.0,0.0
200,39,138.0,174.0,0.0,591.0,0.0
200,39,139.0,178.0,0.0,599.0,0.0
200,39,140.0,176.0,0.0,602.0,0.0
200,39,141.0,178.0,0.0,611.0,0.0
200,39,142.0,173.0,0.0,615.0,0.0
200,39,143.0,168.0,0.0,622.0,0.0
200,39,144.0,165.0,0.0,629.0,0.0
200,39,145.0,164.0,0.0,636.0,0.0
200,39,146.0,162.0,0.0,643.0,0.0
200,39,147.0,161.0,0.0,650.0,0.0
200,39,148.0,159.0,0.0,658.0,0.0
200,39,149.0,162.0,0.0,665.0,0.0
200,39,150.0,161.0,0.0,669.0,0.0
200,39,151.0,165.0,0.0,674.0,0.0
200,39,152.0,166.0,0.0,676.0,0.0
200,39,153.0,165.0,0.0,678.0,0.0
200,39,154.0,170.0,0.0,682.0,0.0
200,39,155.0,168.0,0.0,686.0,0.0
200,39,156.0,170.0,0.0,693.0,0.0
200,39,157.0,170.0,0.0,698.0,0.0
200,39,158.0,167.0,0.0,704.0,0.0
200,39,159.0,162.0,0.0,710.0,0.0
200,39,160.0,166.0,0.0,717.0,0.0
200,39,161.0,165.0,0.0,720.0,0.0
200,39,162.0,165.0,0.0,724.0,0.0
200,39,163.0,166.0,0.0,727.0,0.0
200,39,164.0,163.0,0.0,731.0,0.0
200,39,165.0,166.0,0.0,738.0,0.0
200,39,166.0,164.0,0.0,745.0,0.0
200,39,167.0,165.0,0.0,754.0,0.0
200,39,168.0,166.0,0.0,760.0,0.0
200,39,169.0,165.0,0.0,763.0,0.0
200,39,170.0,169.0,0.0,769.0,0.0
200,39,171.0,171.0,0.0,773.0,0.0
200,39,172.0,177.0,0.0,777.0,0.0
200,39,173.0,177.0,0.0,778.0,0.0
200,39,174.0,170.0,0.0,782.0,0.0
200,39,175.0,171.0,0.0,793.0,0.0
200,39,176.0,172.0,0.0,800.0,0.0
200,39,177.0,169.0,0.0,808.0,0.0
200,39,178.0,167.0,0.0,815.0,0.0
200,39,179.0,169.0,0.0,818.0,0.0
200,39,180.0,169.0,0.0,824.0,0.0
200,39,181.0,169.0,0.0,827.0,0.0
200,39,182.0,169.0,0.0,833.0,0.0
200,39,183.0,169.0,0.0,837.0,0.0
200,39,184.0,171.0,0.0,843.0,0.0
200,39,185.0,171.0,0.0,848.0,0.0
200,39,186.0,172.0,0.0,854.0,0.0
200,39,187.0,164.0,0.0,860.0,0.0
200,39,188.0,163.0,0.0,869.0,0.0
200,39,189.0,163.0,0.0,876.0,0.0
200,39,190.0,164.0,0.0,882.0,0.0
200,39,191.0,168.0,0.0,885.0,0.0
200,39,192.0,170.0,0.0,887.0,0.0
200,39,193.0,175.0,0.0,892.0,0.0
200,39,194.0,171.0,0.0,896.0,0.0
200,39,195.0,168.0,0.0,902.0,0.0
200,39,196.0,169.0,0.0,909.0,0.0
200,39,197.0,171.0,0.0,914.0,0.0
200,39,198.0,172.0,0.0,918.0,0.0
200,39,199.0,170.0,0.0,922.0,0.0
200,39,200.0,172.0,0.0,930.0,0.0
200,39,201.0,171.0,0.0,934.0,0.0
200,39,202.0,170.0,0.0,939.0,0.0
200,39,203.0,167.0,0.0,945.0,0.0
200,39,204.0,164.0,0.0,953.0,0.0
200,39,205.0,160.0,0.0,959.0,0.0
200,39,206.0,160.0,0.0,964.0,0.0
200,39,207.0,159.0,0.0,971.0,0.0
200,39,208.0,160.0,0.0,978.0,0.0
200,39,209.0,162.0,0.0,985.0,0.0
200,39,210.0,166.0,0.0,988.0,0.0
200,39,211.0,169.0,0.0,990.0,0.0
200,39,212.0,163.0,0.0,994.0,0.0
200,39,213.0,163.0,0.0,1003.0,0.0
200,39,214.0,162.0,0.0,1010.0,0.0
200,39,215.0,167.0,0.0,1014.0,0.0
200,39,216.0,162.0,0.0,1016.0,0.0
200,39,217.0,164.0,0.0,1024.0,0.0
200,39,218.0,162.0,0.0,1030.0,0.0
200,39,219.0,166.0,0.0,1036.0,0.0
200,39,220.0,172.0,0.0,1040.0,0.0
200,39,221.0,171.0,0.0,1041.0,0.0
200,39,222.0,169.0,0.0,1048.0,0.0
200,39,223.0,168.0,0.0,1054.0,0.0
200,39,224.0,167.0,0.0,1059.0,0.0
200,39,225.0,165.0,0.0,1068.0,0.0
200,39,226.0,167.0,0.0,1073.0,0.0
200,39,227.0,169.0,0.0,1075.0,0.0
200,39,228.0,169.0,0.0,1081.0,0.0
200,39,229.0,169.0,0.0,1088.0,0.0
200,39,230.0,168.0,0.0,1092.0,0.0
200,39,231.0,167.0,0.0,1096.0,0.0
200,39,232.0,169.0,0.0,1103.0,0.0
200,39,233.0,170.0,0.0,1106.0,0.0
200,39,234.0,172.0,0.0,1109.0,0.0
200,39,235.0,171.0,0.0,1112.0,0.0
200,39,236.0,172.0,0.0,1118.0,0.0
200,39,237.0,168.0,0.0,1126.0,0.0
200,39,238.0,170.0,0.0,1135.0,0.0
200,39,239.0,169.0,0.0,1140.0,0.0
200,39,240.0,170.0,0.0,1146.0,0.0
200,39,241.0,174.0,0.0,1150.0,0.0
200,39,242.0,173.0,0.0,1152.0,0.0
200,39,243.0,173.0,0.0,1159.0,0.0
200,39,244.0,168.0,0.0,1165.0,0.0
200,39,245.0,170.0,0.0,1173.0,0.0
200,39,246.0,169.0,0.0,1181.0,0.0
200,39,247.0,175.0,0.0,1186.0,0.0
200,39,248.0,173.0,0.0,1190.0,0.0
200,39,249.0,173.0,0.0,1198.0,0.0
200,39,250.0,174.0,0.0,1203.0,0.0
200,39,251.0,169.0,0.0,1205.0,0.0
200,39,252.0,167.0,0.0,1210.0,0.0
200,39,253.0,163.0,0.0,1212.0,0.0
200,39,254.0,153.0,0.0,1216.0,0.0
200,39,255.0,147.0,0.0,1226.0,0.0
200,39,256.0,144.0,0.0,1232.0,0.0
200,39,257.0,139.0,0.0,1235.0,0.0
200,39,258.0,134.0,0.0,1240.0,0.0
200,39,259.0,127.0,0.0,1245.0,0.0
200,39,260.0,123.0,0.0,1252.0,0.0
200,39,261.0,117.0,0.0,1256.0,0.0
200,39,262.0,110.0,0.0,1262.0,0.0
200,39,263.0,108.0,0.0,1269.0,0.0
200,39,264.0,106.0,0.0,1271.0,0.0
200,39,265.0,100.0,0.0,1273.0,0.0
200,39,266.0,94.0,0.0,1279.0,0.0
200,39,267.0,86.0,0.0,1285.0,0.0
200,39,268.0,83.0,0.0,1293.0,0.0
200,39,269.0,81.0,0.0,1296.0,0.0
200,39,270.0,77.0,0.0,1298.0,0.0
200,39,271.0,71.0,0.0,1302.0,0.0
200,39,272.0,67.0,0.0,1308.0,0.0
200,39,273.0,59.0,0.0,1312.0,0.0
200,39,274.0,55.0,0.0,1320.0,0.0
200,39,275.0,50.0,0.0,1324.0,0.0
200,39,276.0,48.0,0.0,1329.0,0.0
200,39,277.0,47.0,0.0,1331.0,0.0
200,39,278.0,41.0,0.0,1332.0,0.0
200,39,279.0,38.0,0.0,1338.0,0.0
200,39,280.0,36.0,0.0,1341.0,0.0
200,39,281.0,34.0,0.0,1343.0,0.0
200,39,282.0,30.0,0.0,1345.0,0.0
200,39,283.0,29.0,0.0,1349.0,0.0
200,39,284.0,26.0,0.0,1350.0,0.0
200,39,285.0,21.0,0.0,1353.0,0.0
200,39,286.0,20.0,0.0,1358.0,0.0
200,39,287.0,18.0,0.0,1359.0,0.0
200,39,288.0,17.0,0.0,1361.0,0.0
200,39,289.0,16.0,0.0,1362.0,0.0
200,39,290.0,15.0,0.0,1363.0,0.0
200,39,291.0,15.0,0.0,1364.0,0.0
200,39,292.0,14.0,0.0,1364.0,0.0
200,39,293.0,13.0,0.0,1365.0,0.0
200,39,294.0,11.0,0.0,1366.0,0.0
200,39,295.0,10.0,0.0,1368.0,0.0
200,39,296.0,8.0,0.0,1369.0,0.0
200,39,297.0,8.0,0.0,1371.0,0.0
200,39,298.0,8.0,0.0,1371.0,0.0
200,39,299.0,7.0,0.0,1371.0,0.0
200,39,300.0,7.0,0.0,1372.0,0.0
200,39,301.0,7.0,0.0,1372.0,0.0
200,39,302.0,7.0,0.0,1372.0,0.0
200,39,303.0,7.0,0.0,1372.0,0.0
200,39,304.0,5.0,0.0,1372.0,0.0
200,39,305.0,5.0,0.0,1374.0,0.0
200,39,306.0,5.0,0.0,1374.0,0.0
200,39,307.0,5.0,0.0,1374.0,0.0
200,39,308.0,5.0,0.0,1374.0,0.0
200,39,309.0,4.0,0.0,1374.0,0.0
200,39,310.0,4.0,0.0,1375.0,0.0
200,39,311.0,2.0,0.0,1375.0,0.0
200,39,312.0,1.0,0.0,1377.0,0.0
200,39,313.0,1.0,0.0,1378.0,0.0
200,39,314.0,1.0,0.0,1378.0,0.0
200,39,315.0,1.0,0.0,1378.0,0.0
200,39,316.0,1.0,0.0,1378.0,0.0
200,39,317.0,0.0,0.0,1378.0,0.0
200,39,318.0,0.0,0.0,1379.0,0.0
200,40,0.0,2.0,0.0,0.0,0.0
200,40,1.0,7.0,0.0,0.0,0.0
200,40,2.0,9.0,0.0,0.0,0.0
200,40,3.0,13.0,0.0,0.0,0.0
200,40,4.0,19.0,0.0,0.0,0.0
200,40,5.0,26.0,0.0,0.0,0.0
200,40,6.0,30.0,0.0,0.0,0.0
200,40,7.0,40.0,0.0,0.0,0.0
200,40,8.0,44.0,0.0,0.0,0.0
200,40,9.0,50.0,0.0,0.0,0.0
200,40,10.0,56.0,0.0,0.0,0.0
200,40,11.0,62.0,0.0,0.0,0.0
200,40,12.0,66.0,0.0,0.0,0.0
200,40,13.0,69.0,0.0,0.0,0.0
200,40,14.0,73.0,0.0,1.0,0.0
200,40,15.0,76.0,0.0,1.0,0.0
200,40,16.0,80.0,0.0,1.0,0.0
200,40,17.0,90.0,0.0,1.0,0.0
200,40,18.0,93.0,0.0,1.0,0.0
200,40,19.0,98.0,0.0,1.0,0.0
200,40,20.0,102.0,0.0,1.0,0.0
200,40,21.0,106.0,0.0,3.0,0.0
200,40,22.0,111.0,0.0,5.0,0.0
200,40,23.0,113.0,0.0,6.0,0.0
200,40,24.0,113.0,0.0,6.0,0.0
200,40,25.0,115.0,0.0,7.0,0.0
200,40,26.0,122.0,0.0,8.0,0.0
200,40,27.0,121.0,0.0,10.0,0.0
200,40,28.0,125.0,0.0,13.0,0.0
200,40,29.0,128.0,0.0,16.0,0.0
200,40,30.0,132.0,0.0,20.0,0.0
200,40,31.0,133.0,0.0,23.0,0.0
200,40,32.0,127.0,0.0,26.0,0.0
200,40,33.0,124.0,0.0,35.0,0.0
200,40,34.0,125.0,0.0,40.0,0.0
200,40,35.0,126.0,0.0,43.0,0.0
200,40,36.0,127.0,0.0,48.0,0.0
200,40,37.0,130.0,0.0,54.0,0.0
200,40,38.0,131.0,0.0,58.0,0.0
200,40,39.0,128.0,0.0,61.0,0.0
200,40,40.0,129.0,0.0,66.0,0.0
200,40,41.0,131.0,0.0,68.0,0.0
200,40,42.0,129.0,0.0,73.0,0.0
200,40,43.0,131.0,0.0,78.0,0.0
200,40,44.0,137.0,0.0,80.0,0.0
200,40,45.0,142.0,0.0,82.0,0.0
200,40,46.0,143.0,0.0,85.0,0.0
200,40,47.0,144.0,0.0,88.0,0.0
200,40,48.0,142.0,0.0,91.0,0.0
200,40,49.0,144.0,0.0,99.0,0.0
200,40,50.0,142.0,0.0,103.0,0.0
200,40,51.0,141.0,0.0,109.0,0.0
200,40,52.0,147.0,0.0,114.0,0.0
200,40,53.0,151.0,0.0,116.0,0.0
200,40,54.0,155.0,0.0,118.0,0.0
200,40,55.0,154.0,0.0,119.0,0.0
200,40,56.0,155.0,0.0,124.0,0.0
200,40,57.0,152.0,0.0,128.0,0.0
200,40,58.0,152.0,0.0,135.0,0.0
200,40,59.0,156.0,0.0,138.0,0.0
200,40,60.0,158.0,0.0,142.0,0.0
200,40,61.0,155.0,0.0,146.0,0.0
200,40,62.0,156.0,0.0,153.0,0.0
200,40,63.0,158.0,0.0,156.0,0.0
200,40,64.0,161.0,0.0,160.0,0.0
200,40,65.0,159.0,0.0,164.0,0.0
200,40,66.0,163.0,0.0,171.0,0.0
200,40,67.0,163.0,0.0,177.0,0.0
200,40,68.0,161.0,0.0,182.0,0.0
200,40,69.0,161.0,0.0,188.0,0.0
200,40,70.0,165.0,0.0,193.0,0.0
200,40,71.0,163.0,0.0,196.0,0.0
200,40,72.0,158.0,0.0,204.0,0.0
200,40,73.0,159.0,0.0,213.0,0.0
200,40,74.0,159.0,0.0,217.0,0.0
200,40,75.0,162.0,0.0,222.0,0.0
200,40,76.0,164.0,0.0,226.0,0.0
200,40,77.0,165.0,0.0,229.0,0.0
200,40,78.0,162.0,0.0,233.0,0.0
200,40,79.0,164.0,0.0,238.0,0.0
200,40,80.0,167.0,0.0,242.0,0.0
200,40,81.0,166.0,0.0,246.0,0.0
200,40,82.0,164.0,0.0,249.0,0.0
200,40,83.0,162.0,0.0,256.0,0.0
200,40,84.0,159.0,0.0,264.0,0.0
200,40,85.0,159.0,0.0,270.0,0.0
200,40,86.0,156.0,0.0,274.0,0.0
200,40,87.0,153.0,0.0,282.0,0.0
200,40,88.0,155.0,0.0,288.0,0.0
200,40,89.0,154.0,0.0,290.0,0.0
200,40,90.0,156.0,0.0,296.0,0.0
200,40,91.0,154.0,0.0,302.0,0.0
200,40,92.0,152.0,0.0,309.0,0.0
200,40,93.0,153.0,0.0,313.0,0.0
200,40,94.0,153.0,0.0,320.0,0.0
200,40,95.0,157.0,0.0,325.0,0.0
200,40,96.0,158.0,0.0,328.0,0.0
200,40,97.0,158.0,0.0,333.0,0.0
200,40,98.0,156.0,0.0,341.0,0.0
200,40,99.0,148.0,0.0,346.0,0.0
200,40,100.0,152.0,0.0,355.0,0.0
200,40,101.0,154.0,0.0,358.0,0.0
200,40,102.0,152.0,0.0,363.0,0.0
200,40,103.0,149.0,0.0,369.0,0.0
200,40,104.0,153.0,0.0,377.0,0.0
200,40,105.0,159.0,0.0,380.0,0.0
200,40,106.0,160.0,0.0,383.0,0.0
200,40,107.0,157.0,0.0,387.0,0.0
200,40,108.0,155.0,0.0,395.0,0.0
200,40,109.0,153.0,0.0,401.0,0.0
200,40,110.0,156.0,0.0,409.0,0.0
200,40,111.0,159.0,0.0,413.0,0.0
200,40,112.0,162.0,0.0,415.0,0.0
200,40,113.0,162.0,0.0,418.0,0.0
200,40,114.0,160.0,0.0,425.0,0.0
200,40,115.0,165.0,0.0,429.0,0.0
200,40,116.0,166.0,0.0,433.0,0.0
200,40,117.0,167.0,0.0,439.0,0.0
200,40,118.0,170.0,0.0,445.0,0.0
200,40,119.0,171.0,0.0,448.0,0.0
200,40,120.0,169.0,0.0,454.0,0.0
200,40,121.0,172.0,0.0,459.0,0.0
200,40,122.0,173.0,0.0,463.0,0.0
200,40,123.0,169.0,0.0,467.0,0.0
200,40,124.0,171.0,0.0,478.0,0.0
200,40,125.0,174.0,0.0,480.0,0.0
200,40,126.0,176.0,0.0,481.0,0.0
200,40,127.0,176.0,0.0,484.0,0.0
200,40,128.0,175.0,0.0,491.0,0.0
200,40,129.0,174.0,0.0,497.0,0.0
200,40,130.0,166.0,0.0,503.0,0.0
200,40,131.0,171.0,0.0,513.0,0.0
200,40,132.0,177.0,0.0,514.0,0.0
200,40,133.0,178.0,0.0,517.0,0.0
200,40,134.0,176.0,0.0,523.0,0.0
200,40,135.0,181.0,0.0,530.0,0.0
200,40,136.0,184.0,0.0,531.0,0.0
200,40,137.0,183.0,0.0,536.0,0.0
200,40,138.0,182.0,0.0,541.0,0.0
200,40,139.0,185.0,0.0,548.0,0.0
200,40,140.0,184.0,0.0,550.0,0.0
200,40,141.0,184.0,0.0,556.0,0.0
200,40,142.0,185.0,0.0,562.0,0.0
200,40,143.0,184.0,0.0,567.0,0.0
200,40,144.0,185.0,0.0,573.0,0.0
200,40,145.0,184.0,0.0,580.0,0.0
200,40,146.0,187.0,0.0,588.0,0.0
200,40,147.0,186.0,0.0,592.0,0.0
200,40,148.0,184.0,0.0,599.0,0.0
200,40,149.0,182.0,0.0,607.0,0.0
200,40,150.0,179.0,0.0,615.0,0.0
200,40,151.0,178.0,0.0,621.0,0.0
200,40,152.0,176.0,0.0,623.0,0.0
200,40,153.0,178.0,0.0,630.0,0.0
200,40,154.0,178.0,0.0,633.0,0.0
200,40,155.0,175.0,0.0,640.0,0.0
200,40,156.0,172.0,0.0,649.0,0.0
200,40,157.0,173.0,0.0,655.0,0.0
200,40,158.0,173.0,0.0,659.0,0.0
200,40,159.0,170.0,0.0,666.0,0.0
200,40,160.0,167.0,0.0,675.0,0.0
200,40,161.0,171.0,0.0,684.0,0.0
200,40,162.0,172.0,0.0,687.0,0.0
200,40,163.0,166.0,0.0,693.0,0.0
200,40,164.0,166.0,0.0,702.0,0.0
200,40,165.0,164.0,0.0,706.0,0.0
200,40,166.0,165.0,0.0,715.0,0.0
200,40,167.0,165.0,0.0,719.0,0.0
200,40,168.0,170.0,0.0,727.0,0.0
200,40,169.0,168.0,0.0,728.0,0.0
200,40,170.0,170.0,0.0,735.0,0.0
200,40,171.0,173.0,0.0,739.0,0.0
200,40,172.0,166.0,0.0,743.0,0.0
200,40,173.0,165.0,0.0,752.0,0.0
200,40,174.0,167.0,0.0,757.0,0.0
200,40,175.0,166.0,0.0,761.0,0.0
200,40,176.0,164.0,0.0,767.0,0.0
200,40,177.0,164.0,0.0,774.0,0.0
200,40,178.0,173.0,0.0,777.0,0.0
200,40,179.0,173.0,0.0,779.0,0.0
200,40,180.0,175.0,0.0,783.0,0.0
200,40,181.0,177.0,0.0,789.0,0.0
200,40,182.0,177.0,0.0,794.0,0.0
200,40,183.0,183.0,0.0,799.0,0.0
200,40,184.0,184.0,0.0,802.0,0.0
200,40,185.0,188.0,0.0,808.0,0.0
200,40,186.0,191.0,0.0,811.0,0.0
200,40,187.0,193.0,0.0,815.0,0.0
200,40,188.0,193.0,0.0,820.0,0.0
200,40,189.0,191.0,0.0,823.0,0.0
200,40,190.0,189.0,0.0,830.0,0.0
200,40,191.0,188.0,0.0,835.0,0.0
200,40,192.0,189.0,0.0,842.0,0.0
200,40,193.0,185.0,0.0,846.0,0.0
200,40,194.0,178.0,0.0,853.0,0.0
200,40,195.0,177.0,0.0,863.0,0.0
200,40,196.0,177.0,0.0,869.0,0.0
200,40,197.0,174.0,0.0,875.0,0.0
200,40,198.0,172.0,0.0,884.0,0.0
200,40,199.0,172.0,0.0,890.0,0.0
200,40,200.0,169.0,0.0,896.0,0.0
200,40,201.0,167.0,0.0,903.0,0.0
200,40,202.0,169.0,0.0,910.0,0.0
200,40,203.0,169.0,0.0,916.0,0.0
200,40,204.0,167.0,0.0,921.0,0.0
200,40,205.0,167.0,0.0,927.0,0.0
200,40,206.0,164.0,0.0,932.0,0.0
200,40,207.0,165.0,0.0,942.0,0.0
200,40,208.0,164.0,0.0,946.0,0.0
200,40,209.0,162.0,0.0,954.0,0.0
200,40,210.0,164.0,0.0,960.0,0.0
200,40,211.0,162.0,0.0,965.0,0.0
200,40,212.0,166.0,0.0,972.0,0.0
200,40,213.0,166.0,0.0,977.0,0.0
200,40,214.0,165.0,0.0,981.0,0.0
200,40,215.0,164.0,0.0,986.0,0.0
200,40,216.0,167.0,0.0,993.0,0.0
200,40,217.0,165.0,0.0,997.0,0.0
200,40,218.0,162.0,0.0,1003.0,0.0
200,40,219.0,162.0,0.0,1012.0,0.0
200,40,220.0,162.0,0.0,1016.0,0.0
200,40,221.0,163.0,0.0,1022.0,0.0
200,40,222.0,161.0,0.0,1025.0,0.0
200,40,223.0,163.0,0.0,1029.0,0.0
200,40,224.0,160.0,0.0,1033.0,0.0
200,40,225.0,159.0,0.0,1038.0,0.0
200,40,226.0,161.0,0.0,1044.0,0.0
200,40,227.0,163.0,0.0,1047.0,0.0
200,40,228.0,164.0,0.0,1049.0,0.0
200,40,229.0,163.0,0.0,1052.0,0.0
200,40,230.0,165.0,0.0,1059.0,0.0
200,40,231.0,167.0,0.0,1064.0,0.0
200,40,232.0,165.0,0.0,1068.0,0.0
200,40,233.0,165.0,0.0,1075.0,0.0
200,40,234.0,167.0,0.0,1079.0,0.0
200,40,235.0,165.0,0.0,1083.0,0.0
200,40,236.0,165.0,0.0,1091.0,0.0
200,40,237.0,163.0,0.0,1096.0,0.0
200,40,238.0,163.0,0.0,1102.0,0.0
200,40,239.0,164.0,0.0,1108.0,0.0
200,40,240.0,168.0,0.0,1115.0,0.0
200,40,241.0,167.0,0.0,1119.0,0.0
200,40,242.0,172.0,0.0,1123.0,0.0
200,40,243.0,173.0,0.0,1126.0,0.0
200,40,244.0,173.0,0.0,1131.0,0.0
200,40,245.0,173.0,0.0,1136.0,0.0
200,40,246.0,174.0,0.0,1142.0,0.0
200,40,247.0,181.0,0.0,1146.0,0.0
200,40,248.0,181.0,0.0,1148.0,0.0
200,40,249.0,181.0,0.0,1155.0,0.0
200,40,250.0,183.0,0.0,1159.0,0.0
200,40,251.0,176.0,0.0,1163.0,0.0
200,40,252.0,172.0,0.0,1170.0,0.0
200,40,253.0,168.0,0.0,1174.0,0.0
200,40,254.0,162.0,0.0,1178.0,0.0
200,40,255.0,151.0,0.0,1184.0,0.0
200,40,256.0,141.0,0.0,1195.0,0.0
200,40,257.0,137.0,0.0,1205.0,0.0
200,40,258.0,131.0,0.0,1209.0,0.0
200,40,259.0,126.0,0.0,1215.0,0.0
200,40,260.0,119.0,0.0,1220.0,0.0
200,40,261.0,113.0,0.0,1227.0,0.0
200,40,262.0,108.0,0.0,1233.0,0.0
200,40,263.0,103.0,0.0,1238.0,0.0
200,40,264.0,100.0,0.0,1243.0,0.0
200,40,265.0,94.0,0.0,1246.0,0.0
200,40,266.0,90.0,0.0,1252.0,0.0
200,40,267.0,83.0,0.0,1256.0,0.0
200,40,268.0,78.0,0.0,1263.0,0.0
200,40,269.0,73.0,0.0,1268.0,0.0
200,40,270.0,69.0,0.0,1273.0,0.0
200,40,271.0,64.0,0.0,1277.0,0.0
200,40,272.0,59.0,0.0,1282.0,0.0
200,40,273.0,55.0,0.0,1287.0,0.0
200,40,274.0,48.0,0.0,1291.0,0.0
200,40,275.0,46.0,0.0,1298.0,0.0
200,40,276.0,42.0,0.0,1300.0,0.0
200,40,277.0,39.0,0.0,1304.0,0.0
200,40,278.0,36.0,0.0,1307.0,0.0
200,40,279.0,33.0,0.0,1310.0,0.0
200,40,280.0,30.0,0.0,1313.0,0.0
200,40,281.0,26.0,0.0,1316.0,0.0
200,40,282.0,24.0,0.0,1320.0,0.0
200,40,283.0,21.0,0.0,1322.0,0.0
200,40,284.0,20.0,0.0,1325.0,0.0
200,40,285.0,19.0,0.0,1326.0,0.0
200,40,286.0,18.0,0.0,1327.0,0.0
200,40,287.0,17.0,0.0,1328.0,0.0
200,40,288.0,15.0,0.0,1329.0,0.0
200,40,289.0,13.0,0.0,1331.0,0.0
200,40,290.0,12.0,0.0,1333.0,0.0
200,40,291.0,12.0,0.0,1334.0,0.0
200,40,292.0,10.0,0.0,1334.0,0.0
200,40,293.0,10.0,0.0,1336.0,0.0
200,40,294.0,10.0,0.0,1336.0,0.0
200,40,295.0,9.0,0.0,1336.0,0.0
200,40,296.0,8.0,0.0,1337.0,0.0
200,40,297.0,7.0,0.0,1338.0,0.0
200,40,298.0,7.0,0.0,1339.0,0.0
200,40,299.0,7.0,0.0,1339.0,0.0
200,40,300.0,7.0,0.0,1339.0,0.0
200,40,301.0,7.0,0.0,1339.0,0.0
200,40,302.0,7.0,0.0,1339.0,0.0
200,40,303.0,7.0,0.0,1339.0,0.0
200,40,304.0,6.0,0.0,1339.0,0.0
200,40,305.0,6.0,0.0,1340.0,0.0
200,40,306.0,6.0,0.0,1340.0,0.0
200,40,307.0,6.0,0.0,1340.0,0.0
200,40,308.0,5.0,0.0,1340.0,0.0
200,40,309.0,5.0,0.0,1341.0,0.0
200,40,310.0,5.0,0.0,1341.0,0.0
200,40,311.0,5.0,0.0,1341.0,0.0
200,40,312.0,5.0,0.0,1341.0,0.0
200,40,313.0,4.0,0.0,1341.0,0.0
200,40,314.0,3.0,0.0,1342.0,0.0
200,40,315.0,3.0,0.0,1343.0,0.0
200,40,316.0,2.0,0.0,1343.0,0.0
200,40,317.0,1.0,0.0,1344.0,0.0
200,40,318.0,1.0,0.0,1345.0,0.0
200,40,319.0,0.0,0.0,1345.0,0.0
200,40,320.0,0.0,0.0,1346.0,0.0
200,41,0.0,3.0,0.0,0.0,0.0
200,41,1.0,7.0,0.0,0.0,0.0
200,41,2.0,14.0,0.0,0.0,0.0
200,41,3.0,19.0,0.0,0.0,0.0
200,41,4.0,21.0,0.0,0.0,0.0
200,41,5.0,31.0,0.0,0.0,0.0
200,41,6.0,35.0,0.0,0.0,0.0
200,41,7.0,40.0,0.0,0.0,0.0
200,41,8.0,43.0,0.0,0.0,0.0
200,41,9.0,49.0,0.0,0.0,0.0
200,41,10.0,50.0,0.0,0.0,0.0
200,41,11.0,53.0,0.0,0.0,0.0
200,41,12.0,57.0,0.0,0.0,0.0
200,41,13.0,63.0,0.0,0.0,0.0
200,41,14.0,71.0,0.0,0.0,0.0
200,41,15.0,76.0,0.0,0.0,0.0
200,41,16.0,78.0,0.0,0.0,0.0
200,41,17.0,83.0,0.0,1.0,0.0
200,41,18.0,91.0,0.0,1.0,0.0
200,41,19.0,91.0,0.0,2.0,0.0
200,41,20.0,97.0,0.0,4.0,0.0
200,41,21.0,102.0,0.0,4.0,0.0
200,41,22.0,107.0,0.0,5.0,0.0
200,41,23.0,111.0,0.0,6.0,0.0
200,41,24.0,114.0,0.0,7.0,0.0
200,41,25.0,119.0,0.0,9.0,0.0
200,41,26.0,124.0,0.0,10.0,0.0
200,41,27.0,126.0,0.0,12.0,0.0
200,41,28.0,128.0,0.0,14.0,0.0
200,41,29.0,133.0,0.0,19.0,0.0
200,41,30.0,136.0,0.0,22.0,0.0
200,41,31.0,136.0,0.0,25.0,0.0
200,41,32.0,139.0,0.0,28.0,0.0
200,41,33.0,141.0,0.0,30.0,0.0
200,41,34.0,140.0,0.0,32.0,0.0
200,41,35.0,143.0,0.0,38.0,0.0
200,41,36.0,142.0,0.0,43.0,0.0
200,41,37.0,146.0,0.0,46.0,0.0
200,41,38.0,146.0,0.0,49.0,0.0
200,41,39.0,145.0,0.0,54.0,0.0
200,41,40.0,140.0,0.0,61.0,0.0
200,41,41.0,142.0,0.0,68.0,0.0
200,41,42.0,141.0,0.0,75.0,0.0
200,41,43.0,144.0,0.0,79.0,0.0
200,41,44.0,143.0,0.0,82.0,0.0
200,41,45.0,142.0,0.0,87.0,0.0
200,41,46.0,146.0,0.0,94.0,0.0
200,41,47.0,149.0,0.0,95.0,0.0
200,41,48.0,150.0,0.0,98.0,0.0
200,41,49.0,147.0,0.0,104.0,0.0
200,41,50.0,143.0,0.0,109.0,0.0
200,41,51.0,148.0,0.0,116.0,0.0
200,41,52.0,152.0,0.0,118.0,0.0
200,41,53.0,152.0,0.0,121.0,0.0
200,41,54.0,153.0,0.0,124.0,0.0
200,41,55.0,156.0,0.0,129.0,0.0
200,41,56.0,158.0,0.0,132.0,0.0
200,41,57.0,157.0,0.0,136.0,0.0
200,41,58.0,157.0,0.0,143.0,0.0
200,41,59.0,157.0,0.0,146.0,0.0
200,41,60.0,159.0,0.0,151.0,0.0
200,41,61.0,158.0,0.0,154.0,0.0
200,41,62.0,161.0,0.0,158.0,0.0
200,41,63.0,162.0,0.0,164.0,0.0
200,41,64.0,164.0,0.0,168.0,0.0
200,41,65.0,161.0,0.0,172.0,0.0
200,41,66.0,164.0,0.0,180.0,0.0
200,41,67.0,163.0,0.0,185.0,0.0
200,41,68.0,167.0,0.0,191.0,0.0
200,41,69.0,166.0,0.0,195.0,0.0
200,41,70.0,173.0,0.0,199.0,0.0
200,41,71.0,168.0,0.0,200.0,0.0
200,41,72.0,168.0,0.0,207.0,0.0
200,41,73.0,169.0,0.0,213.0,0.0
200,41,74.0,167.0,0.0,217.0,0.0
200,41,75.0,164.0,0.0,224.0,0.0
200,41,76.0,169.0,0.0,231.0,0.0
200,41,77.0,175.0,0.0,235.0,0.0
200,41,78.0,174.0,0.0,239.0,0.0
200,41,79.0,175.0,0.0,246.0,0.0
200,41,80.0,179.0,0.0,250.0,0.0
200,41,81.0,182.0,0.0,255.0,0.0
200,41,82.0,180.0,0.0,260.0,0.0
200,41,83.0,175.0,0.0,267.0,0.0
200,41,84.0,173.0,0.0,275.0,0.0
200,41,85.0,174.0,0.0,282.0,0.0
200,41,86.0,173.0,0.0,286.0,0.0
200,41,87.0,173.0,0.0,292.0,0.0
200,41,88.0,169.0,0.0,297.0,0.0
200,41,89.0,168.0,0.0,305.0,0.0
200,41,90.0,168.0,0.0,309.0,0.0
200,41,91.0,174.0,0.0,314.0,0.0
200,41,92.0,167.0,0.0,317.0,0.0
200,41,93.0,163.0,0.0,326.0,0.0
200,41,94.0,164.0,0.0,334.0,0.0
200,41,95.0,167.0,0.0,340.0,0.0
200,41,96.0,169.0,0.0,346.0,0.0
200,41,97.0,168.0,0.0,350.0,0.0
200,41,98.0,169.0,0.0,354.0,0.0
200,41,99.0,167.0,0.0,361.0,0.0
200,41,100.0,166.0,0.0,367.0,0.0
200,41,101.0,169.0,0.0,372.0,0.0
200,41,102.0,170.0,0.0,374.0,0.0
200,41,103.0,167.0,0.0,379.0,0.0
200,41,104.0,168.0,0.0,386.0,0.0
200,41,105.0,167.0,0.0,393.0,0.0
200,41,106.0,165.0,0.0,397.0,0.0
200,41,107.0,167.0,0.0,403.0,0.0
200,41,108.0,164.0,0.0,406.0,0.0
200,41,109.0,165.0,0.0,415.0,0.0
200,41,110.0,161.0,0.0,421.0,0.0
200,41,111.0,170.0,0.0,428.0,0.0
200,41,112.0,171.0,0.0,430.0,0.0
200,41,113.0,168.0,0.0,432.0,0.0
200,41,114.0,168.0,0.0,439.0,0.0
200,41,115.0,166.0,0.0,444.0,0.0
200,41,116.0,166.0,0.0,452.0,0.0
200,41,117.0,169.0,0.0,456.0,0.0
200,41,118.0,166.0,0.0,459.0,0.0
200,41,119.0,162.0,0.0,468.0,0.0
200,41,120.0,158.0,0.0,475.0,0.0
200,41,121.0,158.0,0.0,482.0,0.0
200,41,122.0,160.0,0.0,486.0,0.0
200,41,123.0,162.0,0.0,489.0,0.0
200,41,124.0,164.0,0.0,493.0,0.0
200,41,125.0,165.0,0.0,497.0,0.0
200,41,126.0,168.0,0.0,503.0,0.0
200,41,127.0,165.0,0.0,508.0,0.0
200,41,128.0,160.0,0.0,513.0,0.0
200,41,129.0,157.0,0.0,521.0,0.0
200,41,130.0,154.0,0.0,525.0,0.0
200,41,131.0,153.0,0.0,532.0,0.0
200,41,132.0,154.0,0.0,538.0,0.0
200,41,133.0,152.0,0.0,541.0,0.0
200,41,134.0,155.0,0.0,546.0,0.0
200,41,135.0,156.0,0.0,549.0,0.0
200,41,136.0,158.0,0.0,553.0,0.0
200,41,137.0,157.0,0.0,558.0,0.0
200,41,138.0,158.0,0.0,563.0,0.0
200,41,139.0,159.0,0.0,567.0,0.0
200,41,140.0,161.0,0.0,573.0,0.0
200,41,141.0,164.0,0.0,580.0,0.0
200,41,142.0,165.0,0.0,584.0,0.0
200,41,143.0,167.0,0.0,590.0,0.0
200,41,144.0,170.0,0.0,593.0,0.0
200,41,145.0,169.0,0.0,599.0,0.0
200,41,146.0,175.0,0.0,605.0,0.0
200,41,147.0,174.0,0.0,608.0,0.0
200,41,148.0,172.0,0.0,613.0,0.0
200,41,149.0,172.0,0.0,619.0,0.0
200,41,150.0,172.0,0.0,625.0,0.0
200,41,151.0,173.0,0.0,629.0,0.0
200,41,152.0,171.0,0.0,634.0,0.0
200,41,153.0,168.0,0.0,641.0,0.0
200,41,154.0,168.0,0.0,647.0,0.0
200,41,155.0,171.0,0.0,654.0,0.0
200,41,156.0,174.0,0.0,655.0,0.0
200,41,157.0,175.0,0.0,660.0,0.0
200,41,158.0,174.0,0.0,665.0,0.0
200,41,159.0,172.0,0.0,673.0,0.0
200,41,160.0,173.0,0.0,681.0,0.0
200,41,161.0,173.0,0.0,684.0,0.0
200,41,162.0,172.0,0.0,686.0,0.0
200,41,163.0,169.0,0.0,693.0,0.0
200,41,164.0,175.0,0.0,701.0,0.0
200,41,165.0,179.0,0.0,703.0,0.0
200,41,166.0,178.0,0.0,706.0,0.0
200,41,167.0,177.0,0.0,712.0,0.0
200,41,168.0,171.0,0.0,718.0,0.0
200,41,169.0,169.0,0.0,730.0,0.0
200,41,170.0,165.0,0.0,738.0,0.0
200,41,171.0,165.0,0.0,744.0,0.0
200,41,172.0,167.0,0.0,749.0,0.0
200,41,173.0,169.0,0.0,755.0,0.0
200,41,174.0,168.0,0.0,761.0,0.0
200,41,175.0,166.0,0.0,767.0,0.0
200,41,176.0,162.0,0.0,772.0,0.0
200,41,177.0,164.0,0.0,782.0,0.0
200,41,178.0,165.0,0.0,785.0,0.0
200,41,179.0,169.0,0.0,787.0,0.0
200,41,180.0,170.0,0.0,790.0,0.0
200,41,181.0,162.0,0.0,796.0,0.0
200,41,182.0,160.0,0.0,807.0,0.0
200,41,183.0,160.0,0.0,810.0,0.0
200,41,184.0,158.0,0.0,815.0,0.0
200,41,185.0,160.0,0.0,821.0,0.0
200,41,186.0,162.0,0.0,826.0,0.0
200,41,187.0,163.0,0.0,830.0,0.0
200,41,188.0,168.0,0.0,834.0,0.0
200,41,189.0,171.0,0.0,838.0,0.0
200,41,190.0,168.0,0.0,842.0,0.0
200,41,191.0,173.0,0.0,850.0,0.0
200,41,192.0,175.0,0.0,852.0,0.0
200,41,193.0,174.0,0.0,856.0,0.0
200,41,194.0,174.0,0.0,862.0,0.0
200,41,195.0,173.0,0.0,867.0,0.0
200,41,196.0,175.0,0.0,871.0,0.0
200,41,197.0,175.0,0.0,874.0,0.0
200,41,198.0,175.0,0.0,881.0,0.0
200,41,199.0,172.0,0.0,886.0,0.0
200,41,200.0,172.0,0.0,892.0,0.0
200,41,201.0,170.0,0.0,897.0,0.0
200,41,202.0,168.0,0.0,904.0,0.0
200,41,203.0,164.0,0.0,912.0,0.0
200,41,204.0,166.0,0.0,918.0,0.0
200,41,205.0,164.0,0.0,924.0,0.0
200,41,206.0,161.0,0.0,931.0,0.0
200,41,207.0,158.0,0.0,939.0,0.0
200,41,208.0,158.0,0.0,945.0,0.0
200,41,209.0,158.0,0.0,952.0,0.0
200,41,210.0,154.0,0.0,959.0,0.0
200,41,211.0,155.0,0.0,966.0,0.0
200,41,212.0,162.0,0.0,971.0,0.0
200,41,213.0,160.0,0.0,972.0,0.0
200,41,214.0,164.0,0.0,979.0,0.0
200,41,215.0,168.0,0.0,983.0,0.0
200,41,216.0,171.0,0.0,986.0,0.0
200,41,217.0,170.0,0.0,993.0,0.0
200,41,218.0,174.0,0.0,998.0,0.0
200,41,219.0,175.0,0.0,1000.0,0.0
200,41,220.0,176.0,0.0,1004.0,0.0
200,41,221.0,172.0,0.0,1010.0,0.0
200,41,222.0,168.0,0.0,1016.0,0.0
200,41,223.0,163.0,0.0,1024.0,0.0
200,41,224.0,164.0,0.0,1031.0,0.0
200,41,225.0,166.0,0.0,1037.0,0.0
200,41,226.0,161.0,0.0,1041.0,0.0
200,41,227.0,166.0,0.0,1048.0,0.0
200,41,228.0,165.0,0.0,1050.0,0.0
200,41,229.0,165.0,0.0,1059.0,0.0
200,41,230.0,168.0,0.0,1063.0,0.0
200,41,231.0,169.0,0.0,1066.0,0.0
200,41,232.0,173.0,0.0,1070.0,0.0
200,41,233.0,173.0,0.0,1074.0,0.0
200,41,234.0,174.0,0.0,1082.0,0.0
200,41,235.0,173.0,0.0,1086.0,0.0
200,41,236.0,173.0,0.0,1090.0,0.0
200,41,237.0,171.0,0.0,1096.0,0.0
200,41,238.0,167.0,0.0,1103.0,0.0
200,41,239.0,166.0,0.0,1109.0,0.0
200,41,240.0,166.0,0.0,1115.0,0.0
200,41,241.0,165.0,0.0,1116.0,0.0
200,41,242.0,168.0,0.0,1124.0,0.0
200,41,243.0,166.0,0.0,1128.0,0.0
200,41,244.0,167.0,0.0,1136.0,0.0
200,41,245.0,170.0,0.0,1140.0,0.0
200,41,246.0,169.0,0.0,1144.0,0.0
200,41,247.0,168.0,0.0,1147.0,0.0
200,41,248.0,169.0,0.0,1153.0,0.0
200,41,249.0,169.0,0.0,1159.0,0.0
200,41,250.0,169.0,0.0,1166.0,0.0
200,41,251.0,162.0,0.0,1172.0,0.0
200,41,252.0,154.0,0.0,1179.0,0.0
200,41,253.0,148.0,0.0,1187.0,0.0
200,41,254.0,141.0,0.0,1193.0,0.0
200,41,255.0,133.0,0.0,1200.0,0.0
200,41,256.0,130.0,0.0,1208.0,0.0
200,41,257.0,125.0,0.0,1211.0,0.0
200,41,258.0,121.0,0.0,1216.0,0.0
200,41,259.0,115.0,0.0,1220.0,0.0
200,41,260.0,113.0,0.0,1226.0,0.0
200,41,261.0,110.0,0.0,1228.0,0.0
200,41,262.0,102.0,0.0,1231.0,0.0
200,41,263.0,96.0,0.0,1239.0,0.0
200,41,264.0,90.0,0.0,1245.0,0.0
200,41,265.0,86.0,0.0,1251.0,0.0
200,41,266.0,80.0,0.0,1255.0,0.0
200,41,267.0,75.0,0.0,1261.0,0.0
200,41,268.0,71.0,0.0,1266.0,0.0
200,41,269.0,70.0,0.0,1270.0,0.0
200,41,270.0,64.0,0.0,1271.0,0.0
200,41,271.0,60.0,0.0,1277.0,0.0
200,41,272.0,54.0,0.0,1281.0,0.0
200,41,273.0,50.0,0.0,1287.0,0.0
200,41,274.0,46.0,0.0,1291.0,0.0
200,41,275.0,44.0,0.0,1295.0,0.0
200,41,276.0,38.0,0.0,1297.0,0.0
200,41,277.0,35.0,0.0,1303.0,0.0
200,41,278.0,33.0,0.0,1306.0,0.0
200,41,279.0,30.0,0.0,1308.0,0.0
200,41,280.0,27.0,0.0,1311.0,0.0
200,41,281.0,25.0,0.0,1314.0,0.0
200,41,282.0,23.0,0.0,1316.0,0.0
200,41,283.0,20.0,0.0,1318.0,0.0
200,41,284.0,20.0,0.0,1321.0,0.0
200,41,285.0,20.0,0.0,1321.0,0.0
200,41,286.0,20.0,0.0,1321.0,0.0
200,41,287.0,18.0,0.0,1321.0,0.0
200,41,288.0,17.0,0.0,1323.0,0.0
200,41,289.0,17.0,0.0,1324.0,0.0
200,41,290.0,16.0,0.0,1324.0,0.0
200,41,291.0,14.0,0.0,1325.0,0.0
200,41,292.0,13.0,0.0,1327.0,0.0
200,41,293.0,13.0,0.0,1328.0,0.0
200,41,294.0,12.0,0.0,1328.0,0.0
200,41,295.0,10.0,0.0,1329.0,0.0
200,41,296.0,9.0,0.0,1331.0,0.0
200,41,297.0,9.0,0.0,1332.0,0.0
200,41,298.0,8.0,0.0,1332.0,0.0
200,41,299.0,7.0,0.0,1333.0,0.0
200,41,300.0,7.0,0.0,1334.0,0.0
200,41,301.0,7.0,0.0,1334.0,0.0
200,41,302.0,6.0,0.0,1334.0,0.0
200,41,303.0,5.0,0.0,1335.0,0.0
200,41,304.0,5.0,0.0,1336.0,0.0
200,41,305.0,5.0,0.0,1336.0,0.0
200,41,306.0,4.0,0.0,1336.0,0.0
200,41,307.0,3.0,0.0,1337.0,0.0
200,41,308.0,3.0,0.0,1338.0,0.0
200,41,309.0,3.0,0.0,1338.0,0.0
200,41,310.0,3.0,0.0,1338.0,0.0
200,41,311.0,3.0,0.0,1338.0,0.0
200,41,312.0,2.0,0.0,1338.0,0.0
200,41,313.0,2.0,0.0,1339.0,0.0
200,41,314.0,2.0,0.0,1339.0,0.0
200,41,315.0,2.0,0.0,1339.0,0.0
200,41,316.0,0.0,0.0,1339.0,0.0
200,41,317.0,0.0,0.0,1341.0,0.0
200,42,0.0,4.0,0.0,0.0,0.0
200,42,1.0,9.0,0.0,0.0,0.0
200,42,2.0,16.0,0.0,0.0,0.0
200,42,3.0,22.0,0.0,0.0,0.0
200,42,4.0,28.0,0.0,0.0,0.0
200,42,5.0,32.0,0.0,0.0,0.0
200,42,6.0,39.0,0.0,0.0,0.0
200,42,7.0,45.0,0.0,0.0,0.0
200,42,8.0,49.0,0.0,0.0,0.0
200,42,9.0,51.0,0.0,0.0,0.0
200,42,10.0,56.0,0.0,0.0,0.0
200,42,11.0,57.0,0.0,0.0,0.0
200,42,12.0,60.0,0.0,0.0,0.0
200,42,13.0,67.0,0.0,0.0,0.0
200,42,14.0,72.0,0.0,0.0,0.0
200,42,15.0,77.0,0.0,0.0,0.0
200,42,16.0,81.0,0.0,1.0,0.0
200,42,17.0,85.0,0.0,1.0,0.0
200,42,18.0,93.0,0.0,1.0,0.0
200,42,19.0,96.0,0.0,4.0,0.0
200,42,20.0,99.0,0.0,6.0,0.0
200,42,21.0,110.0,0.0,7.0,0.0
200,42,22.0,114.0,0.0,7.0,0.0
200,42,23.0,116.0,0.0,8.0,0.0
200,42,24.0,119.0,0.0,9.0,0.0
200,42,25.0,123.0,0.0,10.0,0.0
200,42,26.0,128.0,0.0,13.0,0.0
200,42,27.0,129.0,0.0,15.0,0.0
200,42,28.0,129.0,0.0,17.0,0.0
200,42,29.0,132.0,0.0,22.0,0.0
200,42,30.0,133.0,0.0,25.0,0.0
200,42,31.0,134.0,0.0,29.0,0.0
200,42,32.0,135.0,0.0,32.0,0.0
200,42,33.0,142.0,0.0,34.0,0.0
200,42,34.0,146.0,0.0,37.0,0.0
200,42,35.0,148.0,0.0,39.0,0.0
200,42,36.0,151.0,0.0,40.0,0.0
200,42,37.0,150.0,0.0,43.0,0.0
200,42,38.0,149.0,0.0,46.0,0.0
200,42,39.0,150.0,0.0,53.0,0.0
200,42,40.0,152.0,0.0,56.0,0.0
200,42,41.0,151.0,0.0,60.0,0.0
200,42,42.0,147.0,0.0,65.0,0.0
200,42,43.0,152.0,0.0,71.0,0.0
200,42,44.0,154.0,0.0,74.0,0.0
200,42,45.0,151.0,0.0,77.0,0.0
200,42,46.0,151.0,0.0,84.0,0.0
200,42,47.0,149.0,0.0,88.0,0.0
200,42,48.0,145.0,0.0,93.0,0.0
200,42,49.0,146.0,0.0,99.0,0.0
200,42,50.0,147.0,0.0,103.0,0.0
200,42,51.0,142.0,0.0,108.0,0.0
200,42,52.0,147.0,0.0,117.0,0.0
200,42,53.0,146.0,0.0,123.0,0.0
200,42,54.0,149.0,0.0,129.0,0.0
200,42,55.0,153.0,0.0,132.0,0.0
200,42,56.0,155.0,0.0,136.0,0.0
200,42,57.0,159.0,0.0,139.0,0.0
200,42,58.0,164.0,0.0,142.0,0.0
200,42,59.0,168.0,0.0,144.0,0.0
200,42,60.0,171.0,0.0,146.0,0.0
200,42,61.0,167.0,0.0,149.0,0.0
200,42,62.0,167.0,0.0,157.0,0.0
200,42,63.0,163.0,0.0,160.0,0.0
200,42,64.0,164.0,0.0,167.0,0.0
200,42,65.0,162.0,0.0,171.0,0.0
200,42,66.0,160.0,0.0,178.0,0.0
200,42,67.0,160.0,0.0,186.0,0.0
200,42,68.0,165.0,0.0,189.0,0.0
200,42,69.0,165.0,0.0,194.0,0.0
200,42,70.0,166.0,0.0,200.0,0.0
200,42,71.0,167.0,0.0,204.0,0.0
200,42,72.0,168.0,0.0,208.0,0.0
200,42,73.0,168.0,0.0,210.0,0.0
200,42,74.0,170.0,0.0,217.0,0.0
200,42,75.0,170.0,0.0,221.0,0.0
200,42,76.0,168.0,0.0,226.0,0.0
200,42,77.0,166.0,0.0,233.0,0.0
200,42,78.0,164.0,0.0,240.0,0.0
200,42,79.0,164.0,0.0,245.0,0.0
200,42,80.0,165.0,0.0,250.0,0.0
200,42,81.0,165.0,0.0,256.0,0.0
200,42,82.0,167.0,0.0,260.0,0.0
200,42,83.0,163.0,0.0,264.0,0.0
200,42,84.0,167.0,0.0,269.0,0.0
200,42,85.0,170.0,0.0,274.0,0.0
200,42,86.0,172.0,0.0,278.0,0.0
200,42,87.0,172.0,0.0,283.0,0.0
200,42,88.0,168.0,0.0,287.0,0.0
200,42,89.0,173.0,0.0,293.0,0.0
200,42,90.0,175.0,0.0,295.0,0.0
200,42,91.0,177.0,0.0,301.0,0.0
200,42,92.0,177.0,0.0,306.0,0.0
200,42,93.0,181.0,0.0,315.0,0.0
200,42,94.0,172.0,0.0,319.0,0.0
200,42,95.0,177.0,0.0,330.0,0.0
200,42,96.0,175.0,0.0,334.0,0.0
200,42,97.0,178.0,0.0,341.0,0.0
200,42,98.0,183.0,0.0,346.0,0.0
200,42,99.0,181.0,0.0,349.0,0.0
200,42,100.0,186.0,0.0,357.0,0.0
200,42,101.0,188.0,0.0,361.0,0.0
200,42,102.0,181.0,0.0,364.0,0.0
200,42,103.0,184.0,0.0,375.0,0.0
200,42,104.0,181.0,0.0,379.0,0.0
200,42,105.0,185.0,0.0,385.0,0.0
200,42,106.0,185.0,0.0,388.0,0.0
200,42,107.0,183.0,0.0,393.0,0.0
200,42,108.0,183.0,0.0,398.0,0.0
200,42,109.0,186.0,0.0,404.0,0.0
200,42,110.0,190.0,0.0,407.0,0.0
200,42,111.0,195.0,0.0,409.0,0.0
200,42,112.0,194.0,1.0,413.0,0.0
200,42,113.0,195.0,0.0,419.0,0.0
200,42,114.0,188.0,4.0,423.0,0.0
200,42,115.0,193.0,0.0,435.0,0.0
200,42,116.0,194.0,1.0,438.0,0.0
200,42,117.0,196.0,1.0,444.0,0.0
200,42,118.0,196.0,2.0,448.0,0.0
200,42,119.0,194.0,2.0,452.0,0.0
200,42,120.0,195.0,2.0,458.0,0.0
200,42,121.0,192.0,4.0,463.0,0.0
200,42,122.0,192.0,5.0,471.0,0.0
200,42,123.0,191.0,4.0,479.0,0.0
200,42,124.0,193.0,2.0,488.0,0.0
200,42,125.0,192.0,2.0,495.0,0.0
200,42,126.0,192.0,1.0,503.0,0.0
200,42,127.0,193.0,0.0,511.0,0.0
200,42,128.0,191.0,0.0,515.0,0.0
200,42,129.0,193.0,0.0,522.0,0.0
200,42,130.0,192.0,0.0,527.0,0.0
200,42,131.0,188.0,0.0,532.0,0.0
200,42,132.0,186.0,0.0,541.0,0.0
200,42,133.0,183.0,0.0,548.0,0.0
200,42,134.0,186.0,0.0,558.0,0.0
200,42,135.0,191.0,0.0,563.0,0.0
200,42,136.0,189.0,0.0,569.0,0.0
200,42,137.0,188.0,0.0,577.0,0.0
200,42,138.0,190.0,0.0,583.0,0.0
200,42,139.0,191.0,0.0,588.0,0.0
200,42,140.0,195.0,0.0,593.0,0.0
200,42,141.0,196.0,0.0,596.0,0.0
200,42,142.0,196.0,2.0,598.0,0.0
200,42,143.0,193.0,1.0,602.0,0.0
200,42,144.0,191.0,0.0,609.0,0.0
200,42,145.0,187.0,0.0,616.0,0.0
200,42,146.0,190.0,0.0,624.0,0.0
200,42,147.0,187.0,0.0,628.0,0.0
200,42,148.0,185.0,0.0,639.0,0.0
200,42,149.0,186.0,0.0,646.0,0.0
200,42,150.0,185.0,0.0,650.0,0.0
200,42,151.0,178.0,0.0,654.0,0.0
200,42,152.0,179.0,0.0,665.0,0.0
200,42,153.0,172.0,0.0,671.0,0.0
200,42,154.0,174.0,0.0,680.0,0.0
200,42,155.0,176.0,0.0,684.0,0.0
200,42,156.0,173.0,0.0,689.0,0.0
200,42,157.0,173.0,0.0,697.0,0.0
200,42,158.0,171.0,0.0,700.0,0.0
200,42,159.0,177.0,0.0,708.0,0.0
200,42,160.0,178.0,0.0,711.0,0.0
200,42,161.0,179.0,0.0,716.0,0.0
200,42,162.0,183.0,0.0,721.0,0.0
200,42,163.0,178.0,0.0,724.0,0.0
200,42,164.0,172.0,0.0,733.0,0.0
200,42,165.0,173.0,0.0,745.0,0.0
200,42,166.0,175.0,0.0,751.0,0.0
200,42,167.0,174.0,0.0,757.0,0.0
200,42,168.0,170.0,0.0,763.0,0.0
200,42,169.0,170.0,0.0,773.0,0.0
200,42,170.0,172.0,0.0,777.0,0.0
200,42,171.0,171.0,0.0,779.0,0.0
200,42,172.0,173.0,0.0,784.0,0.0
200,42,173.0,171.0,0.0,788.0,0.0
200,42,174.0,177.0,0.0,793.0,0.0
200,42,175.0,177.0,0.0,797.0,0.0
200,42,176.0,178.0,0.0,802.0,0.0
200,42,177.0,178.0,0.0,809.0,0.0
200,42,178.0,181.0,0.0,815.0,0.0
200,42,179.0,181.0,0.0,821.0,0.0
200,42,180.0,185.0,0.0,827.0,0.0
200,42,181.0,183.0,0.0,829.0,0.0
200,42,182.0,186.0,0.0,837.0,0.0
200,42,183.0,186.0,0.0,840.0,0.0
200,42,184.0,184.0,0.0,845.0,0.0
200,42,185.0,185.0,0.0,852.0,0.0
200,42,186.0,183.0,0.0,855.0,0.0
200,42,187.0,181.0,0.0,861.0,0.0
200,42,188.0,178.0,0.0,870.0,0.0
200,42,189.0,183.0,0.0,877.0,0.0
200,42,190.0,186.0,0.0,882.0,0.0
200,42,191.0,180.0,0.0,884.0,0.0
200,42,192.0,178.0,0.0,892.0,0.0
200,42,193.0,177.0,0.0,900.0,0.0
200,42,194.0,170.0,0.0,909.0,0.0
200,42,195.0,170.0,0.0,918.0,0.0
200,42,196.0,171.0,0.0,922.0,0.0
200,42,197.0,167.0,0.0,926.0,0.0
200,42,198.0,164.0,0.0,935.0,0.0
200,42,199.0,167.0,0.0,940.0,0.0
200,42,200.0,173.0,0.0,941.0,0.0
200,42,201.0,169.0,0.0,944.0,0.0
200,42,202.0,171.0,0.0,952.0,0.0
200,42,203.0,170.0,0.0,957.0,0.0
200,42,204.0,171.0,0.0,964.0,0.0
200,42,205.0,168.0,0.0,967.0,0.0
200,42,206.0,170.0,0.0,974.0,0.0
200,42,207.0,173.0,0.0,979.0,0.0
200,42,208.0,169.0,0.0,983.0,0.0
200,42,209.0,168.0,0.0,990.0,0.0
200,42,210.0,170.0,0.0,1000.0,0.0
200,42,211.0,171.0,0.0,1005.0,0.0
200,42,212.0,175.0,0.0,1009.0,0.0
200,42,213.0,174.0,0.0,1014.0,0.0
200,42,214.0,172.0,0.0,1021.0,0.0
200,42,215.0,172.0,0.0,1025.0,0.0
200,42,216.0,170.0,0.0,1029.0,0.0
200,42,217.0,169.0,0.0,1036.0,0.0
200,42,218.0,172.0,0.0,1041.0,0.0
200,42,219.0,171.0,0.0,1044.0,0.0
200,42,220.0,173.0,0.0,1049.0,0.0
200,42,221.0,175.0,0.0,1054.0,0.0
200,42,222.0,183.0,0.0,1060.0,0.0
200,42,223.0,187.0,0.0,1065.0,0.0
200,42,224.0,185.0,0.0,1067.0,0.0
200,42,225.0,186.0,0.0,1074.0,0.0
200,42,226.0,190.0,0.0,1077.0,0.0
200,42,227.0,187.0,0.0,1081.0,0.0
200,42,228.0,190.0,0.0,1088.0,0.0
200,42,229.0,189.0,0.0,1093.0,0.0
200,42,230.0,188.0,0.0,1100.0,0.0
200,42,231.0,182.0,0.0,1103.0,0.0
200,42,232.0,180.0,0.0,1112.0,0.0
200,42,233.0,182.0,0.0,1119.0,0.0
200,42,234.0,184.0,0.0,1125.0,0.0
200,42,235.0,182.0,0.0,1131.0,0.0
200,42,236.0,182.0,0.0,1139.0,0.0
200,42,237.0,183.0,0.0,1143.0,0.0
200,42,238.0,184.0,0.0,1148.0,0.0
200,42,239.0,182.0,0.0,1154.0,0.0
200,42,240.0,178.0,0.0,1160.0,0.0
200,42,241.0,183.0,0.0,1170.0,0.0
200,42,242.0,183.0,0.0,1172.0,0.0
200,42,243.0,181.0,0.0,1176.0,0.0
200,42,244.0,180.0,0.0,1183.0,0.0
200,42,245.0,174.0,0.0,1187.0,0.0
200,42,246.0,176.0,0.0,1198.0,0.0
200,42,247.0,173.0,0.0,1204.0,0.0
200,42,248.0,177.0,0.0,1211.0,0.0
200,42,249.0,177.0,0.0,1213.0,0.0
200,42,250.0,175.0,0.0,1216.0,0.0
200,42,251.0,167.0,0.0,1222.0,0.0
200,42,252.0,161.0,0.0,1230.0,0.0
200,42,253.0,153.0,0.0,1236.0,0.0
200,42,254.0,147.0,0.0,1244.0,0.0
200,42,255.0,144.0,0.0,1250.0,0.0
200,42,256.0,135.0,0.0,1253.0,0.0
200,42,257.0,131.0,0.0,1262.0,0.0
200,42,258.0,124.0,0.0,1266.0,0.0
200,42,259.0,120.0,0.0,1273.0,0.0
200,42,260.0,115.0,0.0,1277.0,0.0
200,42,261.0,112.0,0.0,1282.0,0.0
200,42,262.0,107.0,0.0,1285.0,0.0
200,42,263.0,98.0,0.0,1290.0,0.0
200,42,264.0,94.0,0.0,1299.0,0.0
200,42,265.0,87.0,0.0,1303.0,0.0
200,42,266.0,84.0,0.0,1310.0,0.0
200,42,267.0,80.0,0.0,1313.0,0.0
200,42,268.0,72.0,0.0,1317.0,0.0
200,42,269.0,63.0,0.0,1325.0,0.0
200,42,270.0,58.0,0.0,1334.0,0.0
200,42,271.0,55.0,0.0,1339.0,0.0
200,42,272.0,49.0,0.0,1342.0,0.0
200,42,273.0,44.0,0.0,1348.0,0.0
200,42,274.0,41.0,0.0,1353.0,0.0
200,42,275.0,41.0,0.0,1356.0,0.0
200,42,276.0,39.0,0.0,1356.0,0.0
200,42,277.0,37.0,0.0,1358.0,0.0
200,42,278.0,36.0,0.0,1360.0,0.0
200,42,279.0,34.0,0.0,1361.0,0.0
200,42,280.0,31.0,0.0,1363.0,0.0
200,42,281.0,27.0,0.0,1366.0,0.0
200,42,282.0,23.0,0.0,1370.0,0.0
200,42,283.0,23.0,0.0,1374.0,0.0
200,42,284.0,22.0,0.0,1374.0,0.0
200,42,285.0,22.0,0.0,1375.0,0.0
200,42,286.0,22.0,0.0,1375.0,0.0
200,42,287.0,20.0,0.0,1375.0,0.0
200,42,288.0,16.0,0.0,1377.0,0.0
200,42,289.0,16.0,0.0,1381.0,0.0
200,42,290.0,12.0,0.0,1381.0,0.0
200,42,291.0,12.0,0.0,1385.0,0.0
200,42,292.0,11.0,0.0,1385.0,0.0
200,42,293.0,10.0,0.0,1386.0,0.0
200,42,294.0,10.0,0.0,1387.0,0.0
200,42,295.0,10.0,0.0,1387.0,0.0
200,42,296.0,10.0,0.0,1387.0,0.0
200,42,297.0,10.0,0.0,1387.0,0.0
200,42,298.0,10.0,0.0,1387.0,0.0
200,42,299.0,9.0,0.0,1387.0,0.0
200,42,300.0,8.0,0.0,1388.0,0.0
200,42,301.0,7.0,0.0,1389.0,0.0
200,42,302.0,7.0,0.0,1390.0,0.0
200,42,303.0,6.0,0.0,1390.0,0.0
200,42,304.0,6.0,0.0,1391.0,0.0
200,42,305.0,6.0,0.0,1391.0,0.0
200,42,306.0,6.0,0.0,1391.0,0.0
200,42,307.0,5.0,0.0,1391.0,0.0
200,42,308.0,5.0,0.0,1392.0,0.0
200,42,309.0,5.0,0.0,1392.0,0.0
200,42,310.0,4.0,0.0,1392.0,0.0
200,42,311.0,3.0,0.0,1393.0,0.0
200,42,312.0,3.0,0.0,1394.0,0.0
200,42,313.0,1.0,0.0,1394.0,0.0
200,42,314.0,1.0,0.0,1396.0,0.0
200,42,315.0,1.0,0.0,1396.0,0.0
200,42,316.0,0.0,0.0,1396.0,0.0
200,42,317.0,0.0,0.0,1397.0,0.0
200,43,0.0,5.0,0.0,0.0,0.0
200,43,1.0,8.0,0.0,0.0,0.0
200,43,2.0,16.0,0.0,0.0,0.0
200,43,3.0,25.0,0.0,0.0,0.0
200,43,4.0,31.0,0.0,0.0,0.0
200,43,5.0,35.0,0.0,0.0,0.0
200,43,6.0,44.0,0.0,0.0,0.0
200,43,7.0,47.0,0.0,0.0,0.0
200,43,8.0,51.0,0.0,0.0,0.0
200,43,9.0,55.0,0.0,0.0,0.0
200,43,10.0,65.0,0.0,0.0,0.0
200,43,11.0,70.0,0.0,0.0,0.0
200,43,12.0,74.0,0.0,0.0,0.0
200,43,13.0,77.0,0.0,1.0,0.0
200,43,14.0,85.0,0.0,1.0,0.0
200,43,15.0,92.0,0.0,1.0,0.0
200,43,16.0,96.0,0.0,1.0,0.0
200,43,17.0,101.0,0.0,1.0,0.0
200,43,18.0,109.0,0.0,2.0,0.0
200,43,19.0,111.0,0.0,2.0,0.0
200,43,20.0,116.0,0.0,3.0,0.0
200,43,21.0,119.0,0.0,4.0,0.0
200,43,22.0,125.0,0.0,6.0,0.0
200,43,23.0,128.0,0.0,7.0,0.0
200,43,24.0,129.0,0.0,8.0,0.0
200,43,25.0,130.0,0.0,13.0,0.0
200,43,26.0,136.0,0.0,15.0,0.0
200,43,27.0,137.0,0.0,16.0,0.0
200,43,28.0,144.0,0.0,21.0,0.0
200,43,29.0,146.0,0.0,22.0,0.0
200,43,30.0,145.0,0.0,27.0,0.0
200,43,31.0,142.0,0.0,32.0,0.0
200,43,32.0,144.0,0.0,37.0,0.0
200,43,33.0,144.0,0.0,39.0,0.0
200,43,34.0,144.0,0.0,43.0,0.0
200,43,35.0,145.0,0.0,47.0,0.0
200,43,36.0,149.0,0.0,50.0,0.0
200,43,37.0,145.0,0.0,53.0,0.0
200,43,38.0,148.0,0.0,60.0,0.0
200,43,39.0,143.0,0.0,61.0,0.0
200,43,40.0,143.0,0.0,68.0,0.0
200,43,41.0,139.0,0.0,74.0,0.0
200,43,42.0,144.0,0.0,81.0,0.0
200,43,43.0,143.0,0.0,86.0,0.0
200,43,44.0,140.0,0.0,90.0,0.0
200,43,45.0,141.0,0.0,96.0,0.0
200,43,46.0,147.0,0.0,101.0,0.0
200,43,47.0,146.0,0.0,102.0,0.0
200,43,48.0,148.0,0.0,111.0,0.0
200,43,49.0,153.0,0.0,115.0,0.0
200,43,50.0,156.0,0.0,118.0,0.0
200,43,51.0,156.0,0.0,123.0,0.0
200,43,52.0,164.0,0.0,126.0,0.0
200,43,53.0,159.0,0.0,127.0,0.0
200,43,54.0,157.0,0.0,134.0,0.0
200,43,55.0,155.0,0.0,140.0,0.0
200,43,56.0,156.0,0.0,147.0,0.0
200,43,57.0,154.0,0.0,152.0,0.0
200,43,58.0,155.0,0.0,161.0,0.0
200,43,59.0,154.0,0.0,164.0,0.0
200,43,60.0,158.0,0.0,169.0,0.0
200,43,61.0,161.0,0.0,173.0,0.0
200,43,62.0,160.0,0.0,174.0,0.0
200,43,63.0,165.0,0.0,181.0,0.0
200,43,64.0,170.0,0.0,184.0,0.0
200,43,65.0,171.0,0.0,189.0,0.0
200,43,66.0,167.0,0.0,194.0,0.0
200,43,67.0,172.0,0.0,201.0,0.0
200,43,68.0,175.0,0.0,206.0,0.0
200,43,69.0,176.0,0.0,212.0,0.0
200,43,70.0,170.0,0.0,216.0,0.0
200,43,71.0,174.0,0.0,224.0,0.0
200,43,72.0,175.0,0.0,229.0,0.0
200,43,73.0,172.0,0.0,232.0,0.0
200,43,74.0,171.0,0.0,240.0,0.0
200,43,75.0,173.0,0.0,246.0,0.0
200,43,76.0,174.0,0.0,253.0,0.0
200,43,77.0,170.0,0.0,257.0,0.0
200,43,78.0,174.0,0.0,264.0,0.0
200,43,79.0,172.0,0.0,265.0,0.0
200,43,80.0,172.0,0.0,271.0,0.0
200,43,81.0,173.0,0.0,275.0,0.0
200,43,82.0,172.0,0.0,280.0,0.0
200,43,83.0,171.0,0.0,287.0,0.0
200,43,84.0,172.0,0.0,290.0,0.0
200,43,85.0,176.0,0.0,296.0,0.0
200,43,86.0,175.0,0.0,299.0,0.0
200,43,87.0,178.0,0.0,306.0,0.0
200,43,88.0,177.0,0.0,309.0,0.0
200,43,89.0,174.0,0.0,316.0,0.0
200,43,90.0,167.0,0.0,326.0,0.0
200,43,91.0,169.0,0.0,335.0,0.0
200,43,92.0,174.0,0.0,341.0,0.0
200,43,93.0,173.0,0.0,344.0,0.0
200,43,94.0,173.0,0.0,349.0,0.0
200,43,95.0,179.0,0.0,353.0,0.0
200,43,96.0,177.0,0.0,356.0,0.0
200,43,97.0,178.0,0.0,361.0,0.0
200,43,98.0,177.0,0.0,368.0,0.0
200,43,99.0,177.0,0.0,372.0,0.0
200,43,100.0,174.0,0.0,377.0,0.0
200,43,101.0,172.0,0.0,383.0,0.0
200,43,102.0,172.0,0.0,389.0,0.0
200,43,103.0,173.0,0.0,393.0,0.0
200,43,104.0,169.0,0.0,397.0,0.0
200,43,105.0,166.0,0.0,404.0,0.0
200,43,106.0,168.0,0.0,412.0,0.0
200,43,107.0,169.0,0.0,417.0,0.0
200,43,108.0,170.0,0.0,425.0,0.0
200,43,109.0,168.0,0.0,429.0,0.0
200,43,110.0,165.0,0.0,437.0,0.0
200,43,111.0,161.0,0.0,443.0,0.0
200,43,112.0,159.0,0.0,452.0,0.0
200,43,113.0,160.0,0.0,459.0,0.0
200,43,114.0,164.0,0.0,462.0,0.0
200,43,115.0,164.0,0.0,466.0,0.0
200,43,116.0,166.0,0.0,472.0,0.0
200,43,117.0,167.0,0.0,476.0,0.0
200,43,118.0,166.0,0.0,481.0,0.0
200,43,119.0,166.0,0.0,485.0,0.0
200,43,120.0,168.0,0.0,492.0,0.0
200,43,121.0,171.0,0.0,496.0,0.0
200,43,122.0,170.0,0.0,500.0,0.0
200,43,123.0,164.0,0.0,506.0,0.0
200,43,124.0,162.0,0.0,514.0,0.0
200,43,125.0,168.0,0.0,521.0,0.0
200,43,126.0,169.0,0.0,525.0,0.0
200,43,127.0,172.0,0.0,529.0,0.0
200,43,128.0,169.0,0.0,533.0,0.0
200,43,129.0,170.0,0.0,540.0,0.0
200,43,130.0,173.0,0.0,544.0,0.0
200,43,131.0,173.0,0.0,546.0,0.0
200,43,132.0,172.0,0.0,554.0,0.0
200,43,133.0,175.0,0.0,560.0,0.0
200,43,134.0,175.0,0.0,565.0,0.0
200,43,135.0,176.0,0.0,571.0,0.0
200,43,136.0,177.0,0.0,575.0,0.0
200,43,137.0,182.0,0.0,581.0,0.0
200,43,138.0,182.0,0.0,582.0,0.0
200,43,139.0,181.0,0.0,587.0,0.0
200,43,140.0,184.0,0.0,592.0,0.0
200,43,141.0,187.0,0.0,596.0,0.0
200,43,142.0,189.0,0.0,601.0,0.0
200,43,143.0,191.0,0.0,606.0,0.0
200,43,144.0,193.0,0.0,610.0,0.0
200,43,145.0,193.0,3.0,613.0,0.0
200,43,146.0,193.0,1.0,620.0,0.0
200,43,147.0,192.0,0.0,627.0,0.0
200,43,148.0,184.0,0.0,635.0,0.0
200,43,149.0,186.0,0.0,648.0,0.0
200,43,150.0,185.0,0.0,653.0,0.0
200,43,151.0,184.0,0.0,660.0,0.0
200,43,152.0,185.0,0.0,667.0,0.0
200,43,153.0,185.0,0.0,671.0,0.0
200,43,154.0,181.0,0.0,677.0,0.0
200,43,155.0,178.0,0.0,684.0,0.0
200,43,156.0,177.0,0.0,690.0,0.0
200,43,157.0,176.0,0.0,695.0,0.0
200,43,158.0,178.0,0.0,701.0,0.0
200,43,159.0,178.0,0.0,704.0,0.0
200,43,160.0,176.0,0.0,709.0,0.0
200,43,161.0,177.0,0.0,716.0,0.0
200,43,162.0,177.0,0.0,720.0,0.0
200,43,163.0,179.0,0.0,725.0,0.0
200,43,164.0,182.0,0.0,730.0,0.0
200,43,165.0,181.0,0.0,735.0,0.0
200,43,166.0,175.0,0.0,740.0,0.0
200,43,167.0,174.0,0.0,750.0,0.0
200,43,168.0,171.0,0.0,758.0,0.0
200,43,169.0,171.0,0.0,765.0,0.0
200,43,170.0,171.0,0.0,769.0,0.0
200,43,171.0,170.0,0.0,777.0,0.0
200,43,172.0,168.0,0.0,784.0,0.0
200,43,173.0,166.0,0.0,789.0,0.0
200,43,174.0,167.0,0.0,795.0,0.0
200,43,175.0,170.0,0.0,803.0,0.0
200,43,176.0,170.0,0.0,810.0,0.0
200,43,177.0,170.0,0.0,813.0,0.0
200,43,178.0,170.0,0.0,817.0,0.0
200,43,179.0,170.0,0.0,822.0,0.0
200,43,180.0,174.0,0.0,829.0,0.0
200,43,181.0,174.0,0.0,832.0,0.0
200,43,182.0,176.0,0.0,835.0,0.0
200,43,183.0,177.0,0.0,840.0,0.0
200,43,184.0,175.0,0.0,844.0,0.0
200,43,185.0,177.0,0.0,853.0,0.0
200,43,186.0,179.0,0.0,858.0,0.0
200,43,187.0,182.0,0.0,860.0,0.0
200,43,188.0,182.0,0.0,864.0,0.0
200,43,189.0,180.0,0.0,869.0,0.0
200,43,190.0,183.0,0.0,877.0,0.0
200,43,191.0,189.0,0.0,881.0,0.0
200,43,192.0,187.0,0.0,887.0,0.0
200,43,193.0,186.0,0.0,890.0,0.0
200,43,194.0,187.0,0.0,897.0,0.0
200,43,195.0,188.0,0.0,904.0,0.0
200,43,196.0,189.0,0.0,908.0,0.0
200,43,197.0,192.0,0.0,915.0,0.0
200,43,198.0,184.0,0.0,921.0,0.0
200,43,199.0,179.0,0.0,931.0,0.0
200,43,200.0,182.0,0.0,938.0,0.0
200,43,201.0,181.0,0.0,939.0,0.0
200,43,202.0,183.0,0.0,943.0,0.0
200,43,203.0,180.0,0.0,950.0,0.0
200,43,204.0,182.0,0.0,956.0,0.0
200,43,205.0,182.0,0.0,961.0,0.0
200,43,206.0,180.0,0.0,964.0,0.0
200,43,207.0,178.0,0.0,969.0,0.0
200,43,208.0,178.0,0.0,975.0,0.0
200,43,209.0,174.0,0.0,979.0,0.0
200,43,210.0,175.0,0.0,987.0,0.0
200,43,211.0,175.0,0.0,994.0,0.0
200,43,212.0,175.0,0.0,999.0,0.0
200,43,213.0,171.0,0.0,1006.0,0.0
200,43,214.0,176.0,0.0,1015.0,0.0
200,43,215.0,176.0,0.0,1018.0,0.0
200,43,216.0,177.0,0.0,1024.0,0.0
200,43,217.0,176.0,0.0,1028.0,0.0
200,43,218.0,176.0,0.0,1032.0,0.0
200,43,219.0,178.0,0.0,1037.0,0.0
200,43,220.0,182.0,0.0,1041.0,0.0
200,43,221.0,178.0,0.0,1044.0,0.0
200,43,222.0,182.0,0.0,1050.0,0.0
200,43,223.0,179.0,0.0,1054.0,0.0
200,43,224.0,176.0,0.0,1059.0,0.0
200,43,225.0,181.0,0.0,1067.0,0.0
200,43,226.0,175.0,0.0,1071.0,0.0
200,43,227.0,172.0,0.0,1079.0,0.0
200,43,228.0,171.0,0.0,1087.0,0.0
200,43,229.0,174.0,0.0,1092.0,0.0
200,43,230.0,172.0,0.0,1098.0,0.0
200,43,231.0,174.0,0.0,1105.0,0.0
200,43,232.0,170.0,0.0,1109.0,0.0
200,43,233.0,171.0,0.0,1117.0,0.0
200,43,234.0,165.0,0.0,1121.0,0.0
200,43,235.0,170.0,0.0,1128.0,0.0
200,43,236.0,167.0,0.0,1133.0,0.0
200,43,237.0,169.0,0.0,1140.0,0.0
200,43,238.0,174.0,0.0,1143.0,0.0
200,43,239.0,174.0,0.0,1148.0,0.0
200,43,240.0,178.0,0.0,1154.0,0.0
200,43,241.0,179.0,0.0,1157.0,0.0
200,43,242.0,181.0,0.0,1163.0,0.0
200,43,243.0,178.0,0.0,1167.0,0.0
200,43,244.0,183.0,0.0,1171.0,0.0
200,43,245.0,186.0,0.0,1173.0,0.0
200,43,246.0,183.0,0.0,1176.0,0.0
200,43,247.0,182.0,0.0,1182.0,0.0
200,43,248.0,185.0,0.0,1188.0,0.0
200,43,249.0,184.0,0.0,1194.0,0.0
200,43,250.0,184.0,0.0,1200.0,0.0
200,43,251.0,178.0,0.0,1205.0,0.0
200,43,252.0,175.0,0.0,1211.0,0.0
200,43,253.0,170.0,0.0,1214.0,0.0
200,43,254.0,165.0,0.0,1219.0,0.0
200,43,255.0,156.0,0.0,1224.0,0.0
200,43,256.0,148.0,0.0,1233.0,0.0
200,43,257.0,142.0,0.0,1241.0,0.0
200,43,258.0,136.0,0.0,1247.0,0.0
200,43,259.0,129.0,0.0,1253.0,0.0
200,43,260.0,123.0,0.0,1260.0,0.0
200,43,261.0,117.0,0.0,1266.0,0.0
200,43,262.0,109.0,0.0,1272.0,0.0
200,43,263.0,100.0,0.0,1280.0,0.0
200,43,264.0,96.0,0.0,1289.0,0.0
200,43,265.0,90.0,0.0,1293.0,0.0
200,43,266.0,86.0,0.0,1299.0,0.0
200,43,267.0,82.0,0.0,1303.0,0.0
200,43,268.0,74.0,0.0,1307.0,0.0
200,43,269.0,67.0,0.0,1315.0,0.0
200,43,270.0,62.0,0.0,1322.0,0.0
200,43,271.0,60.0,0.0,1327.0,0.0
200,43,272.0,58.0,0.0,1329.0,0.0
200,43,273.0,53.0,0.0,1331.0,0.0
200,43,274.0,52.0,0.0,1336.0,0.0
200,43,275.0,49.0,0.0,1337.0,0.0
200,43,276.0,45.0,0.0,1340.0,0.0
200,43,277.0,44.0,0.0,1344.0,0.0
200,43,278.0,41.0,0.0,1345.0,0.0
200,43,279.0,40.0,0.0,1348.0,0.0
200,43,280.0,38.0,0.0,1349.0,0.0
200,43,281.0,34.0,0.0,1351.0,0.0
200,43,282.0,31.0,0.0,1355.0,0.0
200,43,283.0,30.0,0.0,1358.0,0.0
200,43,284.0,26.0,0.0,1359.0,0.0
200,43,285.0,24.0,0.0,1363.0,0.0
200,43,286.0,22.0,0.0,1365.0,0.0
200,43,287.0,21.0,0.0,1367.0,0.0
200,43,288.0,20.0,0.0,1368.0,0.0
200,43,289.0,20.0,0.0,1369.0,0.0
200,43,290.0,18.0,0.0,1369.0,0.0
200,43,291.0,17.0,0.0,1371.0,0.0
200,43,292.0,16.0,0.0,1372.0,0.0
200,43,293.0,15.0,0.0,1373.0,0.0
200,43,294.0,15.0,0.0,1374.0,0.0
200,43,295.0,14.0,0.0,1374.0,0.0
200,43,296.0,13.0,0.0,1375.0,0.0
200,43,297.0,10.0,0.0,1376.0,0.0
200,43,298.0,10.0,0.0,1379.0,0.0
200,43,299.0,10.0,0.0,1379.0,0.0
200,43,300.0,9.0,0.0,1379.0,0.0
200,43,301.0,9.0,0.0,1380.0,0.0
200,43,302.0,9.0,0.0,1380.0,0.0
200,43,303.0,7.0,0.0,1380.0,0.0
200,43,304.0,7.0,0.0,1382.0,0.0
200,43,305.0,7.0,0.0,1382.0,0.0
200,43,306.0,6.0,0.0,1382.0,0.0
200,43,307.0,5.0,0.0,1383.0,0.0
200,43,308.0,4.0,0.0,1384.0,0.0
200,43,309.0,4.0,0.0,1385.0,0.0
200,43,310.0,4.0,0.0,1385.0,0.0
200,43,311.0,2.0,0.0,1385.0,0.0
200,43,312.0,2.0,0.0,1387.0,0.0
200,43,313.0,2.0,0.0,1387.0,0.0
200,43,314.0,0.0,0.0,1387.0,0.0
200,43,315.0,0.0,0.0,1389.0,0.0
200,44,0.0,5.0,0.0,0.0,0.0
200,44,1.0,11.0,0.0,0.0,0.0
200,44,2.0,17.0,0.0,0.0,0.0
200,44,3.0,21.0,0.0,0.0,0.0
200,44,4.0,23.0,0.0,0.0,0.0
200,44,5.0,28.0,0.0,0.0,0.0
200,44,6.0,30.0,0.0,0.0,0.0
200,44,7.0,37.0,0.0,0.0,0.0
200,44,8.0,41.0,0.0,0.0,0.0
200,44,9.0,50.0,0.0,0.0,0.0
200,44,10.0,56.0,0.0,0.0,0.0
200,44,11.0,61.0,0.0,0.0,0.0
200,44,12.0,66.0,0.0,0.0,0.0
200,44,13.0,73.0,0.0,0.0,0.0
200,44,14.0,77.0,0.0,0.0,0.0
200,44,15.0,84.0,0.0,0.0,0.0
200,44,16.0,87.0,0.0,0.0,0.0
200,44,17.0,92.0,0.0,0.0,0.0
200,44,18.0,97.0,0.0,1.0,0.0
200,44,19.0,102.0,0.0,1.0,0.0
200,44,20.0,107.0,0.0,3.0,0.0
200,44,21.0,113.0,0.0,3.0,0.0
200,44,22.0,118.0,0.0,4.0,0.0
200,44,23.0,122.0,0.0,7.0,0.0
200,44,24.0,126.0,0.0,8.0,0.0
200,44,25.0,135.0,0.0,10.0,0.0
200,44,26.0,137.0,0.0,12.0,0.0
200,44,27.0,141.0,0.0,14.0,0.0
200,44,28.0,144.0,0.0,15.0,0.0
200,44,29.0,144.0,0.0,18.0,0.0
200,44,30.0,144.0,0.0,22.0,0.0
200,44,31.0,150.0,0.0,24.0,0.0
200,44,32.0,150.0,0.0,27.0,0.0
200,44,33.0,152.0,0.0,32.0,0.0
200,44,34.0,156.0,0.0,34.0,0.0
200,44,35.0,159.0,0.0,36.0,0.0
200,44,36.0,160.0,0.0,39.0,0.0
200,44,37.0,164.0,0.0,41.0,0.0
200,44,38.0,165.0,0.0,47.0,0.0
200,44,39.0,169.0,0.0,51.0,0.0
200,44,40.0,167.0,0.0,54.0,0.0
200,44,41.0,169.0,0.0,60.0,0.0
200,44,42.0,172.0,0.0,62.0,0.0
200,44,43.0,169.0,0.0,65.0,0.0
200,44,44.0,171.0,0.0,73.0,0.0
200,44,45.0,174.0,0.0,79.0,0.0
200,44,46.0,179.0,0.0,82.0,0.0
200,44,47.0,178.0,0.0,84.0,0.0
200,44,48.0,175.0,0.0,90.0,0.0
200,44,49.0,171.0,0.0,96.0,0.0
200,44,50.0,171.0,0.0,105.0,0.0
200,44,51.0,174.0,0.0,109.0,0.0
200,44,52.0,176.0,0.0,113.0,0.0
200,44,53.0,178.0,0.0,120.0,0.0
200,44,54.0,177.0,0.0,125.0,0.0
200,44,55.0,172.0,0.0,132.0,0.0
200,44,56.0,172.0,0.0,139.0,0.0
200,44,57.0,175.0,0.0,144.0,0.0
200,44,58.0,177.0,0.0,147.0,0.0
200,44,59.0,177.0,0.0,149.0,0.0
200,44,60.0,178.0,0.0,155.0,0.0
200,44,61.0,179.0,0.0,161.0,0.0
200,44,62.0,180.0,0.0,169.0,0.0
200,44,63.0,181.0,0.0,175.0,0.0
200,44,64.0,177.0,0.0,179.0,0.0
200,44,65.0,175.0,0.0,188.0,0.0
200,44,66.0,173.0,0.0,192.0,0.0
200,44,67.0,168.0,0.0,201.0,0.0
200,44,68.0,164.0,0.0,210.0,0.0
200,44,69.0,168.0,0.0,220.0,0.0
200,44,70.0,166.0,0.0,225.0,0.0
200,44,71.0,164.0,0.0,231.0,0.0
200,44,72.0,168.0,0.0,238.0,0.0
200,44,73.0,170.0,0.0,239.0,0.0
200,44,74.0,169.0,0.0,244.0,0.0
200,44,75.0,168.0,0.0,250.0,0.0
200,44,76.0,171.0,0.0,258.0,0.0
200,44,77.0,167.0,0.0,262.0,0.0
200,44,78.0,164.0,0.0,269.0,0.0
200,44,79.0,165.0,0.0,274.0,0.0
200,44,80.0,167.0,0.0,279.0,0.0
200,44,81.0,171.0,0.0,283.0,0.0
200,44,82.0,171.0,0.0,285.0,0.0
200,44,83.0,173.0,0.0,293.0,0.0
200,44,84.0,169.0,0.0,300.0,0.0
200,44,85.0,171.0,0.0,308.0,0.0
200,44,86.0,171.0,0.0,313.0,0.0
200,44,87.0,172.0,0.0,318.0,0.0
200,44,88.0,171.0,0.0,324.0,0.0
200,44,89.0,171.0,0.0,328.0,0.0
200,44,90.0,169.0,0.0,331.0,0.0
200,44,91.0,162.0,0.0,337.0,0.0
200,44,92.0,158.0,0.0,346.0,0.0
200,44,93.0,157.0,0.0,355.0,0.0
200,44,94.0,160.0,0.0,362.0,0.0
200,44,95.0,164.0,0.0,365.0,0.0
200,44,96.0,162.0,0.0,371.0,0.0
200,44,97.0,161.0,0.0,376.0,0.0
200,44,98.0,163.0,0.0,380.0,0.0
200,44,99.0,160.0,0.0,386.0,0.0
200,44,100.0,165.0,0.0,393.0,0.0
200,44,101.0,170.0,0.0,394.0,0.0
200,44,102.0,162.0,0.0,395.0,0.0
200,44,103.0,164.0,0.0,406.0,0.0
200,44,104.0,162.0,0.0,412.0,0.0
200,44,105.0,164.0,0.0,417.0,0.0
200,44,106.0,170.0,0.0,422.0,0.0
200,44,107.0,173.0,0.0,425.0,0.0
200,44,108.0,177.0,0.0,428.0,0.0
200,44,109.0,176.0,0.0,432.0,0.0
200,44,110.0,170.0,0.0,439.0,0.0
200,44,111.0,170.0,0.0,447.0,0.0
200,44,112.0,167.0,0.0,450.0,0.0
200,44,113.0,164.0,0.0,455.0,0.0
200,44,114.0,164.0,0.0,463.0,0.0
200,44,115.0,164.0,0.0,468.0,0.0
200,44,116.0,159.0,0.0,474.0,0.0
200,44,117.0,164.0,0.0,482.0,0.0
200,44,118.0,165.0,0.0,485.0,0.0
200,44,119.0,165.0,0.0,489.0,0.0
200,44,120.0,165.0,0.0,494.0,0.0
200,44,121.0,167.0,0.0,500.0,0.0
200,44,122.0,166.0,0.0,503.0,0.0
200,44,123.0,161.0,0.0,508.0,0.0
200,44,124.0,165.0,0.0,517.0,0.0
200,44,125.0,165.0,0.0,519.0,0.0
200,44,126.0,167.0,0.0,525.0,0.0
200,44,127.0,168.0,0.0,531.0,0.0
200,44,128.0,168.0,0.0,534.0,0.0
200,44,129.0,163.0,0.0,539.0,0.0
200,44,130.0,161.0,0.0,548.0,0.0
200,44,131.0,163.0,0.0,554.0,0.0
200,44,132.0,164.0,0.0,558.0,0.0
200,44,133.0,170.0,0.0,562.0,0.0
200,44,134.0,175.0,0.0,567.0,0.0
200,44,135.0,171.0,0.0,569.0,0.0
200,44,136.0,174.0,0.0,576.0,0.0
200,44,137.0,175.0,0.0,582.0,0.0
200,44,138.0,176.0,0.0,586.0,0.0
200,44,139.0,172.0,0.0,591.0,0.0
200,44,140.0,175.0,0.0,600.0,0.0
200,44,141.0,176.0,0.0,606.0,0.0
200,44,142.0,173.0,0.0,610.0,0.0
200,44,143.0,171.0,0.0,620.0,0.0
200,44,144.0,172.0,0.0,628.0,0.0
200,44,145.0,172.0,0.0,635.0,0.0
200,44,146.0,171.0,0.0,640.0,0.0
200,44,147.0,170.0,0.0,647.0,0.0
200,44,148.0,172.0,0.0,654.0,0.0
200,44,149.0,176.0,0.0,657.0,0.0
200,44,150.0,177.0,0.0,658.0,0.0
200,44,151.0,176.0,0.0,661.0,0.0
200,44,152.0,171.0,0.0,667.0,0.0
200,44,153.0,168.0,0.0,675.0,0.0
200,44,154.0,165.0,0.0,680.0,0.0
200,44,155.0,168.0,0.0,687.0,0.0
200,44,156.0,174.0,0.0,690.0,0.0
200,44,157.0,176.0,0.0,692.0,0.0
200,44,158.0,173.0,0.0,698.0,0.0
200,44,159.0,170.0,0.0,707.0,0.0
200,44,160.0,162.0,0.0,714.0,0.0
200,44,161.0,165.0,0.0,724.0,0.0
200,44,162.0,165.0,0.0,727.0,0.0
200,44,163.0,160.0,0.0,731.0,0.0
200,44,164.0,160.0,0.0,740.0,0.0
200,44,165.0,164.0,0.0,745.0,0.0
200,44,166.0,163.0,0.0,749.0,0.0
200,44,167.0,162.0,0.0,754.0,0.0
200,44,168.0,164.0,0.0,761.0,0.0
200,44,169.0,166.0,0.0,767.0,0.0
200,44,170.0,165.0,0.0,771.0,0.0
200,44,171.0,163.0,0.0,775.0,0.0
200,44,172.0,164.0,0.0,783.0,0.0
200,44,173.0,162.0,0.0,786.0,0.0
200,44,174.0,164.0,0.0,789.0,0.0
200,44,175.0,165.0,0.0,792.0,0.0
200,44,176.0,166.0,0.0,798.0,0.0
200,44,177.0,164.0,0.0,801.0,0.0
200,44,178.0,169.0,0.0,809.0,0.0
200,44,179.0,169.0,0.0,811.0,0.0
200,44,180.0,164.0,0.0,818.0,0.0
200,44,181.0,159.0,0.0,826.0,0.0
200,44,182.0,160.0,0.0,832.0,0.0
200,44,183.0,160.0,0.0,835.0,0.0
200,44,184.0,162.0,0.0,843.0,0.0
200,44,185.0,162.0,0.0,849.0,0.0
200,44,186.0,162.0,0.0,854.0,0.0
200,44,187.0,161.0,0.0,857.0,0.0
200,44,188.0,162.0,0.0,863.0,0.0
200,44,189.0,162.0,0.0,867.0,0.0
200,44,190.0,157.0,0.0,872.0,0.0
200,44,191.0,159.0,0.0,881.0,0.0
200,44,192.0,161.0,0.0,886.0,0.0
200,44,193.0,165.0,0.0,892.0,0.0
200,44,194.0,166.0,0.0,895.0,0.0
200,44,195.0,167.0,0.0,900.0,0.0
200,44,196.0,166.0,0.0,902.0,0.0
200,44,197.0,168.0,0.0,906.0,0.0
200,44,198.0,165.0,0.0,910.0,0.0
200,44,199.0,168.0,0.0,916.0,0.0
200,44,200.0,166.0,0.0,918.0,0.0
200,44,201.0,170.0,0.0,925.0,0.0
200,44,202.0,166.0,0.0,929.0,0.0
200,44,203.0,165.0,0.0,938.0,0.0
200,44,204.0,164.0,0.0,945.0,0.0
200,44,205.0,162.0,0.0,951.0,0.0
200,44,206.0,164.0,0.0,958.0,0.0
200,44,207.0,162.0,0.0,962.0,0.0
200,44,208.0,166.0,0.0,969.0,0.0
200,44,209.0,165.0,0.0,971.0,0.0
200,44,210.0,172.0,0.0,978.0,0.0
200,44,211.0,172.0,0.0,984.0,0.0
200,44,212.0,172.0,0.0,988.0,0.0
200,44,213.0,172.0,0.0,993.0,0.0
200,44,214.0,168.0,0.0,998.0,0.0
200,44,215.0,172.0,0.0,1005.0,0.0
200,44,216.0,173.0,0.0,1007.0,0.0
200,44,217.0,173.0,0.0,1010.0,0.0
200,44,218.0,173.0,0.0,1016.0,0.0
200,44,219.0,177.0,0.0,1025.0,0.0
200,44,220.0,173.0,0.0,1026.0,0.0
200,44,221.0,173.0,0.0,1034.0,0.0
200,44,222.0,172.0,0.0,1037.0,0.0
200,44,223.0,176.0,0.0,1044.0,0.0
200,44,224.0,176.0,0.0,1050.0,0.0
200,44,225.0,178.0,0.0,1055.0,0.0
200,44,226.0,175.0,0.0,1060.0,0.0
200,44,227.0,171.0,0.0,1069.0,0.0
200,44,228.0,169.0,0.0,1078.0,0.0
200,44,229.0,169.0,0.0,1086.0,0.0
200,44,230.0,168.0,0.0,1094.0,0.0
200,44,231.0,168.0,0.0,1101.0,0.0
200,44,232.0,170.0,0.0,1105.0,0.0
200,44,233.0,170.0,0.0,1110.0,0.0
200,44,234.0,167.0,0.0,1114.0,0.0
200,44,235.0,166.0,0.0,1122.0,0.0
200,44,236.0,165.0,0.0,1127.0,0.0
200,44,237.0,167.0,0.0,1137.0,0.0
200,44,238.0,170.0,0.0,1140.0,0.0
200,44,239.0,169.0,0.0,1143.0,0.0
200,44,240.0,165.0,0.0,1150.0,0.0
200,44,241.0,165.0,0.0,1159.0,0.0
200,44,242.0,161.0,0.0,1161.0,0.0
200,44,243.0,162.0,0.0,1169.0,0.0
200,44,244.0,160.0,0.0,1174.0,0.0
200,44,245.0,160.0,0.0,1179.0,0.0
200,44,246.0,165.0,0.0,1185.0,0.0
200,44,247.0,165.0,0.0,1187.0,0.0
200,44,248.0,163.0,0.0,1194.0,0.0
200,44,249.0,160.0,0.0,1200.0,0.0
200,44,250.0,161.0,0.0,1209.0,0.0
200,44,251.0,155.0,0.0,1214.0,0.0
200,44,252.0,149.0,0.0,1220.0,0.0
200,44,253.0,141.0,0.0,1226.0,0.0
200,44,254.0,135.0,0.0,1234.0,0.0
200,44,255.0,129.0,0.0,1240.0,0.0
200,44,256.0,126.0,0.0,1246.0,0.0
200,44,257.0,122.0,0.0,1249.0,0.0
200,44,258.0,117.0,0.0,1253.0,0.0
200,44,259.0,113.0,0.0,1258.0,0.0
200,44,260.0,110.0,0.0,1262.0,0.0
200,44,261.0,107.0,0.0,1265.0,0.0
200,44,262.0,98.0,0.0,1268.0,0.0
200,44,263.0,94.0,0.0,1277.0,0.0
200,44,264.0,92.0,0.0,1281.0,0.0
200,44,265.0,89.0,0.0,1283.0,0.0
200,44,266.0,81.0,0.0,1286.0,0.0
200,44,267.0,73.0,0.0,1294.0,0.0
200,44,268.0,67.0,0.0,1302.0,0.0
200,44,269.0,57.0,0.0,1308.0,0.0
200,44,270.0,54.0,0.0,1318.0,0.0
200,44,271.0,50.0,0.0,1321.0,0.0
200,44,272.0,48.0,0.0,1325.0,0.0
200,44,273.0,44.0,0.0,1327.0,0.0
200,44,274.0,39.0,0.0,1331.0,0.0
200,44,275.0,36.0,0.0,1336.0,0.0
200,44,276.0,33.0,0.0,1339.0,0.0
200,44,277.0,31.0,0.0,1342.0,0.0
200,44,278.0,27.0,0.0,1344.0,0.0
200,44,279.0,22.0,0.0,1348.0,0.0
200,44,280.0,21.0,0.0,1353.0,0.0
200,44,281.0,19.0,0.0,1354.0,0.0
200,44,282.0,19.0,0.0,1356.0,0.0
200,44,283.0,16.0,0.0,1356.0,0.0
200,44,284.0,15.0,0.0,1359.0,0.0
200,44,285.0,14.0,0.0,1360.0,0.0
200,44,286.0,13.0,0.0,1361.0,0.0
200,44,287.0,11.0,0.0,1362.0,0.0
200,44,288.0,10.0,0.0,1364.0,0.0
200,44,289.0,9.0,0.0,1365.0,0.0
200,44,290.0,8.0,0.0,1366.0,0.0
200,44,291.0,8.0,0.0,1367.0,0.0
200,44,292.0,8.0,0.0,1367.0,0.0
200,44,293.0,8.0,0.0,1367.0,0.0
200,44,294.0,7.0,0.0,1367.0,0.0
200,44,295.0,7.0,0.0,1368.0,0.0
200,44,296.0,7.0,0.0,1368.0,0.0
200,44,297.0,5.0,0.0,1368.0,0.0
200,44,298.0,5.0,0.0,1370.0,0.0
200,44,299.0,5.0,0.0,1370.0,0.0
200,44,300.0,5.0,0.0,1370.0,0.0
200,44,301.0,5.0,0.0,1370.0,0.0
200,44,302.0,5.0,0.0,1370.0,0.0
200,44,303.0,4.0,0.0,1370.0,0.0
200,44,304.0,4.0,0.0,1371.0,0.0
200,44,305.0,4.0,0.0,1371.0,0.0
200,44,306.0,3.0,0.0,1371.0,0.0
200,44,307.0,3.0,0.0,1372.0,0.0
200,44,308.0,3.0,0.0,1372.0,0.0
200,44,309.0,3.0,0.0,1372.0,0.0
200,44,310.0,2.0,0.0,1372.0,0.0
200,44,311.0,2.0,0.0,1373.0,0.0
200,44,312.0,2.0,0.0,1373.0,0.0
200,44,313.0,2.0,0.0,1373.0,0.0
200,44,314.0,2.0,0.0,1373.0,0.0
200,44,315.0,2.0,0.0,1373.0,0.0
200,44,316.0,1.0,0.0,1373.0,0.0
200,44,317.0,1.0,0.0,1374.0,0.0
200,44,318.0,0.0,0.0,1374.0,0.0
200,44,319.0,0.0,0.0,1375.0,0.0
210,45,0.0,7.0,0.0,0.0,0.0
210,45,1.0,13.0,0.0,0.0,0.0
210,45,2.0,16.0,0.0,0.0,0.0
210,45,3.0,18.0,0.0,0.0,0.0
210,45,4.0,21.0,0.0,0.0,0.0
210,45,5.0,26.0,0.0,0.0,0.0
210,45,6.0,32.0,0.0,0.0,0.0
210,45,7.0,36.0,0.0,0.0,0.0
210,45,8.0,39.0,0.0,0.0,0.0
210,45,9.0,45.0,0.0,0.0,0.0
210,45,10.0,51.0,0.0,0.0,0.0
210,45,11.0,54.0,0.0,0.0,0.0
210,45,12.0,60.0,0.0,0.0,0.0
210,45,13.0,64.0,0.0,0.0,0.0
210,45,14.0,71.0,0.0,0.0,0.0
210,45,15.0,75.0,0.0,0.0,0.0
210,45,16.0,81.0,0.0,1.0,0.0
210,45,17.0,84.0,0.0,1.0,0.0
210,45,18.0,89.0,0.0,2.0,0.0
210,45,19.0,89.0,0.0,2.0,0.0
210,45,20.0,93.0,0.0,5.0,0.0
210,45,21.0,98.0,0.0,6.0,0.0
210,45,22.0,104.0,0.0,7.0,0.0
210,45,23.0,111.0,0.0,9.0,0.0
210,45,24.0,118.0,0.0,9.0,0.0
210,45,25.0,122.0,0.0,12.0,0.0
210,45,26.0,128.0,0.0,13.0,0.0
210,45,27.0,129.0,0.0,14.0,0.0
210,45,28.0,129.0,0.0,16.0,0.0
210,45,29.0,131.0,0.0,20.0,0.0
210,45,30.0,131.0,0.0,22.0,0.0
210,45,31.0,133.0,0.0,25.0,0.0
210,45,32.0,131.0,0.0,30.0,0.0
210,45,33.0,134.0,0.0,37.0,0.0
210,45,34.0,134.0,0.0,41.0,0.0
210,45,35.0,135.0,0.0,46.0,0.0
210,45,36.0,133.0,0.0,49.0,0.0
210,45,37.0,137.0,0.0,55.0,0.0
210,45,38.0,136.0,0.0,57.0,0.0
210,45,39.0,139.0,0.0,61.0,0.0
210,45,40.0,141.0,0.0,66.0,0.0
210,45,41.0,138.0,0.0,69.0,0.0
210,45,42.0,146.0,0.0,76.0,0.0
210,45,43.0,151.0,0.0,78.0,0.0
210,45,44.0,153.0,0.0,82.0,0.0
210,45,45.0,159.0,0.0,85.0,0.0
210,45,46.0,152.0,0.0,89.0,0.0
210,45,47.0,152.0,0.0,98.0,0.0
210,45,48.0,154.0,0.0,105.0,0.0
210,45,49.0,152.0,0.0,110.0,0.0
210,45,50.0,150.0,0.0,116.0,0.0
210,45,51.0,153.0,0.0,121.0,0.0
210,45,52.0,157.0,0.0,125.0,0.0
210,45,53.0,162.0,0.0,129.0,0.0
210,45,54.0,163.0,0.0,132.0,0.0
210,45,55.0,163.0,0.0,137.0,0.0
210,45,56.0,164.0,0.0,142.0,0.0
210,45,57.0,164.0,0.0,147.0,0.0
210,45,58.0,168.0,0.0,152.0,0.0
210,45,59.0,167.0,0.0,156.0,0.0
210,45,60.0,167.0,0.0,160.0,0.0
210,45,61.0,162.0,0.0,163.0,0.0
210,45,62.0,165.0,0.0,170.0,0.0
210,45,63.0,166.0,0.0,173.0,0.0
210,45,64.0,170.0,0.0,176.0,0.0
210,45,65.0,168.0,0.0,179.0,0.0
210,45,66.0,168.0,0.0,185.0,0.0
210,45,67.0,166.0,0.0,191.0,0.0
210,45,68.0,163.0,0.0,198.0,0.0
210,45,69.0,162.0,0.0,204.0,0.0
210,45,70.0,165.0,0.0,209.0,0.0
210,45,71.0,168.0,0.0,212.0,0.0
210,45,72.0,163.0,0.0,215.0,0.0
210,45,73.0,161.0,0.0,226.0,0.0
210,45,74.0,161.0,0.0,231.0,0.0
210,45,75.0,163.0,0.0,238.0,0.0
210,45,76.0,160.0,0.0,242.0,0.0
210,45,77.0,160.0,0.0,246.0,0.0
210,45,78.0,161.0,0.0,252.0,0.0
210,45,79.0,159.0,0.0,256.0,0.0
210,45,80.0,162.0,0.0,264.0,0.0
210,45,81.0,164.0,0.0,269.0,0.0
210,45,82.0,166.0,0.0,275.0,0.0
210,45,83.0,166.0,0.0,278.0,0.0
210,45,84.0,169.0,0.0,284.0,0.0
210,45,85.0,165.0,0.0,288.0,0.0
210,45,86.0,169.0,0.0,295.0,0.0
210,45,87.0,168.0,0.0,296.0,0.0
210,45,88.0,167.0,0.0,301.0,0.0
210,45,89.0,164.0,0.0,308.0,0.0
210,45,90.0,162.0,0.0,315.0,0.0
210,45,91.0,162.0,0.0,318.0,0.0
210,45,92.0,161.0,0.0,324.0,0.0
210,45,93.0,163.0,0.0,330.0,0.0
210,45,94.0,167.0,0.0,334.0,0.0
210,45,95.0,169.0,0.0,339.0,0.0
210,45,96.0,172.0,0.0,343.0,0.0
210,45,97.0,175.0,0.0,347.0,0.0
210,45,98.0,178.0,0.0,352.0,0.0
210,45,99.0,180.0,0.0,355.0,0.0
210,45,100.0,181.0,0.0,361.0,0.0
210,45,101.0,181.0,0.0,364.0,0.0
210,45,102.0,178.0,0.0,371.0,0.0
210,45,103.0,179.0,0.0,376.0,0.0
210,45,104.0,181.0,0.0,385.0,0.0
210,45,105.0,177.0,0.0,391.0,0.0
210,45,106.0,174.0,0.0,397.0,0.0
210,45,107.0,173.0,0.0,404.0,0.0
210,45,108.0,173.0,0.0,413.0,0.0
210,45,109.0,170.0,0.0,418.0,0.0
210,45,110.0,165.0,0.0,423.0,0.0
210,45,111.0,168.0,0.0,433.0,0.0
210,45,112.0,172.0,0.0,438.0,0.0
210,45,113.0,167.0,0.0,442.0,0.0
210,45,114.0,165.0,0.0,450.0,0.0
210,45,115.0,168.0,0.0,456.0,0.0
210,45,116.0,170.0,0.0,460.0,0.0
210,45,117.0,165.0,0.0,465.0,0.0
210,45,118.0,164.0,0.0,473.0,0.0
210,45,119.0,164.0,0.0,480.0,0.0
210,45,120.0,166.0,0.0,485.0,0.0
210,45,121.0,164.0,0.0,491.0,0.0
210,45,122.0,169.0,0.0,498.0,0.0
210,45,123.0,172.0,0.0,500.0,0.0
210,45,124.0,168.0,0.0,503.0,0.0
210,45,125.0,168.0,0.0,511.0,0.0
210,45,126.0,167.0,0.0,519.0,0.0
210,45,127.0,171.0,0.0,524.0,0.0
210,45,128.0,171.0,0.0,527.0,0.0
210,45,129.0,173.0,0.0,533.0,0.0
210,45,130.0,172.0,0.0,537.0,0.0
210,45,131.0,177.0,0.0,544.0,0.0
210,45,132.0,181.0,0.0,548.0,0.0
210,45,133.0,174.0,0.0,550.0,0.0
210,45,134.0,170.0,0.0,560.0,0.0
210,45,135.0,171.0,0.0,568.0,0.0
210,45,136.0,172.0,0.0,573.0,0.0
210,45,137.0,173.0,0.0,578.0,0.0
210,45,138.0,177.0,0.0,584.0,0.0
210,45,139.0,182.0,0.0,587.0,0.0
210,45,140.0,187.0,0.0,590.0,0.0
210,45,141.0,188.0,0.0,592.0,0.0
210,45,142.0,190.0,0.0,595.0,0.0
210,45,143.0,189.0,0.0,602.0,0.0
210,45,144.0,185.0,0.0,607.0,0.0
210,45,145.0,181.0,0.0,616.0,0.0
210,45,146.0,180.0,0.0,623.0,0.0
210,45,147.0,178.0,0.0,631.0,0.0
210,45,148.0,176.0,0.0,638.0,0.0
210,45,149.0,175.0,0.0,645.0,0.0
210,45,150.0,177.0,0.0,652.0,0.0
210,45,151.0,182.0,0.0,656.0,0.0
210,45,152.0,181.0,0.0,657.0,0.0
210,45,153.0,177.0,0.0,661.0,0.0
210,45,154.0,176.0,0.0,670.0,0.0
210,45,155.0,171.0,0.0,675.0,0.0
210,45,156.0,173.0,0.0,685.0,0.0
210,45,157.0,176.0,0.0,690.0,0.0
210,45,158.0,177.0,0.0,695.0,0.0
210,45,159.0,174.0,0.0,698.0,0.0
210,45,160.0,166.0,0.0,703.0,0.0
210,45,161.0,166.0,0.0,713.0,0.0
210,45,162.0,166.0,0.0,721.0,0.0
210,45,163.0,163.0,0.0,726.0,0.0
210,45,164.0,163.0,0.0,732.0,0.0
210,45,165.0,165.0,0.0,736.0,0.0
210,45,166.0,164.0,0.0,742.0,0.0
210,45,167.0,163.0,0.0,747.0,0.0
210,45,168.0,166.0,0.0,755.0,0.0
210,45,169.0,167.0,0.0,758.0,0.0
210,45,170.0,163.0,0.0,764.0,0.0
210,45,171.0,163.0,0.0,774.0,0.0
210,45,172.0,163.0,0.0,779.0,0.0
210,45,173.0,164.0,0.0,784.0,0.0
210,45,174.0,168.0,0.0,787.0,0.0
210,45,175.0,173.0,0.0,791.0,0.0
210,45,176.0,171.0,0.0,795.0,0.0
210,45,177.0,172.0,0.0,803.0,0.0
210,45,178.0,170.0,0.0,807.0,0.0
210,45,179.0,171.0,0.0,813.0,0.0
210,45,180.0,172.0,0.0,817.0,0.0
210,45,181.0,172.0,0.0,820.0,0.0
210,45,182.0,172.0,0.0,824.0,0.0
210,45,183.0,176.0,0.0,829.0,0.0
210,45,184.0,180.0,0.0,833.0,0.0
210,45,185.0,185.0,0.0,838.0,0.0
210,45,186.0,185.0,0.0,843.0,0.0
210,45,187.0,183.0,0.0,848.0,0.0
210,45,188.0,181.0,0.0,854.0,0.0
210,45,189.0,181.0,0.0,863.0,0.0
210,45,190.0,182.0,0.0,870.0,0.0
210,45,191.0,179.0,0.0,874.0,0.0
210,45,192.0,175.0,0.0,884.0,0.0
210,45,193.0,174.0,0.0,893.0,0.0
210,45,194.0,176.0,0.0,898.0,0.0
210,45,195.0,177.0,0.0,900.0,0.0
210,45,196.0,182.0,0.0,903.0,0.0
210,45,197.0,180.0,0.0,907.0,0.0
210,45,198.0,175.0,0.0,914.0,0.0
210,45,199.0,177.0,0.0,922.0,0.0
210,45,200.0,177.0,0.0,927.0,0.0
210,45,201.0,177.0,0.0,933.0,0.0
210,45,202.0,178.0,0.0,940.0,0.0
210,45,203.0,174.0,0.0,945.0,0.0
210,45,204.0,170.0,0.0,952.0,0.0
210,45,205.0,164.0,0.0,960.0,0.0
210,45,206.0,163.0,0.0,969.0,0.0
210,45,207.0,167.0,0.0,974.0,0.0
210,45,208.0,164.0,0.0,978.0,0.0
210,45,209.0,166.0,0.0,983.0,0.0
210,45,210.0,165.0,0.0,987.0,0.0
210,45,211.0,166.0,0.0,991.0,0.0
210,45,212.0,163.0,0.0,998.0,0.0
210,45,213.0,164.0,0.0,1003.0,0.0
210,45,214.0,169.0,0.0,1008.0,0.0
210,45,215.0,172.0,0.0,1011.0,0.0
210,45,216.0,174.0,0.0,1015.0,0.0
210,45,217.0,176.0,0.0,1018.0,0.0
210,45,218.0,178.0,0.0,1022.0,0.0
210,45,219.0,177.0,0.0,1026.0,0.0
210,45,220.0,177.0,0.0,1033.0,0.0
210,45,221.0,180.0,0.0,1038.0,0.0
210,45,222.0,180.0,0.0,1042.0,0.0
210,45,223.0,181.0,0.0,1048.0,0.0
210,45,224.0,178.0,0.0,1052.0,0.0
210,45,225.0,179.0,0.0,1059.0,0.0
210,45,226.0,182.0,0.0,1062.0,0.0
210,45,227.0,181.0,0.0,1068.0,0.0
210,45,228.0,181.0,0.0,1073.0,0.0
210,45,229.0,179.0,0.0,1079.0,0.0
210,45,230.0,171.0,0.0,1084.0,0.0
210,45,231.0,170.0,0.0,1095.0,0.0
210,45,232.0,168.0,0.0,1100.0,0.0
210,45,233.0,168.0,0.0,1108.0,0.0
210,45,234.0,167.0,0.0,1110.0,0.0
210,45,235.0,169.0,0.0,1116.0,0.0
210,45,236.0,170.0,0.0,1120.0,0.0
210,45,237.0,167.0,0.0,1125.0,0.0
210,45,238.0,163.0,0.0,1133.0,0.0
210,45,239.0,158.0,0.0,1143.0,0.0
210,45,240.0,167.0,0.0,1153.0,0.0
210,45,241.0,169.0,0.0,1156.0,0.0
210,45,242.0,166.0,0.0,1159.0,0.0
210,45,243.0,165.0,0.0,1164.0,0.0
210,45,244.0,163.0,0.0,1169.0,0.0
210,45,245.0,158.0,0.0,1176.0,0.0
210,45,246.0,152.0,0.0,1184.0,0.0
210,45,247.0,155.0,0.0,1194.0,0.0
210,45,248.0,153.0,0.0,1200.0,0.0
210,45,249.0,155.0,0.0,1208.0,0.0
210,45,250.0,159.0,0.0,1213.0,0.0
210,45,251.0,155.0,0.0,1216.0,0.0
210,45,252.0,152.0,0.0,1220.0,0.0
210,45,253.0,147.0,0.0,1223.0,0.0
210,45,254.0,139.0,0.0,1228.0,0.0
210,45,255.0,134.0,0.0,1236.0,0.0
210,45,256.0,130.0,0.0,1241.0,0.0
210,45,257.0,123.0,0.0,1245.0,0.0
210,45,258.0,122.0,0.0,1252.0,0.0
210,45,259.0,118.0,0.0,1253.0,0.0
210,45,260.0,111.0,0.0,1257.0,0.0
210,45,261.0,108.0,0.0,1264.0,0.0
210,45,262.0,99.0,0.0,1267.0,0.0
210,45,263.0,95.0,0.0,1276.0,0.0
210,45,264.0,89.0,0.0,1280.0,0.0
210,45,265.0,84.0,0.0,1286.0,0.0
210,45,266.0,80.0,0.0,1291.0,0.0
210,45,267.0,70.0,0.0,1295.0,0.0
210,45,268.0,65.0,0.0,1305.0,0.0
210,45,269.0,57.0,0.0,1310.0,0.0
210,45,270.0,50.0,0.0,1318.0,0.0
210,45,271.0,49.0,0.0,1325.0,0.0
210,45,272.0,42.0,0.0,1326.0,0.0
210,45,273.0,39.0,0.0,1333.0,0.0
210,45,274.0,37.0,0.0,1336.0,0.0
210,45,275.0,35.0,0.0,1338.0,0.0
210,45,276.0,34.0,0.0,1340.0,0.0
210,45,277.0,32.0,0.0,1341.0,0.0
210,45,278.0,27.0,0.0,1343.0,0.0
210,45,279.0,23.0,0.0,1348.0,0.0
210,45,280.0,21.0,0.0,1352.0,0.0
210,45,281.0,19.0,0.0,1354.0,0.0
210,45,282.0,13.0,0.0,1356.0,0.0
210,45,283.0,12.0,0.0,1362.0,0.0
210,45,284.0,12.0,0.0,1363.0,0.0
210,45,285.0,12.0,0.0,1363.0,0.0
210,45,286.0,11.0,0.0,1363.0,0.0
210,45,287.0,11.0,0.0,1364.0,0.0
210,45,288.0,10.0,0.0,1364.0,0.0
210,45,289.0,10.0,0.0,1365.0,0.0
210,45,290.0,10.0,0.0,1365.0,0.0
210,45,291.0,10.0,0.0,1365.0,0.0
210,45,292.0,10.0,0.0,1365.0,0.0
210,45,293.0,10.0,0.0,1365.0,0.0
210,45,294.0,10.0,0.0,1365.0,0.0
210,45,295.0,8.0,0.0,1365.0,0.0
210,45,296.0,8.0,0.0,1367.0,0.0
210,45,297.0,7.0,0.0,1367.0,0.0
210,45,298.0,7.0,0.0,1368.0,0.0
210,45,299.0,7.0,0.0,1368.0,0.0
210,45,300.0,7.0,0.0,1368.0,0.0
210,45,301.0,6.0,0.0,1368.0,0.0
210,45,302.0,6.0,0.0,1369.0,0.0
210,45,303.0,6.0,0.0,1369.0,0.0
210,45,304.0,6.0,0.0,1369.0,0.0
210,45,305.0,6.0,0.0,1369.0,0.0
210,45,306.0,6.0,0.0,1369.0,0.0
210,45,307.0,5.0,0.0,1369.0,0.0
210,45,308.0,4.0,0.0,1370.0,0.0
210,45,309.0,4.0,0.0,1371.0,0.0
210,45,310.0,4.0,0.0,1371.0,0.0
210,45,311.0,3.0,0.0,1371.0,0.0
210,45,312.0,3.0,0.0,1372.0,0.0
210,45,313.0,3.0,0.0,1372.0,0.0
210,45,314.0,3.0,0.0,1372.0,0.0
210,45,315.0,3.0,0.0,1372.0,0.0
210,45,316.0,3.0,0.0,1372.0,0.0
210,45,317.0,1.0,0.0,1372.0,0.0
210,45,318.0,1.0,0.0,1374.0,0.0
210,45,319.0,1.0,0.0,1374.0,0.0
210,45,320.0,1.0,0.0,1374.0,0.0
210,45,321.0,0.0,0.0,1374.0,0.0
210,45,322.0,0.0,0.0,1375.0,0.0
210,46,0.0,7.0,0.0,0.0,0.0
210,46,1.0,12.0,0.0,0.0,0.0
210,46,2.0,19.0,0.0,0.0,0.0
210,46,3.0,25.0,0.0,0.0,0.0
210,46,4.0,31.0,0.0,0.0,0.0
210,46,5.0,41.0,0.0,0.0,0.0
210,46,6.0,44.0,0.0,0.0,0.0
210,46,7.0,51.0,0.0,0.0,0.0
210,46,8.0,62.0,0.0,0.0,0.0
210,46,9.0,70.0,0.0,0.0,0.0
210,46,10.0,73.0,0.0,0.0,0.0
210,46,11.0,76.0,0.0,0.0,0.0
210,46,12.0,81.0,0.0,1.0,0.0
210,46,13.0,84.0,0.0,1.0,0.0
210,46,14.0,88.0,0.0,1.0,0.0
210,46,15.0,95.0,0.0,1.0,0.0
210,46,16.0,99.0,0.0,1.0,0.0
210,46,17.0,100.0,0.0,1.0,0.0
210,46,18.0,103.0,0.0,3.0,0.0
210,46,19.0,107.0,0.0,4.0,0.0
210,46,20.0,113.0,0.0,4.0,0.0
210,46,21.0,117.0,0.0,4.0,0.0
210,46,22.0,116.0,0.0,6.0,0.0
210,46,23.0,120.0,0.0,10.0,0.0
210,46,24.0,123.0,0.0,14.0,0.0
210,46,25.0,128.0,0.0,17.0,0.0
210,46,26.0,129.0,0.0,20.0,0.0
210,46,27.0,133.0,0.0,24.0,0.0
210,46,28.0,132.0,0.0,26.0,0.0
210,46,29.0,132.0,0.0,31.0,0.0
210,46,30.0,132.0,0.0,36.0,0.0
210,46,31.0,135.0,0.0,39.0,0.0
210,46,32.0,134.0,0.0,41.0,0.0
210,46,33.0,141.0,0.0,47.0,0.0
210,46,34.0,140.0,0.0,50.0,0.0
210,46,35.0,143.0,0.0,55.0,0.0
210,46,36.0,141.0,0.0,60.0,0.0
210,46,37.0,141.0,0.0,66.0,0.0
210,46,38.0,142.0,0.0,70.0,0.0
210,46,39.0,149.0,0.0,72.0,0.0
210,46,40.0,145.0,0.0,75.0,0.0
210,46,41.0,146.0,0.0,82.0,0.0
210,46,42.0,150.0,0.0,87.0,0.0
210,46,43.0,152.0,0.0,88.0,0.0
210,46,44.0,152.0,0.0,94.0,0.0
210,46,45.0,154.0,0.0,97.0,0.0
210,46,46.0,153.0,0.0,101.0,0.0
210,46,47.0,153.0,0.0,106.0,0.0
210,46,48.0,157.0,0.0,109.0,0.0
210,46,49.0,155.0,0.0,112.0,0.0
210,46,50.0,150.0,0.0,117.0,0.0
210,46,51.0,149.0,0.0,125.0,0.0
210,46,52.0,158.0,0.0,132.0,0.0
210,46,53.0,159.0,0.0,134.0,0.0
210,46,54.0,159.0,0.0,141.0,0.0
210,46,55.0,155.0,0.0,146.0,0.0
210,46,56.0,157.0,0.0,154.0,0.0
210,46,57.0,157.0,0.0,159.0,0.0
210,46,58.0,157.0,0.0,165.0,0.0
210,46,59.0,157.0,0.0,170.0,0.0
210,46,60.0,152.0,0.0,175.0,0.0
210,46,61.0,153.0,0.0,182.0,0.0
210,46,62.0,157.0,0.0,186.0,0.0
210,46,63.0,157.0,0.0,190.0,0.0
210,46,64.0,166.0,0.0,199.0,0.0
210,46,65.0,168.0,0.0,201.0,0.0
210,46,66.0,169.0,0.0,203.0,0.0
210,46,67.0,172.0,0.0,207.0,0.0
210,46,68.0,176.0,0.0,210.0,0.0
210,46,69.0,178.0,0.0,213.0,0.0
210,46,70.0,177.0,0.0,216.0,0.0
210,46,71.0,176.0,0.0,221.0,0.0
210,46,72.0,175.0,0.0,230.0,0.0
210,46,73.0,178.0,0.0,235.0,0.0
210,46,74.0,182.0,0.0,238.0,0.0
210,46,75.0,178.0,0.0,241.0,0.0
210,46,76.0,183.0,0.0,249.0,0.0
210,46,77.0,179.0,0.0,250.0,0.0
210,46,78.0,179.0,0.0,256.0,0.0
210,46,79.0,181.0,0.0,263.0,0.0
210,46,80.0,179.0,0.0,268.0,0.0
210,46,81.0,182.0,0.0,275.0,0.0
210,46,82.0,179.0,0.0,277.0,0.0
210,46,83.0,178.0,0.0,285.0,0.0
210,46,84.0,179.0,0.0,289.0,0.0
210,46,85.0,175.0,0.0,299.0,0.0
210,46,86.0,172.0,0.0,309.0,0.0
210,46,87.0,174.0,0.0,317.0,0.0
210,46,88.0,173.0,0.0,324.0,0.0
210,46,89.0,170.0,0.0,329.0,0.0
210,46,90.0,170.0,0.0,336.0,0.0
210,46,91.0,172.0,0.0,343.0,0.0
210,46,92.0,174.0,0.0,349.0,0.0
210,46,93.0,176.0,0.0,353.0,0.0
210,46,94.0,173.0,0.0,357.0,0.0
210,46,95.0,172.0,0.0,366.0,0.0
210,46,96.0,167.0,0.0,371.0,0.0
210,46,97.0,165.0,0.0,378.0,0.0
210,46,98.0,167.0,0.0,384.0,0.0
210,46,99.0,167.0,0.0,389.0,0.0
210,46,100.0,163.0,0.0,394.0,0.0
210,46,101.0,163.0,0.0,403.0,0.0
210,46,102.0,166.0,0.0,407.0,0.0
210,46,103.0,164.0,0.0,410.0,0.0
210,46,104.0,165.0,0.0,417.0,0.0
210,46,105.0,164.0,0.0,423.0,0.0
210,46,106.0,162.0,0.0,428.0,0.0
210,46,107.0,157.0,0.0,433.0,0.0
210,46,108.0,155.0,0.0,441.0,0.0
210,46,109.0,154.0,0.0,447.0,0.0
210,46,110.0,152.0,0.0,454.0,0.0
210,46,111.0,154.0,0.0,460.0,0.0
210,46,112.0,151.0,0.0,464.0,0.0
210,46,113.0,151.0,0.0,469.0,0.0
210,46,114.0,153.0,0.0,475.0,0.0
210,46,115.0,150.0,0.0,483.0,0.0
210,46,116.0,149.0,0.0,491.0,0.0
210,46,117.0,147.0,0.0,498.0,0.0
210,46,118.0,148.0,0.0,504.0,0.0
210,46,119.0,143.0,0.0,508.0,0.0
210,46,120.0,143.0,0.0,517.0,0.0
210,46,121.0,142.0,0.0,520.0,0.0
210,46,122.0,147.0,0.0,526.0,0.0
210,46,123.0,147.0,0.0,528.0,0.0
210,46,124.0,147.0,0.0,533.0,0.0
210,46,125.0,148.0,0.0,538.0,0.0
210,46,126.0,146.0,0.0,540.0,0.0
210,46,127.0,150.0,0.0,547.0,0.0
210,46,128.0,153.0,0.0,553.0,0.0
210,46,129.0,162.0,0.0,555.0,0.0
210,46,130.0,159.0,0.0,556.0,0.0
210,46,131.0,158.0,0.0,563.0,0.0
210,46,132.0,162.0,0.0,567.0,0.0
210,46,133.0,159.0,0.0,572.0,0.0
210,46,134.0,166.0,0.0,579.0,0.0
210,46,135.0,169.0,0.0,581.0,0.0
210,46,136.0,168.0,0.0,583.0,0.0
210,46,137.0,170.0,0.0,588.0,0.0
210,46,138.0,170.0,0.0,591.0,0.0
210,46,139.0,166.0,0.0,595.0,0.0
210,46,140.0,165.0,0.0,605.0,0.0
210,46,141.0,172.0,0.0,612.0,0.0
210,46,142.0,172.0,0.0,616.0,0.0
210,46,143.0,171.0,0.0,620.0,0.0
210,46,144.0,168.0,0.0,626.0,0.0
210,46,145.0,168.0,0.0,633.0,0.0
210,46,146.0,170.0,0.0,637.0,0.0
210,46,147.0,168.0,0.0,644.0,0.0
210,46,148.0,168.0,0.0,648.0,0.0
210,46,149.0,169.0,0.0,653.0,0.0
210,46,150.0,171.0,0.0,659.0,0.0
210,46,151.0,173.0,0.0,663.0,0.0
210,46,152.0,172.0,0.0,666.0,0.0
210,46,153.0,172.0,0.0,672.0,0.0
210,46,154.0,170.0,0.0,676.0,0.0
210,46,155.0,168.0,0.0,681.0,0.0
210,46,156.0,170.0,0.0,688.0,0.0
210,46,157.0,166.0,0.0,694.0,0.0
210,46,158.0,166.0,0.0,704.0,0.0
210,46,159.0,168.0,0.0,711.0,0.0
210,46,160.0,170.0,0.0,714.0,0.0
210,46,161.0,171.0,0.0,717.0,0.0
210,46,162.0,170.0,0.0,722.0,0.0
210,46,163.0,169.0,0.0,728.0,0.0
210,46,164.0,170.0,0.0,735.0,0.0
210,46,165.0,167.0,0.0,742.0,0.0
210,46,166.0,169.0,0.0,749.0,0.0
210,46,167.0,170.0,0.0,755.0,0.0
210,46,168.0,172.0,0.0,761.0,0.0
210,46,169.0,173.0,0.0,766.0,0.0
210,46,170.0,176.0,0.0,771.0,0.0
210,46,171.0,171.0,0.0,777.0,0.0
210,46,172.0,171.0,0.0,787.0,0.0
210,46,173.0,175.0,0.0,795.0,0.0
210,46,174.0,171.0,0.0,801.0,0.0
210,46,175.0,173.0,0.0,809.0,0.0
210,46,176.0,175.0,0.0,816.0,0.0
210,46,177.0,176.0,0.0,819.0,0.0
210,46,178.0,183.0,0.0,820.0,0.0
210,46,179.0,180.0,0.0,824.0,0.0
210,46,180.0,184.0,0.0,830.0,0.0
210,46,181.0,186.0,0.0,833.0,0.0
210,46,182.0,187.0,0.0,838.0,0.0
210,46,183.0,193.0,0.0,845.0,0.0
210,46,184.0,197.0,0.0,848.0,0.0
210,46,185.0,196.0,0.0,850.0,0.0
210,46,186.0,198.0,0.0,857.0,0.0
210,46,187.0,194.0,0.0,860.0,0.0
210,46,188.0,196.0,0.0,867.0,0.0
210,46,189.0,197.0,0.0,873.0,0.0
210,46,190.0,198.0,0.0,876.0,0.0
210,46,191.0,198.0,0.0,881.0,0.0
210,46,192.0,202.0,0.0,888.0,0.0
210,46,193.0,206.0,1.0,896.0,0.0
210,46,194.0,198.0,6.0,900.0,0.0
210,46,195.0,201.0,0.0,912.0,0.0
210,46,196.0,202.0,0.0,919.0,0.0
210,46,197.0,202.0,0.0,923.0,0.0
210,46,198.0,199.0,0.0,928.0,0.0
210,46,199.0,201.0,0.0,935.0,0.0
210,46,200.0,200.0,0.0,940.0,0.0
210,46,201.0,196.0,0.0,948.0,0.0
210,46,202.0,194.0,0.0,954.0,0.0
210,46,203.0,201.0,0.0,960.0,0.0
210,46,204.0,201.0,0.0,964.0,0.0
210,46,205.0,199.0,0.0,971.0,0.0
210,46,206.0,203.0,0.0,979.0,0.0
210,46,207.0,201.0,0.0,983.0,0.0
210,46,208.0,205.0,0.0,990.0,0.0
210,46,209.0,202.0,0.0,991.0,0.0
210,46,210.0,200.0,0.0,998.0,0.0
210,46,211.0,200.0,0.0,1006.0,0.0
210,46,212.0,199.0,0.0,1011.0,0.0
210,46,213.0,200.0,0.0,1018.0,0.0
210,46,214.0,199.0,0.0,1025.0,0.0
210,46,215.0,198.0,0.0,1033.0,0.0
210,46,216.0,197.0,0.0,1041.0,0.0
210,46,217.0,198.0,0.0,1048.0,0.0
210,46,218.0,195.0,0.0,1054.0,0.0
210,46,219.0,194.0,0.0,1060.0,0.0
210,46,220.0,192.0,0.0,1070.0,0.0
210,46,221.0,189.0,0.0,1077.0,0.0
210,46,222.0,186.0,0.0,1085.0,0.0
210,46,223.0,187.0,0.0,1093.0,0.0
210,46,224.0,186.0,0.0,1100.0,0.0
210,46,225.0,184.0,0.0,1106.0,0.0
210,46,226.0,185.0,0.0,1113.0,0.0
210,46,227.0,180.0,0.0,1118.0,0.0
210,46,228.0,180.0,0.0,1124.0,0.0
210,46,229.0,178.0,0.0,1130.0,0.0
210,46,230.0,175.0,0.0,1137.0,0.0
210,46,231.0,172.0,0.0,1144.0,0.0
210,46,232.0,168.0,0.0,1153.0,0.0
210,46,233.0,164.0,0.0,1161.0,0.0
210,46,234.0,160.0,0.0,1170.0,0.0
210,46,235.0,160.0,0.0,1177.0,0.0
210,46,236.0,155.0,0.0,1183.0,0.0
210,46,237.0,155.0,0.0,1193.0,0.0
210,46,238.0,151.0,0.0,1199.0,0.0
210,46,239.0,155.0,0.0,1206.0,0.0
210,46,240.0,156.0,0.0,1210.0,0.0
210,46,241.0,160.0,0.0,1214.0,0.0
210,46,242.0,159.0,0.0,1218.0,0.0
210,46,243.0,161.0,0.0,1224.0,0.0
210,46,244.0,162.0,0.0,1227.0,0.0
210,46,245.0,166.0,0.0,1235.0,0.0
210,46,246.0,168.0,0.0,1237.0,0.0
210,46,247.0,168.0,0.0,1243.0,0.0
210,46,248.0,168.0,0.0,1247.0,0.0
210,46,249.0,172.0,0.0,1252.0,0.0
210,46,250.0,167.0,0.0,1257.0,0.0
210,46,251.0,159.0,0.0,1265.0,0.0
210,46,252.0,151.0,0.0,1273.0,0.0
210,46,253.0,146.0,0.0,1281.0,0.0
210,46,254.0,138.0,0.0,1286.0,0.0
210,46,255.0,136.0,0.0,1294.0,0.0
210,46,256.0,134.0,0.0,1296.0,0.0
210,46,257.0,129.0,0.0,1298.0,0.0
210,46,258.0,125.0,0.0,1303.0,0.0
210,46,259.0,119.0,0.0,1307.0,0.0
210,46,260.0,114.0,0.0,1313.0,0.0
210,46,261.0,108.0,0.0,1318.0,0.0
210,46,262.0,98.0,0.0,1324.0,0.0
210,46,263.0,93.0,0.0,1334.0,0.0
210,46,264.0,89.0,0.0,1339.0,0.0
210,46,265.0,86.0,0.0,1343.0,0.0
210,46,266.0,80.0,0.0,1346.0,0.0
210,46,267.0,75.0,0.0,1352.0,0.0
210,46,268.0,70.0,0.0,1357.0,0.0
210,46,269.0,60.0,0.0,1362.0,0.0
210,46,270.0,57.0,0.0,1372.0,0.0
210,46,271.0,51.0,0.0,1375.0,0.0
210,46,272.0,45.0,0.0,1381.0,0.0
210,46,273.0,42.0,0.0,1387.0,0.0
210,46,274.0,39.0,0.0,1390.0,0.0
210,46,275.0,38.0,0.0,1393.0,0.0
210,46,276.0,36.0,0.0,1394.0,0.0
210,46,277.0,33.0,0.0,1396.0,0.0
210,46,278.0,32.0,0.0,1399.0,0.0
210,46,279.0,29.0,0.0,1400.0,0.0
210,46,280.0,28.0,0.0,1403.0,0.0
210,46,281.0,24.0,0.0,1404.0,0.0
210,46,282.0,22.0,0.0,1408.0,0.0
210,46,283.0,21.0,0.0,1410.0,0.0
210,46,284.0,20.0,0.0,1411.0,0.0
210,46,285.0,19.0,0.0,1412.0,0.0
210,46,286.0,17.0,0.0,1413.0,0.0
210,46,287.0,14.0,0.0,1415.0,0.0
210,46,288.0,14.0,0.0,1418.0,0.0
210,46,289.0,13.0,0.0,1418.0,0.0
210,46,290.0,13.0,0.0,1419.0,0.0
210,46,291.0,11.0,0.0,1419.0,0.0
210,46,292.0,10.0,0.0,1421.0,0.0
210,46,293.0,10.0,0.0,1422.0,0.0
210,46,294.0,10.0,0.0,1422.0,0.0
210,46,295.0,10.0,0.0,1422.0,0.0
210,46,296.0,10.0,0.0,1422.0,0.0
210,46,297.0,9.0,0.0,1422.0,0.0
210,46,298.0,9.0,0.0,1423.0,0.0
210,46,299.0,9.0,0.0,1423.0,0.0
210,46,300.0,8.0,0.0,1423.0,0.0
210,46,301.0,8.0,0.0,1424.0,0.0
210,46,302.0,8.0,0.0,1424.0,0.0
210,46,303.0,7.0,0.0,1424.0,0.0
210,46,304.0,7.0,0.0,1425.0,0.0
210,46,305.0,7.0,0.0,1425.0,0.0
210,46,306.0,7.0,0.0,1425.0,0.0
210,46,307.0,7.0,0.0,1425.0,0.0
210,46,308.0,5.0,0.0,1425.0,0.0
210,46,309.0,5.0,0.0,1427.0,0.0
210,46,310.0,3.0,0.0,1427.0,0.0
210,46,311.0,3.0,0.0,1429.0,0.0
210,46,312.0,2.0,0.0,1429.0,0.0
210,46,313.0,1.0,0.0,1430.0,0.0
210,46,314.0,1.0,0.0,1431.0,0.0
210,46,315.0,0.0,0.0,1431.0,0.0
210,46,316.0,0.0,0.0,1432.0,0.0
210,47,0.0,3.0,0.0,0.0,0.0
210,47,1.0,9.0,0.0,0.0,0.0
210,47,2.0,16.0,0.0,0.0,0.0
210,47,3.0,20.0,0.0,0.0,0.0
210,47,4.0,27.0,0.0,0.0,0.0
210,47,5.0,36.0,0.0,0.0,0.0
210,47,6.0,38.0,0.0,0.0,0.0
210,47,7.0,42.0,0.0,0.0,0.0
210,47,8.0,49.0,0.0,0.0,0.0
210,47,9.0,57.0,0.0,0.0,0.0
210,47,10.0,64.0,0.0,0.0,0.0
210,47,11.0,70.0,0.0,0.0,0.0
210,47,12.0,75.0,0.0,1.0,0.0
210,47,13.0,79.0,0.0,1.0,0.0
210,47,14.0,85.0,0.0,1.0,0.0
210,47,15.0,95.0,0.0,1.0,0.0
210,47,16.0,102.0,0.0,1.0,0.0
210,47,17.0,108.0,0.0,1.0,0.0
210,47,18.0,115.0,0.0,1.0,0.0
210,47,19.0,120.0,0.0,1.0,0.0
210,47,20.0,126.0,0.0,2.0,0.0
210,47,21.0,126.0,0.0,3.0,0.0
210,47,22.0,131.0,0.0,4.0,0.0
210,47,23.0,138.0,0.0,4.0,0.0
210,47,24.0,142.0,0.0,6.0,0.0
210,47,25.0,143.0,0.0,8.0,0.0
210,47,26.0,141.0,0.0,10.0,0.0
210,47,27.0,139.0,0.0,15.0,0.0
210,47,28.0,142.0,0.0,22.0,0.0
210,47,29.0,142.0,0.0,26.0,0.0
210,47,30.0,136.0,0.0,29.0,0.0
210,47,31.0,137.0,0.0,38.0,0.0
210,47,32.0,142.0,0.0,41.0,0.0
210,47,33.0,138.0,0.0,44.0,0.0
210,47,34.0,138.0,0.0,51.0,0.0
210,47,35.0,138.0,0.0,56.0,0.0
210,47,36.0,144.0,0.0,61.0,0.0
210,47,37.0,141.0,0.0,66.0,0.0
210,47,38.0,141.0,0.0,71.0,0.0
210,47,39.0,139.0,0.0,76.0,0.0
210,47,40.0,143.0,0.0,81.0,0.0
210,47,41.0,142.0,0.0,85.0,0.0
210,47,42.0,141.0,0.0,90.0,0.0
210,47,43.0,144.0,0.0,97.0,0.0
210,47,44.0,147.0,0.0,99.0,0.0
210,47,45.0,145.0,0.0,103.0,0.0
210,47,46.0,146.0,0.0,110.0,0.0
210,47,47.0,150.0,0.0,115.0,0.0
210,47,48.0,151.0,0.0,119.0,0.0
210,47,49.0,153.0,0.0,123.0,0.0
210,47,50.0,155.0,0.0,126.0,0.0
210,47,51.0,155.0,0.0,130.0,0.0
210,47,52.0,159.0,0.0,135.0,0.0
210,47,53.0,161.0,0.0,139.0,0.0
210,47,54.0,158.0,0.0,143.0,0.0
210,47,55.0,159.0,0.0,149.0,0.0
210,47,56.0,166.0,0.0,152.0,0.0
210,47,57.0,164.0,0.0,155.0,0.0
210,47,58.0,167.0,0.0,161.0,0.0
210,47,59.0,172.0,0.0,163.0,0.0
210,47,60.0,177.0,0.0,165.0,0.0
210,47,61.0,172.0,0.0,167.0,0.0
210,47,62.0,176.0,0.0,176.0,0.0
210,47,63.0,175.0,0.0,180.0,0.0
210,47,64.0,179.0,0.0,184.0,0.0
210,47,65.0,180.0,0.0,186.0,0.0
210,47,66.0,180.0,0.0,191.0,0.0
210,47,67.0,183.0,0.0,200.0,0.0
210,47,68.0,183.0,0.0,205.0,0.0
210,47,69.0,182.0,0.0,212.0,0.0
210,47,70.0,181.0,0.0,215.0,0.0
210,47,71.0,188.0,0.0,220.0,0.0
210,47,72.0,190.0,0.0,222.0,0.0
210,47,73.0,191.0,0.0,227.0,0.0
210,47,74.0,190.0,0.0,231.0,0.0
210,47,75.0,192.0,0.0,237.0,0.0
210,47,76.0,191.0,0.0,244.0,0.0
210,47,77.0,189.0,0.0,249.0,0.0
210,47,78.0,192.0,0.0,255.0,0.0
210,47,79.0,195.0,0.0,258.0,0.0
210,47,80.0,196.0,0.0,262.0,0.0
210,47,81.0,193.0,0.0,265.0,0.0
210,47,82.0,190.0,0.0,272.0,0.0
210,47,83.0,184.0,0.0,280.0,0.0
210,47,84.0,187.0,0.0,290.0,0.0
210,47,85.0,190.0,0.0,296.0,0.0
210,47,86.0,191.0,0.0,300.0,0.0
210,47,87.0,189.0,0.0,306.0,0.0
210,47,88.0,190.0,0.0,311.0,0.0
210,47,89.0,193.0,0.0,316.0,0.0
210,47,90.0,195.0,0.0,323.0,0.0
210,47,91.0,199.0,0.0,327.0,0.0
210,47,92.0,197.0,0.0,331.0,0.0
210,47,93.0,200.0,0.0,337.0,0.0
210,47,94.0,202.0,0.0,344.0,0.0
210,47,95.0,197.0,0.0,347.0,0.0
210,47,96.0,194.0,0.0,357.0,0.0
210,47,97.0,193.0,0.0,364.0,0.0
210,47,98.0,193.0,0.0,370.0,0.0
210,47,99.0,193.0,0.0,378.0,0.0
210,47,100.0,196.0,0.0,381.0,0.0
210,47,101.0,193.0,0.0,383.0,0.0
210,47,102.0,191.0,0.0,391.0,0.0
210,47,103.0,191.0,0.0,399.0,0.0
210,47,104.0,192.0,0.0,403.0,0.0
210,47,105.0,188.0,0.0,408.0,0.0
210,47,106.0,187.0,0.0,414.0,0.0
210,47,107.0,187.0,0.0,419.0,0.0
210,47,108.0,189.0,0.0,426.0,0.0
210,47,109.0,189.0,0.0,432.0,0.0
210,47,110.0,188.0,0.0,437.0,0.0
210,47,111.0,192.0,0.0,446.0,0.0
210,47,112.0,195.0,0.0,451.0,0.0
210,47,113.0,195.0,0.0,454.0,0.0
210,47,114.0,193.0,0.0,460.0,0.0
210,47,115.0,193.0,0.0,468.0,0.0
210,47,116.0,190.0,0.0,474.0,0.0
210,47,117.0,190.0,0.0,479.0,0.0
210,47,118.0,186.0,0.0,487.0,0.0
210,47,119.0,184.0,0.0,497.0,0.0
210,47,120.0,182.0,0.0,502.0,0.0
210,47,121.0,184.0,0.0,510.0,0.0
210,47,122.0,179.0,0.0,515.0,0.0
210,47,123.0,183.0,0.0,524.0,0.0
210,47,124.0,182.0,0.0,527.0,0.0
210,47,125.0,181.0,0.0,534.0,0.0
210,47,126.0,177.0,0.0,542.0,0.0
210,47,127.0,174.0,0.0,549.0,0.0
210,47,128.0,174.0,0.0,555.0,0.0
210,47,129.0,175.0,0.0,561.0,0.0
210,47,130.0,172.0,0.0,566.0,0.0
210,47,131.0,172.0,0.0,573.0,0.0
210,47,132.0,173.0,0.0,580.0,0.0
210,47,133.0,171.0,0.0,584.0,0.0
210,47,134.0,169.0,0.0,590.0,0.0
210,47,135.0,169.0,0.0,598.0,0.0
210,47,136.0,168.0,0.0,607.0,0.0
210,47,137.0,166.0,0.0,613.0,0.0
210,47,138.0,173.0,0.0,619.0,0.0
210,47,139.0,171.0,0.0,623.0,0.0
210,47,140.0,171.0,0.0,629.0,0.0
210,47,141.0,175.0,0.0,631.0,0.0
210,47,142.0,171.0,0.0,633.0,0.0
210,47,143.0,168.0,0.0,640.0,0.0
210,47,144.0,166.0,0.0,648.0,0.0
210,47,145.0,165.0,0.0,654.0,0.0
210,47,146.0,169.0,0.0,658.0,0.0
210,47,147.0,166.0,0.0,663.0,0.0
210,47,148.0,169.0,0.0,673.0,0.0
210,47,149.0,167.0,0.0,676.0,0.0
210,47,150.0,172.0,0.0,682.0,0.0
210,47,151.0,170.0,0.0,687.0,0.0
210,47,152.0,168.0,0.0,692.0,0.0
210,47,153.0,168.0,0.0,699.0,0.0
210,47,154.0,167.0,0.0,704.0,0.0
210,47,155.0,164.0,0.0,710.0,0.0
210,47,156.0,169.0,0.0,715.0,0.0
210,47,157.0,171.0,0.0,718.0,0.0
210,47,158.0,175.0,0.0,723.0,0.0
210,47,159.0,174.0,0.0,728.0,0.0
210,47,160.0,176.0,0.0,734.0,0.0
210,47,161.0,175.0,0.0,739.0,0.0
210,47,162.0,177.0,0.0,746.0,0.0
210,47,163.0,175.0,0.0,751.0,0.0
210,47,164.0,176.0,0.0,757.0,0.0
210,47,165.0,175.0,0.0,760.0,0.0
210,47,166.0,172.0,0.0,766.0,0.0
210,47,167.0,176.0,0.0,773.0,0.0
210,47,168.0,172.0,0.0,776.0,0.0
210,47,169.0,175.0,0.0,783.0,0.0
210,47,170.0,166.0,0.0,785.0,0.0
210,47,171.0,166.0,0.0,795.0,0.0
210,47,172.0,164.0,0.0,800.0,0.0
210,47,173.0,169.0,0.0,807.0,0.0
210,47,174.0,171.0,0.0,810.0,0.0
210,47,175.0,173.0,0.0,814.0,0.0
210,47,176.0,176.0,0.0,819.0,0.0
210,47,177.0,177.0,0.0,822.0,0.0
210,47,178.0,175.0,0.0,831.0,0.0
210,47,179.0,175.0,0.0,837.0,0.0
210,47,180.0,175.0,0.0,840.0,0.0
210,47,181.0,170.0,0.0,844.0,0.0
210,47,182.0,172.0,0.0,851.0,0.0
210,47,183.0,168.0,0.0,854.0,0.0
210,47,184.0,166.0,0.0,862.0,0.0
210,47,185.0,172.0,0.0,870.0,0.0
210,47,186.0,174.0,0.0,873.0,0.0
210,47,187.0,177.0,0.0,878.0,0.0
210,47,188.0,174.0,0.0,883.0,0.0
210,47,189.0,175.0,0.0,888.0,0.0
210,47,190.0,175.0,0.0,893.0,0.0
210,47,191.0,173.0,0.0,898.0,0.0
210,47,192.0,174.0,0.0,904.0,0.0
210,47,193.0,178.0,0.0,908.0,0.0
210,47,194.0,186.0,0.0,911.0,0.0
210,47,195.0,185.0,0.0,916.0,0.0
210,47,196.0,187.0,0.0,926.0,0.0
210,47,197.0,188.0,0.0,930.0,0.0
210,47,198.0,184.0,0.0,932.0,0.0
210,47,199.0,182.0,0.0,940.0,0.0
210,47,200.0,181.0,0.0,947.0,0.0
210,47,201.0,179.0,0.0,952.0,0.0
210,47,202.0,178.0,0.0,958.0,0.0
210,47,203.0,176.0,0.0,964.0,0.0
210,47,204.0,176.0,0.0,971.0,0.0
210,47,205.0,174.0,0.0,975.0,0.0
210,47,206.0,173.0,0.0,980.0,0.0
210,47,207.0,173.0,0.0,987.0,0.0
210,47,208.0,172.0,0.0,992.0,0.0
210,47,209.0,174.0,0.0,997.0,0.0
210,47,210.0,172.0,0.0,1003.0,0.0
210,47,211.0,173.0,0.0,1010.0,0.0
210,47,212.0,170.0,0.0,1014.0,0.0
210,47,213.0,173.0,0.0,1021.0,0.0
210,47,214.0,171.0,0.0,1024.0,0.0
210,47,215.0,169.0,0.0,1030.0,0.0
210,47,216.0,169.0,0.0,1037.0,0.0
210,47,217.0,170.0,0.0,1043.0,0.0
210,47,218.0,164.0,0.0,1050.0,0.0
210,47,219.0,160.0,0.0,1058.0,0.0
210,47,220.0,159.0,0.0,1066.0,0.0
210,47,221.0,159.0,0.0,1071.0,0.0
210,47,222.0,160.0,0.0,1077.0,0.0
210,47,223.0,165.0,0.0,1083.0,0.0
210,47,224.0,163.0,0.0,1088.0,0.0
210,47,225.0,163.0,0.0,1094.0,0.0
210,47,226.0,162.0,0.0,1098.0,0.0
210,47,227.0,164.0,0.0,1103.0,0.0
210,47,228.0,164.0,0.0,1106.0,0.0
210,47,229.0,166.0,0.0,1112.0,0.0
210,47,230.0,167.0,0.0,1115.0,0.0
210,47,231.0,166.0,0.0,1121.0,0.0
210,47,232.0,166.0,0.0,1127.0,0.0
210,47,233.0,167.0,0.0,1132.0,0.0
210,47,234.0,167.0,0.0,1137.0,0.0
210,47,235.0,163.0,0.0,1143.0,0.0
210,47,236.0,160.0,0.0,1151.0,0.0
210,47,237.0,155.0,0.0,1156.0,0.0
210,47,238.0,157.0,0.0,1165.0,0.0
210,47,239.0,155.0,0.0,1168.0,0.0
210,47,240.0,151.0,0.0,1174.0,0.0
210,47,241.0,150.0,0.0,1181.0,0.0
210,47,242.0,148.0,0.0,1188.0,0.0
210,47,243.0,144.0,0.0,1194.0,0.0
210,47,244.0,143.0,0.0,1203.0,0.0
210,47,245.0,142.0,0.0,1209.0,0.0
210,47,246.0,145.0,0.0,1217.0,0.0
210,47,247.0,144.0,0.0,1220.0,0.0
210,47,248.0,144.0,0.0,1224.0,0.0
210,47,249.0,142.0,0.0,1229.0,0.0
210,47,250.0,145.0,0.0,1236.0,0.0
210,47,251.0,142.0,0.0,1239.0,0.0
210,47,252.0,137.0,0.0,1242.0,0.0
210,47,253.0,135.0,0.0,1247.0,0.0
210,47,254.0,129.0,0.0,1249.0,0.0
210,47,255.0,121.0,0.0,1255.0,0.0
210,47,256.0,119.0,0.0,1263.0,0.0
210,47,257.0,114.0,0.0,1265.0,0.0
210,47,258.0,109.0,0.0,1270.0,0.0
210,47,259.0,105.0,0.0,1275.0,0.0
210,47,260.0,99.0,0.0,1279.0,0.0
210,47,261.0,96.0,0.0,1285.0,0.0
210,47,262.0,92.0,0.0,1288.0,0.0
210,47,263.0,88.0,0.0,1292.0,0.0
210,47,264.0,84.0,0.0,1296.0,0.0
210,47,265.0,76.0,0.0,1300.0,0.0
210,47,266.0,74.0,0.0,1308.0,0.0
210,47,267.0,72.0,0.0,1310.0,0.0
210,47,268.0,66.0,0.0,1312.0,0.0
210,47,269.0,64.0,0.0,1318.0,0.0
210,47,270.0,59.0,0.0,1320.0,0.0
210,47,271.0,54.0,0.0,1325.0,0.0
210,47,272.0,43.0,0.0,1330.0,0.0
210,47,273.0,38.0,0.0,1341.0,0.0
210,47,274.0,36.0,0.0,1346.0,0.0
210,47,275.0,36.0,0.0,1348.0,0.0
210,47,276.0,33.0,0.0,1348.0,0.0
210,47,277.0,33.0,0.0,1351.0,0.0
210,47,278.0,30.0,0.0,1351.0,0.0
210,47,279.0,26.0,0.0,1354.0,0.0
210,47,280.0,26.0,0.0,1358.0,0.0
210,47,281.0,26.0,0.0,1358.0,0.0
210,47,282.0,25.0,0.0,1358.0,0.0
210,47,283.0,25.0,0.0,1359.0,0.0
210,47,284.0,24.0,0.0,1359.0,0.0
210,47,285.0,24.0,0.0,1360.0,0.0
210,47,286.0,23.0,0.0,1360.0,0.0
210,47,287.0,21.0,0.0,1361.0,0.0
210,47,288.0,20.0,0.0,1363.0,0.0
210,47,289.0,20.0,0.0,1364.0,0.0
210,47,290.0,20.0,0.0,1364.0,0.0
210,47,291.0,20.0,0.0,1364.0,0.0
210,47,292.0,18.0,0.0,1364.0,0.0
210,47,293.0,17.0,0.0,1366.0,0.0
210,47,294.0,16.0,0.0,1367.0,0.0
210,47,295.0,15.0,0.0,1368.0,0.0
210,47,296.0,12.0,0.0,1369.0,0.0
210,47,297.0,12.0,0.0,1372.0,0.0
210,47,298.0,11.0,0.0,1372.0,0.0
210,47,299.0,9.0,0.0,1373.0,0.0
210,47,300.0,9.0,0.0,1375.0,0.0
210,47,301.0,6.0,0.0,1375.0,0.0
210,47,302.0,6.0,0.0,1378.0,0.0
210,47,303.0,6.0,0.0,1378.0,0.0
210,47,304.0,4.0,0.0,1378.0,0.0
210,47,305.0,4.0,0.0,1380.0,0.0
210,47,306.0,2.0,0.0,1380.0,0.0
210,47,307.0,2.0,0.0,1382.0,0.0
210,47,308.0,2.0,0.0,1382.0,0.0
210,47,309.0,2.0,0.0,1382.0,0.0
210,47,310.0,2.0,0.0,1382.0,0.0
210,47,311.0,2.0,0.0,1382.0,0.0
210,47,312.0,1.0,0.0,1382.0,0.0
210,47,313.0,0.0,0.0,1383.0,0.0
210,47,314.0,0.0,0.0,1384.0,0.0
210,48,0.0,8.0,0.0,0.0,0.0
210,48,1.0,13.0,0.0,0.0,0.0
210,48,2.0,19.0,0.0,0.0,0.0
210,48,3.0,24.0,0.0,0.0,0.0
210,48,4.0,28.0,0.0,0.0,0.0
210,48,5.0,34.0,0.0,0.0,0.0
210,48,6.0,38.0,0.0,0.0,0.0
210,48,7.0,45.0,0.0,0.0,0.0
210,48,8.0,49.0,0.0,0.0,0.0
210,48,9.0,56.0,0.0,0.0,0.0
210,48,10.0,60.0,0.0,0.0,0.0
210,48,11.0,65.0,0.0,0.0,0.0
210,48,12.0,73.0,0.0,0.0,0.0
210,48,13.0,78.0,0.0,0.0,0.0
210,48,14.0,83.0,0.0,0.0,0.0
210,48,15.0,88.0,0.0,0.0,0.0
210,48,16.0,89.0,0.0,0.0,0.0
210,48,17.0,93.0,0.0,1.0,0.0
210,48,18.0,95.0,0.0,1.0,0.0
210,48,19.0,100.0,0.0,2.0,0.0
210,48,20.0,108.0,0.0,2.0,0.0
210,48,21.0,115.0,0.0,2.0,0.0
210,48,22.0,120.0,0.0,4.0,0.0
210,48,23.0,123.0,0.0,5.0,0.0
210,48,24.0,128.0,0.0,5.0,0.0
210,48,25.0,130.0,0.0,8.0,0.0
210,48,26.0,131.0,0.0,9.0,0.0
210,48,27.0,135.0,0.0,12.0,0.0
210,48,28.0,141.0,0.0,14.0,0.0
210,48,29.0,141.0,0.0,17.0,0.0
210,48,30.0,138.0,0.0,23.0,0.0
210,48,31.0,141.0,0.0,29.0,0.0
210,48,32.0,142.0,0.0,33.0,0.0
210,48,33.0,142.0,0.0,37.0,0.0
210,48,34.0,140.0,0.0,41.0,0.0
210,48,35.0,143.0,0.0,47.0,0.0
210,48,36.0,140.0,0.0,51.0,0.0
210,48,37.0,142.0,0.0,59.0,0.0
210,48,38.0,145.0,0.0,64.0,0.0
210,48,39.0,149.0,0.0,67.0,0.0
210,48,40.0,148.0,0.0,70.0,0.0
210,48,41.0,151.0,0.0,72.0,0.0
210,48,42.0,154.0,0.0,75.0,0.0
210,48,43.0,158.0,0.0,78.0,0.0
210,48,44.0,159.0,0.0,80.0,0.0
210,48,45.0,158.0,0.0,85.0,0.0
210,48,46.0,160.0,0.0,92.0,0.0
210,48,47.0,161.0,0.0,96.0,0.0
210,48,48.0,158.0,0.0,100.0,0.0
210,48,49.0,160.0,0.0,107.0,0.0
210,48,50.0,159.0,0.0,111.0,0.0
210,48,51.0,162.0,0.0,117.0,0.0
210,48,52.0,161.0,0.0,122.0,0.0
210,48,53.0,164.0,0.0,126.0,0.0
210,48,54.0,162.0,0.0,128.0,0.0
210,48,55.0,167.0,0.0,135.0,0.0
210,48,56.0,170.0,0.0,139.0,0.0
210,48,57.0,170.0,0.0,144.0,0.0
210,48,58.0,171.0,0.0,147.0,0.0
210,48,59.0,176.0,0.0,151.0,0.0
210,48,60.0,181.0,0.0,153.0,0.0
210,48,61.0,182.0,0.0,156.0,0.0
210,48,62.0,181.0,0.0,160.0,0.0
210,48,63.0,181.0,0.0,168.0,0.0
210,48,64.0,179.0,0.0,173.0,0.0
210,48,65.0,178.0,0.0,178.0,0.0
210,48,66.0,183.0,0.0,185.0,0.0
210,48,67.0,180.0,0.0,188.0,0.0
210,48,68.0,180.0,0.0,196.0,0.0
210,48,69.0,176.0,0.0,202.0,0.0
210,48,70.0,175.0,0.0,211.0,0.0
210,48,71.0,174.0,0.0,217.0,0.0
210,48,72.0,172.0,0.0,222.0,0.0
210,48,73.0,176.0,0.0,228.0,0.0
210,48,74.0,175.0,0.0,229.0,0.0
210,48,75.0,173.0,0.0,237.0,0.0
210,48,76.0,169.0,0.0,245.0,0.0
210,48,77.0,169.0,0.0,255.0,0.0
210,48,78.0,166.0,0.0,262.0,0.0
210,48,79.0,162.0,0.0,268.0,0.0
210,48,80.0,164.0,0.0,279.0,0.0
210,48,81.0,161.0,0.0,283.0,0.0
210,48,82.0,160.0,0.0,290.0,0.0
210,48,83.0,165.0,0.0,295.0,0.0
210,48,84.0,171.0,0.0,300.0,0.0
210,48,85.0,169.0,0.0,303.0,0.0
210,48,86.0,162.0,0.0,309.0,0.0
210,48,87.0,160.0,0.0,320.0,0.0
210,48,88.0,162.0,0.0,326.0,0.0
210,48,89.0,166.0,0.0,332.0,0.0
210,48,90.0,168.0,0.0,335.0,0.0
210,48,91.0,165.0,0.0,337.0,0.0
210,48,92.0,169.0,0.0,343.0,0.0
210,48,93.0,170.0,0.0,347.0,0.0
210,48,94.0,172.0,0.0,351.0,0.0
210,48,95.0,175.0,0.0,359.0,0.0
210,48,96.0,173.0,0.0,364.0,0.0
210,48,97.0,174.0,0.0,368.0,0.0
210,48,98.0,175.0,0.0,371.0,0.0
210,48,99.0,177.0,0.0,374.0,0.0
210,48,100.0,176.0,0.0,379.0,0.0
210,48,101.0,178.0,0.0,383.0,0.0
210,48,102.0,175.0,0.0,386.0,0.0
210,48,103.0,172.0,0.0,393.0,0.0
210,48,104.0,171.0,0.0,403.0,0.0
210,48,105.0,169.0,0.0,411.0,0.0
210,48,106.0,166.0,0.0,420.0,0.0
210,48,107.0,170.0,0.0,427.0,0.0
210,48,108.0,174.0,0.0,430.0,0.0
210,48,109.0,171.0,0.0,435.0,0.0
210,48,110.0,168.0,0.0,441.0,0.0
210,48,111.0,171.0,0.0,447.0,0.0
210,48,112.0,172.0,0.0,453.0,0.0
210,48,113.0,173.0,0.0,456.0,0.0
210,48,114.0,174.0,0.0,460.0,0.0
210,48,115.0,179.0,0.0,465.0,0.0
210,48,116.0,180.0,0.0,468.0,0.0
210,48,117.0,179.0,0.0,471.0,0.0
210,48,118.0,179.0,0.0,478.0,0.0
210,48,119.0,185.0,0.0,486.0,0.0
210,48,120.0,182.0,0.0,487.0,0.0
210,48,121.0,175.0,0.0,497.0,0.0
210,48,122.0,176.0,0.0,508.0,0.0
210,48,123.0,180.0,0.0,512.0,0.0
210,48,124.0,176.0,0.0,516.0,0.0
210,48,125.0,181.0,0.0,522.0,0.0
210,48,126.0,186.0,0.0,526.0,0.0
210,48,127.0,188.0,0.0,528.0,0.0
210,48,128.0,191.0,0.0,535.0,0.0
210,48,129.0,195.0,0.0,538.0,0.0
210,48,130.0,196.0,0.0,541.0,0.0
210,48,131.0,193.0,0.0,545.0,0.0
210,48,132.0,193.0,0.0,550.0,0.0
210,48,133.0,197.0,0.0,555.0,0.0
210,48,134.0,189.0,0.0,559.0,0.0
210,48,135.0,187.0,0.0,568.0,0.0
210,48,136.0,186.0,0.0,574.0,0.0
210,48,137.0,190.0,0.0,579.0,0.0
210,48,138.0,188.0,0.0,581.0,0.0
210,48,139.0,185.0,0.0,590.0,0.0
210,48,140.0,175.0,0.0,598.0,0.0
210,48,141.0,170.0,0.0,615.0,0.0
210,48,142.0,175.0,0.0,625.0,0.0
210,48,143.0,169.0,0.0,630.0,0.0
210,48,144.0,172.0,0.0,641.0,0.0
210,48,145.0,172.0,0.0,644.0,0.0
210,48,146.0,172.0,0.0,648.0,0.0
210,48,147.0,172.0,0.0,654.0,0.0
210,48,148.0,175.0,0.0,659.0,0.0
210,48,149.0,176.0,0.0,664.0,0.0
210,48,150.0,175.0,0.0,668.0,0.0
210,48,151.0,170.0,0.0,674.0,0.0
210,48,152.0,171.0,0.0,681.0,0.0
210,48,153.0,170.0,0.0,688.0,0.0
210,48,154.0,169.0,0.0,695.0,0.0
210,48,155.0,170.0,0.0,704.0,0.0
210,48,156.0,171.0,0.0,709.0,0.0
210,48,157.0,170.0,0.0,713.0,0.0
210,48,158.0,170.0,0.0,717.0,0.0
210,48,159.0,172.0,0.0,722.0,0.0
210,48,160.0,173.0,0.0,725.0,0.0
210,48,161.0,171.0,0.0,728.0,0.0
210,48,162.0,168.0,0.0,735.0,0.0
210,48,163.0,170.0,0.0,742.0,0.0
210,48,164.0,174.0,0.0,746.0,0.0
210,48,165.0,171.0,0.0,749.0,0.0
210,48,166.0,171.0,0.0,757.0,0.0
210,48,167.0,175.0,0.0,763.0,0.0
210,48,168.0,176.0,0.0,766.0,0.0
210,48,169.0,177.0,0.0,768.0,0.0
210,48,170.0,176.0,0.0,772.0,0.0
210,48,171.0,174.0,0.0,778.0,0.0
210,48,172.0,173.0,0.0,785.0,0.0
210,48,173.0,176.0,0.0,792.0,0.0
210,48,174.0,183.0,0.0,795.0,0.0
210,48,175.0,181.0,0.0,797.0,0.0
210,48,176.0,177.0,0.0,805.0,0.0
210,48,177.0,174.0,0.0,816.0,0.0
210,48,178.0,168.0,0.0,822.0,0.0
210,48,179.0,165.0,0.0,831.0,0.0
210,48,180.0,160.0,0.0,838.0,0.0
210,48,181.0,160.0,0.0,845.0,0.0
210,48,182.0,162.0,0.0,848.0,0.0
210,48,183.0,167.0,0.0,853.0,0.0
210,48,184.0,166.0,0.0,856.0,0.0
210,48,185.0,161.0,0.0,862.0,0.0
210,48,186.0,161.0,0.0,872.0,0.0
210,48,187.0,166.0,0.0,878.0,0.0
210,48,188.0,168.0,0.0,881.0,0.0
210,48,189.0,164.0,0.0,886.0,0.0
210,48,190.0,164.0,0.0,897.0,0.0
210,48,191.0,168.0,0.0,906.0,0.0
210,48,192.0,169.0,0.0,910.0,0.0
210,48,193.0,170.0,0.0,917.0,0.0
210,48,194.0,170.0,0.0,921.0,0.0
210,48,195.0,173.0,0.0,925.0,0.0
210,48,196.0,175.0,0.0,930.0,0.0
210,48,197.0,177.0,0.0,935.0,0.0
210,48,198.0,176.0,0.0,937.0,0.0
210,48,199.0,176.0,0.0,944.0,0.0
210,48,200.0,179.0,0.0,950.0,0.0
210,48,201.0,181.0,0.0,954.0,0.0
210,48,202.0,179.0,0.0,961.0,0.0
210,48,203.0,182.0,0.0,966.0,0.0
210,48,204.0,183.0,0.0,970.0,0.0
210,48,205.0,183.0,0.0,976.0,0.0
210,48,206.0,181.0,0.0,983.0,0.0
210,48,207.0,182.0,0.0,988.0,0.0
210,48,208.0,185.0,0.0,993.0,0.0
210,48,209.0,186.0,0.0,997.0,0.0
210,48,210.0,185.0,0.0,1003.0,0.0
210,48,211.0,182.0,0.0,1009.0,0.0
210,48,212.0,180.0,0.0,1019.0,0.0
210,48,213.0,183.0,0.0,1027.0,0.0
210,48,214.0,180.0,0.0,1032.0,0.0
210,48,215.0,181.0,0.0,1041.0,0.0
210,48,216.0,179.0,0.0,1047.0,0.0
210,48,217.0,182.0,0.0,1054.0,0.0
210,48,218.0,179.0,0.0,1055.0,0.0
210,48,219.0,178.0,0.0,1064.0,0.0
210,48,220.0,176.0,0.0,1068.0,0.0
210,48,221.0,176.0,0.0,1074.0,0.0
210,48,222.0,177.0,0.0,1081.0,0.0
210,48,223.0,179.0,0.0,1085.0,0.0
210,48,224.0,178.0,0.0,1090.0,0.0
210,48,225.0,181.0,0.0,1095.0,0.0
210,48,226.0,180.0,0.0,1097.0,0.0
210,48,227.0,180.0,0.0,1104.0,0.0
210,48,228.0,178.0,0.0,1107.0,0.0
210,48,229.0,179.0,0.0,1114.0,0.0
210,48,230.0,179.0,0.0,1121.0,0.0
210,48,231.0,177.0,0.0,1128.0,0.0
210,48,232.0,174.0,0.0,1133.0,0.0
210,48,233.0,175.0,0.0,1137.0,0.0
210,48,234.0,179.0,0.0,1141.0,0.0
210,48,235.0,177.0,0.0,1145.0,0.0
210,48,236.0,170.0,0.0,1153.0,0.0
210,48,237.0,168.0,0.0,1164.0,0.0
210,48,238.0,169.0,0.0,1172.0,0.0
210,48,239.0,166.0,0.0,1176.0,0.0
210,48,240.0,166.0,0.0,1183.0,0.0
210,48,241.0,168.0,0.0,1187.0,0.0
210,48,242.0,164.0,0.0,1192.0,0.0
210,48,243.0,169.0,0.0,1200.0,0.0
210,48,244.0,165.0,0.0,1205.0,0.0
210,48,245.0,163.0,0.0,1213.0,0.0
210,48,246.0,166.0,0.0,1219.0,0.0
210,48,247.0,168.0,0.0,1223.0,0.0
210,48,248.0,164.0,0.0,1226.0,0.0
210,48,249.0,164.0,0.0,1233.0,0.0
210,48,250.0,164.0,0.0,1238.0,0.0
210,48,251.0,158.0,0.0,1243.0,0.0
210,48,252.0,152.0,0.0,1249.0,0.0
210,48,253.0,147.0,0.0,1255.0,0.0
210,48,254.0,143.0,0.0,1260.0,0.0
210,48,255.0,134.0,0.0,1264.0,0.0
210,48,256.0,128.0,0.0,1273.0,0.0
210,48,257.0,125.0,0.0,1279.0,0.0
210,48,258.0,121.0,0.0,1282.0,0.0
210,48,259.0,116.0,0.0,1286.0,0.0
210,48,260.0,110.0,0.0,1291.0,0.0
210,48,261.0,109.0,0.0,1297.0,0.0
210,48,262.0,104.0,0.0,1298.0,0.0
210,48,263.0,100.0,0.0,1303.0,0.0
210,48,264.0,96.0,0.0,1307.0,0.0
210,48,265.0,90.0,0.0,1311.0,0.0
210,48,266.0,83.0,0.0,1317.0,0.0
210,48,267.0,77.0,0.0,1324.0,0.0
210,48,268.0,73.0,0.0,1330.0,0.0
210,48,269.0,70.0,0.0,1334.0,0.0
210,48,270.0,66.0,0.0,1337.0,0.0
210,48,271.0,65.0,0.0,1341.0,0.0
210,48,272.0,61.0,0.0,1342.0,0.0
210,48,273.0,55.0,0.0,1346.0,0.0
210,48,274.0,49.0,0.0,1352.0,0.0
210,48,275.0,47.0,0.0,1358.0,0.0
210,48,276.0,43.0,0.0,1360.0,0.0
210,48,277.0,42.0,0.0,1364.0,0.0
210,48,278.0,38.0,0.0,1365.0,0.0
210,48,279.0,32.0,0.0,1369.0,0.0
210,48,280.0,31.0,0.0,1375.0,0.0
210,48,281.0,29.0,0.0,1376.0,0.0
210,48,282.0,27.0,0.0,1378.0,0.0
210,48,283.0,26.0,0.0,1380.0,0.0
210,48,284.0,23.0,0.0,1381.0,0.0
210,48,285.0,22.0,0.0,1384.0,0.0
210,48,286.0,20.0,0.0,1385.0,0.0
210,48,287.0,19.0,0.0,1387.0,0.0
210,48,288.0,16.0,0.0,1388.0,0.0
210,48,289.0,15.0,0.0,1391.0,0.0
210,48,290.0,13.0,0.0,1392.0,0.0
210,48,291.0,12.0,0.0,1394.0,0.0
210,48,292.0,10.0,0.0,1395.0,0.0
210,48,293.0,10.0,0.0,1397.0,0.0
210,48,294.0,10.0,0.0,1397.0,0.0
210,48,295.0,9.0,0.0,1397.0,0.0
210,48,296.0,9.0,0.0,1398.0,0.0
210,48,297.0,9.0,0.0,1398.0,0.0
210,48,298.0,9.0,0.0,1398.0,0.0
210,48,299.0,8.0,0.0,1398.0,0.0
210,48,300.0,7.0,0.0,1399.0,0.0
210,48,301.0,7.0,0.0,1400.0,0.0
210,48,302.0,7.0,0.0,1400.0,0.0
210,48,303.0,7.0,0.0,1400.0,0.0
210,48,304.0,7.0,0.0,1400.0,0.0
210,48,305.0,6.0,0.0,1400.0,0.0
210,48,306.0,5.0,0.0,1401.0,0.0
210,48,307.0,4.0,0.0,1402.0,0.0
210,48,308.0,2.0,0.0,1403.0,0.0
210,48,309.0,2.0,0.0,1405.0,0.0
210,48,310.0,1.0,0.0,1405.0,0.0
210,48,311.0,1.0,0.0,1406.0,0.0
210,48,312.0,1.0,0.0,1406.0,0.0
210,48,313.0,1.0,0.0,1406.0,0.0
210,48,314.0,1.0,0.0,1406.0,0.0
210,48,315.0,1.0,0.0,1406.0,0.0
210,48,316.0,1.0,0.0,1406.0,0.0
210,48,317.0,1.0,0.0,1406.0,0.0
210,48,318.0,0.0,0.0,1406.0,0.0
210,48,319.0,0.0,0.0,1407.0,0.0
210,49,0.0,6.0,0.0,0.0,0.0
210,49,1.0,14.0,0.0,0.0,0.0
210,49,2.0,23.0,0.0,0.0,0.0
210,49,3.0,28.0,0.0,0.0,0.0
210,49,4.0,33.0,0.0,0.0,0.0
210,49,5.0,40.0,0.0,0.0,0.0
210,49,6.0,47.0,0.0,0.0,0.0
210,49,7.0,51.0,0.0,0.0,0.0
210,49,8.0,56.0,0.0,0.0,0.0
210,49,9.0,62.0,0.0,0.0,0.0
210,49,10.0,67.0,0.0,0.0,0.0
210,49,11.0,73.0,0.0,0.0,0.0
210,49,12.0,79.0,0.0,0.0,0.0
210,49,13.0,83.0,0.0,0.0,0.0
210,49,14.0,88.0,0.0,0.0,0.0
210,49,15.0,93.0,0.0,0.0,0.0
210,49,16.0,101.0,0.0,0.0,0.0
210,49,17.0,108.0,0.0,0.0,0.0
210,49,18.0,109.0,0.0,0.0,0.0
210,49,19.0,111.0,0.0,2.0,0.0
210,49,20.0,116.0,0.0,2.0,0.0
210,49,21.0,121.0,0.0,2.0,0.0
210,49,22.0,126.0,0.0,2.0,0.0
210,49,23.0,130.0,0.0,4.0,0.0
210,49,24.0,131.0,0.0,4.0,0.0
210,49,25.0,132.0,0.0,9.0,0.0
210,49,26.0,134.0,0.0,13.0,0.0
210,49,27.0,139.0,0.0,18.0,0.0
210,49,28.0,140.0,0.0,19.0,0.0
210,49,29.0,142.0,0.0,24.0,0.0
210,49,30.0,148.0,0.0,30.0,0.0
210,49,31.0,152.0,0.0,32.0,0.0
210,49,32.0,154.0,0.0,36.0,0.0
210,49,33.0,152.0,0.0,40.0,0.0
210,49,34.0,153.0,0.0,45.0,0.0
210,49,35.0,159.0,0.0,49.0,0.0
210,49,36.0,162.0,0.0,53.0,0.0
210,49,37.0,165.0,0.0,55.0,0.0
210,49,38.0,166.0,0.0,60.0,0.0
210,49,39.0,167.0,0.0,63.0,0.0
210,49,40.0,167.0,0.0,67.0,0.0
210,49,41.0,164.0,0.0,72.0,0.0
210,49,42.0,165.0,0.0,78.0,0.0
210,49,43.0,165.0,0.0,80.0,0.0
210,49,44.0,163.0,0.0,86.0,0.0
210,49,45.0,162.0,0.0,93.0,0.0
210,49,46.0,161.0,0.0,97.0,0.0
210,49,47.0,158.0,0.0,101.0,0.0
210,49,48.0,157.0,0.0,107.0,0.0
210,49,49.0,161.0,0.0,112.0,0.0
210,49,50.0,163.0,0.0,119.0,0.0
210,49,51.0,165.0,0.0,125.0,0.0
210,49,52.0,168.0,0.0,129.0,0.0
210,49,53.0,174.0,0.0,135.0,0.0
210,49,54.0,169.0,0.0,136.0,0.0
210,49,55.0,170.0,0.0,147.0,0.0
210,49,56.0,169.0,0.0,151.0,0.0
210,49,57.0,168.0,0.0,155.0,0.0
210,49,58.0,168.0,0.0,161.0,0.0
210,49,59.0,169.0,0.0,164.0,0.0
210,49,60.0,170.0,0.0,168.0,0.0
210,49,61.0,166.0,0.0,171.0,0.0
210,49,62.0,169.0,0.0,177.0,0.0
210,49,63.0,169.0,0.0,181.0,0.0
210,49,64.0,171.0,0.0,191.0,0.0
210,49,65.0,172.0,0.0,195.0,0.0
210,49,66.0,170.0,0.0,200.0,0.0
210,49,67.0,170.0,0.0,206.0,0.0
210,49,68.0,174.0,0.0,211.0,0.0
210,49,69.0,173.0,0.0,213.0,0.0
210,49,70.0,175.0,0.0,219.0,0.0
210,49,71.0,181.0,0.0,221.0,0.0
210,49,72.0,178.0,0.0,224.0,0.0
210,49,73.0,178.0,0.0,230.0,0.0
210,49,74.0,177.0,0.0,234.0,0.0
210,49,75.0,177.0,0.0,240.0,0.0
210,49,76.0,184.0,0.0,246.0,0.0
210,49,77.0,186.0,0.0,249.0,0.0
210,49,78.0,185.0,0.0,253.0,0.0
210,49,79.0,182.0,0.0,259.0,0.0
210,49,80.0,177.0,0.0,264.0,0.0
210,49,81.0,179.0,0.0,273.0,0.0
210,49,82.0,182.0,0.0,279.0,0.0
210,49,83.0,185.0,0.0,286.0,0.0
210,49,84.0,185.0,0.0,288.0,0.0
210,49,85.0,188.0,0.0,294.0,0.0
210,49,86.0,188.0,0.0,298.0,0.0
210,49,87.0,184.0,0.0,302.0,0.0
210,49,88.0,183.0,0.0,311.0,0.0
210,49,89.0,189.0,0.0,317.0,0.0
210,49,90.0,190.0,0.0,320.0,0.0
210,49,91.0,188.0,0.0,323.0,0.0
210,49,92.0,190.0,0.0,330.0,0.0
210,49,93.0,186.0,0.0,336.0,0.0
210,49,94.0,182.0,0.0,345.0,0.0
210,49,95.0,179.0,0.0,352.0,0.0
210,49,96.0,183.0,0.0,360.0,0.0
210,49,97.0,179.0,0.0,365.0,0.0
210,49,98.0,175.0,0.0,374.0,0.0
210,49,99.0,176.0,0.0,383.0,0.0
210,49,100.0,180.0,0.0,385.0,0.0
210,49,101.0,179.0,0.0,388.0,0.0
210,49,102.0,178.0,0.0,395.0,0.0
210,49,103.0,176.0,0.0,403.0,0.0
210,49,104.0,175.0,0.0,413.0,0.0
210,49,105.0,169.0,0.0,419.0,0.0
210,49,106.0,167.0,0.0,429.0,0.0
210,49,107.0,164.0,0.0,435.0,0.0
210,49,108.0,168.0,0.0,441.0,0.0
210,49,109.0,164.0,0.0,444.0,0.0
210,49,110.0,163.0,0.0,451.0,0.0
210,49,111.0,166.0,0.0,456.0,0.0
210,49,112.0,163.0,0.0,460.0,0.0
210,49,113.0,159.0,0.0,465.0,0.0
210,49,114.0,159.0,0.0,473.0,0.0
210,49,115.0,160.0,0.0,476.0,0.0
210,49,116.0,161.0,0.0,481.0,0.0
210,49,117.0,157.0,0.0,486.0,0.0
210,49,118.0,155.0,0.0,494.0,0.0
210,49,119.0,160.0,0.0,502.0,0.0
210,49,120.0,169.0,0.0,508.0,0.0
210,49,121.0,162.0,0.0,510.0,0.0
210,49,122.0,166.0,0.0,521.0,0.0
210,49,123.0,171.0,0.0,527.0,0.0
210,49,124.0,172.0,0.0,531.0,0.0
210,49,125.0,168.0,0.0,534.0,0.0
210,49,126.0,168.0,0.0,542.0,0.0
210,49,127.0,167.0,0.0,549.0,0.0
210,49,128.0,168.0,0.0,554.0,0.0
210,49,129.0,167.0,0.0,558.0,0.0
210,49,130.0,168.0,0.0,564.0,0.0
210,49,131.0,171.0,0.0,568.0,0.0
210,49,132.0,173.0,0.0,572.0,0.0
210,49,133.0,169.0,0.0,576.0,0.0
210,49,134.0,171.0,0.0,583.0,0.0
210,49,135.0,170.0,0.0,586.0,0.0
210,49,136.0,172.0,0.0,592.0,0.0
210,49,137.0,169.0,0.0,594.0,0.0
210,49,138.0,167.0,0.0,603.0,0.0
210,49,139.0,168.0,0.0,610.0,0.0
210,49,140.0,166.0,0.0,614.0,0.0
210,49,141.0,161.0,0.0,620.0,0.0
210,49,142.0,163.0,0.0,627.0,0.0
210,49,143.0,167.0,0.0,633.0,0.0
210,49,144.0,164.0,0.0,637.0,0.0
210,49,145.0,168.0,0.0,645.0,0.0
210,49,146.0,169.0,0.0,647.0,0.0
210,49,147.0,164.0,0.0,652.0,0.0
210,49,148.0,167.0,0.0,661.0,0.0
210,49,149.0,165.0,0.0,665.0,0.0
210,49,150.0,166.0,0.0,671.0,0.0
210,49,151.0,167.0,0.0,676.0,0.0
210,49,152.0,165.0,0.0,679.0,0.0
210,49,153.0,164.0,0.0,686.0,0.0
210,49,154.0,167.0,0.0,692.0,0.0
210,49,155.0,163.0,0.0,694.0,0.0
210,49,156.0,156.0,0.0,705.0,0.0
210,49,157.0,157.0,0.0,715.0,0.0
210,49,158.0,156.0,0.0,718.0,0.0
210,49,159.0,154.0,0.0,721.0,0.0
210,49,160.0,161.0,0.0,729.0,0.0
210,49,161.0,166.0,0.0,730.0,0.0
210,49,162.0,172.0,0.0,733.0,0.0
210,49,163.0,176.0,0.0,736.0,0.0
210,49,164.0,179.0,0.0,740.0,0.0
210,49,165.0,180.0,0.0,746.0,0.0
210,49,166.0,178.0,0.0,754.0,0.0
210,49,167.0,174.0,0.0,759.0,0.0
210,49,168.0,176.0,0.0,771.0,0.0
210,49,169.0,184.0,0.0,774.0,0.0
210,49,170.0,188.0,0.0,776.0,0.0
210,49,171.0,184.0,0.0,779.0,0.0
210,49,172.0,186.0,0.0,785.0,0.0
210,49,173.0,184.0,0.0,788.0,0.0
210,49,174.0,186.0,0.0,794.0,0.0
210,49,175.0,189.0,0.0,798.0,0.0
210,49,176.0,191.0,0.0,805.0,0.0
210,49,177.0,194.0,0.0,808.0,0.0
210,49,178.0,190.0,0.0,813.0,0.0
210,49,179.0,186.0,0.0,822.0,0.0
210,49,180.0,187.0,0.0,830.0,0.0
210,49,181.0,190.0,0.0,834.0,0.0
210,49,182.0,193.0,0.0,838.0,0.0
210,49,183.0,190.0,0.0,842.0,0.0
210,49,184.0,189.0,0.0,851.0,0.0
210,49,185.0,191.0,0.0,856.0,0.0
210,49,186.0,193.0,0.0,865.0,0.0
210,49,187.0,193.0,0.0,869.0,0.0
210,49,188.0,192.0,0.0,877.0,0.0
210,49,189.0,194.0,0.0,885.0,0.0
210,49,190.0,195.0,0.0,891.0,0.0
210,49,191.0,194.0,0.0,895.0,0.0
210,49,192.0,192.0,0.0,903.0,0.0
210,49,193.0,196.0,0.0,909.0,0.0
210,49,194.0,187.0,0.0,912.0,0.0
210,49,195.0,185.0,0.0,923.0,0.0
210,49,196.0,184.0,0.0,932.0,0.0
210,49,197.0,189.0,0.0,939.0,0.0
210,49,198.0,192.0,0.0,942.0,0.0
210,49,199.0,194.0,0.0,945.0,0.0
210,49,200.0,191.0,0.0,949.0,0.0
210,49,201.0,199.0,0.0,955.0,0.0
210,49,202.0,197.0,0.0,958.0,0.0
210,49,203.0,199.0,0.0,963.0,0.0
210,49,204.0,199.0,0.0,966.0,0.0
210,49,205.0,201.0,0.0,976.0,0.0
210,49,206.0,195.0,0.0,980.0,0.0
210,49,207.0,188.0,0.0,990.0,0.0
210,49,208.0,190.0,0.0,1001.0,0.0
210,49,209.0,187.0,0.0,1003.0,0.0
210,49,210.0,190.0,0.0,1010.0,0.0
210,49,211.0,191.0,0.0,1016.0,0.0
210,49,212.0,191.0,0.0,1020.0,0.0
210,49,213.0,189.0,0.0,1024.0,0.0
210,49,214.0,180.0,0.0,1031.0,0.0
210,49,215.0,174.0,0.0,1044.0,0.0
210,49,216.0,172.0,0.0,1051.0,0.0
210,49,217.0,164.0,0.0,1057.0,0.0
210,49,218.0,166.0,0.0,1069.0,0.0
210,49,219.0,162.0,0.0,1072.0,0.0
210,49,220.0,161.0,0.0,1081.0,0.0
210,49,221.0,159.0,0.0,1086.0,0.0
210,49,222.0,162.0,0.0,1091.0,0.0
210,49,223.0,163.0,0.0,1094.0,0.0
210,49,224.0,166.0,0.0,1098.0,0.0
210,49,225.0,161.0,0.0,1102.0,0.0
210,49,226.0,162.0,0.0,1112.0,0.0
210,49,227.0,163.0,0.0,1118.0,0.0
210,49,228.0,163.0,0.0,1124.0,0.0
210,49,229.0,158.0,0.0,1130.0,0.0
210,49,230.0,157.0,0.0,1138.0,0.0
210,49,231.0,158.0,0.0,1144.0,0.0
210,49,232.0,160.0,0.0,1149.0,0.0
210,49,233.0,158.0,0.0,1151.0,0.0
210,49,234.0,163.0,0.0,1158.0,0.0
210,49,235.0,166.0,0.0,1161.0,0.0
210,49,236.0,171.0,0.0,1167.0,0.0
210,49,237.0,176.0,0.0,1170.0,0.0
210,49,238.0,177.0,0.0,1173.0,0.0
210,49,239.0,177.0,0.0,1177.0,0.0
210,49,240.0,186.0,0.0,1184.0,0.0
210,49,241.0,183.0,0.0,1185.0,0.0
210,49,242.0,184.0,0.0,1194.0,0.0
210,49,243.0,182.0,0.0,1199.0,0.0
210,49,244.0,182.0,0.0,1205.0,0.0
210,49,245.0,183.0,0.0,1210.0,0.0
210,49,246.0,187.0,0.0,1214.0,0.0
210,49,247.0,184.0,0.0,1220.0,0.0
210,49,248.0,183.0,0.0,1226.0,0.0
210,49,249.0,186.0,0.0,1232.0,0.0
210,49,250.0,186.0,0.0,1235.0,0.0
210,49,251.0,185.0,0.0,1240.0,0.0
210,49,252.0,180.0,0.0,1241.0,0.0
210,49,253.0,177.0,0.0,1246.0,0.0
210,49,254.0,169.0,0.0,1249.0,0.0
210,49,255.0,163.0,0.0,1257.0,0.0
210,49,256.0,159.0,0.0,1263.0,0.0
210,49,257.0,154.0,0.0,1267.0,0.0
210,49,258.0,145.0,0.0,1272.0,0.0
210,49,259.0,135.0,0.0,1281.0,0.0
210,49,260.0,130.0,0.0,1291.0,0.0
210,49,261.0,126.0,0.0,1296.0,0.0
210,49,262.0,117.0,0.0,1300.0,0.0
210,49,263.0,107.0,0.0,1309.0,0.0
210,49,264.0,103.0,0.0,1319.0,0.0
210,49,265.0,97.0,0.0,1323.0,0.0
210,49,266.0,94.0,0.0,1329.0,0.0
210,49,267.0,90.0,0.0,1332.0,0.0
210,49,268.0,84.0,0.0,1336.0,0.0
210,49,269.0,75.0,0.0,1342.0,0.0
210,49,270.0,72.0,0.0,1351.0,0.0
210,49,271.0,70.0,0.0,1354.0,0.0
210,49,272.0,64.0,0.0,1356.0,0.0
210,49,273.0,60.0,0.0,1362.0,0.0
210,49,274.0,53.0,0.0,1366.0,0.0
210,49,275.0,51.0,0.0,1373.0,0.0
210,49,276.0,48.0,0.0,1375.0,0.0
210,49,277.0,47.0,0.0,1378.0,0.0
210,49,278.0,41.0,0.0,1379.0,0.0
210,49,279.0,38.0,0.0,1385.0,0.0
210,49,280.0,36.0,0.0,1388.0,0.0
210,49,281.0,32.0,0.0,1390.0,0.0
210,49,282.0,31.0,0.0,1394.0,0.0
210,49,283.0,30.0,0.0,1395.0,0.0
210,49,284.0,29.0,0.0,1396.0,0.0
210,49,285.0,27.0,0.0,1397.0,0.0
210,49,286.0,27.0,0.0,1399.0,0.0
210,49,287.0,25.0,0.0,1399.0,0.0
210,49,288.0,24.0,0.0,1401.0,0.0
210,49,289.0,22.0,0.0,1402.0,0.0
210,49,290.0,21.0,0.0,1404.0,0.0
210,49,291.0,20.0,0.0,1405.0,0.0
210,49,292.0,20.0,0.0,1406.0,0.0
210,49,293.0,18.0,0.0,1406.0,0.0
210,49,294.0,16.0,0.0,1408.0,0.0
210,49,295.0,14.0,0.0,1410.0,0.0
210,49,296.0,11.0,0.0,1412.0,0.0
210,49,297.0,11.0,0.0,1415.0,0.0
210,49,298.0,11.0,0.0,1415.0,0.0
210,49,299.0,10.0,0.0,1415.0,0.0
210,49,300.0,9.0,0.0,1416.0,0.0
210,49,301.0,8.0,0.0,1417.0,0.0
210,49,302.0,6.0,0.0,1418.0,0.0
210,49,303.0,4.0,0.0,1420.0,0.0
210,49,304.0,3.0,0.0,1422.0,0.0
210,49,305.0,3.0,0.0,1423.0,0.0
210,49,306.0,3.0,0.0,1423.0,0.0
210,49,307.0,3.0,0.0,1423.0,0.0
210,49,308.0,3.0,0.0,1423.0,0.0
210,49,309.0,3.0,0.0,1423.0,0.0
210,49,310.0,3.0,0.0,1423.0,0.0
210,49,311.0,3.0,0.0,1423.0,0.0
210,49,312.0,2.0,0.0,1423.0,0.0
210,49,313.0,2.0,0.0,1424.0,0.0
210,49,314.0,2.0,0.0,1424.0,0.0
210,49,315.0,1.0,0.0,1424.0,0.0
210,49,316.0,0.0,0.0,1425.0,0.0
210,49,317.0,0.0,0.0,1426.0,0.0
210,50,0.0,4.0,0.0,0.0,0.0
210,50,1.0,9.0,0.0,0.0,0.0
210,50,2.0,17.0,0.0,0.0,0.0
210,50,3.0,19.0,0.0,0.0,0.0
210,50,4.0,25.0,0.0,0.0,0.0
210,50,5.0,27.0,0.0,0.0,0.0
210,50,6.0,29.0,0.0,0.0,0.0
210,50,7.0,38.0,0.0,0.0,0.0
210,50,8.0,42.0,0.0,0.0,0.0
210,50,9.0,48.0,0.0,0.0,0.0
210,50,10.0,52.0,0.0,0.0,0.0
210,50,11.0,61.0,0.0,0.0,0.0
210,50,12.0,66.0,0.0,0.0,0.0
210,50,13.0,70.0,0.0,0.0,0.0
210,50,14.0,75.0,0.0,0.0,0.0
210,50,15.0,82.0,0.0,0.0,0.0
210,50,16.0,85.0,0.0,0.0,0.0
210,50,17.0,90.0,0.0,0.0,0.0
210,50,18.0,92.0,0.0,0.0,0.0
210,50,19.0,95.0,0.0,2.0,0.0
210,50,20.0,99.0,0.0,2.0,0.0
210,50,21.0,107.0,0.0,3.0,0.0
210,50,22.0,111.0,0.0,3.0,0.0
210,50,23.0,114.0,0.0,5.0,0.0
210,50,24.0,116.0,0.0,7.0,0.0
210,50,25.0,124.0,0.0,9.0,0.0
210,50,26.0,129.0,0.0,10.0,0.0
210,50,27.0,131.0,0.0,12.0,0.0
210,50,28.0,134.0,0.0,15.0,0.0
210,50,29.0,137.0,0.0,17.0,0.0
210,50,30.0,139.0,0.0,20.0,0.0
210,50,31.0,142.0,0.0,22.0,0.0
210,50,32.0,144.0,0.0,25.0,0.0
210,50,33.0,147.0,0.0,27.0,0.0
210,50,34.0,145.0,0.0,29.0,0.0
210,50,35.0,147.0,0.0,35.0,0.0
210,50,36.0,150.0,0.0,38.0,0.0
210,50,37.0,151.0,0.0,43.0,0.0
210,50,38.0,152.0,0.0,47.0,0.0
210,50,39.0,156.0,0.0,50.0,0.0
210,50,40.0,156.0,0.0,52.0,0.0
210,50,41.0,159.0,0.0,57.0,0.0
210,50,42.0,160.0,0.0,59.0,0.0
210,50,43.0,158.0,0.0,63.0,0.0
210,50,44.0,157.0,0.0,68.0,0.0
210,50,45.0,163.0,0.0,73.0,0.0
210,50,46.0,164.0,0.0,77.0,0.0
210,50,47.0,160.0,0.0,80.0,0.0
210,50,48.0,159.0,0.0,85.0,0.0
210,50,49.0,161.0,0.0,90.0,0.0
210,50,50.0,158.0,0.0,94.0,0.0
210,50,51.0,158.0,0.0,104.0,0.0
210,50,52.0,157.0,0.0,109.0,0.0
210,50,53.0,158.0,0.0,113.0,0.0
210,50,54.0,159.0,0.0,117.0,0.0
210,50,55.0,159.0,0.0,123.0,0.0
210,50,56.0,165.0,0.0,130.0,0.0
210,50,57.0,161.0,0.0,134.0,0.0
210,50,58.0,157.0,0.0,140.0,0.0
210,50,59.0,155.0,0.0,145.0,0.0
210,50,60.0,160.0,0.0,153.0,0.0
210,50,61.0,161.0,0.0,158.0,0.0
210,50,62.0,168.0,0.0,164.0,0.0
210,50,63.0,167.0,0.0,167.0,0.0
210,50,64.0,171.0,0.0,174.0,0.0
210,50,65.0,172.0,0.0,178.0,0.0
210,50,66.0,171.0,0.0,183.0,0.0
210,50,67.0,173.0,0.0,190.0,0.0
210,50,68.0,174.0,0.0,193.0,0.0
210,50,69.0,174.0,0.0,202.0,0.0
210,50,70.0,178.0,0.0,208.0,0.0
210,50,71.0,181.0,0.0,210.0,0.0
210,50,72.0,181.0,0.0,213.0,0.0
210,50,73.0,181.0,0.0,218.0,0.0
210,50,74.0,184.0,0.0,223.0,0.0
210,50,75.0,188.0,0.0,225.0,0.0
210,50,76.0,187.0,0.0,229.0,0.0
210,50,77.0,183.0,0.0,233.0,0.0
210,50,78.0,183.0,0.0,242.0,0.0
210,50,79.0,189.0,0.0,246.0,0.0
210,50,80.0,191.0,0.0,248.0,0.0
210,50,81.0,187.0,0.0,252.0,0.0
210,50,82.0,190.0,0.0,260.0,0.0
210,50,83.0,186.0,0.0,263.0,0.0
210,50,84.0,185.0,0.0,272.0,0.0
210,50,85.0,183.0,0.0,279.0,0.0
210,50,86.0,183.0,0.0,286.0,0.0
210,50,87.0,182.0,0.0,292.0,0.0
210,50,88.0,178.0,0.0,298.0,0.0
210,50,89.0,175.0,0.0,306.0,0.0
210,50,90.0,174.0,0.0,315.0,0.0
210,50,91.0,175.0,0.0,321.0,0.0
210,50,92.0,177.0,0.0,328.0,0.0
210,50,93.0,169.0,0.0,333.0,0.0
210,50,94.0,169.0,0.0,344.0,0.0
210,50,95.0,168.0,0.0,349.0,0.0
210,50,96.0,167.0,0.0,355.0,0.0
210,50,97.0,165.0,0.0,361.0,0.0
210,50,98.0,163.0,0.0,369.0,0.0
210,50,99.0,162.0,0.0,374.0,0.0
210,50,100.0,165.0,0.0,381.0,0.0
210,50,101.0,169.0,0.0,385.0,0.0
210,50,102.0,172.0,0.0,390.0,0.0
210,50,103.0,177.0,0.0,394.0,0.0
210,50,104.0,177.0,0.0,397.0,0.0
210,50,105.0,183.0,0.0,402.0,0.0
210,50,106.0,181.0,0.0,406.0,0.0
210,50,107.0,181.0,0.0,413.0,0.0
210,50,108.0,175.0,0.0,419.0,0.0
210,50,109.0,177.0,0.0,430.0,0.0
210,50,110.0,176.0,0.0,432.0,0.0
210,50,111.0,178.0,0.0,438.0,0.0
210,50,112.0,177.0,0.0,441.0,0.0
210,50,113.0,175.0,0.0,445.0,0.0
210,50,114.0,177.0,0.0,451.0,0.0
210,50,115.0,172.0,0.0,457.0,0.0
210,50,116.0,173.0,0.0,466.0,0.0
210,50,117.0,173.0,0.0,469.0,0.0
210,50,118.0,174.0,0.0,476.0,0.0
210,50,119.0,180.0,0.0,479.0,0.0
210,50,120.0,180.0,0.0,484.0,0.0
210,50,121.0,187.0,0.0,490.0,0.0
210,50,122.0,190.0,0.0,491.0,0.0
210,50,123.0,186.0,0.0,495.0,0.0
210,50,124.0,184.0,0.0,505.0,0.0
210,50,125.0,182.0,0.0,509.0,0.0
210,50,126.0,181.0,0.0,516.0,0.0
210,50,127.0,181.0,0.0,521.0,0.0
210,50,128.0,181.0,0.0,526.0,0.0
210,50,129.0,177.0,0.0,532.0,0.0
210,50,130.0,179.0,0.0,539.0,0.0
210,50,131.0,182.0,0.0,548.0,0.0
210,50,132.0,182.0,0.0,550.0,0.0
210,50,133.0,179.0,0.0,554.0,0.0
210,50,134.0,179.0,0.0,561.0,0.0
210,50,135.0,179.0,0.0,567.0,0.0
210,50,136.0,175.0,0.0,572.0,0.0
210,50,137.0,175.0,0.0,581.0,0.0
210,50,138.0,178.0,0.0,585.0,0.0
210,50,139.0,173.0,0.0,591.0,0.0
210,50,140.0,175.0,0.0,601.0,0.0
210,50,141.0,177.0,0.0,606.0,0.0
210,50,142.0,180.0,0.0,611.0,0.0
210,50,143.0,173.0,0.0,617.0,0.0
210,50,144.0,170.0,0.0,627.0,0.0
210,50,145.0,169.0,0.0,633.0,0.0
210,50,146.0,167.0,0.0,638.0,0.0
210,50,147.0,171.0,0.0,646.0,0.0
210,50,148.0,168.0,0.0,649.0,0.0
210,50,149.0,165.0,0.0,656.0,0.0
210,50,150.0,163.0,0.0,662.0,0.0
210,50,151.0,162.0,0.0,669.0,0.0
210,50,152.0,165.0,0.0,673.0,0.0
210,50,153.0,168.0,0.0,677.0,0.0
210,50,154.0,169.0,0.0,681.0,0.0
210,50,155.0,171.0,0.0,688.0,0.0
210,50,156.0,169.0,0.0,691.0,0.0
210,50,157.0,167.0,0.0,697.0,0.0
210,50,158.0,168.0,0.0,700.0,0.0
210,50,159.0,167.0,0.0,704.0,0.0
210,50,160.0,164.0,0.0,710.0,0.0
210,50,161.0,164.0,0.0,717.0,0.0
210,50,162.0,163.0,0.0,720.0,0.0
210,50,163.0,162.0,0.0,727.0,0.0
210,50,164.0,168.0,0.0,733.0,0.0
210,50,165.0,164.0,0.0,736.0,0.0
210,50,166.0,160.0,0.0,745.0,0.0
210,50,167.0,163.0,0.0,752.0,0.0
210,50,168.0,169.0,0.0,758.0,0.0
210,50,169.0,172.0,0.0,761.0,0.0
210,50,170.0,172.0,0.0,764.0,0.0
210,50,171.0,170.0,0.0,771.0,0.0
210,50,172.0,174.0,0.0,778.0,0.0
210,50,173.0,169.0,0.0,781.0,0.0
210,50,174.0,173.0,0.0,788.0,0.0
210,50,175.0,169.0,0.0,793.0,0.0
210,50,176.0,168.0,0.0,802.0,0.0
210,50,177.0,173.0,0.0,808.0,0.0
210,50,178.0,172.0,0.0,811.0,0.0
210,50,179.0,171.0,0.0,817.0,0.0
210,50,180.0,175.0,0.0,821.0,0.0
210,50,181.0,178.0,0.0,825.0,0.0
210,50,182.0,180.0,0.0,830.0,0.0
210,50,183.0,179.0,0.0,838.0,0.0
210,50,184.0,179.0,0.0,844.0,0.0
210,50,185.0,179.0,0.0,848.0,0.0
210,50,186.0,182.0,0.0,851.0,0.0
210,50,187.0,182.0,0.0,855.0,0.0
210,50,188.0,183.0,0.0,858.0,0.0
210,50,189.0,178.0,0.0,863.0,0.0
210,50,190.0,182.0,0.0,872.0,0.0
210,50,191.0,177.0,0.0,875.0,0.0
210,50,192.0,181.0,0.0,885.0,0.0
210,50,193.0,179.0,0.0,890.0,0.0
210,50,194.0,179.0,0.0,896.0,0.0
210,50,195.0,182.0,0.0,900.0,0.0
210,50,196.0,182.0,0.0,905.0,0.0
210,50,197.0,182.0,0.0,911.0,0.0
210,50,198.0,177.0,0.0,917.0,0.0
210,50,199.0,175.0,0.0,926.0,0.0
210,50,200.0,172.0,0.0,932.0,0.0
210,50,201.0,173.0,0.0,941.0,0.0
210,50,202.0,174.0,0.0,946.0,0.0
210,50,203.0,171.0,0.0,949.0,0.0
210,50,204.0,168.0,0.0,955.0,0.0
210,50,205.0,169.0,0.0,962.0,0.0
210,50,206.0,164.0,0.0,967.0,0.0
210,50,207.0,158.0,0.0,974.0,0.0
210,50,208.0,156.0,0.0,983.0,0.0
210,50,209.0,157.0,0.0,990.0,0.0
210,50,210.0,159.0,0.0,994.0,0.0
210,50,211.0,161.0,0.0,1000.0,0.0
210,50,212.0,157.0,0.0,1005.0,0.0
210,50,213.0,159.0,0.0,1013.0,0.0
210,50,214.0,157.0,0.0,1019.0,0.0
210,50,215.0,156.0,0.0,1023.0,0.0
210,50,216.0,159.0,0.0,1028.0,0.0
210,50,217.0,160.0,0.0,1032.0,0.0
210,50,218.0,160.0,0.0,1037.0,0.0
210,50,219.0,156.0,0.0,1041.0,0.0
210,50,220.0,154.0,0.0,1049.0,0.0
210,50,221.0,153.0,0.0,1057.0,0.0
210,50,222.0,147.0,0.0,1062.0,0.0
210,50,223.0,151.0,0.0,1069.0,0.0
210,50,224.0,152.0,0.0,1072.0,0.0
210,50,225.0,150.0,0.0,1076.0,0.0
210,50,226.0,152.0,0.0,1081.0,0.0
210,50,227.0,155.0,0.0,1086.0,0.0
210,50,228.0,156.0,0.0,1090.0,0.0
210,50,229.0,161.0,0.0,1094.0,0.0
210,50,230.0,156.0,0.0,1098.0,0.0
210,50,231.0,158.0,0.0,1106.0,0.0
210,50,232.0,162.0,0.0,1112.0,0.0
210,50,233.0,165.0,0.0,1118.0,0.0
210,50,234.0,161.0,0.0,1122.0,0.0
210,50,235.0,165.0,0.0,1130.0,0.0
210,50,236.0,166.0,0.0,1134.0,0.0
210,50,237.0,168.0,0.0,1141.0,0.0
210,50,238.0,168.0,0.0,1145.0,0.0
210,50,239.0,172.0,0.0,1150.0,0.0
210,50,240.0,169.0,0.0,1152.0,0.0
210,50,241.0,172.0,0.0,1157.0,0.0
210,50,242.0,169.0,0.0,1161.0,0.0
210,50,243.0,169.0,0.0,1167.0,0.0
210,50,244.0,167.0,0.0,1172.0,0.0
210,50,245.0,170.0,0.0,1178.0,0.0
210,50,246.0,173.0,0.0,1181.0,0.0
210,50,247.0,174.0,0.0,1188.0,0.0
210,50,248.0,173.0,0.0,1192.0,0.0
210,50,249.0,176.0,0.0,1197.0,0.0
210,50,250.0,174.0,0.0,1199.0,0.0
210,50,251.0,169.0,0.0,1205.0,0.0
210,50,252.0,164.0,0.0,1210.0,0.0
210,50,253.0,158.0,0.0,1215.0,0.0
210,50,254.0,151.0,0.0,1221.0,0.0
210,50,255.0,144.0,0.0,1228.0,0.0
210,50,256.0,139.0,0.0,1235.0,0.0
210,50,257.0,133.0,0.0,1240.0,0.0
210,50,258.0,124.0,0.0,1246.0,0.0
210,50,259.0,117.0,0.0,1255.0,0.0
210,50,260.0,113.0,0.0,1262.0,0.0
210,50,261.0,104.0,0.0,1266.0,0.0
210,50,262.0,100.0,0.0,1275.0,0.0
210,50,263.0,95.0,0.0,1279.0,0.0
210,50,264.0,94.0,0.0,1284.0,0.0
210,50,265.0,89.0,0.0,1285.0,0.0
210,50,266.0,83.0,0.0,1290.0,0.0
210,50,267.0,77.0,0.0,1296.0,0.0
210,50,268.0,73.0,0.0,1302.0,0.0
210,50,269.0,71.0,0.0,1306.0,0.0
210,50,270.0,65.0,0.0,1308.0,0.0
210,50,271.0,60.0,0.0,1314.0,0.0
210,50,272.0,56.0,0.0,1319.0,0.0
210,50,273.0,50.0,0.0,1323.0,0.0
210,50,274.0,46.0,0.0,1329.0,0.0
210,50,275.0,46.0,0.0,1333.0,0.0
210,50,276.0,45.0,0.0,1333.0,0.0
210,50,277.0,37.0,0.0,1334.0,0.0
210,50,278.0,32.0,0.0,1342.0,0.0
210,50,279.0,30.0,0.0,1347.0,0.0
210,50,280.0,28.0,0.0,1349.0,0.0
210,50,281.0,25.0,0.0,1351.0,0.0
210,50,282.0,22.0,0.0,1354.0,0.0
210,50,283.0,22.0,0.0,1357.0,0.0
210,50,284.0,22.0,0.0,1357.0,0.0
210,50,285.0,21.0,0.0,1357.0,0.0
210,50,286.0,19.0,0.0,1358.0,0.0
210,50,287.0,18.0,0.0,1360.0,0.0
210,50,288.0,18.0,0.0,1361.0,0.0
210,50,289.0,16.0,0.0,1361.0,0.0
210,50,290.0,15.0,0.0,1363.0,0.0
210,50,291.0,14.0,0.0,1364.0,0.0
210,50,292.0,13.0,0.0,1365.0,0.0
210,50,293.0,13.0,0.0,1366.0,0.0
210,50,294.0,13.0,0.0,1366.0,0.0
210,50,295.0,13.0,0.0,1366.0,0.0
210,50,296.0,13.0,0.0,1366.0,0.0
210,50,297.0,12.0,0.0,1366.0,0.0
210,50,298.0,12.0,0.0,1367.0,0.0
210,50,299.0,10.0,0.0,1367.0,0.0
210,50,300.0,9.0,0.0,1369.0,0.0
210,50,301.0,7.0,0.0,1370.0,0.0
210,50,302.0,7.0,0.0,1372.0,0.0
210,50,303.0,7.0,0.0,1372.0,0.0
210,50,304.0,5.0,0.0,1372.0,0.0
210,50,305.0,4.0,0.0,1374.0,0.0
210,50,306.0,3.0,0.0,1375.0,0.0
210,50,307.0,3.0,0.0,1376.0,0.0
210,50,308.0,3.0,0.0,1376.0,0.0
210,50,309.0,3.0,0.0,1376.0,0.0
210,50,310.0,2.0,0.0,1376.0,0.0
210,50,311.0,2.0,0.0,1377.0,0.0
210,50,312.0,0.0,0.0,1377.0,0.0
210,50,313.0,0.0,0.0,1379.0,0.0
210,51,0.0,7.0,0.0,0.0,0.0
210,51,1.0,11.0,0.0,0.0,0.0
210,51,2.0,15.0,0.0,0.0,0.0
210,51,3.0,21.0,0.0,0.0,0.0
210,51,4.0,27.0,0.0,0.0,0.0
210,51,5.0,32.0,0.0,0.0,0.0
210,51,6.0,35.0,0.0,0.0,0.0
210,51,7.0,40.0,0.0,0.0,0.0
210,51,8.0,45.0,0.0,0.0,0.0
210,51,9.0,48.0,0.0,0.0,0.0
210,51,10.0,54.0,0.0,0.0,0.0
210,51,11.0,61.0,0.0,0.0,0.0
210,51,12.0,68.0,0.0,0.0,0.0
210,51,13.0,76.0,0.0,0.0,0.0
210,51,14.0,82.0,0.0,0.0,0.0
210,51,15.0,86.0,0.0,0.0,0.0
210,51,16.0,90.0,0.0,0.0,0.0
210,51,17.0,95.0,0.0,0.0,0.0
210,51,18.0,101.0,0.0,0.0,0.0
210,51,19.0,109.0,0.0,1.0,0.0
210,51,20.0,121.0,0.0,1.0,0.0
210,51,21.0,124.0,0.0,1.0,0.0
210,51,22.0,129.0,0.0,2.0,0.0
210,51,23.0,133.0,0.0,2.0,0.0
210,51,24.0,137.0,0.0,3.0,0.0
210,51,25.0,140.0,0.0,4.0,0.0
210,51,26.0,143.0,0.0,6.0,0.0
210,51,27.0,149.0,0.0,8.0,0.0
210,51,28.0,147.0,0.0,9.0,0.0
210,51,29.0,150.0,0.0,14.0,0.0
210,51,30.0,159.0,0.0,17.0,0.0
210,51,31.0,161.0,0.0,18.0,0.0
210,51,32.0,158.0,0.0,20.0,0.0
210,51,33.0,161.0,0.0,27.0,0.0
210,51,34.0,166.0,0.0,30.0,0.0
210,51,35.0,165.0,0.0,35.0,0.0
210,51,36.0,166.0,0.0,41.0,0.0
210,51,37.0,166.0,0.0,45.0,0.0
210,51,38.0,167.0,0.0,50.0,0.0
210,51,39.0,168.0,0.0,56.0,0.0
210,51,40.0,169.0,0.0,60.0,0.0
210,51,41.0,172.0,0.0,66.0,0.0
210,51,42.0,173.0,0.0,72.0,0.0
210,51,43.0,177.0,0.0,79.0,0.0
210,51,44.0,176.0,0.0,82.0,0.0
210,51,45.0,177.0,0.0,89.0,0.0
210,51,46.0,176.0,0.0,92.0,0.0
210,51,47.0,177.0,0.0,96.0,0.0
210,51,48.0,176.0,0.0,98.0,0.0
210,51,49.0,178.0,0.0,105.0,0.0
210,51,50.0,179.0,0.0,109.0,0.0
210,51,51.0,181.0,0.0,114.0,0.0
210,51,52.0,180.0,0.0,117.0,0.0
210,51,53.0,187.0,0.0,123.0,0.0
210,51,54.0,188.0,0.0,126.0,0.0
210,51,55.0,190.0,0.0,134.0,0.0
210,51,56.0,190.0,0.0,138.0,0.0
210,51,57.0,190.0,0.0,144.0,0.0
210,51,58.0,183.0,0.0,149.0,0.0
210,51,59.0,181.0,0.0,158.0,0.0
210,51,60.0,177.0,0.0,165.0,0.0
210,51,61.0,177.0,0.0,173.0,0.0
210,51,62.0,177.0,0.0,180.0,0.0
210,51,63.0,177.0,0.0,182.0,0.0
210,51,64.0,176.0,0.0,190.0,0.0
210,51,65.0,173.0,0.0,194.0,0.0
210,51,66.0,173.0,0.0,199.0,0.0
210,51,67.0,176.0,0.0,205.0,0.0
210,51,68.0,178.0,0.0,208.0,0.0
210,51,69.0,178.0,0.0,213.0,0.0
210,51,70.0,179.0,0.0,219.0,0.0
210,51,71.0,184.0,0.0,224.0,0.0
210,51,72.0,187.0,0.0,229.0,0.0
210,51,73.0,187.0,0.0,237.0,0.0
210,51,74.0,181.0,0.0,241.0,0.0
210,51,75.0,178.0,0.0,251.0,0.0
210,51,76.0,178.0,0.0,258.0,0.0
210,51,77.0,183.0,0.0,265.0,0.0
210,51,78.0,181.0,0.0,267.0,0.0
210,51,79.0,180.0,0.0,274.0,0.0
210,51,80.0,179.0,0.0,281.0,0.0
210,51,81.0,178.0,0.0,286.0,0.0
210,51,82.0,177.0,0.0,294.0,0.0
210,51,83.0,179.0,0.0,301.0,0.0
210,51,84.0,180.0,0.0,307.0,0.0
210,51,85.0,180.0,0.0,309.0,0.0
210,51,86.0,179.0,0.0,316.0,0.0
210,51,87.0,181.0,0.0,320.0,0.0
210,51,88.0,175.0,0.0,325.0,0.0
210,51,89.0,171.0,0.0,334.0,0.0
210,51,90.0,168.0,0.0,343.0,0.0
210,51,91.0,166.0,0.0,353.0,0.0
210,51,92.0,168.0,0.0,360.0,0.0
210,51,93.0,172.0,0.0,365.0,0.0
210,51,94.0,174.0,0.0,367.0,0.0
210,51,95.0,175.0,0.0,372.0,0.0
210,51,96.0,169.0,0.0,377.0,0.0
210,51,97.0,174.0,0.0,384.0,0.0
210,51,98.0,175.0,0.0,391.0,0.0
210,51,99.0,173.0,0.0,393.0,0.0
210,51,100.0,178.0,0.0,401.0,0.0
210,51,101.0,177.0,0.0,403.0,0.0
210,51,102.0,170.0,0.0,409.0,0.0
210,51,103.0,170.0,0.0,417.0,0.0
210,51,104.0,170.0,0.0,421.0,0.0
210,51,105.0,171.0,0.0,426.0,0.0
210,51,106.0,168.0,0.0,430.0,0.0
210,51,107.0,172.0,0.0,438.0,0.0
210,51,108.0,172.0,0.0,441.0,0.0
210,51,109.0,169.0,0.0,445.0,0.0
210,51,110.0,171.0,0.0,451.0,0.0
210,51,111.0,172.0,0.0,457.0,0.0
210,51,112.0,168.0,0.0,462.0,0.0
210,51,113.0,172.0,0.0,470.0,0.0
210,51,114.0,172.0,0.0,473.0,0.0
210,51,115.0,167.0,0.0,476.0,0.0
210,51,116.0,169.0,0.0,484.0,0.0
210,51,117.0,171.0,0.0,486.0,0.0
210,51,118.0,169.0,0.0,489.0,0.0
210,51,119.0,170.0,0.0,495.0,0.0
210,51,120.0,166.0,0.0,501.0,0.0
210,51,121.0,166.0,0.0,510.0,0.0
210,51,122.0,166.0,0.0,517.0,0.0
210,51,123.0,166.0,0.0,522.0,0.0
210,51,124.0,161.0,0.0,527.0,0.0
210,51,125.0,154.0,0.0,535.0,0.0
210,51,126.0,152.0,0.0,546.0,0.0
210,51,127.0,150.0,0.0,555.0,0.0
210,51,128.0,149.0,0.0,563.0,0.0
210,51,129.0,148.0,0.0,569.0,0.0
210,51,130.0,155.0,0.0,574.0,0.0
210,51,131.0,155.0,0.0,575.0,0.0
210,51,132.0,155.0,0.0,579.0,0.0
210,51,133.0,155.0,0.0,584.0,0.0
210,51,134.0,159.0,0.0,587.0,0.0
210,51,135.0,160.0,0.0,593.0,0.0
210,51,136.0,160.0,0.0,598.0,0.0
210,51,137.0,165.0,0.0,604.0,0.0
210,51,138.0,171.0,0.0,607.0,0.0
210,51,139.0,166.0,0.0,611.0,0.0
210,51,140.0,169.0,0.0,620.0,0.0
210,51,141.0,170.0,0.0,625.0,0.0
210,51,142.0,172.0,0.0,628.0,0.0
210,51,143.0,175.0,0.0,631.0,0.0
210,51,144.0,172.0,0.0,636.0,0.0
210,51,145.0,176.0,0.0,641.0,0.0
210,51,146.0,178.0,0.0,644.0,0.0
210,51,147.0,178.0,0.0,648.0,0.0
210,51,148.0,177.0,0.0,651.0,0.0
210,51,149.0,173.0,0.0,656.0,0.0
210,51,150.0,171.0,0.0,668.0,0.0
210,51,151.0,172.0,0.0,675.0,0.0
210,51,152.0,172.0,0.0,680.0,0.0
210,51,153.0,175.0,0.0,686.0,0.0
210,51,154.0,177.0,0.0,689.0,0.0
210,51,155.0,173.0,0.0,693.0,0.0
210,51,156.0,173.0,0.0,701.0,0.0
210,51,157.0,176.0,0.0,704.0,0.0
210,51,158.0,173.0,0.0,709.0,0.0
210,51,159.0,170.0,0.0,718.0,0.0
210,51,160.0,176.0,0.0,723.0,0.0
210,51,161.0,181.0,0.0,728.0,0.0
210,51,162.0,184.0,0.0,730.0,0.0
210,51,163.0,180.0,0.0,733.0,0.0
210,51,164.0,172.0,0.0,744.0,0.0
210,51,165.0,173.0,0.0,754.0,0.0
210,51,166.0,171.0,0.0,758.0,0.0
210,51,167.0,176.0,0.0,763.0,0.0
210,51,168.0,175.0,0.0,765.0,0.0
210,51,169.0,177.0,0.0,771.0,0.0
210,51,170.0,178.0,0.0,776.0,0.0
210,51,171.0,176.0,0.0,781.0,0.0
210,51,172.0,172.0,0.0,786.0,0.0
210,51,173.0,171.0,0.0,794.0,0.0
210,51,174.0,175.0,0.0,800.0,0.0
210,51,175.0,173.0,0.0,803.0,0.0
210,51,176.0,172.0,0.0,809.0,0.0
210,51,177.0,170.0,0.0,817.0,0.0
210,51,178.0,173.0,0.0,821.0,0.0
210,51,179.0,174.0,0.0,824.0,0.0
210,51,180.0,172.0,0.0,831.0,0.0
210,51,181.0,179.0,0.0,839.0,0.0
210,51,182.0,179.0,0.0,841.0,0.0
210,51,183.0,174.0,0.0,848.0,0.0
210,51,184.0,176.0,0.0,856.0,0.0
210,51,185.0,177.0,0.0,862.0,0.0
210,51,186.0,179.0,0.0,865.0,0.0
210,51,187.0,174.0,0.0,871.0,0.0
210,51,188.0,174.0,0.0,879.0,0.0
210,51,189.0,175.0,0.0,884.0,0.0
210,51,190.0,171.0,0.0,888.0,0.0
210,51,191.0,171.0,0.0,895.0,0.0
210,51,192.0,169.0,0.0,899.0,0.0
210,51,193.0,161.0,0.0,903.0,0.0
210,51,194.0,162.0,0.0,917.0,0.0
210,51,195.0,164.0,0.0,920.0,0.0
210,51,196.0,164.0,0.0,925.0,0.0
210,51,197.0,162.0,0.0,929.0,0.0
210,51,198.0,164.0,0.0,940.0,0.0
210,51,199.0,167.0,0.0,944.0,0.0
210,51,200.0,171.0,0.0,949.0,0.0
210,51,201.0,170.0,0.0,950.0,0.0
210,51,202.0,173.0,0.0,955.0,0.0
210,51,203.0,175.0,0.0,958.0,0.0
210,51,204.0,170.0,0.0,964.0,0.0
210,51,205.0,171.0,0.0,971.0,0.0
210,51,206.0,170.0,0.0,974.0,0.0
210,51,207.0,164.0,0.0,981.0,0.0
210,51,208.0,162.0,0.0,992.0,0.0
210,51,209.0,165.0,0.0,998.0,0.0
210,51,210.0,163.0,0.0,1003.0,0.0
210,51,211.0,162.0,0.0,1009.0,0.0
210,51,212.0,159.0,0.0,1017.0,0.0
210,51,213.0,162.0,0.0,1025.0,0.0
210,51,214.0,154.0,0.0,1029.0,0.0
210,51,215.0,157.0,0.0,1042.0,0.0
210,51,216.0,158.0,0.0,1044.0,0.0
210,51,217.0,160.0,0.0,1048.0,0.0
210,51,218.0,159.0,0.0,1052.0,0.0
210,51,219.0,163.0,0.0,1055.0,0.0
210,51,220.0,161.0,0.0,1058.0,0.0
210,51,221.0,160.0,0.0,1064.0,0.0
210,51,222.0,164.0,0.0,1068.0,0.0
210,51,223.0,165.0,0.0,1072.0,0.0
210,51,224.0,166.0,0.0,1077.0,0.0
210,51,225.0,167.0,0.0,1083.0,0.0
210,51,226.0,164.0,0.0,1088.0,0.0
210,51,227.0,165.0,0.0,1095.0,0.0
210,51,228.0,165.0,0.0,1100.0,0.0
210,51,229.0,165.0,0.0,1105.0,0.0
210,51,230.0,169.0,0.0,1111.0,0.0
210,51,231.0,169.0,0.0,1115.0,0.0
210,51,232.0,166.0,0.0,1119.0,0.0
210,51,233.0,166.0,0.0,1125.0,0.0
210,51,234.0,165.0,0.0,1128.0,0.0
210,51,235.0,166.0,0.0,1133.0,0.0
210,51,236.0,172.0,0.0,1136.0,0.0
210,51,237.0,171.0,0.0,1138.0,0.0
210,51,238.0,168.0,0.0,1145.0,0.0
210,51,239.0,166.0,0.0,1151.0,0.0
210,51,240.0,166.0,0.0,1158.0,0.0
210,51,241.0,163.0,0.0,1164.0,0.0
210,51,242.0,164.0,0.0,1173.0,0.0
210,51,243.0,163.0,0.0,1180.0,0.0
210,51,244.0,163.0,0.0,1186.0,0.0
210,51,245.0,165.0,0.0,1191.0,0.0
210,51,246.0,162.0,0.0,1194.0,0.0
210,51,247.0,163.0,0.0,1203.0,0.0
210,51,248.0,163.0,0.0,1210.0,0.0
210,51,249.0,165.0,0.0,1215.0,0.0
210,51,250.0,165.0,0.0,1218.0,0.0
210,51,251.0,160.0,0.0,1221.0,0.0
210,51,252.0,152.0,0.0,1226.0,0.0
210,51,253.0,147.0,0.0,1234.0,0.0
210,51,254.0,142.0,0.0,1239.0,0.0
210,51,255.0,139.0,0.0,1244.0,0.0
210,51,256.0,133.0,0.0,1247.0,0.0
210,51,257.0,129.0,0.0,1253.0,0.0
210,51,258.0,123.0,0.0,1257.0,0.0
210,51,259.0,117.0,0.0,1263.0,0.0
210,51,260.0,111.0,0.0,1269.0,0.0
210,51,261.0,106.0,0.0,1275.0,0.0
210,51,262.0,100.0,0.0,1280.0,0.0
210,51,263.0,95.0,0.0,1286.0,0.0
210,51,264.0,86.0,0.0,1291.0,0.0
210,51,265.0,85.0,0.0,1300.0,0.0
210,51,266.0,81.0,0.0,1301.0,0.0
210,51,267.0,72.0,0.0,1305.0,0.0
210,51,268.0,66.0,0.0,1314.0,0.0
210,51,269.0,61.0,0.0,1320.0,0.0
210,51,270.0,56.0,0.0,1325.0,0.0
210,51,271.0,52.0,0.0,1330.0,0.0
210,51,272.0,47.0,0.0,1334.0,0.0
210,51,273.0,43.0,0.0,1339.0,0.0
210,51,274.0,40.0,0.0,1343.0,0.0
210,51,275.0,34.0,0.0,1346.0,0.0
210,51,276.0,31.0,0.0,1352.0,0.0
210,51,277.0,29.0,0.0,1355.0,0.0
210,51,278.0,26.0,0.0,1357.0,0.0
210,51,279.0,26.0,0.0,1360.0,0.0
210,51,280.0,24.0,0.0,1360.0,0.0
210,51,281.0,23.0,0.0,1362.0,0.0
210,51,282.0,21.0,0.0,1363.0,0.0
210,51,283.0,20.0,0.0,1365.0,0.0
210,51,284.0,19.0,0.0,1366.0,0.0
210,51,285.0,18.0,0.0,1367.0,0.0
210,51,286.0,18.0,0.0,1368.0,0.0
210,51,287.0,18.0,0.0,1368.0,0.0
210,51,288.0,18.0,0.0,1368.0,0.0
210,51,289.0,16.0,0.0,1368.0,0.0
210,51,290.0,16.0,0.0,1370.0,0.0
210,51,291.0,16.0,0.0,1370.0,0.0
210,51,292.0,15.0,0.0,1370.0,0.0
210,51,293.0,12.0,0.0,1371.0,0.0
210,51,294.0,10.0,0.0,1374.0,0.0
210,51,295.0,9.0,0.0,1376.0,0.0
210,51,296.0,9.0,0.0,1377.0,0.0
210,51,297.0,8.0,0.0,1377.0,0.0
210,51,298.0,7.0,0.0,1378.0,0.0
210,51,299.0,7.0,0.0,1379.0,0.0
210,51,300.0,6.0,0.0,1379.0,0.0
210,51,301.0,6.0,0.0,1380.0,0.0
210,51,302.0,6.0,0.0,1380.0,0.0
210,51,303.0,6.0,0.0,1380.0,0.0
210,51,304.0,6.0,0.0,1380.0,0.0
210,51,305.0,6.0,0.0,1380.0,0.0
210,51,306.0,6.0,0.0,1380.0,0.0
210,51,307.0,5.0,0.0,1380.0,0.0
210,51,308.0,3.0,0.0,1381.0,0.0
210,51,309.0,3.0,0.0,1383.0,0.0
210,51,310.0,3.0,0.0,1383.0,0.0
210,51,311.0,2.0,0.0,1383.0,0.0
210,51,312.0,1.0,0.0,1384.0,0.0
210,51,313.0,0.0,0.0,1385.0,0.0
210,51,314.0,0.0,0.0,1386.0,0.0
210,52,0.0,4.0,0.0,0.0,0.0
210,52,1.0,10.0,0.0,0.0,0.0
210,52,2.0,17.0,0.0,0.0,0.0
210,52,3.0,26.0,0.0,0.0,0.0
210,52,4.0,31.0,0.0,0.0,0.0
210,52,5.0,37.0,0.0,0.0,0.0
210,52,6.0,40.0,0.0,0.0,0.0
210,52,7.0,43.0,0.0,0.0,0.0
210,52,8.0,52.0,0.0,0.0,0.0
210,52,9.0,58.0,0.0,0.0,0.0
210,52,10.0,63.0,0.0,0.0,0.0
210,52,11.0,65.0,0.0,0.0,0.0
210,52,12.0,69.0,0.0,0.0,0.0
210,52,13.0,73.0,0.0,0.0,0.0
210,52,14.0,80.0,0.0,0.0,0.0
210,52,15.0,83.0,0.0,0.0,0.0
210,52,16.0,91.0,0.0,0.0,0.0
210,52,17.0,96.0,0.0,0.0,0.0
210,52,18.0,99.0,0.0,1.0,0.0
210,52,19.0,104.0,0.0,2.0,0.0
210,52,20.0,108.0,0.0,3.0,0.0
210,52,21.0,115.0,0.0,5.0,0.0
210,52,22.0,123.0,0.0,5.0,0.0
210,52,23.0,126.0,0.0,5.0,0.0
210,52,24.0,131.0,0.0,8.0,0.0
210,52,25.0,139.0,0.0,11.0,0.0
210,52,26.0,142.0,0.0,12.0,0.0
210,52,27.0,143.0,0.0,15.0,0.0
210,52,28.0,144.0,0.0,20.0,0.0
210,52,29.0,149.0,0.0,23.0,0.0
210,52,30.0,153.0,0.0,25.0,0.0
210,52,31.0,152.0,0.0,28.0,0.0
210,52,32.0,159.0,0.0,32.0,0.0
210,52,33.0,163.0,0.0,35.0,0.0
210,52,34.0,164.0,0.0,39.0,0.0
210,52,35.0,160.0,0.0,42.0,0.0
210,52,36.0,160.0,0.0,49.0,0.0
210,52,37.0,167.0,0.0,54.0,0.0
210,52,38.0,170.0,0.0,56.0,0.0
210,52,39.0,171.0,0.0,59.0,0.0
210,52,40.0,175.0,0.0,63.0,0.0
210,52,41.0,175.0,0.0,68.0,0.0
210,52,42.0,174.0,0.0,73.0,0.0
210,52,43.0,175.0,0.0,78.0,0.0
210,52,44.0,180.0,0.0,82.0,0.0
210,52,45.0,179.0,0.0,85.0,0.0
210,52,46.0,182.0,0.0,91.0,0.0
210,52,47.0,179.0,0.0,97.0,0.0
210,52,48.0,174.0,0.0,103.0,0.0
210,52,49.0,173.0,0.0,112.0,0.0
210,52,50.0,174.0,0.0,117.0,0.0
210,52,51.0,170.0,0.0,123.0,0.0
210,52,52.0,169.0,0.0,132.0,0.0
210,52,53.0,169.0,0.0,138.0,0.0
210,52,54.0,167.0,0.0,144.0,0.0
210,52,55.0,165.0,0.0,151.0,0.0
210,52,56.0,164.0,0.0,156.0,0.0
210,52,57.0,163.0,0.0,161.0,0.0
210,52,58.0,165.0,0.0,169.0,0.0
210,52,59.0,163.0,0.0,175.0,0.0
210,52,60.0,163.0,0.0,182.0,0.0
210,52,61.0,162.0,0.0,186.0,0.0
210,52,62.0,161.0,0.0,191.0,0.0
210,52,63.0,166.0,0.0,195.0,0.0
210,52,64.0,167.0,0.0,196.0,0.0
210,52,65.0,166.0,0.0,200.0,0.0
210,52,66.0,169.0,0.0,206.0,0.0
210,52,67.0,167.0,0.0,210.0,0.0
210,52,68.0,172.0,0.0,216.0,0.0
210,52,69.0,175.0,0.0,219.0,0.0
210,52,70.0,177.0,0.0,224.0,0.0
210,52,71.0,172.0,0.0,230.0,0.0
210,52,72.0,172.0,0.0,239.0,0.0
210,52,73.0,175.0,0.0,245.0,0.0
210,52,74.0,178.0,0.0,249.0,0.0
210,52,75.0,180.0,0.0,252.0,0.0
210,52,76.0,181.0,0.0,255.0,0.0
210,52,77.0,182.0,0.0,263.0,0.0
210,52,78.0,183.0,0.0,269.0,0.0
210,52,79.0,182.0,0.0,272.0,0.0
210,52,80.0,183.0,0.0,279.0,0.0
210,52,81.0,181.0,0.0,284.0,0.0
210,52,82.0,181.0,0.0,291.0,0.0
210,52,83.0,179.0,0.0,297.0,0.0
210,52,84.0,175.0,0.0,303.0,0.0
210,52,85.0,174.0,0.0,311.0,0.0
210,52,86.0,175.0,0.0,318.0,0.0
210,52,87.0,174.0,0.0,321.0,0.0
210,52,88.0,176.0,0.0,325.0,0.0
210,52,89.0,176.0,0.0,328.0,0.0
210,52,90.0,171.0,0.0,333.0,0.0
210,52,91.0,172.0,0.0,341.0,0.0
210,52,92.0,174.0,0.0,346.0,0.0
210,52,93.0,167.0,0.0,350.0,0.0
210,52,94.0,168.0,0.0,362.0,0.0
210,52,95.0,168.0,0.0,368.0,0.0
210,52,96.0,166.0,0.0,371.0,0.0
210,52,97.0,163.0,0.0,377.0,0.0
210,52,98.0,165.0,0.0,385.0,0.0
210,52,99.0,154.0,0.0,389.0,0.0
210,52,100.0,152.0,0.0,403.0,0.0
210,52,101.0,158.0,0.0,409.0,0.0
210,52,102.0,156.0,0.0,410.0,0.0
210,52,103.0,156.0,0.0,416.0,0.0
210,52,104.0,157.0,0.0,420.0,0.0
210,52,105.0,157.0,0.0,424.0,0.0
210,52,106.0,155.0,0.0,428.0,0.0
210,52,107.0,152.0,0.0,435.0,0.0
210,52,108.0,148.0,0.0,443.0,0.0
210,52,109.0,152.0,0.0,451.0,0.0
210,52,110.0,152.0,0.0,452.0,0.0
210,52,111.0,156.0,0.0,459.0,0.0
210,52,112.0,158.0,0.0,463.0,0.0
210,52,113.0,159.0,0.0,468.0,0.0
210,52,114.0,161.0,0.0,471.0,0.0
210,52,115.0,159.0,0.0,476.0,0.0
210,52,116.0,159.0,0.0,482.0,0.0
210,52,117.0,156.0,0.0,489.0,0.0
210,52,118.0,157.0,0.0,493.0,0.0
210,52,119.0,160.0,0.0,497.0,0.0
210,52,120.0,161.0,0.0,501.0,0.0
210,52,121.0,158.0,0.0,506.0,0.0
210,52,122.0,163.0,0.0,511.0,0.0
210,52,123.0,164.0,0.0,514.0,0.0
210,52,124.0,163.0,0.0,518.0,0.0
210,52,125.0,160.0,0.0,523.0,0.0
210,52,126.0,158.0,0.0,530.0,0.0
210,52,127.0,156.0,0.0,537.0,0.0
210,52,128.0,156.0,0.0,545.0,0.0
210,52,129.0,158.0,0.0,550.0,0.0
210,52,130.0,157.0,0.0,555.0,0.0
210,52,131.0,159.0,0.0,560.0,0.0
210,52,132.0,164.0,0.0,564.0,0.0
210,52,133.0,169.0,0.0,568.0,0.0
210,52,134.0,172.0,0.0,573.0,0.0
210,52,135.0,169.0,0.0,579.0,0.0
210,52,136.0,176.0,0.0,585.0,0.0
210,52,137.0,177.0,0.0,586.0,0.0
210,52,138.0,178.0,0.0,590.0,0.0
210,52,139.0,178.0,0.0,594.0,0.0
210,52,140.0,176.0,0.0,599.0,0.0
210,52,141.0,179.0,0.0,605.0,0.0
210,52,142.0,183.0,0.0,612.0,0.0
210,52,143.0,186.0,0.0,618.0,0.0
210,52,144.0,183.0,0.0,621.0,0.0
210,52,145.0,184.0,0.0,629.0,0.0
210,52,146.0,185.0,0.0,632.0,0.0
210,52,147.0,189.0,0.0,638.0,0.0
210,52,148.0,188.0,0.0,641.0,0.0
210,52,149.0,185.0,0.0,648.0,0.0
210,52,150.0,188.0,0.0,655.0,0.0
210,52,151.0,185.0,0.0,660.0,0.0
210,52,152.0,189.0,0.0,667.0,0.0
210,52,153.0,191.0,0.0,670.0,0.0
210,52,154.0,186.0,0.0,673.0,0.0
210,52,155.0,184.0,0.0,681.0,0.0
210,52,156.0,184.0,0.0,686.0,0.0
210,52,157.0,185.0,0.0,691.0,0.0
210,52,158.0,183.0,0.0,695.0,0.0
210,52,159.0,182.0,0.0,701.0,0.0
210,52,160.0,180.0,0.0,711.0,0.0
210,52,161.0,178.0,0.0,719.0,0.0
210,52,162.0,176.0,0.0,726.0,0.0
210,52,163.0,170.0,0.0,732.0,0.0
210,52,164.0,168.0,0.0,742.0,0.0
210,52,165.0,167.0,0.0,750.0,0.0
210,52,166.0,170.0,0.0,754.0,0.0
210,52,167.0,169.0,0.0,758.0,0.0
210,52,168.0,166.0,0.0,764.0,0.0
210,52,169.0,164.0,0.0,774.0,0.0
210,52,170.0,163.0,0.0,782.0,0.0
210,52,171.0,156.0,0.0,788.0,0.0
210,52,172.0,159.0,0.0,798.0,0.0
210,52,173.0,158.0,0.0,803.0,0.0
210,52,174.0,158.0,0.0,809.0,0.0
210,52,175.0,158.0,0.0,814.0,0.0
210,52,176.0,160.0,0.0,817.0,0.0
210,52,177.0,157.0,0.0,822.0,0.0
210,52,178.0,155.0,0.0,828.0,0.0
210,52,179.0,151.0,0.0,833.0,0.0
210,52,180.0,156.0,0.0,842.0,0.0
210,52,181.0,152.0,0.0,844.0,0.0
210,52,182.0,155.0,0.0,853.0,0.0
210,52,183.0,159.0,0.0,856.0,0.0
210,52,184.0,161.0,0.0,862.0,0.0
210,52,185.0,165.0,0.0,864.0,0.0
210,52,186.0,163.0,0.0,866.0,0.0
210,52,187.0,161.0,0.0,872.0,0.0
210,52,188.0,159.0,0.0,875.0,0.0
210,52,189.0,160.0,0.0,882.0,0.0
210,52,190.0,159.0,0.0,886.0,0.0
210,52,191.0,158.0,0.0,890.0,0.0
210,52,192.0,161.0,0.0,894.0,0.0
210,52,193.0,162.0,0.0,896.0,0.0
210,52,194.0,162.0,0.0,901.0,0.0
210,52,195.0,166.0,0.0,908.0,0.0
210,52,196.0,170.0,0.0,910.0,0.0
210,52,197.0,173.0,0.0,913.0,0.0
210,52,198.0,171.0,0.0,918.0,0.0
210,52,199.0,167.0,0.0,924.0,0.0
210,52,200.0,166.0,0.0,932.0,0.0
210,52,201.0,162.0,0.0,942.0,0.0
210,52,202.0,162.0,0.0,951.0,0.0
210,52,203.0,162.0,0.0,956.0,0.0
210,52,204.0,158.0,0.0,961.0,0.0
210,52,205.0,154.0,0.0,968.0,0.0
210,52,206.0,156.0,0.0,975.0,0.0
210,52,207.0,154.0,0.0,978.0,0.0
210,52,208.0,153.0,0.0,984.0,0.0
210,52,209.0,155.0,0.0,991.0,0.0
210,52,210.0,151.0,0.0,995.0,0.0
210,52,211.0,152.0,0.0,1002.0,0.0
210,52,212.0,149.0,0.0,1004.0,0.0
210,52,213.0,147.0,0.0,1009.0,0.0
210,52,214.0,152.0,0.0,1014.0,0.0
210,52,215.0,154.0,0.0,1016.0,0.0
210,52,216.0,156.0,0.0,1020.0,0.0
210,52,217.0,153.0,0.0,1025.0,0.0
210,52,218.0,151.0,0.0,1032.0,0.0
210,52,219.0,151.0,0.0,1039.0,0.0
210,52,220.0,149.0,0.0,1045.0,0.0
210,52,221.0,148.0,0.0,1050.0,0.0
210,52,222.0,150.0,0.0,1056.0,0.0
210,52,223.0,155.0,0.0,1061.0,0.0
210,52,224.0,156.0,0.0,1064.0,0.0
210,52,225.0,152.0,0.0,1069.0,0.0
210,52,226.0,152.0,0.0,1076.0,0.0
210,52,227.0,152.0,0.0,1079.0,0.0
210,52,228.0,153.0,0.0,1083.0,0.0
210,52,229.0,157.0,0.0,1089.0,0.0
210,52,230.0,158.0,0.0,1094.0,0.0
210,52,231.0,160.0,0.0,1098.0,0.0
210,52,232.0,167.0,0.0,1105.0,0.0
210,52,233.0,172.0,0.0,1110.0,0.0
210,52,234.0,174.0,0.0,1111.0,0.0
210,52,235.0,174.0,0.0,1115.0,0.0
210,52,236.0,180.0,0.0,1121.0,0.0
210,52,237.0,178.0,0.0,1122.0,0.0
210,52,238.0,174.0,0.0,1130.0,0.0
210,52,239.0,172.0,0.0,1137.0,0.0
210,52,240.0,176.0,0.0,1144.0,0.0
210,52,241.0,178.0,0.0,1146.0,0.0
210,52,242.0,181.0,0.0,1149.0,0.0
210,52,243.0,182.0,0.0,1152.0,0.0
210,52,244.0,183.0,0.0,1155.0,0.0
210,52,245.0,183.0,0.0,1160.0,0.0
210,52,246.0,184.0,0.0,1165.0,0.0
210,52,247.0,180.0,0.0,1169.0,0.0
210,52,248.0,176.0,0.0,1176.0,0.0
210,52,249.0,177.0,0.0,1185.0,0.0
210,52,250.0,175.0,0.0,1189.0,0.0
210,52,251.0,167.0,0.0,1196.0,0.0
210,52,252.0,162.0,0.0,1204.0,0.0
210,52,253.0,157.0,0.0,1209.0,0.0
210,52,254.0,146.0,0.0,1214.0,0.0
210,52,255.0,137.0,0.0,1225.0,0.0
210,52,256.0,132.0,0.0,1234.0,0.0
210,52,257.0,124.0,0.0,1239.0,0.0
210,52,258.0,118.0,0.0,1247.0,0.0
210,52,259.0,113.0,0.0,1253.0,0.0
210,52,260.0,106.0,0.0,1258.0,0.0
210,52,261.0,101.0,0.0,1265.0,0.0
210,52,262.0,98.0,0.0,1270.0,0.0
210,52,263.0,90.0,0.0,1273.0,0.0
210,52,264.0,86.0,0.0,1281.0,0.0
210,52,265.0,81.0,0.0,1285.0,0.0
210,52,266.0,71.0,0.0,1290.0,0.0
210,52,267.0,66.0,0.0,1300.0,0.0
210,52,268.0,63.0,0.0,1305.0,0.0
210,52,269.0,58.0,0.0,1308.0,0.0
210,52,270.0,53.0,0.0,1313.0,0.0
210,52,271.0,50.0,0.0,1318.0,0.0
210,52,272.0,47.0,0.0,1321.0,0.0
210,52,273.0,46.0,0.0,1324.0,0.0
210,52,274.0,39.0,0.0,1325.0,0.0
210,52,275.0,35.0,0.0,1332.0,0.0
210,52,276.0,33.0,0.0,1336.0,0.0
210,52,277.0,33.0,0.0,1338.0,0.0
210,52,278.0,27.0,0.0,1338.0,0.0
210,52,279.0,24.0,0.0,1344.0,0.0
210,52,280.0,23.0,0.0,1347.0,0.0
210,52,281.0,21.0,0.0,1348.0,0.0
210,52,282.0,20.0,0.0,1350.0,0.0
210,52,283.0,20.0,0.0,1351.0,0.0
210,52,284.0,18.0,0.0,1351.0,0.0
210,52,285.0,17.0,0.0,1353.0,0.0
210,52,286.0,15.0,0.0,1354.0,0.0
210,52,287.0,14.0,0.0,1356.0,0.0
210,52,288.0,13.0,0.0,1357.0,0.0
210,52,289.0,13.0,0.0,1358.0,0.0
210,52,290.0,12.0,0.0,1358.0,0.0
210,52,291.0,12.0,0.0,1359.0,0.0
210,52,292.0,12.0,0.0,1359.0,0.0
210,52,293.0,12.0,0.0,1359.0,0.0
210,52,294.0,10.0,0.0,1359.0,0.0
210,52,295.0,8.0,0.0,1361.0,0.0
210,52,296.0,8.0,0.0,1363.0,0.0
210,52,297.0,7.0,0.0,1363.0,0.0
210,52,298.0,7.0,0.0,1364.0,0.0
210,52,299.0,6.0,0.0,1364.0,0.0
210,52,300.0,5.0,0.0,1365.0,0.0
210,52,301.0,4.0,0.0,1366.0,0.0
210,52,302.0,4.0,0.0,1367.0,0.0
210,52,303.0,3.0,0.0,1367.0,0.0
210,52,304.0,3.0,0.0,1368.0,0.0
210,52,305.0,3.0,0.0,1368.0,0.0
210,52,306.0,3.0,0.0,1368.0,0.0
210,52,307.0,2.0,0.0,1368.0,0.0
210,52,308.0,0.0,0.0,1369.0,0.0
210,52,309.0,0.0,0.0,1371.0,0.0
210,53,0.0,6.0,0.0,0.0,0.0
210,53,1.0,10.0,0.0,0.0,0.0
210,53,2.0,14.0,0.0,0.0,0.0
210,53,3.0,21.0,0.0,0.0,0.0
210,53,4.0,23.0,0.0,0.0,0.0
210,53,5.0,28.0,0.0,0.0,0.0
210,53,6.0,40.0,0.0,0.0,0.0
210,53,7.0,50.0,0.0,0.0,0.0
210,53,8.0,55.0,0.0,0.0,0.0
210,53,9.0,63.0,0.0,0.0,0.0
210,53,10.0,69.0,0.0,1.0,0.0
210,53,11.0,74.0,0.0,1.0,0.0
210,53,12.0,83.0,0.0,1.0,0.0
210,53,13.0,95.0,0.0,1.0,0.0
210,53,14.0,101.0,0.0,1.0,0.0
210,53,15.0,109.0,0.0,1.0,0.0
210,53,16.0,114.0,0.0,1.0,0.0
210,53,17.0,119.0,0.0,1.0,0.0
210,53,18.0,123.0,0.0,1.0,0.0
210,53,19.0,126.0,0.0,1.0,0.0
210,53,20.0,132.0,0.0,1.0,0.0
210,53,21.0,138.0,0.0,1.0,0.0
210,53,22.0,149.0,0.0,1.0,0.0
210,53,23.0,155.0,0.0,1.0,0.0
210,53,24.0,159.0,0.0,1.0,0.0
210,53,25.0,156.0,0.0,2.0,0.0
210,53,26.0,156.0,0.0,7.0,0.0
210,53,27.0,159.0,0.0,10.0,0.0
210,53,28.0,162.0,0.0,15.0,0.0
210,53,29.0,164.0,0.0,20.0,0.0
210,53,30.0,164.0,0.0,23.0,0.0
210,53,31.0,164.0,0.0,28.0,0.0
210,53,32.0,165.0,0.0,33.0,0.0
210,53,33.0,162.0,0.0,38.0,0.0
210,53,34.0,162.0,0.0,42.0,0.0
210,53,35.0,160.0,0.0,46.0,0.0
210,53,36.0,160.0,0.0,55.0,0.0
210,53,37.0,160.0,0.0,62.0,0.0
210,53,38.0,159.0,0.0,69.0,0.0
210,53,39.0,156.0,0.0,74.0,0.0
210,53,40.0,154.0,0.0,81.0,0.0
210,53,41.0,154.0,0.0,86.0,0.0
210,53,42.0,160.0,0.0,91.0,0.0
210,53,43.0,164.0,0.0,94.0,0.0
210,53,44.0,168.0,0.0,97.0,0.0
210,53,45.0,168.0,0.0,102.0,0.0
210,53,46.0,171.0,0.0,107.0,0.0
210,53,47.0,169.0,0.0,111.0,0.0
210,53,48.0,167.0,0.0,116.0,0.0
210,53,49.0,168.0,0.0,123.0,0.0
210,53,50.0,169.0,0.0,128.0,0.0
210,53,51.0,170.0,0.0,131.0,0.0
210,53,52.0,171.0,0.0,137.0,0.0
210,53,53.0,168.0,0.0,142.0,0.0
210,53,54.0,170.0,0.0,149.0,0.0
210,53,55.0,171.0,0.0,152.0,0.0
210,53,56.0,165.0,0.0,157.0,0.0
210,53,57.0,165.0,0.0,167.0,0.0
210,53,58.0,167.0,0.0,172.0,0.0
210,53,59.0,169.0,0.0,179.0,0.0
210,53,60.0,170.0,0.0,183.0,0.0
210,53,61.0,173.0,0.0,186.0,0.0
210,53,62.0,174.0,0.0,188.0,0.0
210,53,63.0,175.0,0.0,190.0,0.0
210,53,64.0,174.0,0.0,195.0,0.0
210,53,65.0,169.0,0.0,201.0,0.0
210,53,66.0,165.0,0.0,209.0,0.0
210,53,67.0,161.0,0.0,220.0,0.0
210,53,68.0,161.0,0.0,227.0,0.0
210,53,69.0,165.0,0.0,231.0,0.0
210,53,70.0,165.0,0.0,234.0,0.0
210,53,71.0,164.0,0.0,238.0,0.0
210,53,72.0,161.0,0.0,242.0,0.0
210,53,73.0,162.0,0.0,249.0,0.0
210,53,74.0,160.0,0.0,253.0,0.0
210,53,75.0,157.0,0.0,258.0,0.0
210,53,76.0,159.0,0.0,265.0,0.0
210,53,77.0,157.0,0.0,269.0,0.0
210,53,78.0,159.0,0.0,274.0,0.0
210,53,79.0,160.0,0.0,279.0,0.0
210,53,80.0,155.0,0.0,284.0,0.0
210,53,81.0,154.0,0.0,295.0,0.0
210,53,82.0,152.0,0.0,301.0,0.0
210,53,83.0,151.0,0.0,307.0,0.0
210,53,84.0,147.0,0.0,315.0,0.0
210,53,85.0,144.0,0.0,321.0,0.0
210,53,86.0,144.0,0.0,326.0,0.0
210,53,87.0,146.0,0.0,330.0,0.0
210,53,88.0,143.0,0.0,335.0,0.0
210,53,89.0,144.0,0.0,340.0,0.0
210,53,90.0,148.0,0.0,344.0,0.0
210,53,91.0,146.0,0.0,347.0,0.0
210,53,92.0,150.0,0.0,353.0,0.0
210,53,93.0,152.0,0.0,356.0,0.0
210,53,94.0,147.0,0.0,360.0,0.0
210,53,95.0,150.0,0.0,366.0,0.0
210,53,96.0,151.0,0.0,369.0,0.0
210,53,97.0,147.0,0.0,374.0,0.0
210,53,98.0,146.0,0.0,381.0,0.0
210,53,99.0,149.0,0.0,387.0,0.0
210,53,100.0,152.0,0.0,391.0,0.0
210,53,101.0,155.0,0.0,396.0,0.0
210,53,102.0,157.0,0.0,399.0,0.0
210,53,103.0,158.0,0.0,400.0,0.0
210,53,104.0,160.0,0.0,404.0,0.0
210,53,105.0,154.0,0.0,409.0,0.0
210,53,106.0,154.0,0.0,417.0,0.0
210,53,107.0,151.0,0.0,420.0,0.0
210,53,108.0,152.0,0.0,428.0,0.0
210,53,109.0,155.0,0.0,432.0,0.0
210,53,110.0,156.0,0.0,439.0,0.0
210,53,111.0,159.0,0.0,442.0,0.0
210,53,112.0,162.0,0.0,450.0,0.0
210,53,113.0,160.0,0.0,452.0,0.0
210,53,114.0,159.0,0.0,458.0,0.0
210,53,115.0,157.0,0.0,463.0,0.0
210,53,116.0,159.0,0.0,468.0,0.0
210,53,117.0,165.0,0.0,471.0,0.0
210,53,118.0,167.0,0.0,473.0,0.0
210,53,119.0,168.0,0.0,478.0,0.0
210,53,120.0,165.0,0.0,485.0,0.0
210,53,121.0,166.0,0.0,492.0,0.0
210,53,122.0,166.0,0.0,494.0,0.0
210,53,123.0,167.0,0.0,503.0,0.0
210,53,124.0,163.0,0.0,508.0,0.0
210,53,125.0,165.0,0.0,514.0,0.0
210,53,126.0,167.0,0.0,518.0,0.0
210,53,127.0,169.0,0.0,522.0,0.0
210,53,128.0,174.0,0.0,527.0,0.0
210,53,129.0,173.0,0.0,530.0,0.0
210,53,130.0,171.0,0.0,536.0,0.0
210,53,131.0,170.0,0.0,543.0,0.0
210,53,132.0,176.0,0.0,548.0,0.0
210,53,133.0,176.0,0.0,551.0,0.0
210,53,134.0,178.0,0.0,554.0,0.0
210,53,135.0,179.0,0.0,558.0,0.0
210,53,136.0,177.0,0.0,562.0,0.0
210,53,137.0,178.0,0.0,570.0,0.0
210,53,138.0,175.0,0.0,576.0,0.0
210,53,139.0,175.0,0.0,584.0,0.0
210,53,140.0,175.0,0.0,589.0,0.0
210,53,141.0,166.0,0.0,592.0,0.0
210,53,142.0,166.0,0.0,604.0,0.0
210,53,143.0,165.0,0.0,609.0,0.0
210,53,144.0,167.0,0.0,614.0,0.0
210,53,145.0,168.0,0.0,617.0,0.0
210,53,146.0,166.0,0.0,622.0,0.0
210,53,147.0,169.0,0.0,627.0,0.0
210,53,148.0,171.0,0.0,631.0,0.0
210,53,149.0,170.0,0.0,637.0,0.0
210,53,150.0,170.0,0.0,645.0,0.0
210,53,151.0,172.0,0.0,651.0,0.0
210,53,152.0,174.0,0.0,659.0,0.0
210,53,153.0,174.0,0.0,663.0,0.0
210,53,154.0,176.0,0.0,671.0,0.0
210,53,155.0,174.0,0.0,676.0,0.0
210,53,156.0,173.0,0.0,684.0,0.0
210,53,157.0,173.0,0.0,688.0,0.0
210,53,158.0,173.0,0.0,695.0,0.0
210,53,159.0,175.0,0.0,701.0,0.0
210,53,160.0,175.0,0.0,706.0,0.0
210,53,161.0,171.0,0.0,709.0,0.0
210,53,162.0,174.0,0.0,718.0,0.0
210,53,163.0,177.0,0.0,721.0,0.0
210,53,164.0,175.0,0.0,725.0,0.0
210,53,165.0,174.0,0.0,733.0,0.0
210,53,166.0,171.0,0.0,739.0,0.0
210,53,167.0,170.0,0.0,747.0,0.0
210,53,168.0,175.0,0.0,753.0,0.0
210,53,169.0,174.0,0.0,756.0,0.0
210,53,170.0,172.0,0.0,763.0,0.0
210,53,171.0,169.0,0.0,768.0,0.0
210,53,172.0,162.0,0.0,776.0,0.0
210,53,173.0,163.0,0.0,787.0,0.0
210,53,174.0,165.0,0.0,792.0,0.0
210,53,175.0,166.0,0.0,796.0,0.0
210,53,176.0,165.0,0.0,801.0,0.0
210,53,177.0,164.0,0.0,807.0,0.0
210,53,178.0,163.0,0.0,814.0,0.0
210,53,179.0,166.0,0.0,820.0,0.0
210,53,180.0,162.0,0.0,824.0,0.0
210,53,181.0,165.0,0.0,833.0,0.0
210,53,182.0,163.0,0.0,836.0,0.0
210,53,183.0,164.0,0.0,840.0,0.0
210,53,184.0,164.0,0.0,844.0,0.0
210,53,185.0,167.0,0.0,850.0,0.0
210,53,186.0,171.0,0.0,855.0,0.0
210,53,187.0,175.0,0.0,859.0,0.0
210,53,188.0,176.0,0.0,861.0,0.0
210,53,189.0,177.0,0.0,867.0,0.0
210,53,190.0,178.0,0.0,873.0,0.0
210,53,191.0,182.0,0.0,877.0,0.0
210,53,192.0,182.0,0.0,880.0,0.0
210,53,193.0,176.0,0.0,886.0,0.0
210,53,194.0,175.0,0.0,895.0,0.0
210,53,195.0,176.0,0.0,899.0,0.0
210,53,196.0,175.0,0.0,906.0,0.0
210,53,197.0,173.0,0.0,911.0,0.0
210,53,198.0,170.0,0.0,918.0,0.0
210,53,199.0,170.0,0.0,924.0,0.0
210,53,200.0,171.0,0.0,928.0,0.0
210,53,201.0,174.0,0.0,932.0,0.0
210,53,202.0,172.0,0.0,937.0,0.0
210,53,203.0,171.0,0.0,942.0,0.0
210,53,204.0,170.0,0.0,948.0,0.0
210,53,205.0,167.0,0.0,950.0,0.0
210,53,206.0,172.0,0.0,959.0,0.0
210,53,207.0,173.0,0.0,962.0,0.0
210,53,208.0,173.0,0.0,969.0,0.0
210,53,209.0,170.0,0.0,975.0,0.0
210,53,210.0,168.0,0.0,980.0,0.0
210,53,211.0,168.0,0.0,986.0,0.0
210,53,212.0,170.0,0.0,991.0,0.0
210,53,213.0,171.0,0.0,996.0,0.0
210,53,214.0,177.0,0.0,999.0,0.0
210,53,215.0,176.0,0.0,1004.0,0.0
210,53,216.0,171.0,0.0,1010.0,0.0
210,53,217.0,173.0,0.0,1019.0,0.0
210,53,218.0,168.0,0.0,1023.0,0.0
210,53,219.0,168.0,0.0,1031.0,0.0
210,53,220.0,166.0,0.0,1038.0,0.0
210,53,221.0,171.0,0.0,1045.0,0.0
210,53,222.0,170.0,0.0,1048.0,0.0
210,53,223.0,173.0,0.0,1054.0,0.0
210,53,224.0,174.0,0.0,1060.0,0.0
210,53,225.0,180.0,0.0,1066.0,0.0
210,53,226.0,182.0,0.0,1068.0,0.0
210,53,227.0,179.0,0.0,1070.0,0.0
210,53,228.0,181.0,0.0,1075.0,0.0
210,53,229.0,182.0,0.0,1080.0,0.0
210,53,230.0,185.0,0.0,1085.0,0.0
210,53,231.0,188.0,0.0,1091.0,0.0
210,53,232.0,187.0,0.0,1094.0,0.0
210,53,233.0,189.0,0.0,1102.0,0.0
210,53,234.0,190.0,0.0,1107.0,0.0
210,53,235.0,188.0,0.0,1112.0,0.0
210,53,236.0,186.0,0.0,1123.0,0.0
210,53,237.0,183.0,0.0,1129.0,0.0
210,53,238.0,182.0,0.0,1137.0,0.0
210,53,239.0,180.0,0.0,1145.0,0.0
210,53,240.0,183.0,0.0,1151.0,0.0
210,53,241.0,186.0,0.0,1153.0,0.0
210,53,242.0,189.0,0.0,1157.0,0.0
210,53,243.0,189.0,0.0,1162.0,0.0
210,53,244.0,193.0,0.0,1169.0,0.0
210,53,245.0,192.0,0.0,1172.0,0.0
210,53,246.0,188.0,0.0,1179.0,0.0
210,53,247.0,185.0,0.0,1187.0,0.0
210,53,248.0,184.0,0.0,1194.0,0.0
210,53,249.0,181.0,0.0,1200.0,0.0
210,53,250.0,179.0,0.0,1210.0,0.0
210,53,251.0,173.0,0.0,1217.0,0.0
210,53,252.0,167.0,0.0,1223.0,0.0
210,53,253.0,162.0,0.0,1229.0,0.0
210,53,254.0,155.0,0.0,1234.0,0.0
210,53,255.0,150.0,0.0,1241.0,0.0
210,53,256.0,147.0,0.0,1246.0,0.0
210,53,257.0,141.0,0.0,1249.0,0.0
210,53,258.0,137.0,0.0,1255.0,0.0
210,53,259.0,131.0,0.0,1259.0,0.0
210,53,260.0,125.0,0.0,1265.0,0.0
210,53,261.0,121.0,0.0,1271.0,0.0
210,53,262.0,120.0,0.0,1275.0,0.0
210,53,263.0,114.0,0.0,1276.0,0.0
210,53,264.0,108.0,0.0,1282.0,0.0
210,53,265.0,99.0,0.0,1288.0,0.0
210,53,266.0,93.0,0.0,1297.0,0.0
210,53,267.0,87.0,0.0,1303.0,0.0
210,53,268.0,82.0,0.0,1309.0,0.0
210,53,269.0,78.0,0.0,1314.0,0.0
210,53,270.0,73.0,0.0,1318.0,0.0
210,53,271.0,69.0,0.0,1323.0,0.0
210,53,272.0,61.0,0.0,1327.0,0.0
210,53,273.0,57.0,0.0,1335.0,0.0
210,53,274.0,52.0,0.0,1339.0,0.0
210,53,275.0,45.0,0.0,1344.0,0.0
210,53,276.0,43.0,0.0,1351.0,0.0
210,53,277.0,36.0,0.0,1353.0,0.0
210,53,278.0,34.0,0.0,1360.0,0.0
210,53,279.0,32.0,0.0,1362.0,0.0
210,53,280.0,30.0,0.0,1364.0,0.0
210,53,281.0,26.0,0.0,1366.0,0.0
210,53,282.0,24.0,0.0,1370.0,0.0
210,53,283.0,21.0,0.0,1372.0,0.0
210,53,284.0,16.0,0.0,1375.0,0.0
210,53,285.0,15.0,0.0,1380.0,0.0
210,53,286.0,15.0,0.0,1381.0,0.0
210,53,287.0,14.0,0.0,1381.0,0.0
210,53,288.0,14.0,0.0,1382.0,0.0
210,53,289.0,13.0,0.0,1382.0,0.0
210,53,290.0,11.0,0.0,1383.0,0.0
210,53,291.0,9.0,0.0,1385.0,0.0
210,53,292.0,9.0,0.0,1387.0,0.0
210,53,293.0,9.0,0.0,1387.0,0.0
210,53,294.0,9.0,0.0,1387.0,0.0
210,53,295.0,8.0,0.0,1387.0,0.0
210,53,296.0,8.0,0.0,1388.0,0.0
210,53,297.0,6.0,0.0,1388.0,0.0
210,53,298.0,6.0,0.0,1390.0,0.0
210,53,299.0,6.0,0.0,1390.0,0.0
210,53,300.0,6.0,0.0,1390.0,0.0
210,53,301.0,5.0,0.0,1390.0,0.0
210,53,302.0,5.0,0.0,1391.0,0.0
210,53,303.0,4.0,0.0,1391.0,0.0
210,53,304.0,3.0,0.0,1392.0,0.0
210,53,305.0,3.0,0.0,1393.0,0.0
210,53,306.0,3.0,0.0,1393.0,0.0
210,53,307.0,2.0,0.0,1393.0,0.0
210,53,308.0,2.0,0.0,1394.0,0.0
210,53,309.0,2.0,0.0,1394.0,0.0
210,53,310.0,2.0,0.0,1394.0,0.0
210,53,311.0,2.0,0.0,1394.0,0.0
210,53,312.0,1.0,0.0,1394.0,0.0
210,53,313.0,1.0,0.0,1395.0,0.0
210,53,314.0,1.0,0.0,1395.0,0.0
210,53,315.0,1.0,0.0,1395.0,0.0
210,53,316.0,1.0,0.0,1395.0,0.0
210,53,317.0,1.0,0.0,1395.0,0.0
210,53,318.0,1.0,0.0,1395.0,0.0
210,53,319.0,1.0,0.0,1395.0,0.0
210,53,320.0,0.0,0.0,1395.0,0.0
210,53,321.0,0.0,0.0,1396.0,0.0
210,54,0.0,7.0,0.0,0.0,0.0
210,54,1.0,19.0,0.0,0.0,0.0
210,54,2.0,26.0,0.0,0.0,0.0
210,54,3.0,34.0,0.0,0.0,0.0
210,54,4.0,39.0,0.0,0.0,0.0
210,54,5.0,49.0,0.0,0.0,0.0
210,54,6.0,57.0,0.0,0.0,0.0
210,54,7.0,65.0,0.0,0.0,0.0
210,54,8.0,68.0,0.0,0.0,0.0
210,54,9.0,75.0,0.0,0.0,0.0
210,54,10.0,80.0,0.0,0.0,0.0
210,54,11.0,87.0,0.0,0.0,0.0
210,54,12.0,95.0,0.0,0.0,0.0
210,54,13.0,103.0,0.0,0.0,0.0
210,54,14.0,111.0,0.0,1.0,0.0
210,54,15.0,115.0,0.0,1.0,0.0
210,54,16.0,117.0,0.0,2.0,0.0
210,54,17.0,123.0,0.0,3.0,0.0
210,54,18.0,126.0,0.0,3.0,0.0
210,54,19.0,130.0,0.0,4.0,0.0
210,54,20.0,135.0,0.0,6.0,0.0
210,54,21.0,138.0,0.0,7.0,0.0
210,54,22.0,140.0,0.0,11.0,0.0
210,54,23.0,141.0,0.0,12.0,0.0
210,54,24.0,147.0,0.0,13.0,0.0
210,54,25.0,148.0,0.0,15.0,0.0
210,54,26.0,146.0,0.0,19.0,0.0
210,54,27.0,147.0,0.0,26.0,0.0
210,54,28.0,151.0,0.0,28.0,0.0
210,54,29.0,153.0,0.0,29.0,0.0
210,54,30.0,154.0,0.0,30.0,0.0
210,54,31.0,152.0,0.0,36.0,0.0
210,54,32.0,150.0,0.0,43.0,0.0
210,54,33.0,151.0,0.0,50.0,0.0
210,54,34.0,149.0,0.0,53.0,0.0
210,54,35.0,144.0,0.0,59.0,0.0
210,54,36.0,145.0,0.0,66.0,0.0
210,54,37.0,145.0,0.0,70.0,0.0
210,54,38.0,141.0,0.0,77.0,0.0
210,54,39.0,150.0,0.0,85.0,0.0
210,54,40.0,149.0,0.0,86.0,0.0
210,54,41.0,154.0,0.0,92.0,0.0
210,54,42.0,156.0,0.0,97.0,0.0
210,54,43.0,158.0,0.0,100.0,0.0
210,54,44.0,160.0,0.0,106.0,0.0
210,54,45.0,164.0,0.0,111.0,0.0
210,54,46.0,165.0,0.0,115.0,0.0
210,54,47.0,163.0,0.0,121.0,0.0
210,54,48.0,166.0,0.0,126.0,0.0
210,54,49.0,172.0,0.0,129.0,0.0
210,54,50.0,169.0,0.0,130.0,0.0
210,54,51.0,170.0,0.0,136.0,0.0
210,54,52.0,170.0,0.0,142.0,0.0
210,54,53.0,171.0,0.0,146.0,0.0
210,54,54.0,168.0,0.0,148.0,0.0
210,54,55.0,169.0,0.0,155.0,0.0
210,54,56.0,170.0,0.0,160.0,0.0
210,54,57.0,181.0,0.0,164.0,0.0
210,54,58.0,180.0,0.0,166.0,0.0
210,54,59.0,183.0,0.0,172.0,0.0
210,54,60.0,181.0,0.0,177.0,0.0
210,54,61.0,179.0,0.0,185.0,0.0
210,54,62.0,178.0,0.0,189.0,0.0
210,54,63.0,177.0,0.0,196.0,0.0
210,54,64.0,177.0,0.0,202.0,0.0
210,54,65.0,181.0,0.0,208.0,0.0
210,54,66.0,179.0,0.0,211.0,0.0
210,54,67.0,181.0,0.0,215.0,0.0
210,54,68.0,178.0,0.0,221.0,0.0
210,54,69.0,182.0,0.0,228.0,0.0
210,54,70.0,184.0,0.0,229.0,0.0
210,54,71.0,179.0,0.0,235.0,0.0
210,54,72.0,181.0,0.0,243.0,0.0
210,54,73.0,181.0,0.0,249.0,0.0
210,54,74.0,173.0,0.0,254.0,0.0
210,54,75.0,177.0,0.0,265.0,0.0
210,54,76.0,180.0,0.0,274.0,0.0
210,54,77.0,179.0,0.0,276.0,0.0
210,54,78.0,179.0,0.0,280.0,0.0
210,54,79.0,174.0,0.0,284.0,0.0
210,54,80.0,176.0,0.0,293.0,0.0
210,54,81.0,178.0,0.0,296.0,0.0
210,54,82.0,174.0,0.0,302.0,0.0
210,54,83.0,173.0,0.0,309.0,0.0
210,54,84.0,175.0,0.0,313.0,0.0
210,54,85.0,176.0,0.0,317.0,0.0
210,54,86.0,176.0,0.0,322.0,0.0
210,54,87.0,174.0,0.0,325.0,0.0
210,54,88.0,171.0,0.0,334.0,0.0
210,54,89.0,173.0,0.0,341.0,0.0
210,54,90.0,167.0,0.0,345.0,0.0
210,54,91.0,167.0,0.0,354.0,0.0
210,54,92.0,167.0,0.0,359.0,0.0
210,54,93.0,165.0,0.0,362.0,0.0
210,54,94.0,166.0,0.0,370.0,0.0
210,54,95.0,164.0,0.0,374.0,0.0
210,54,96.0,168.0,0.0,381.0,0.0
210,54,97.0,165.0,0.0,383.0,0.0
210,54,98.0,166.0,0.0,391.0,0.0
210,54,99.0,166.0,0.0,397.0,0.0
210,54,100.0,167.0,0.0,407.0,0.0
210,54,101.0,164.0,0.0,410.0,0.0
210,54,102.0,168.0,0.0,416.0,0.0
210,54,103.0,169.0,0.0,418.0,0.0
210,54,104.0,170.0,0.0,422.0,0.0
210,54,105.0,166.0,0.0,426.0,0.0
210,54,106.0,165.0,0.0,434.0,0.0
210,54,107.0,170.0,0.0,439.0,0.0
210,54,108.0,174.0,0.0,443.0,0.0
210,54,109.0,175.0,0.0,446.0,0.0
210,54,110.0,176.0,0.0,450.0,0.0
210,54,111.0,177.0,0.0,455.0,0.0
210,54,112.0,179.0,0.0,460.0,0.0
210,54,113.0,179.0,0.0,466.0,0.0
210,54,114.0,180.0,0.0,472.0,0.0
210,54,115.0,181.0,0.0,478.0,0.0
210,54,116.0,182.0,0.0,483.0,0.0
210,54,117.0,182.0,0.0,488.0,0.0
210,54,118.0,182.0,0.0,492.0,0.0
210,54,119.0,182.0,0.0,498.0,0.0
210,54,120.0,183.0,0.0,502.0,0.0
210,54,121.0,177.0,0.0,505.0,0.0
210,54,122.0,176.0,0.0,514.0,0.0
210,54,123.0,176.0,0.0,521.0,0.0
210,54,124.0,174.0,0.0,525.0,0.0
210,54,125.0,172.0,0.0,534.0,0.0
210,54,126.0,176.0,0.0,539.0,0.0
210,54,127.0,175.0,0.0,544.0,0.0
210,54,128.0,177.0,0.0,549.0,0.0
210,54,129.0,177.0,0.0,554.0,0.0
210,54,130.0,174.0,0.0,562.0,0.0
210,54,131.0,172.0,0.0,568.0,0.0
210,54,132.0,167.0,0.0,573.0,0.0
210,54,133.0,170.0,0.0,583.0,0.0
210,54,134.0,171.0,0.0,586.0,0.0
210,54,135.0,177.0,0.0,589.0,0.0
210,54,136.0,176.0,0.0,592.0,0.0
210,54,137.0,179.0,0.0,598.0,0.0
210,54,138.0,176.0,0.0,601.0,0.0
210,54,139.0,173.0,0.0,609.0,0.0
210,54,140.0,175.0,0.0,617.0,0.0
210,54,141.0,178.0,0.0,621.0,0.0
210,54,142.0,178.0,0.0,624.0,0.0
210,54,143.0,176.0,0.0,629.0,0.0
210,54,144.0,174.0,0.0,635.0,0.0
210,54,145.0,176.0,0.0,644.0,0.0
210,54,146.0,174.0,0.0,648.0,0.0
210,54,147.0,176.0,0.0,655.0,0.0
210,54,148.0,183.0,0.0,658.0,0.0
210,54,149.0,185.0,0.0,659.0,0.0
210,54,150.0,186.0,0.0,663.0,0.0
210,54,151.0,184.0,0.0,670.0,0.0
210,54,152.0,183.0,0.0,677.0,0.0
210,54,153.0,182.0,0.0,682.0,0.0
210,54,154.0,183.0,0.0,687.0,0.0
210,54,155.0,182.0,0.0,693.0,0.0
210,54,156.0,182.0,0.0,697.0,0.0
210,54,157.0,180.0,0.0,702.0,0.0
210,54,158.0,179.0,0.0,709.0,0.0
210,54,159.0,178.0,0.0,716.0,0.0
210,54,160.0,178.0,0.0,722.0,0.0
210,54,161.0,177.0,0.0,727.0,0.0
210,54,162.0,179.0,0.0,732.0,0.0
210,54,163.0,173.0,0.0,738.0,0.0
210,54,164.0,177.0,0.0,747.0,0.0
210,54,165.0,181.0,0.0,751.0,0.0
210,54,166.0,180.0,0.0,755.0,0.0
210,54,167.0,178.0,0.0,762.0,0.0
210,54,168.0,174.0,0.0,768.0,0.0
210,54,169.0,171.0,0.0,776.0,0.0
210,54,170.0,173.0,0.0,784.0,0.0
210,54,171.0,172.0,0.0,789.0,0.0
210,54,172.0,172.0,0.0,798.0,0.0
210,54,173.0,173.0,0.0,804.0,0.0
210,54,174.0,174.0,0.0,807.0,0.0
210,54,175.0,171.0,0.0,813.0,0.0
210,54,176.0,171.0,0.0,820.0,0.0
210,54,177.0,170.0,0.0,824.0,0.0
210,54,178.0,171.0,0.0,827.0,0.0
210,54,179.0,170.0,0.0,832.0,0.0
210,54,180.0,170.0,0.0,837.0,0.0
210,54,181.0,171.0,0.0,843.0,0.0
210,54,182.0,169.0,0.0,850.0,0.0
210,54,183.0,165.0,0.0,856.0,0.0
210,54,184.0,166.0,0.0,863.0,0.0
210,54,185.0,166.0,0.0,871.0,0.0
210,54,186.0,169.0,0.0,879.0,0.0
210,54,187.0,167.0,0.0,884.0,0.0
210,54,188.0,168.0,0.0,891.0,0.0
210,54,189.0,168.0,0.0,895.0,0.0
210,54,190.0,169.0,0.0,898.0,0.0
210,54,191.0,169.0,0.0,904.0,0.0
210,54,192.0,170.0,0.0,909.0,0.0
210,54,193.0,170.0,0.0,914.0,0.0
210,54,194.0,176.0,0.0,919.0,0.0
210,54,195.0,173.0,0.0,924.0,0.0
210,54,196.0,170.0,0.0,932.0,0.0
210,54,197.0,167.0,0.0,939.0,0.0
210,54,198.0,168.0,0.0,945.0,0.0
210,54,199.0,172.0,0.0,951.0,0.0
210,54,200.0,173.0,0.0,956.0,0.0
210,54,201.0,172.0,0.0,960.0,0.0
210,54,202.0,169.0,0.0,967.0,0.0
210,54,203.0,175.0,0.0,973.0,0.0
210,54,204.0,175.0,0.0,978.0,0.0
210,54,205.0,176.0,0.0,983.0,0.0
210,54,206.0,174.0,0.0,988.0,0.0
210,54,207.0,173.0,0.0,995.0,0.0
210,54,208.0,177.0,0.0,1002.0,0.0
210,54,209.0,182.0,0.0,1005.0,0.0
210,54,210.0,180.0,0.0,1008.0,0.0
210,54,211.0,180.0,0.0,1014.0,0.0
210,54,212.0,183.0,0.0,1018.0,0.0
210,54,213.0,182.0,0.0,1024.0,0.0
210,54,214.0,179.0,0.0,1030.0,0.0
210,54,215.0,180.0,0.0,1038.0,0.0
210,54,216.0,182.0,0.0,1043.0,0.0
210,54,217.0,180.0,0.0,1047.0,0.0
210,54,218.0,179.0,0.0,1052.0,0.0
210,54,219.0,176.0,0.0,1057.0,0.0
210,54,220.0,178.0,0.0,1065.0,0.0
210,54,221.0,177.0,0.0,1070.0,0.0
210,54,222.0,177.0,0.0,1078.0,0.0
210,54,223.0,178.0,0.0,1083.0,0.0
210,54,224.0,175.0,0.0,1089.0,0.0
210,54,225.0,172.0,0.0,1097.0,0.0
210,54,226.0,166.0,0.0,1102.0,0.0
210,54,227.0,164.0,0.0,1113.0,0.0
210,54,228.0,163.0,0.0,1121.0,0.0
210,54,229.0,163.0,0.0,1125.0,0.0
210,54,230.0,162.0,0.0,1130.0,0.0
210,54,231.0,164.0,0.0,1135.0,0.0
210,54,232.0,166.0,0.0,1141.0,0.0
210,54,233.0,169.0,0.0,1144.0,0.0
210,54,234.0,171.0,0.0,1148.0,0.0
210,54,235.0,169.0,0.0,1151.0,0.0
210,54,236.0,171.0,0.0,1159.0,0.0
210,54,237.0,169.0,0.0,1165.0,0.0
210,54,238.0,166.0,0.0,1169.0,0.0
210,54,239.0,162.0,0.0,1177.0,0.0
210,54,240.0,162.0,0.0,1186.0,0.0
210,54,241.0,162.0,0.0,1191.0,0.0
210,54,242.0,167.0,0.0,1195.0,0.0
210,54,243.0,160.0,0.0,1199.0,0.0
210,54,244.0,160.0,0.0,1207.0,0.0
210,54,245.0,161.0,0.0,1212.0,0.0
210,54,246.0,164.0,0.0,1215.0,0.0
210,54,247.0,161.0,0.0,1217.0,0.0
210,54,248.0,164.0,0.0,1223.0,0.0
210,54,249.0,161.0,0.0,1226.0,0.0
210,54,250.0,160.0,0.0,1232.0,0.0
210,54,251.0,157.0,0.0,1237.0,0.0
210,54,252.0,145.0,0.0,1240.0,0.0
210,54,253.0,144.0,0.0,1252.0,0.0
210,54,254.0,139.0,0.0,1253.0,0.0
210,54,255.0,137.0,0.0,1258.0,0.0
210,54,256.0,131.0,0.0,1260.0,0.0
210,54,257.0,127.0,0.0,1266.0,0.0
210,54,258.0,119.0,0.0,1270.0,0.0
210,54,259.0,114.0,0.0,1278.0,0.0
210,54,260.0,109.0,0.0,1283.0,0.0
210,54,261.0,102.0,0.0,1288.0,0.0
210,54,262.0,98.0,0.0,1295.0,0.0
210,54,263.0,94.0,0.0,1299.0,0.0
210,54,264.0,87.0,0.0,1303.0,0.0
210,54,265.0,85.0,0.0,1310.0,0.0
210,54,266.0,79.0,0.0,1312.0,0.0
210,54,267.0,72.0,0.0,1318.0,0.0
210,54,268.0,69.0,0.0,1325.0,0.0
210,54,269.0,65.0,0.0,1328.0,0.0
210,54,270.0,62.0,0.0,1332.0,0.0
210,54,271.0,59.0,0.0,1335.0,0.0
210,54,272.0,54.0,0.0,1338.0,0.0
210,54,273.0,50.0,0.0,1343.0,0.0
210,54,274.0,45.0,0.0,1347.0,0.0
210,54,275.0,41.0,0.0,1352.0,0.0
210,54,276.0,39.0,0.0,1356.0,0.0
210,54,277.0,37.0,0.0,1358.0,0.0
210,54,278.0,33.0,0.0,1360.0,0.0
210,54,279.0,30.0,0.0,1364.0,0.0
210,54,280.0,28.0,0.0,1367.0,0.0
210,54,281.0,26.0,0.0,1369.0,0.0
210,54,282.0,23.0,0.0,1371.0,0.0
210,54,283.0,22.0,0.0,1374.0,0.0
210,54,284.0,19.0,0.0,1375.0,0.0
210,54,285.0,16.0,0.0,1378.0,0.0
210,54,286.0,16.0,0.0,1381.0,0.0
210,54,287.0,15.0,0.0,1381.0,0.0
210,54,288.0,13.0,0.0,1382.0,0.0
210,54,289.0,12.0,0.0,1384.0,0.0
210,54,290.0,12.0,0.0,1385.0,0.0
210,54,291.0,11.0,0.0,1385.0,0.0
210,54,292.0,11.0,0.0,1386.0,0.0
210,54,293.0,10.0,0.0,1386.0,0.0
210,54,294.0,10.0,0.0,1387.0,0.0
210,54,295.0,10.0,0.0,1387.0,0.0
210,54,296.0,10.0,0.0,1387.0,0.0
210,54,297.0,10.0,0.0,1387.0,0.0
210,54,298.0,10.0,0.0,1387.0,0.0
210,54,299.0,10.0,0.0,1387.0,0.0
210,54,300.0,9.0,0.0,1387.0,0.0
210,54,301.0,6.0,0.0,1388.0,0.0
210,54,302.0,6.0,0.0,1391.0,0.0
210,54,303.0,5.0,0.0,1391.0,0.0
210,54,304.0,5.0,0.0,1392.0,0.0
210,54,305.0,5.0,0.0,1392.0,0.0
210,54,306.0,5.0,0.0,1392.0,0.0
210,54,307.0,4.0,0.0,1392.0,0.0
210,54,308.0,4.0,0.0,1393.0,0.0
210,54,309.0,3.0,0.0,1393.0,0.0
210,54,310.0,3.0,0.0,1394.0,0.0
210,54,311.0,2.0,0.0,1394.0,0.0
210,54,312.0,1.0,0.0,1395.0,0.0
210,54,313.0,1.0,0.0,1396.0,0.0
210,54,314.0,1.0,0.0,1396.0,0.0
210,54,315.0,1.0,0.0,1396.0,0.0
210,54,316.0,1.0,0.0,1396.0,0.0
210,54,317.0,1.0,0.0,1396.0,0.0
210,54,318.0,1.0,0.0,1396.0,0.0
210,54,319.0,1.0,0.0,1396.0,0.0
210,54,320.0,0.0,0.0,1396.0,0.0
210,54,321.0,0.0,0.0,1397.0,0.0
210,55,0.0,6.0,0.0,0.0,0.0
210,55,1.0,11.0,0.0,0.0,0.0
210,55,2.0,16.0,0.0,0.0,0.0
210,55,3.0,20.0,0.0,0.0,0.0
210,55,4.0,24.0,0.0,0.0,0.0
210,55,5.0,30.0,0.0,0.0,0.0
210,55,6.0,39.0,0.0,0.0,0.0
210,55,7.0,44.0,0.0,0.0,0.0
210,55,8.0,52.0,0.0,0.0,0.0
210,55,9.0,59.0,0.0,0.0,0.0
210,55,10.0,65.0,0.0,0.0,0.0
210,55,11.0,68.0,0.0,0.0,0.0
210,55,12.0,74.0,0.0,0.0,0.0
210,55,13.0,79.0,0.0,0.0,0.0
210,55,14.0,89.0,0.0,0.0,0.0
210,55,15.0,94.0,0.0,0.0,0.0
210,55,16.0,101.0,0.0,0.0,0.0
210,55,17.0,105.0,0.0,0.0,0.0
210,55,18.0,114.0,0.0,0.0,0.0
210,55,19.0,118.0,0.0,2.0,0.0
210,55,20.0,126.0,0.0,2.0,0.0
210,55,21.0,130.0,0.0,2.0,0.0
210,55,22.0,134.0,0.0,4.0,0.0
210,55,23.0,138.0,0.0,5.0,0.0
210,55,24.0,138.0,0.0,5.0,0.0
210,55,25.0,139.0,0.0,9.0,0.0
210,55,26.0,139.0,0.0,13.0,0.0
210,55,27.0,147.0,0.0,17.0,0.0
210,55,28.0,147.0,0.0,18.0,0.0
210,55,29.0,145.0,0.0,21.0,0.0
210,55,30.0,143.0,0.0,26.0,0.0
210,55,31.0,144.0,0.0,33.0,0.0
210,55,32.0,149.0,0.0,38.0,0.0
210,55,33.0,143.0,0.0,44.0,0.0
210,55,34.0,144.0,0.0,52.0,0.0
210,55,35.0,146.0,0.0,56.0,0.0
210,55,36.0,147.0,0.0,62.0,0.0
210,55,37.0,152.0,0.0,65.0,0.0
210,55,38.0,154.0,0.0,67.0,0.0
210,55,39.0,158.0,0.0,70.0,0.0
210,55,40.0,161.0,0.0,75.0,0.0
210,55,41.0,164.0,0.0,78.0,0.0
210,55,42.0,167.0,0.0,82.0,0.0
210,55,43.0,166.0,0.0,86.0,0.0
210,55,44.0,167.0,0.0,91.0,0.0
210,55,45.0,169.0,0.0,92.0,0.0
210,55,46.0,172.0,0.0,97.0,0.0
210,55,47.0,168.0,0.0,99.0,0.0
210,55,48.0,170.0,0.0,106.0,0.0
210,55,49.0,166.0,0.0,111.0,0.0
210,55,50.0,168.0,0.0,119.0,0.0
210,55,51.0,171.0,0.0,121.0,0.0
210,55,52.0,169.0,0.0,125.0,0.0
210,55,53.0,173.0,0.0,133.0,0.0
210,55,54.0,169.0,0.0,137.0,0.0
210,55,55.0,168.0,0.0,147.0,0.0
210,55,56.0,169.0,0.0,153.0,0.0
210,55,57.0,168.0,0.0,158.0,0.0
210,55,58.0,169.0,0.0,163.0,0.0
210,55,59.0,168.0,0.0,167.0,0.0
210,55,60.0,166.0,0.0,172.0,0.0
210,55,61.0,165.0,0.0,179.0,0.0
210,55,62.0,163.0,0.0,182.0,0.0
210,55,63.0,163.0,0.0,189.0,0.0
210,55,64.0,165.0,0.0,194.0,0.0
210,55,65.0,165.0,0.0,199.0,0.0
210,55,66.0,168.0,0.0,207.0,0.0
210,55,67.0,172.0,0.0,210.0,0.0
210,55,68.0,175.0,0.0,215.0,0.0
210,55,69.0,175.0,0.0,218.0,0.0
210,55,70.0,175.0,0.0,222.0,0.0
210,55,71.0,171.0,0.0,228.0,0.0
210,55,72.0,173.0,0.0,239.0,0.0
210,55,73.0,176.0,0.0,244.0,0.0
210,55,74.0,178.0,0.0,247.0,0.0
210,55,75.0,183.0,0.0,250.0,0.0
210,55,76.0,180.0,0.0,252.0,0.0
210,55,77.0,181.0,0.0,257.0,0.0
210,55,78.0,181.0,0.0,260.0,0.0
210,55,79.0,180.0,0.0,263.0,0.0
210,55,80.0,178.0,0.0,271.0,0.0
210,55,81.0,176.0,0.0,279.0,0.0
210,55,82.0,177.0,0.0,285.0,0.0
210,55,83.0,181.0,0.0,289.0,0.0
210,55,84.0,181.0,0.0,292.0,0.0
210,55,85.0,182.0,0.0,298.0,0.0
210,55,86.0,181.0,0.0,302.0,0.0
210,55,87.0,176.0,0.0,306.0,0.0
210,55,88.0,171.0,0.0,313.0,0.0
210,55,89.0,166.0,0.0,320.0,0.0
210,55,90.0,168.0,0.0,329.0,0.0
210,55,91.0,173.0,0.0,332.0,0.0
210,55,92.0,173.0,0.0,336.0,0.0
210,55,93.0,168.0,0.0,344.0,0.0
210,55,94.0,164.0,0.0,352.0,0.0
210,55,95.0,169.0,0.0,360.0,0.0
210,55,96.0,168.0,0.0,364.0,0.0
210,55,97.0,166.0,0.0,368.0,0.0
210,55,98.0,166.0,0.0,376.0,0.0
210,55,99.0,163.0,0.0,380.0,0.0
210,55,100.0,160.0,0.0,388.0,0.0
210,55,101.0,163.0,0.0,397.0,0.0
210,55,102.0,162.0,0.0,399.0,0.0
210,55,103.0,159.0,0.0,402.0,0.0
210,55,104.0,158.0,0.0,413.0,0.0
210,55,105.0,156.0,0.0,419.0,0.0
210,55,106.0,160.0,0.0,422.0,0.0
210,55,107.0,158.0,0.0,424.0,0.0
210,55,108.0,158.0,0.0,428.0,0.0
210,55,109.0,155.0,0.0,431.0,0.0
210,55,110.0,158.0,0.0,437.0,0.0
210,55,111.0,157.0,0.0,438.0,0.0
210,55,112.0,158.0,0.0,444.0,0.0
210,55,113.0,157.0,0.0,447.0,0.0
210,55,114.0,155.0,0.0,453.0,0.0
210,55,115.0,154.0,0.0,460.0,0.0
210,55,116.0,149.0,0.0,465.0,0.0
210,55,117.0,145.0,0.0,473.0,0.0
210,55,118.0,152.0,0.0,481.0,0.0
210,55,119.0,153.0,0.0,484.0,0.0
210,55,120.0,155.0,0.0,487.0,0.0
210,55,121.0,155.0,0.0,492.0,0.0
210,55,122.0,154.0,0.0,497.0,0.0
210,55,123.0,156.0,0.0,502.0,0.0
210,55,124.0,155.0,0.0,509.0,0.0
210,55,125.0,152.0,0.0,513.0,0.0
210,55,126.0,152.0,0.0,520.0,0.0
210,55,127.0,153.0,0.0,523.0,0.0
210,55,128.0,155.0,0.0,527.0,0.0
210,55,129.0,152.0,0.0,534.0,0.0
210,55,130.0,154.0,0.0,542.0,0.0
210,55,131.0,155.0,0.0,547.0,0.0
210,55,132.0,157.0,0.0,552.0,0.0
210,55,133.0,156.0,0.0,557.0,0.0
210,55,134.0,159.0,0.0,561.0,0.0
210,55,135.0,159.0,0.0,565.0,0.0
210,55,136.0,162.0,0.0,571.0,0.0
210,55,137.0,163.0,0.0,574.0,0.0
210,55,138.0,163.0,0.0,578.0,0.0
210,55,139.0,163.0,0.0,584.0,0.0
210,55,140.0,163.0,0.0,587.0,0.0
210,55,141.0,162.0,0.0,591.0,0.0
210,55,142.0,158.0,0.0,595.0,0.0
210,55,143.0,158.0,0.0,601.0,0.0
210,55,144.0,158.0,0.0,606.0,0.0
210,55,145.0,154.0,0.0,610.0,0.0
210,55,146.0,152.0,0.0,621.0,0.0
210,55,147.0,156.0,0.0,626.0,0.0
210,55,148.0,159.0,0.0,629.0,0.0
210,55,149.0,159.0,0.0,633.0,0.0
210,55,150.0,162.0,0.0,639.0,0.0
210,55,151.0,159.0,0.0,644.0,0.0
210,55,152.0,160.0,0.0,651.0,0.0
210,55,153.0,163.0,0.0,654.0,0.0
210,55,154.0,164.0,0.0,657.0,0.0
210,55,155.0,161.0,0.0,661.0,0.0
210,55,156.0,163.0,0.0,667.0,0.0
210,55,157.0,163.0,0.0,671.0,0.0
210,55,158.0,168.0,0.0,679.0,0.0
210,55,159.0,168.0,0.0,682.0,0.0
210,55,160.0,171.0,0.0,686.0,0.0
210,55,161.0,171.0,0.0,691.0,0.0
210,55,162.0,173.0,0.0,694.0,0.0
210,55,163.0,174.0,0.0,702.0,0.0
210,55,164.0,172.0,0.0,708.0,0.0
210,55,165.0,170.0,0.0,712.0,0.0
210,55,166.0,171.0,0.0,716.0,0.0
210,55,167.0,173.0,0.0,721.0,0.0
210,55,168.0,174.0,0.0,727.0,0.0
210,55,169.0,173.0,0.0,730.0,0.0
210,55,170.0,175.0,0.0,736.0,0.0
210,55,171.0,173.0,0.0,739.0,0.0
210,55,172.0,171.0,0.0,743.0,0.0
210,55,173.0,170.0,0.0,750.0,0.0
210,55,174.0,168.0,0.0,755.0,0.0
210,55,175.0,167.0,0.0,763.0,0.0
210,55,176.0,163.0,0.0,769.0,0.0
210,55,177.0,165.0,0.0,776.0,0.0
210,55,178.0,165.0,0.0,782.0,0.0
210,55,179.0,164.0,0.0,787.0,0.0
210,55,180.0,164.0,0.0,793.0,0.0
210,55,181.0,161.0,0.0,801.0,0.0
210,55,182.0,162.0,0.0,808.0,0.0
210,55,183.0,162.0,0.0,810.0,0.0
210,55,184.0,164.0,0.0,816.0,0.0
210,55,185.0,162.0,0.0,819.0,0.0
210,55,186.0,165.0,0.0,824.0,0.0
210,55,187.0,163.0,0.0,829.0,0.0
210,55,188.0,164.0,0.0,835.0,0.0
210,55,189.0,163.0,0.0,841.0,0.0
210,55,190.0,163.0,0.0,848.0,0.0
210,55,191.0,163.0,0.0,854.0,0.0
210,55,192.0,168.0,0.0,858.0,0.0
210,55,193.0,166.0,0.0,860.0,0.0
210,55,194.0,167.0,0.0,867.0,0.0
210,55,195.0,163.0,0.0,872.0,0.0
210,55,196.0,165.0,0.0,880.0,0.0
210,55,197.0,164.0,0.0,883.0,0.0
210,55,198.0,164.0,0.0,887.0,0.0
210,55,199.0,167.0,0.0,892.0,0.0
210,55,200.0,160.0,0.0,897.0,0.0
210,55,201.0,161.0,0.0,906.0,0.0
210,55,202.0,163.0,0.0,912.0,0.0
210,55,203.0,159.0,0.0,914.0,0.0
210,55,204.0,160.0,0.0,922.0,0.0
210,55,205.0,160.0,0.0,927.0,0.0
210,55,206.0,159.0,0.0,932.0,0.0
210,55,207.0,161.0,0.0,935.0,0.0
210,55,208.0,161.0,0.0,940.0,0.0
210,55,209.0,159.0,0.0,946.0,0.0
210,55,210.0,161.0,0.0,956.0,0.0
210,55,211.0,160.0,0.0,960.0,0.0
210,55,212.0,157.0,0.0,964.0,0.0
210,55,213.0,152.0,0.0,971.0,0.0
210,55,214.0,152.0,0.0,980.0,0.0
210,55,215.0,149.0,0.0,984.0,0.0
210,55,216.0,151.0,0.0,989.0,0.0
210,55,217.0,153.0,0.0,993.0,0.0
210,55,218.0,153.0,0.0,996.0,0.0
210,55,219.0,154.0,0.0,1001.0,0.0
210,55,220.0,153.0,0.0,1005.0,0.0
210,55,221.0,154.0,0.0,1011.0,0.0
210,55,222.0,151.0,0.0,1015.0,0.0
210,55,223.0,151.0,0.0,1020.0,0.0
210,55,224.0,150.0,0.0,1027.0,0.0
210,55,225.0,152.0,0.0,1033.0,0.0
210,55,226.0,156.0,0.0,1035.0,0.0
210,55,227.0,156.0,0.0,1037.0,0.0
210,55,228.0,156.0,0.0,1041.0,0.0
210,55,229.0,158.0,0.0,1046.0,0.0
210,55,230.0,157.0,0.0,1052.0,0.0
210,55,231.0,157.0,0.0,1057.0,0.0
210,55,232.0,158.0,0.0,1063.0,0.0
210,55,233.0,157.0,0.0,1067.0,0.0
210,55,234.0,159.0,0.0,1073.0,0.0
210,55,235.0,162.0,0.0,1077.0,0.0
210,55,236.0,159.0,0.0,1079.0,0.0
210,55,237.0,158.0,0.0,1084.0,0.0
210,55,238.0,156.0,0.0,1089.0,0.0
210,55,239.0,159.0,0.0,1094.0,0.0
210,55,240.0,157.0,0.0,1096.0,0.0
210,55,241.0,161.0,0.0,1102.0,0.0
210,55,242.0,159.0,0.0,1105.0,0.0
210,55,243.0,156.0,0.0,1110.0,0.0
210,55,244.0,155.0,0.0,1117.0,0.0
210,55,245.0,156.0,0.0,1124.0,0.0
210,55,246.0,158.0,0.0,1130.0,0.0
210,55,247.0,156.0,0.0,1134.0,0.0
210,55,248.0,156.0,0.0,1139.0,0.0
210,55,249.0,154.0,0.0,1142.0,0.0
210,55,250.0,157.0,0.0,1148.0,0.0
210,55,251.0,153.0,0.0,1151.0,0.0
210,55,252.0,148.0,0.0,1155.0,0.0
210,55,253.0,143.0,0.0,1160.0,0.0
210,55,254.0,140.0,0.0,1165.0,0.0
210,55,255.0,135.0,0.0,1168.0,0.0
210,55,256.0,131.0,0.0,1173.0,0.0
210,55,257.0,126.0,0.0,1177.0,0.0
210,55,258.0,120.0,0.0,1182.0,0.0
210,55,259.0,114.0,0.0,1188.0,0.0
210,55,260.0,110.0,0.0,1194.0,0.0
210,55,261.0,106.0,0.0,1198.0,0.0
210,55,262.0,99.0,0.0,1202.0,0.0
210,55,263.0,92.0,0.0,1209.0,0.0
210,55,264.0,86.0,0.0,1216.0,0.0
210,55,265.0,81.0,0.0,1222.0,0.0
210,55,266.0,79.0,0.0,1227.0,0.0
210,55,267.0,74.0,0.0,1229.0,0.0
210,55,268.0,73.0,0.0,1234.0,0.0
210,55,269.0,70.0,0.0,1235.0,0.0
210,55,270.0,62.0,0.0,1238.0,0.0
210,55,271.0,54.0,0.0,1246.0,0.0
210,55,272.0,49.0,0.0,1254.0,0.0
210,55,273.0,46.0,0.0,1259.0,0.0
210,55,274.0,44.0,0.0,1262.0,0.0
210,55,275.0,43.0,0.0,1264.0,0.0
210,55,276.0,42.0,0.0,1265.0,0.0
210,55,277.0,40.0,0.0,1266.0,0.0
210,55,278.0,38.0,0.0,1268.0,0.0
210,55,279.0,37.0,0.0,1270.0,0.0
210,55,280.0,35.0,0.0,1271.0,0.0
210,55,281.0,34.0,0.0,1273.0,0.0
210,55,282.0,33.0,0.0,1274.0,0.0
210,55,283.0,28.0,0.0,1275.0,0.0
210,55,284.0,25.0,0.0,1280.0,0.0
210,55,285.0,24.0,0.0,1283.0,0.0
210,55,286.0,23.0,0.0,1284.0,0.0
210,55,287.0,23.0,0.0,1285.0,0.0
210,55,288.0,21.0,0.0,1285.0,0.0
210,55,289.0,19.0,0.0,1287.0,0.0
210,55,290.0,19.0,0.0,1289.0,0.0
210,55,291.0,17.0,0.0,1289.0,0.0
210,55,292.0,16.0,0.0,1291.0,0.0
210,55,293.0,15.0,0.0,1292.0,0.0
210,55,294.0,13.0,0.0,1293.0,0.0
210,55,295.0,12.0,0.0,1295.0,0.0
210,55,296.0,12.0,0.0,1296.0,0.0
210,55,297.0,12.0,0.0,1296.0,0.0
210,55,298.0,12.0,0.0,1296.0,0.0
210,55,299.0,11.0,0.0,1296.0,0.0
210,55,300.0,11.0,0.0,1297.0,0.0
210,55,301.0,11.0,0.0,1297.0,0.0
210,55,302.0,10.0,0.0,1297.0,0.0
210,55,303.0,9.0,0.0,1298.0,0.0
210,55,304.0,9.0,0.0,1299.0,0.0
210,55,305.0,9.0,0.0,1299.0,0.0
210,55,306.0,8.0,0.0,1299.0,0.0
210,55,307.0,6.0,0.0,1300.0,0.0
210,55,308.0,5.0,0.0,1302.0,0.0
210,55,309.0,4.0,0.0,1303.0,0.0
210,55,310.0,3.0,0.0,1304.0,0.0
210,55,311.0,3.0,0.0,1305.0,0.0
210,55,312.0,1.0,0.0,1305.0,0.0
210,55,313.0,0.0,0.0,1307.0,0.0
210,55,314.0,0.0,0.0,1308.0,0.0
210,56,0.0,3.0,0.0,0.0,0.0
210,56,1.0,11.0,0.0,0.0,0.0
210,56,2.0,14.0,0.0,0.0,0.0
210,56,3.0,19.0,0.0,0.0,0.0
210,56,4.0,23.0,0.0,0.0,0.0
210,56,5.0,28.0,0.0,0.0,0.0
210,56,6.0,32.0,0.0,0.0,0.0
210,56,7.0,35.0,0.0,0.0,0.0
210,56,8.0,38.0,0.0,0.0,0.0
210,56,9.0,39.0,0.0,0.0,0.0
210,56,10.0,44.0,0.0,0.0,0.0
210,56,11.0,47.0,0.0,0.0,0.0
210,56,12.0,52.0,0.0,0.0,0.0
210,56,13.0,55.0,0.0,0.0,0.0
210,56,14.0,60.0,0.0,0.0,0.0
210,56,15.0,69.0,0.0,0.0,0.0
210,56,16.0,73.0,0.0,0.0,0.0
210,56,17.0,80.0,0.0,0.0,0.0
210,56,18.0,88.0,0.0,0.0,0.0
210,56,19.0,94.0,0.0,0.0,0.0
210,56,20.0,99.0,0.0,1.0,0.0
210,56,21.0,102.0,0.0,1.0,0.0
210,56,22.0,104.0,0.0,1.0,0.0
210,56,23.0,109.0,0.0,2.0,0.0
210,56,24.0,110.0,0.0,3.0,0.0
210,56,25.0,111.0,0.0,7.0,0.0
210,56,26.0,113.0,0.0,9.0,0.0
210,56,27.0,115.0,0.0,11.0,0.0
210,56,28.0,117.0,0.0,14.0,0.0
210,56,29.0,119.0,0.0,16.0,0.0
210,56,30.0,121.0,0.0,18.0,0.0
210,56,31.0,124.0,0.0,21.0,0.0
210,56,32.0,125.0,0.0,24.0,0.0
210,56,33.0,126.0,0.0,28.0,0.0
210,56,34.0,123.0,0.0,31.0,0.0
210,56,35.0,123.0,0.0,37.0,0.0
210,56,36.0,124.0,0.0,41.0,0.0
210,56,37.0,125.0,0.0,43.0,0.0
210,56,38.0,119.0,0.0,45.0,0.0
210,56,39.0,120.0,0.0,52.0,0.0
210,56,40.0,121.0,0.0,60.0,0.0
210,56,41.0,122.0,0.0,66.0,0.0
210,56,42.0,125.0,0.0,69.0,0.0
210,56,43.0,125.0,0.0,74.0,0.0
210,56,44.0,126.0,0.0,77.0,0.0
210,56,45.0,127.0,0.0,82.0,0.0
210,56,46.0,132.0,0.0,87.0,0.0
210,56,47.0,130.0,0.0,89.0,0.0
210,56,48.0,133.0,0.0,96.0,0.0
210,56,49.0,137.0,0.0,100.0,0.0
210,56,50.0,138.0,0.0,101.0,0.0
210,56,51.0,136.0,0.0,106.0,0.0
210,56,52.0,139.0,0.0,113.0,0.0
210,56,53.0,143.0,0.0,116.0,0.0
210,56,54.0,149.0,0.0,119.0,0.0
210,56,55.0,151.0,0.0,121.0,0.0
210,56,56.0,154.0,0.0,124.0,0.0
210,56,57.0,160.0,0.0,128.0,0.0
210,56,58.0,158.0,0.0,131.0,0.0
210,56,59.0,156.0,0.0,135.0,0.0
210,56,60.0,156.0,0.0,140.0,0.0
210,56,61.0,157.0,0.0,143.0,0.0
210,56,62.0,157.0,0.0,146.0,0.0
210,56,63.0,157.0,0.0,152.0,0.0
210,56,64.0,160.0,0.0,157.0,0.0
210,56,65.0,163.0,0.0,160.0,0.0
210,56,66.0,167.0,0.0,163.0,0.0
210,56,67.0,168.0,0.0,168.0,0.0
210,56,68.0,167.0,0.0,171.0,0.0
210,56,69.0,168.0,0.0,175.0,0.0
210,56,70.0,165.0,0.0,179.0,0.0
210,56,71.0,163.0,0.0,184.0,0.0
210,56,72.0,165.0,0.0,192.0,0.0
210,56,73.0,167.0,0.0,197.0,0.0
210,56,74.0,164.0,0.0,203.0,0.0
210,56,75.0,163.0,0.0,207.0,0.0
210,56,76.0,160.0,0.0,213.0,0.0
210,56,77.0,166.0,0.0,220.0,0.0
210,56,78.0,171.0,0.0,223.0,0.0
210,56,79.0,171.0,0.0,227.0,0.0
210,56,80.0,172.0,0.0,232.0,0.0
210,56,81.0,177.0,0.0,239.0,0.0
210,56,82.0,183.0,0.0,245.0,0.0
210,56,83.0,182.0,0.0,250.0,0.0
210,56,84.0,179.0,0.0,257.0,0.0
210,56,85.0,180.0,0.0,262.0,0.0
210,56,86.0,180.0,0.0,266.0,0.0
210,56,87.0,182.0,0.0,270.0,0.0
210,56,88.0,183.0,0.0,274.0,0.0
210,56,89.0,186.0,0.0,280.0,0.0
210,56,90.0,185.0,0.0,283.0,0.0
210,56,91.0,184.0,0.0,288.0,0.0
210,56,92.0,182.0,0.0,293.0,0.0
210,56,93.0,179.0,0.0,302.0,0.0
210,56,94.0,182.0,0.0,308.0,0.0
210,56,95.0,183.0,0.0,311.0,0.0
210,56,96.0,188.0,0.0,318.0,0.0
210,56,97.0,188.0,0.0,320.0,0.0
210,56,98.0,185.0,0.0,327.0,0.0
210,56,99.0,183.0,0.0,334.0,0.0
210,56,100.0,183.0,0.0,341.0,0.0
210,56,101.0,184.0,0.0,345.0,0.0
210,56,102.0,184.0,0.0,351.0,0.0
210,56,103.0,187.0,0.0,358.0,0.0
210,56,104.0,180.0,0.0,363.0,0.0
210,56,105.0,175.0,0.0,373.0,0.0
210,56,106.0,170.0,0.0,383.0,0.0
210,56,107.0,172.0,0.0,392.0,0.0
210,56,108.0,168.0,0.0,397.0,0.0
210,56,109.0,168.0,0.0,405.0,0.0
210,56,110.0,167.0,0.0,411.0,0.0
210,56,111.0,168.0,0.0,416.0,0.0
210,56,112.0,168.0,0.0,421.0,0.0
210,56,113.0,170.0,0.0,426.0,0.0
210,56,114.0,167.0,0.0,432.0,0.0
210,56,115.0,167.0,0.0,443.0,0.0
210,56,116.0,164.0,0.0,450.0,0.0
210,56,117.0,163.0,0.0,455.0,0.0
210,56,118.0,168.0,0.0,460.0,0.0
210,56,119.0,168.0,0.0,464.0,0.0
210,56,120.0,169.0,0.0,470.0,0.0
210,56,121.0,175.0,0.0,476.0,0.0
210,56,122.0,177.0,0.0,478.0,0.0
210,56,123.0,179.0,0.0,482.0,0.0
210,56,124.0,181.0,0.0,484.0,0.0
210,56,125.0,182.0,0.0,489.0,0.0
210,56,126.0,187.0,0.0,495.0,0.0
210,56,127.0,188.0,0.0,499.0,0.0
210,56,128.0,182.0,0.0,507.0,0.0
210,56,129.0,182.0,0.0,515.0,0.0
210,56,130.0,181.0,0.0,521.0,0.0
210,56,131.0,178.0,0.0,526.0,0.0
210,56,132.0,176.0,0.0,535.0,0.0
210,56,133.0,176.0,0.0,542.0,0.0
210,56,134.0,176.0,0.0,547.0,0.0
210,56,135.0,177.0,0.0,552.0,0.0
210,56,136.0,176.0,0.0,556.0,0.0
210,56,137.0,173.0,0.0,562.0,0.0
210,56,138.0,175.0,0.0,568.0,0.0
210,56,139.0,176.0,0.0,571.0,0.0
210,56,140.0,172.0,0.0,576.0,0.0
210,56,141.0,171.0,0.0,583.0,0.0
210,56,142.0,176.0,0.0,587.0,0.0
210,56,143.0,169.0,0.0,589.0,0.0
210,56,144.0,170.0,0.0,601.0,0.0
210,56,145.0,171.0,0.0,606.0,0.0
210,56,146.0,173.0,0.0,609.0,0.0
210,56,147.0,169.0,0.0,617.0,0.0
210,56,148.0,168.0,0.0,627.0,0.0
210,56,149.0,167.0,0.0,633.0,0.0
210,56,150.0,168.0,0.0,640.0,0.0
210,56,151.0,167.0,0.0,647.0,0.0
210,56,152.0,171.0,0.0,651.0,0.0
210,56,153.0,171.0,0.0,654.0,0.0
210,56,154.0,176.0,0.0,658.0,0.0
210,56,155.0,181.0,0.0,660.0,0.0
210,56,156.0,181.0,0.0,663.0,0.0
210,56,157.0,180.0,0.0,669.0,0.0
210,56,158.0,181.0,0.0,676.0,0.0
210,56,159.0,178.0,0.0,681.0,0.0
210,56,160.0,180.0,0.0,687.0,0.0
210,56,161.0,178.0,0.0,691.0,0.0
210,56,162.0,177.0,0.0,697.0,0.0
210,56,163.0,180.0,0.0,702.0,0.0
210,56,164.0,173.0,0.0,706.0,0.0
210,56,165.0,172.0,0.0,715.0,0.0
210,56,166.0,172.0,0.0,722.0,0.0
210,56,167.0,170.0,0.0,726.0,0.0
210,56,168.0,173.0,0.0,731.0,0.0
210,56,169.0,174.0,0.0,735.0,0.0
210,56,170.0,175.0,0.0,740.0,0.0
210,56,171.0,176.0,0.0,744.0,0.0
210,56,172.0,173.0,0.0,751.0,0.0
210,56,173.0,164.0,0.0,760.0,0.0
210,56,174.0,163.0,0.0,770.0,0.0
210,56,175.0,158.0,0.0,773.0,0.0
210,56,176.0,160.0,0.0,782.0,0.0
210,56,177.0,157.0,0.0,788.0,0.0
210,56,178.0,162.0,0.0,794.0,0.0
210,56,179.0,168.0,0.0,796.0,0.0
210,56,180.0,165.0,0.0,800.0,0.0
210,56,181.0,166.0,0.0,808.0,0.0
210,56,182.0,165.0,0.0,810.0,0.0
210,56,183.0,166.0,0.0,817.0,0.0
210,56,184.0,165.0,0.0,820.0,0.0
210,56,185.0,166.0,0.0,826.0,0.0
210,56,186.0,168.0,0.0,831.0,0.0
210,56,187.0,171.0,0.0,836.0,0.0
210,56,188.0,166.0,0.0,840.0,0.0
210,56,189.0,168.0,0.0,849.0,0.0
210,56,190.0,167.0,0.0,854.0,0.0
210,56,191.0,167.0,0.0,861.0,0.0
210,56,192.0,168.0,0.0,866.0,0.0
210,56,193.0,171.0,0.0,871.0,0.0
210,56,194.0,176.0,0.0,876.0,0.0
210,56,195.0,178.0,0.0,881.0,0.0
210,56,196.0,181.0,0.0,886.0,0.0
210,56,197.0,185.0,0.0,891.0,0.0
210,56,198.0,186.0,0.0,896.0,0.0
210,56,199.0,187.0,0.0,901.0,0.0
210,56,200.0,191.0,0.0,906.0,0.0
210,56,201.0,188.0,0.0,911.0,0.0
210,56,202.0,191.0,0.0,917.0,0.0
210,56,203.0,191.0,0.0,921.0,0.0
210,56,204.0,194.0,0.0,925.0,0.0
210,56,205.0,194.0,0.0,931.0,0.0
210,56,206.0,192.0,0.0,936.0,0.0
210,56,207.0,195.0,0.0,944.0,0.0
210,56,208.0,191.0,0.0,945.0,0.0
210,56,209.0,189.0,0.0,951.0,0.0
210,56,210.0,189.0,0.0,958.0,0.0
210,56,211.0,186.0,0.0,964.0,0.0
210,56,212.0,188.0,0.0,970.0,0.0
210,56,213.0,194.0,0.0,973.0,0.0
210,56,214.0,191.0,0.0,976.0,0.0
210,56,215.0,193.0,0.0,982.0,0.0
210,56,216.0,194.0,0.0,989.0,0.0
210,56,217.0,188.0,0.0,999.0,0.0
210,56,218.0,184.0,0.0,1010.0,0.0
210,56,219.0,185.0,0.0,1018.0,0.0
210,56,220.0,187.0,0.0,1022.0,0.0
210,56,221.0,186.0,0.0,1025.0,0.0
210,56,222.0,188.0,0.0,1033.0,0.0
210,56,223.0,190.0,0.0,1039.0,0.0
210,56,224.0,186.0,0.0,1043.0,0.0
210,56,225.0,184.0,0.0,1051.0,0.0
210,56,226.0,181.0,0.0,1059.0,0.0
210,56,227.0,182.0,0.0,1067.0,0.0
210,56,228.0,176.0,0.0,1072.0,0.0
210,56,229.0,180.0,0.0,1083.0,0.0
210,56,230.0,182.0,0.0,1086.0,0.0
210,56,231.0,183.0,0.0,1089.0,0.0
210,56,232.0,179.0,0.0,1093.0,0.0
210,56,233.0,178.0,0.0,1099.0,0.0
210,56,234.0,183.0,0.0,1105.0,0.0
210,56,235.0,181.0,0.0,1110.0,0.0
210,56,236.0,181.0,0.0,1118.0,0.0
210,56,237.0,180.0,0.0,1124.0,0.0
210,56,238.0,180.0,0.0,1129.0,0.0
210,56,239.0,182.0,0.0,1136.0,0.0
210,56,240.0,182.0,0.0,1140.0,0.0
210,56,241.0,185.0,0.0,1146.0,0.0
210,56,242.0,178.0,0.0,1154.0,0.0
210,56,243.0,176.0,0.0,1165.0,0.0
210,56,244.0,177.0,0.0,1172.0,0.0
210,56,245.0,175.0,0.0,1176.0,0.0
210,56,246.0,178.0,0.0,1181.0,0.0
210,56,247.0,178.0,0.0,1185.0,0.0
210,56,248.0,176.0,0.0,1192.0,0.0
210,56,249.0,172.0,0.0,1202.0,0.0
210,56,250.0,171.0,0.0,1211.0,0.0
210,56,251.0,169.0,0.0,1219.0,0.0
210,56,252.0,165.0,0.0,1221.0,0.0
210,56,253.0,161.0,0.0,1225.0,0.0
210,56,254.0,153.0,0.0,1229.0,0.0
210,56,255.0,143.0,0.0,1237.0,0.0
210,56,256.0,138.0,0.0,1247.0,0.0
210,56,257.0,134.0,0.0,1252.0,0.0
210,56,258.0,125.0,0.0,1256.0,0.0
210,56,259.0,121.0,0.0,1265.0,0.0
210,56,260.0,117.0,0.0,1269.0,0.0
210,56,261.0,110.0,0.0,1273.0,0.0
210,56,262.0,108.0,0.0,1280.0,0.0
210,56,263.0,106.0,0.0,1282.0,0.0
210,56,264.0,102.0,0.0,1284.0,0.0
210,56,265.0,99.0,0.0,1288.0,0.0
210,56,266.0,92.0,0.0,1291.0,0.0
210,56,267.0,88.0,0.0,1298.0,0.0
210,56,268.0,82.0,0.0,1302.0,0.0
210,56,269.0,78.0,0.0,1308.0,0.0
210,56,270.0,70.0,0.0,1312.0,0.0
210,56,271.0,68.0,0.0,1320.0,0.0
210,56,272.0,62.0,0.0,1322.0,0.0
210,56,273.0,58.0,0.0,1328.0,0.0
210,56,274.0,54.0,0.0,1332.0,0.0
210,56,275.0,49.0,0.0,1336.0,0.0
210,56,276.0,46.0,0.0,1341.0,0.0
210,56,277.0,40.0,0.0,1344.0,0.0
210,56,278.0,39.0,0.0,1350.0,0.0
210,56,279.0,39.0,0.0,1351.0,0.0
210,56,280.0,36.0,0.0,1351.0,0.0
210,56,281.0,33.0,0.0,1354.0,0.0
210,56,282.0,32.0,0.0,1357.0,0.0
210,56,283.0,32.0,0.0,1358.0,0.0
210,56,284.0,30.0,0.0,1358.0,0.0
210,56,285.0,29.0,0.0,1360.0,0.0
210,56,286.0,28.0,0.0,1361.0,0.0
210,56,287.0,23.0,0.0,1362.0,0.0
210,56,288.0,22.0,0.0,1367.0,0.0
210,56,289.0,22.0,0.0,1368.0,0.0
210,56,290.0,21.0,0.0,1368.0,0.0
210,56,291.0,20.0,0.0,1369.0,0.0
210,56,292.0,19.0,0.0,1370.0,0.0
210,56,293.0,17.0,0.0,1371.0,0.0
210,56,294.0,17.0,0.0,1373.0,0.0
210,56,295.0,17.0,0.0,1373.0,0.0
210,56,296.0,16.0,0.0,1373.0,0.0
210,56,297.0,15.0,0.0,1374.0,0.0
210,56,298.0,14.0,0.0,1375.0,0.0
210,56,299.0,14.0,0.0,1376.0,0.0
210,56,300.0,12.0,0.0,1376.0,0.0
210,56,301.0,10.0,0.0,1378.0,0.0
210,56,302.0,10.0,0.0,1380.0,0.0
210,56,303.0,10.0,0.0,1380.0,0.0
210,56,304.0,10.0,0.0,1380.0,0.0
210,56,305.0,10.0,0.0,1380.0,0.0
210,56,306.0,9.0,0.0,1380.0,0.0
210,56,307.0,7.0,0.0,1381.0,0.0
210,56,308.0,6.0,0.0,1383.0,0.0
210,56,309.0,4.0,0.0,1384.0,0.0
210,56,310.0,3.0,0.0,1386.0,0.0
210,56,311.0,3.0,0.0,1387.0,0.0
210,56,312.0,1.0,0.0,1387.0,0.0
210,56,313.0,1.0,0.0,1389.0,0.0
210,56,314.0,1.0,0.0,1389.0,0.0
210,56,315.0,1.0,0.0,1389.0,0.0
210,56,316.0,0.0,0.0,1389.0,0.0
210,56,317.0,0.0,0.0,1390.0,0.0
210,57,0.0,6.0,0.0,0.0,0.0
210,57,1.0,12.0,0.0,0.0,0.0
210,57,2.0,18.0,0.0,0.0,0.0
210,57,3.0,26.0,0.0,0.0,0.0
210,57,4.0,30.0,0.0,0.0,0.0
210,57,5.0,36.0,0.0,0.0,0.0
210,57,6.0,41.0,0.0,0.0,0.0
210,57,7.0,48.0,0.0,0.0,0.0
210,57,8.0,55.0,0.0,0.0,0.0
210,57,9.0,61.0,0.0,0.0,0.0
210,57,10.0,66.0,0.0,0.0,0.0
210,57,11.0,75.0,0.0,0.0,0.0
210,57,12.0,83.0,0.0,0.0,0.0
210,57,13.0,90.0,0.0,0.0,0.0
210,57,14.0,100.0,0.0,0.0,0.0
210,57,15.0,108.0,0.0,0.0,0.0
210,57,16.0,116.0,0.0,0.0,0.0
210,57,17.0,124.0,0.0,0.0,0.0
210,57,18.0,132.0,0.0,0.0,0.0
210,57,19.0,139.0,0.0,0.0,0.0
210,57,20.0,145.0,0.0,1.0,0.0
210,57,21.0,146.0,0.0,1.0,0.0
210,57,22.0,149.0,0.0,4.0,0.0
210,57,23.0,156.0,0.0,5.0,0.0
210,57,24.0,157.0,0.0,6.0,0.0
210,57,25.0,157.0,0.0,8.0,0.0
210,57,26.0,156.0,0.0,13.0,0.0
210,57,27.0,161.0,0.0,19.0,0.0
210,57,28.0,165.0,0.0,22.0,0.0
210,57,29.0,166.0,0.0,25.0,0.0
210,57,30.0,164.0,0.0,31.0,0.0
210,57,31.0,164.0,0.0,34.0,0.0
210,57,32.0,168.0,0.0,37.0,0.0
210,57,33.0,168.0,0.0,41.0,0.0
210,57,34.0,173.0,0.0,45.0,0.0
210,57,35.0,178.0,0.0,49.0,0.0
210,57,36.0,177.0,0.0,51.0,0.0
210,57,37.0,178.0,0.0,57.0,0.0
210,57,38.0,181.0,0.0,63.0,0.0
210,57,39.0,187.0,0.0,68.0,0.0
210,57,40.0,185.0,0.0,71.0,0.0
210,57,41.0,186.0,0.0,81.0,0.0
210,57,42.0,187.0,0.0,86.0,0.0
210,57,43.0,188.0,0.0,90.0,0.0
210,57,44.0,185.0,0.0,95.0,0.0
210,57,45.0,185.0,0.0,102.0,0.0
210,57,46.0,181.0,0.0,104.0,0.0
210,57,47.0,181.0,0.0,113.0,0.0
210,57,48.0,179.0,0.0,118.0,0.0
210,57,49.0,179.0,0.0,125.0,0.0
210,57,50.0,179.0,0.0,128.0,0.0
210,57,51.0,182.0,0.0,135.0,0.0
210,57,52.0,178.0,0.0,137.0,0.0
210,57,53.0,179.0,0.0,144.0,0.0
210,57,54.0,181.0,0.0,146.0,0.0
210,57,55.0,180.0,0.0,151.0,0.0
210,57,56.0,178.0,0.0,157.0,0.0
210,57,57.0,180.0,0.0,164.0,0.0
210,57,58.0,178.0,0.0,167.0,0.0
210,57,59.0,178.0,0.0,178.0,0.0
210,57,60.0,169.0,0.0,183.0,0.0
210,57,61.0,170.0,0.0,194.0,0.0
210,57,62.0,176.0,0.0,200.0,0.0
210,57,63.0,179.0,0.0,201.0,0.0
210,57,64.0,174.0,0.0,206.0,0.0
210,57,65.0,177.0,0.0,215.0,0.0
210,57,66.0,172.0,0.0,217.0,0.0
210,57,67.0,168.0,0.0,225.0,0.0
210,57,68.0,167.0,0.0,232.0,0.0
210,57,69.0,166.0,0.0,239.0,0.0
210,57,70.0,162.0,0.0,247.0,0.0
210,57,71.0,164.0,0.0,255.0,0.0
210,57,72.0,165.0,0.0,259.0,0.0
210,57,73.0,170.0,0.0,263.0,0.0
210,57,74.0,171.0,0.0,268.0,0.0
210,57,75.0,169.0,0.0,273.0,0.0
210,57,76.0,171.0,0.0,278.0,0.0
210,57,77.0,168.0,0.0,283.0,0.0
210,57,78.0,168.0,0.0,291.0,0.0
210,57,79.0,167.0,0.0,297.0,0.0
210,57,80.0,166.0,0.0,302.0,0.0
210,57,81.0,160.0,0.0,306.0,0.0
210,57,82.0,157.0,0.0,316.0,0.0
210,57,83.0,155.0,0.0,325.0,0.0
210,57,84.0,154.0,0.0,332.0,0.0
210,57,85.0,157.0,0.0,336.0,0.0
210,57,86.0,158.0,0.0,340.0,0.0
210,57,87.0,160.0,0.0,344.0,0.0
210,57,88.0,158.0,0.0,349.0,0.0
210,57,89.0,156.0,0.0,356.0,0.0
210,57,90.0,156.0,0.0,361.0,0.0
210,57,91.0,155.0,0.0,366.0,0.0
210,57,92.0,159.0,0.0,372.0,0.0
210,57,93.0,159.0,0.0,374.0,0.0
210,57,94.0,162.0,0.0,380.0,0.0
210,57,95.0,164.0,0.0,384.0,0.0
210,57,96.0,164.0,0.0,388.0,0.0
210,57,97.0,161.0,0.0,396.0,0.0
210,57,98.0,160.0,0.0,404.0,0.0
210,57,99.0,159.0,0.0,410.0,0.0
210,57,100.0,159.0,0.0,414.0,0.0
210,57,101.0,162.0,0.0,418.0,0.0
210,57,102.0,165.0,0.0,422.0,0.0
210,57,103.0,164.0,0.0,426.0,0.0
210,57,104.0,168.0,0.0,429.0,0.0
210,57,105.0,171.0,0.0,435.0,0.0
210,57,106.0,170.0,0.0,441.0,0.0
210,57,107.0,170.0,0.0,447.0,0.0
210,57,108.0,172.0,0.0,453.0,0.0
210,57,109.0,170.0,0.0,457.0,0.0
210,57,110.0,172.0,0.0,462.0,0.0
210,57,111.0,174.0,0.0,465.0,0.0
210,57,112.0,175.0,0.0,466.0,0.0
210,57,113.0,172.0,0.0,468.0,0.0
210,57,114.0,172.0,0.0,476.0,0.0
210,57,115.0,171.0,0.0,481.0,0.0
210,57,116.0,172.0,0.0,485.0,0.0
210,57,117.0,173.0,0.0,489.0,0.0
210,57,118.0,168.0,0.0,496.0,0.0
210,57,119.0,174.0,0.0,505.0,0.0
210,57,120.0,178.0,0.0,509.0,0.0
210,57,121.0,181.0,0.0,513.0,0.0
210,57,122.0,180.0,0.0,518.0,0.0
210,57,123.0,180.0,0.0,523.0,0.0
210,57,124.0,180.0,0.0,528.0,0.0
210,57,125.0,177.0,0.0,532.0,0.0
210,57,126.0,176.0,0.0,536.0,0.0
210,57,127.0,174.0,0.0,542.0,0.0
210,57,128.0,177.0,0.0,547.0,0.0
210,57,129.0,178.0,0.0,552.0,0.0
210,57,130.0,177.0,0.0,557.0,0.0
210,57,131.0,177.0,0.0,562.0,0.0
210,57,132.0,180.0,0.0,567.0,0.0
210,57,133.0,181.0,0.0,572.0,0.0
210,57,134.0,177.0,0.0,579.0,0.0
210,57,135.0,177.0,0.0,587.0,0.0
210,57,136.0,177.0,0.0,592.0,0.0
210,57,137.0,173.0,0.0,597.0,0.0
210,57,138.0,174.0,0.0,606.0,0.0
210,57,139.0,172.0,0.0,610.0,0.0
210,57,140.0,170.0,0.0,616.0,0.0
210,57,141.0,172.0,0.0,624.0,0.0
210,57,142.0,171.0,0.0,626.0,0.0
210,57,143.0,171.0,0.0,631.0,0.0
210,57,144.0,173.0,0.0,636.0,0.0
210,57,145.0,177.0,0.0,640.0,0.0
210,57,146.0,181.0,0.0,643.0,0.0
210,57,147.0,182.0,0.0,646.0,0.0
210,57,148.0,184.0,0.0,650.0,0.0
210,57,149.0,179.0,0.0,656.0,0.0
210,57,150.0,185.0,0.0,663.0,0.0
210,57,151.0,188.0,0.0,666.0,0.0
210,57,152.0,188.0,0.0,671.0,0.0
210,57,153.0,190.0,0.0,676.0,0.0
210,57,154.0,183.0,0.0,681.0,0.0
210,57,155.0,181.0,0.0,692.0,0.0
210,57,156.0,179.0,0.0,698.0,0.0
210,57,157.0,182.0,0.0,705.0,0.0
210,57,158.0,181.0,0.0,713.0,0.0
210,57,159.0,184.0,0.0,718.0,0.0
210,57,160.0,189.0,0.0,723.0,0.0
210,57,161.0,186.0,0.0,726.0,0.0
210,57,162.0,190.0,0.0,735.0,0.0
210,57,163.0,188.0,0.0,737.0,0.0
210,57,164.0,189.0,0.0,745.0,0.0
210,57,165.0,187.0,0.0,749.0,0.0
210,57,166.0,185.0,0.0,757.0,0.0
210,57,167.0,185.0,0.0,764.0,0.0
210,57,168.0,187.0,0.0,773.0,0.0
210,57,169.0,186.0,0.0,777.0,0.0
210,57,170.0,181.0,0.0,782.0,0.0
210,57,171.0,182.0,0.0,790.0,0.0
210,57,172.0,179.0,0.0,796.0,0.0
210,57,173.0,177.0,0.0,803.0,0.0
210,57,174.0,174.0,0.0,811.0,0.0
210,57,175.0,174.0,0.0,821.0,0.0
210,57,176.0,180.0,0.0,826.0,0.0
210,57,177.0,180.0,0.0,831.0,0.0
210,57,178.0,179.0,0.0,838.0,0.0
210,57,179.0,181.0,0.0,842.0,0.0
210,57,180.0,179.0,0.0,846.0,0.0
210,57,181.0,177.0,0.0,851.0,0.0
210,57,182.0,174.0,0.0,856.0,0.0
210,57,183.0,172.0,0.0,865.0,0.0
210,57,184.0,169.0,0.0,871.0,0.0
210,57,185.0,168.0,0.0,879.0,0.0
210,57,186.0,164.0,0.0,887.0,0.0
210,57,187.0,164.0,0.0,894.0,0.0
210,57,188.0,162.0,0.0,898.0,0.0
210,57,189.0,160.0,0.0,904.0,0.0
210,57,190.0,159.0,0.0,911.0,0.0
210,57,191.0,156.0,0.0,918.0,0.0
210,57,192.0,156.0,0.0,926.0,0.0
210,57,193.0,152.0,0.0,931.0,0.0
210,57,194.0,152.0,0.0,941.0,0.0
210,57,195.0,151.0,0.0,945.0,0.0
210,57,196.0,152.0,0.0,950.0,0.0
210,57,197.0,155.0,0.0,957.0,0.0
210,57,198.0,161.0,0.0,961.0,0.0
210,57,199.0,165.0,0.0,966.0,0.0
210,57,200.0,162.0,0.0,968.0,0.0
210,57,201.0,163.0,0.0,975.0,0.0
210,57,202.0,160.0,0.0,983.0,0.0
210,57,203.0,163.0,0.0,989.0,0.0
210,57,204.0,168.0,0.0,990.0,0.0
210,57,205.0,168.0,0.0,996.0,0.0
210,57,206.0,170.0,0.0,1002.0,0.0
210,57,207.0,173.0,0.0,1007.0,0.0
210,57,208.0,175.0,0.0,1008.0,0.0
210,57,209.0,177.0,0.0,1012.0,0.0
210,57,210.0,181.0,0.0,1017.0,0.0
210,57,211.0,181.0,0.0,1021.0,0.0
210,57,212.0,179.0,0.0,1025.0,0.0
210,57,213.0,178.0,0.0,1029.0,0.0
210,57,214.0,183.0,0.0,1039.0,0.0
210,57,215.0,183.0,0.0,1043.0,0.0
210,57,216.0,184.0,0.0,1053.0,0.0
210,57,217.0,184.0,0.0,1059.0,0.0
210,57,218.0,185.0,0.0,1065.0,0.0
210,57,219.0,184.0,0.0,1069.0,0.0
210,57,220.0,183.0,0.0,1076.0,0.0
210,57,221.0,184.0,0.0,1082.0,0.0
210,57,222.0,190.0,0.0,1085.0,0.0
210,57,223.0,191.0,0.0,1089.0,0.0
210,57,224.0,188.0,0.0,1092.0,0.0
210,57,225.0,190.0,0.0,1098.0,0.0
210,57,226.0,192.0,0.0,1103.0,0.0
210,57,227.0,188.0,0.0,1113.0,0.0
210,57,228.0,190.0,0.0,1122.0,0.0
210,57,229.0,188.0,0.0,1126.0,0.0
210,57,230.0,187.0,0.0,1131.0,0.0
210,57,231.0,187.0,0.0,1137.0,0.0
210,57,232.0,184.0,0.0,1141.0,0.0
210,57,233.0,182.0,0.0,1147.0,0.0
210,57,234.0,183.0,0.0,1153.0,0.0
210,57,235.0,179.0,0.0,1158.0,0.0
210,57,236.0,174.0,0.0,1167.0,0.0
210,57,237.0,169.0,0.0,1175.0,0.0
210,57,238.0,170.0,0.0,1185.0,0.0
210,57,239.0,169.0,0.0,1189.0,0.0
210,57,240.0,165.0,0.0,1195.0,0.0
210,57,241.0,165.0,0.0,1205.0,0.0
210,57,242.0,165.0,0.0,1209.0,0.0
210,57,243.0,162.0,0.0,1217.0,0.0
210,57,244.0,161.0,0.0,1223.0,0.0
210,57,245.0,163.0,0.0,1227.0,0.0
210,57,246.0,162.0,0.0,1231.0,0.0
210,57,247.0,162.0,0.0,1237.0,0.0
210,57,248.0,166.0,0.0,1241.0,0.0
210,57,249.0,166.0,0.0,1243.0,0.0
210,57,250.0,167.0,0.0,1246.0,0.0
210,57,251.0,161.0,0.0,1252.0,0.0
210,57,252.0,152.0,0.0,1258.0,0.0
210,57,253.0,145.0,0.0,1267.0,0.0
210,57,254.0,138.0,0.0,1274.0,0.0
210,57,255.0,133.0,0.0,1281.0,0.0
210,57,256.0,130.0,0.0,1286.0,0.0
210,57,257.0,127.0,0.0,1289.0,0.0
210,57,258.0,119.0,0.0,1292.0,0.0
210,57,259.0,112.0,0.0,1300.0,0.0
210,57,260.0,106.0,0.0,1307.0,0.0
210,57,261.0,104.0,0.0,1313.0,0.0
210,57,262.0,100.0,0.0,1315.0,0.0
210,57,263.0,96.0,0.0,1319.0,0.0
210,57,264.0,90.0,0.0,1323.0,0.0
210,57,265.0,86.0,0.0,1329.0,0.0
210,57,266.0,82.0,0.0,1333.0,0.0
210,57,267.0,78.0,0.0,1337.0,0.0
210,57,268.0,75.0,0.0,1341.0,0.0
210,57,269.0,72.0,0.0,1344.0,0.0
210,57,270.0,69.0,0.0,1347.0,0.0
210,57,271.0,63.0,0.0,1350.0,0.0
210,57,272.0,58.0,0.0,1356.0,0.0
210,57,273.0,55.0,0.0,1361.0,0.0
210,57,274.0,54.0,0.0,1364.0,0.0
210,57,275.0,49.0,0.0,1365.0,0.0
210,57,276.0,45.0,0.0,1370.0,0.0
210,57,277.0,42.0,0.0,1374.0,0.0
210,57,278.0,41.0,0.0,1377.0,0.0
210,57,279.0,40.0,0.0,1378.0,0.0
210,57,280.0,37.0,0.0,1379.0,0.0
210,57,281.0,35.0,0.0,1382.0,0.0
210,57,282.0,34.0,0.0,1384.0,0.0
210,57,283.0,29.0,0.0,1385.0,0.0
210,57,284.0,25.0,0.0,1390.0,0.0
210,57,285.0,25.0,0.0,1394.0,0.0
210,57,286.0,25.0,0.0,1394.0,0.0
210,57,287.0,25.0,0.0,1394.0,0.0
210,57,288.0,23.0,0.0,1394.0,0.0
210,57,289.0,20.0,0.0,1396.0,0.0
210,57,290.0,17.0,0.0,1399.0,0.0
210,57,291.0,17.0,0.0,1402.0,0.0
210,57,292.0,17.0,0.0,1402.0,0.0
210,57,293.0,15.0,0.0,1402.0,0.0
210,57,294.0,14.0,0.0,1404.0,0.0
210,57,295.0,14.0,0.0,1405.0,0.0
210,57,296.0,14.0,0.0,1405.0,0.0
210,57,297.0,14.0,0.0,1405.0,0.0
210,57,298.0,13.0,0.0,1405.0,0.0
210,57,299.0,13.0,0.0,1406.0,0.0
210,57,300.0,10.0,0.0,1406.0,0.0
210,57,301.0,10.0,0.0,1409.0,0.0
210,57,302.0,8.0,0.0,1409.0,0.0
210,57,303.0,7.0,0.0,1411.0,0.0
210,57,304.0,7.0,0.0,1412.0,0.0
210,57,305.0,5.0,0.0,1412.0,0.0
210,57,306.0,5.0,0.0,1414.0,0.0
210,57,307.0,5.0,0.0,1414.0,0.0
210,57,308.0,4.0,0.0,1414.0,0.0
210,57,309.0,4.0,0.0,1415.0,0.0
210,57,310.0,3.0,0.0,1415.0,0.0
210,57,311.0,3.0,0.0,1416.0,0.0
210,57,312.0,3.0,0.0,1416.0,0.0
210,57,313.0,2.0,0.0,1416.0,0.0
210,57,314.0,2.0,0.0,1417.0,0.0
210,57,315.0,2.0,0.0,1417.0,0.0
210,57,316.0,1.0,0.0,1417.0,0.0
210,57,317.0,1.0,0.0,1418.0,0.0
210,57,318.0,1.0,0.0,1418.0,0.0
210,57,319.0,1.0,0.0,1418.0,0.0
210,57,320.0,0.0,0.0,1418.0,0.0
210,57,321.0,0.0,0.0,1419.0,0.0
210,58,0.0,6.0,0.0,0.0,0.0
210,58,1.0,13.0,0.0,0.0,0.0
210,58,2.0,17.0,0.0,0.0,0.0
210,58,3.0,27.0,0.0,0.0,0.0
210,58,4.0,33.0,0.0,0.0,0.0
210,58,5.0,35.0,0.0,0.0,0.0
210,58,6.0,40.0,0.0,0.0,0.0
210,58,7.0,43.0,0.0,0.0,0.0
210,58,8.0,48.0,0.0,0.0,0.0
210,58,9.0,51.0,0.0,0.0,0.0
210,58,10.0,56.0,0.0,0.0,0.0
210,58,11.0,60.0,0.0,0.0,0.0
210,58,12.0,67.0,0.0,1.0,0.0
210,58,13.0,70.0,0.0,1.0,0.0
210,58,14.0,76.0,0.0,1.0,0.0
210,58,15.0,81.0,0.0,1.0,0.0
210,58,16.0,85.0,0.0,1.0,0.0
210,58,17.0,92.0,0.0,2.0,0.0
210,58,18.0,98.0,0.0,3.0,0.0
210,58,19.0,102.0,0.0,5.0,0.0
210,58,20.0,103.0,0.0,6.0,0.0
210,58,21.0,107.0,0.0,7.0,0.0
210,58,22.0,111.0,0.0,7.0,0.0
210,58,23.0,115.0,0.0,9.0,0.0
210,58,24.0,115.0,0.0,10.0,0.0
210,58,25.0,119.0,0.0,13.0,0.0
210,58,26.0,119.0,0.0,15.0,0.0
210,58,27.0,118.0,0.0,18.0,0.0
210,58,28.0,119.0,0.0,22.0,0.0
210,58,29.0,125.0,0.0,24.0,0.0
210,58,30.0,128.0,0.0,26.0,0.0
210,58,31.0,127.0,0.0,28.0,0.0
210,58,32.0,133.0,0.0,33.0,0.0
210,58,33.0,132.0,0.0,34.0,0.0
210,58,34.0,133.0,0.0,39.0,0.0
210,58,35.0,134.0,0.0,41.0,0.0
210,58,36.0,136.0,0.0,44.0,0.0
210,58,37.0,138.0,0.0,48.0,0.0
210,58,38.0,138.0,0.0,52.0,0.0
210,58,39.0,135.0,0.0,57.0,0.0
210,58,40.0,136.0,0.0,61.0,0.0
210,58,41.0,139.0,0.0,65.0,0.0
210,58,42.0,145.0,0.0,69.0,0.0
210,58,43.0,144.0,0.0,71.0,0.0
210,58,44.0,143.0,0.0,76.0,0.0
210,58,45.0,149.0,0.0,83.0,0.0
210,58,46.0,150.0,0.0,86.0,0.0
210,58,47.0,146.0,0.0,90.0,0.0
210,58,48.0,149.0,0.0,96.0,0.0
210,58,49.0,149.0,0.0,98.0,0.0
210,58,50.0,146.0,0.0,103.0,0.0
210,58,51.0,148.0,0.0,108.0,0.0
210,58,52.0,151.0,0.0,114.0,0.0
210,58,53.0,154.0,0.0,115.0,0.0
210,58,54.0,155.0,0.0,117.0,0.0
210,58,55.0,155.0,0.0,122.0,0.0
210,58,56.0,152.0,0.0,128.0,0.0
210,58,57.0,154.0,0.0,135.0,0.0
210,58,58.0,155.0,0.0,138.0,0.0
210,58,59.0,160.0,0.0,144.0,0.0
210,58,60.0,157.0,0.0,146.0,0.0
210,58,61.0,163.0,0.0,153.0,0.0
210,58,62.0,165.0,0.0,155.0,0.0
210,58,63.0,164.0,0.0,158.0,0.0
210,58,64.0,165.0,0.0,165.0,0.0
210,58,65.0,169.0,0.0,171.0,0.0
210,58,66.0,170.0,0.0,175.0,0.0
210,58,67.0,173.0,0.0,182.0,0.0
210,58,68.0,173.0,0.0,184.0,0.0
210,58,69.0,172.0,0.0,191.0,0.0
210,58,70.0,171.0,0.0,197.0,0.0
210,58,71.0,172.0,0.0,200.0,0.0
210,58,72.0,170.0,0.0,202.0,0.0
210,58,73.0,170.0,0.0,209.0,0.0
210,58,74.0,168.0,0.0,215.0,0.0
210,58,75.0,171.0,0.0,221.0,0.0
210,58,76.0,168.0,0.0,223.0,0.0
210,58,77.0,164.0,0.0,229.0,0.0
210,58,78.0,165.0,0.0,238.0,0.0
210,58,79.0,167.0,0.0,242.0,0.0
210,58,80.0,161.0,0.0,246.0,0.0
210,58,81.0,163.0,0.0,255.0,0.0
210,58,82.0,161.0,0.0,258.0,0.0
210,58,83.0,165.0,0.0,265.0,0.0
210,58,84.0,166.0,0.0,268.0,0.0
210,58,85.0,167.0,0.0,275.0,0.0
210,58,86.0,170.0,0.0,281.0,0.0
210,58,87.0,169.0,0.0,289.0,0.0
210,58,88.0,167.0,0.0,293.0,0.0
210,58,89.0,173.0,0.0,298.0,0.0
210,58,90.0,174.0,0.0,301.0,0.0
210,58,91.0,178.0,0.0,306.0,0.0
210,58,92.0,173.0,0.0,311.0,0.0
210,58,93.0,172.0,0.0,317.0,0.0
210,58,94.0,172.0,0.0,324.0,0.0
210,58,95.0,174.0,0.0,331.0,0.0
210,58,96.0,177.0,0.0,336.0,0.0
210,58,97.0,181.0,0.0,341.0,0.0
210,58,98.0,181.0,0.0,345.0,0.0
210,58,99.0,178.0,0.0,350.0,0.0
210,58,100.0,180.0,0.0,358.0,0.0
210,58,101.0,185.0,0.0,363.0,0.0
210,58,102.0,187.0,0.0,365.0,0.0
210,58,103.0,185.0,0.0,370.0,0.0
210,58,104.0,184.0,0.0,375.0,0.0
210,58,105.0,185.0,0.0,382.0,0.0
210,58,106.0,178.0,0.0,388.0,0.0
210,58,107.0,176.0,0.0,399.0,0.0
210,58,108.0,176.0,0.0,405.0,0.0
210,58,109.0,177.0,0.0,413.0,0.0
210,58,110.0,180.0,0.0,417.0,0.0
210,58,111.0,184.0,0.0,422.0,0.0
210,58,112.0,182.0,0.0,427.0,0.0
210,58,113.0,183.0,0.0,432.0,0.0
210,58,114.0,184.0,0.0,436.0,0.0
210,58,115.0,178.0,0.0,443.0,0.0
210,58,116.0,177.0,0.0,453.0,0.0
210,58,117.0,178.0,0.0,465.0,0.0
210,58,118.0,180.0,0.0,471.0,0.0
210,58,119.0,179.0,0.0,476.0,0.0
210,58,120.0,177.0,0.0,483.0,0.0
210,58,121.0,177.0,0.0,487.0,0.0
210,58,122.0,178.0,0.0,493.0,0.0
210,58,123.0,180.0,0.0,499.0,0.0
210,58,124.0,182.0,0.0,504.0,0.0
210,58,125.0,185.0,0.0,510.0,0.0
210,58,126.0,185.0,0.0,513.0,0.0
210,58,127.0,186.0,0.0,519.0,0.0
210,58,128.0,186.0,0.0,524.0,0.0
210,58,129.0,185.0,0.0,529.0,0.0
210,58,130.0,190.0,0.0,535.0,0.0
210,58,131.0,188.0,0.0,540.0,0.0
210,58,132.0,183.0,0.0,548.0,0.0
210,58,133.0,187.0,0.0,558.0,0.0
210,58,134.0,191.0,0.0,565.0,0.0
210,58,135.0,195.0,0.0,568.0,0.0
210,58,136.0,196.0,0.0,570.0,0.0
210,58,137.0,197.0,0.0,577.0,0.0
210,58,138.0,199.0,0.0,582.0,0.0
210,58,139.0,197.0,0.0,589.0,0.0
210,58,140.0,194.0,0.0,598.0,0.0
210,58,141.0,193.0,0.0,605.0,0.0
210,58,142.0,193.0,0.0,613.0,0.0
210,58,143.0,189.0,0.0,617.0,0.0
210,58,144.0,186.0,0.0,626.0,0.0
210,58,145.0,183.0,0.0,637.0,0.0
210,58,146.0,188.0,0.0,645.0,0.0
210,58,147.0,184.0,0.0,646.0,0.0
210,58,148.0,184.0,0.0,656.0,0.0
210,58,149.0,187.0,0.0,660.0,0.0
210,58,150.0,194.0,0.0,664.0,0.0
210,58,151.0,193.0,0.0,666.0,0.0
210,58,152.0,190.0,0.0,673.0,0.0
210,58,153.0,187.0,0.0,681.0,0.0
210,58,154.0,190.0,0.0,688.0,0.0
210,58,155.0,189.0,0.0,693.0,0.0
210,58,156.0,194.0,0.0,697.0,0.0
210,58,157.0,189.0,0.0,699.0,0.0
210,58,158.0,191.0,0.0,708.0,0.0
210,58,159.0,192.0,0.0,713.0,0.0
210,58,160.0,186.0,0.0,719.0,0.0
210,58,161.0,184.0,0.0,728.0,0.0
210,58,162.0,180.0,0.0,738.0,0.0
210,58,163.0,181.0,0.0,746.0,0.0
210,58,164.0,180.0,0.0,750.0,0.0
210,58,165.0,183.0,0.0,756.0,0.0
210,58,166.0,178.0,0.0,760.0,0.0
210,58,167.0,177.0,0.0,769.0,0.0
210,58,168.0,178.0,0.0,774.0,0.0
210,58,169.0,174.0,0.0,779.0,0.0
210,58,170.0,170.0,0.0,786.0,0.0
210,58,171.0,173.0,0.0,793.0,0.0
210,58,172.0,171.0,0.0,797.0,0.0
210,58,173.0,166.0,0.0,801.0,0.0
210,58,174.0,162.0,0.0,809.0,0.0
210,58,175.0,163.0,0.0,815.0,0.0
210,58,176.0,158.0,0.0,821.0,0.0
210,58,177.0,160.0,0.0,831.0,0.0
210,58,178.0,158.0,0.0,834.0,0.0
210,58,179.0,161.0,0.0,839.0,0.0
210,58,180.0,160.0,0.0,840.0,0.0
210,58,181.0,158.0,0.0,849.0,0.0
210,58,182.0,162.0,0.0,854.0,0.0
210,58,183.0,163.0,0.0,857.0,0.0
210,58,184.0,155.0,0.0,862.0,0.0
210,58,185.0,157.0,0.0,872.0,0.0
210,58,186.0,156.0,0.0,876.0,0.0
210,58,187.0,154.0,0.0,881.0,0.0
210,58,188.0,152.0,0.0,888.0,0.0
210,58,189.0,152.0,0.0,895.0,0.0
210,58,190.0,151.0,0.0,898.0,0.0
210,58,191.0,153.0,0.0,902.0,0.0
210,58,192.0,153.0,0.0,905.0,0.0
210,58,193.0,152.0,0.0,910.0,0.0
210,58,194.0,155.0,0.0,915.0,0.0
210,58,195.0,157.0,0.0,919.0,0.0
210,58,196.0,155.0,0.0,922.0,0.0
210,58,197.0,155.0,0.0,930.0,0.0
210,58,198.0,155.0,0.0,937.0,0.0
210,58,199.0,160.0,0.0,942.0,0.0
210,58,200.0,161.0,0.0,944.0,0.0
210,58,201.0,165.0,0.0,948.0,0.0
210,58,202.0,160.0,0.0,951.0,0.0
210,58,203.0,167.0,0.0,960.0,0.0
210,58,204.0,167.0,0.0,963.0,0.0
210,58,205.0,166.0,0.0,970.0,0.0
210,58,206.0,168.0,0.0,974.0,0.0
210,58,207.0,171.0,0.0,977.0,0.0
210,58,208.0,171.0,0.0,983.0,0.0
210,58,209.0,170.0,0.0,988.0,0.0
210,58,210.0,171.0,0.0,993.0,0.0
210,58,211.0,170.0,0.0,998.0,0.0
210,58,212.0,173.0,0.0,1005.0,0.0
210,58,213.0,171.0,0.0,1008.0,0.0
210,58,214.0,174.0,0.0,1016.0,0.0
210,58,215.0,170.0,0.0,1020.0,0.0
210,58,216.0,175.0,0.0,1028.0,0.0
210,58,217.0,176.0,0.0,1032.0,0.0
210,58,218.0,180.0,0.0,1037.0,0.0
210,58,219.0,181.0,0.0,1038.0,0.0
210,58,220.0,177.0,0.0,1044.0,0.0
210,58,221.0,176.0,0.0,1053.0,0.0
210,58,222.0,174.0,0.0,1058.0,0.0
210,58,223.0,172.0,0.0,1063.0,0.0
210,58,224.0,169.0,0.0,1070.0,0.0
210,58,225.0,168.0,0.0,1078.0,0.0
210,58,226.0,163.0,0.0,1083.0,0.0
210,58,227.0,167.0,0.0,1092.0,0.0
210,58,228.0,166.0,0.0,1096.0,0.0
210,58,229.0,168.0,0.0,1101.0,0.0
210,58,230.0,163.0,0.0,1106.0,0.0
210,58,231.0,166.0,0.0,1115.0,0.0
210,58,232.0,165.0,0.0,1118.0,0.0
210,58,233.0,164.0,0.0,1124.0,0.0
210,58,234.0,162.0,0.0,1130.0,0.0
210,58,235.0,161.0,0.0,1136.0,0.0
210,58,236.0,166.0,0.0,1141.0,0.0
210,58,237.0,170.0,0.0,1145.0,0.0
210,58,238.0,169.0,0.0,1149.0,0.0
210,58,239.0,167.0,0.0,1156.0,0.0
210,58,240.0,166.0,0.0,1163.0,0.0
210,58,241.0,163.0,0.0,1167.0,0.0
210,58,242.0,160.0,0.0,1173.0,0.0
210,58,243.0,158.0,0.0,1179.0,0.0
210,58,244.0,161.0,0.0,1184.0,0.0
210,58,245.0,165.0,0.0,1186.0,0.0
210,58,246.0,163.0,0.0,1190.0,0.0
210,58,247.0,164.0,0.0,1196.0,0.0
210,58,248.0,163.0,0.0,1202.0,0.0
210,58,249.0,168.0,0.0,1206.0,0.0
210,58,250.0,171.0,0.0,1208.0,0.0
210,58,251.0,167.0,0.0,1213.0,0.0
210,58,252.0,158.0,0.0,1217.0,0.0
210,58,253.0,152.0,0.0,1226.0,0.0
210,58,254.0,144.0,0.0,1232.0,0.0
210,58,255.0,136.0,0.0,1240.0,0.0
210,58,256.0,130.0,0.0,1248.0,0.0
210,58,257.0,125.0,0.0,1254.0,0.0
210,58,258.0,118.0,0.0,1259.0,0.0
210,58,259.0,115.0,0.0,1266.0,0.0
210,58,260.0,108.0,0.0,1269.0,0.0
210,58,261.0,96.0,0.0,1276.0,0.0
210,58,262.0,92.0,0.0,1288.0,0.0
210,58,263.0,86.0,0.0,1292.0,0.0
210,58,264.0,81.0,0.0,1298.0,0.0
210,58,265.0,74.0,0.0,1303.0,0.0
210,58,266.0,68.0,0.0,1310.0,0.0
210,58,267.0,64.0,0.0,1316.0,0.0
210,58,268.0,60.0,0.0,1320.0,0.0
210,58,269.0,54.0,0.0,1324.0,0.0
210,58,270.0,52.0,0.0,1330.0,0.0
210,58,271.0,48.0,0.0,1332.0,0.0
210,58,272.0,42.0,0.0,1336.0,0.0
210,58,273.0,39.0,0.0,1342.0,0.0
210,58,274.0,37.0,0.0,1345.0,0.0
210,58,275.0,35.0,0.0,1347.0,0.0
210,58,276.0,30.0,0.0,1349.0,0.0
210,58,277.0,26.0,0.0,1354.0,0.0
210,58,278.0,26.0,0.0,1358.0,0.0
210,58,279.0,24.0,0.0,1358.0,0.0
210,58,280.0,24.0,0.0,1360.0,0.0
210,58,281.0,22.0,0.0,1360.0,0.0
210,58,282.0,19.0,0.0,1362.0,0.0
210,58,283.0,18.0,0.0,1365.0,0.0
210,58,284.0,18.0,0.0,1366.0,0.0
210,58,285.0,15.0,0.0,1366.0,0.0
210,58,286.0,14.0,0.0,1369.0,0.0
210,58,287.0,13.0,0.0,1370.0,0.0
210,58,288.0,13.0,0.0,1371.0,0.0
210,58,289.0,13.0,0.0,1371.0,0.0
210,58,290.0,11.0,0.0,1371.0,0.0
210,58,291.0,11.0,0.0,1373.0,0.0
210,58,292.0,11.0,0.0,1373.0,0.0
210,58,293.0,10.0,0.0,1373.0,0.0
210,58,294.0,8.0,0.0,1374.0,0.0
210,58,295.0,8.0,0.0,1376.0,0.0
210,58,296.0,8.0,0.0,1376.0,0.0
210,58,297.0,7.0,0.0,1376.0,0.0
210,58,298.0,7.0,0.0,1377.0,0.0
210,58,299.0,7.0,0.0,1377.0,0.0
210,58,300.0,6.0,0.0,1377.0,0.0
210,58,301.0,6.0,0.0,1378.0,0.0
210,58,302.0,6.0,0.0,1378.0,0.0
210,58,303.0,6.0,0.0,1378.0,0.0
210,58,304.0,5.0,0.0,1378.0,0.0
210,58,305.0,4.0,0.0,1379.0,0.0
210,58,306.0,3.0,0.0,1380.0,0.0
210,58,307.0,3.0,0.0,1381.0,0.0
210,58,308.0,3.0,0.0,1381.0,0.0
210,58,309.0,3.0,0.0,1381.0,0.0
210,58,310.0,3.0,0.0,1381.0,0.0
210,58,311.0,2.0,0.0,1381.0,0.0
210,58,312.0,1.0,0.0,1382.0,0.0
210,58,313.0,1.0,0.0,1383.0,0.0
210,58,314.0,0.0,0.0,1383.0,0.0
210,58,315.0,0.0,0.0,1384.0,0.0
210,59,0.0,9.0,0.0,0.0,0.0
210,59,1.0,13.0,0.0,0.0,0.0
210,59,2.0,18.0,0.0,0.0,0.0
210,59,3.0,23.0,0.0,0.0,0.0
210,59,4.0,29.0,0.0,0.0,0.0
210,59,5.0,33.0,0.0,0.0,0.0
210,59,6.0,39.0,0.0,0.0,0.0
210,59,7.0,43.0,0.0,0.0,0.0
210,59,8.0,52.0,0.0,0.0,0.0
210,59,9.0,58.0,0.0,0.0,0.0
210,59,10.0,66.0,0.0,0.0,0.0
210,59,11.0,68.0,0.0,0.0,0.0
210,59,12.0,76.0,0.0,1.0,0.0
210,59,13.0,79.0,0.0,1.0,0.0
210,59,14.0,83.0,0.0,1.0,0.0
210,59,15.0,92.0,0.0,1.0,0.0
210,59,16.0,97.0,0.0,1.0,0.0
210,59,17.0,99.0,0.0,1.0,0.0
210,59,18.0,104.0,0.0,3.0,0.0
210,59,19.0,105.0,0.0,3.0,0.0
210,59,20.0,111.0,0.0,7.0,0.0
210,59,21.0,116.0,0.0,7.0,0.0
210,59,22.0,121.0,0.0,8.0,0.0
210,59,23.0,123.0,0.0,9.0,0.0
210,59,24.0,126.0,0.0,11.0,0.0
210,59,25.0,131.0,0.0,14.0,0.0
210,59,26.0,137.0,0.0,17.0,0.0
210,59,27.0,146.0,0.0,21.0,0.0
210,59,28.0,148.0,0.0,24.0,0.0
210,59,29.0,150.0,0.0,27.0,0.0
210,59,30.0,154.0,0.0,33.0,0.0
210,59,31.0,161.0,0.0,38.0,0.0
210,59,32.0,162.0,0.0,39.0,0.0
210,59,33.0,163.0,0.0,41.0,0.0
210,59,34.0,163.0,0.0,46.0,0.0
210,59,35.0,165.0,0.0,52.0,0.0
210,59,36.0,168.0,0.0,56.0,0.0
210,59,37.0,171.0,0.0,62.0,0.0
210,59,38.0,173.0,0.0,66.0,0.0
210,59,39.0,178.0,0.0,69.0,0.0
210,59,40.0,183.0,0.0,71.0,0.0
210,59,41.0,180.0,0.0,74.0,0.0
210,59,42.0,183.0,0.0,83.0,0.0
210,59,43.0,184.0,0.0,88.0,0.0
210,59,44.0,184.0,0.0,93.0,0.0
210,59,45.0,189.0,0.0,96.0,0.0
210,59,46.0,188.0,0.0,97.0,0.0
210,59,47.0,187.0,0.0,102.0,0.0
210,59,48.0,187.0,0.0,108.0,0.0
210,59,49.0,187.0,0.0,113.0,0.0
210,59,50.0,188.0,0.0,120.0,0.0
210,59,51.0,183.0,0.0,125.0,0.0
210,59,52.0,187.0,0.0,131.0,0.0
210,59,53.0,189.0,0.0,134.0,0.0
210,59,54.0,186.0,0.0,140.0,0.0
210,59,55.0,189.0,0.0,149.0,0.0
210,59,56.0,186.0,0.0,153.0,0.0
210,59,57.0,185.0,0.0,163.0,0.0
210,59,58.0,182.0,0.0,169.0,0.0
210,59,59.0,183.0,0.0,176.0,0.0
210,59,60.0,185.0,0.0,182.0,0.0
210,59,61.0,187.0,0.0,187.0,0.0
210,59,62.0,185.0,0.0,192.0,0.0
210,59,63.0,180.0,0.0,197.0,0.0
210,59,64.0,181.0,0.0,205.0,0.0
210,59,65.0,179.0,0.0,212.0,0.0
210,59,66.0,178.0,0.0,222.0,0.0
210,59,67.0,174.0,0.0,229.0,0.0
210,59,68.0,177.0,0.0,235.0,0.0
210,59,69.0,175.0,0.0,237.0,0.0
210,59,70.0,181.0,0.0,244.0,0.0
210,59,71.0,181.0,0.0,246.0,0.0
210,59,72.0,179.0,0.0,253.0,0.0
210,59,73.0,183.0,0.0,262.0,0.0
210,59,74.0,180.0,0.0,267.0,0.0
210,59,75.0,178.0,0.0,275.0,0.0
210,59,76.0,179.0,0.0,280.0,0.0
210,59,77.0,180.0,0.0,283.0,0.0
210,59,78.0,179.0,0.0,287.0,0.0
210,59,79.0,175.0,0.0,298.0,0.0
210,59,80.0,182.0,0.0,304.0,0.0
210,59,81.0,182.0,0.0,306.0,0.0
210,59,82.0,182.0,0.0,311.0,0.0
210,59,83.0,177.0,0.0,316.0,0.0
210,59,84.0,174.0,0.0,325.0,0.0
210,59,85.0,171.0,0.0,332.0,0.0
210,59,86.0,174.0,0.0,341.0,0.0
210,59,87.0,177.0,0.0,343.0,0.0
210,59,88.0,175.0,0.0,346.0,0.0
210,59,89.0,176.0,0.0,351.0,0.0
210,59,90.0,175.0,0.0,354.0,0.0
210,59,91.0,175.0,0.0,362.0,0.0
210,59,92.0,174.0,0.0,371.0,0.0
210,59,93.0,174.0,0.0,377.0,0.0
210,59,94.0,173.0,0.0,383.0,0.0
210,59,95.0,170.0,0.0,388.0,0.0
210,59,96.0,175.0,0.0,396.0,0.0
210,59,97.0,173.0,0.0,399.0,0.0
210,59,98.0,170.0,0.0,405.0,0.0
210,59,99.0,168.0,0.0,411.0,0.0
210,59,100.0,171.0,0.0,417.0,0.0
210,59,101.0,169.0,0.0,418.0,0.0
210,59,102.0,167.0,0.0,424.0,0.0
210,59,103.0,168.0,0.0,432.0,0.0
210,59,104.0,169.0,0.0,437.0,0.0
210,59,105.0,169.0,0.0,441.0,0.0
210,59,106.0,162.0,0.0,448.0,0.0
210,59,107.0,163.0,0.0,456.0,0.0
210,59,108.0,160.0,0.0,460.0,0.0
210,59,109.0,157.0,0.0,466.0,0.0
210,59,110.0,158.0,0.0,475.0,0.0
210,59,111.0,153.0,0.0,481.0,0.0
210,59,112.0,155.0,0.0,493.0,0.0
210,59,113.0,156.0,0.0,497.0,0.0
210,59,114.0,158.0,0.0,501.0,0.0
210,59,115.0,159.0,0.0,505.0,0.0
210,59,116.0,155.0,0.0,508.0,0.0
210,59,117.0,155.0,0.0,516.0,0.0
210,59,118.0,155.0,0.0,522.0,0.0
210,59,119.0,155.0,0.0,526.0,0.0
210,59,120.0,154.0,0.0,532.0,0.0
210,59,121.0,162.0,0.0,538.0,0.0
210,59,122.0,163.0,0.0,543.0,0.0
210,59,123.0,160.0,0.0,547.0,0.0
210,59,124.0,158.0,0.0,552.0,0.0
210,59,125.0,159.0,0.0,559.0,0.0
210,59,126.0,161.0,0.0,564.0,0.0
210,59,127.0,160.0,0.0,566.0,0.0
210,59,128.0,158.0,0.0,573.0,0.0
210,59,129.0,154.0,0.0,578.0,0.0
210,59,130.0,157.0,0.0,586.0,0.0
210,59,131.0,160.0,0.0,590.0,0.0
210,59,132.0,161.0,0.0,593.0,0.0
210,59,133.0,164.0,0.0,596.0,0.0
210,59,134.0,163.0,0.0,600.0,0.0
210,59,135.0,165.0,0.0,603.0,0.0
210,59,136.0,162.0,0.0,608.0,0.0
210,59,137.0,158.0,0.0,615.0,0.0
210,59,138.0,160.0,0.0,624.0,0.0
210,59,139.0,163.0,0.0,629.0,0.0
210,59,140.0,164.0,0.0,631.0,0.0
210,59,141.0,163.0,0.0,635.0,0.0
210,59,142.0,164.0,0.0,640.0,0.0
210,59,143.0,162.0,0.0,644.0,0.0
210,59,144.0,163.0,0.0,652.0,0.0
210,59,145.0,166.0,0.0,655.0,0.0
210,59,146.0,171.0,0.0,658.0,0.0
210,59,147.0,168.0,0.0,663.0,0.0
210,59,148.0,167.0,0.0,668.0,0.0
210,59,149.0,169.0,0.0,674.0,0.0
210,59,150.0,163.0,0.0,678.0,0.0
210,59,151.0,168.0,0.0,688.0,0.0
210,59,152.0,171.0,0.0,693.0,0.0
210,59,153.0,173.0,0.0,697.0,0.0
210,59,154.0,169.0,0.0,702.0,0.0
210,59,155.0,172.0,0.0,711.0,0.0
210,59,156.0,172.0,0.0,715.0,0.0
210,59,157.0,175.0,0.0,720.0,0.0
210,59,158.0,174.0,0.0,723.0,0.0
210,59,159.0,176.0,0.0,727.0,0.0
210,59,160.0,173.0,0.0,731.0,0.0
210,59,161.0,175.0,0.0,742.0,0.0
210,59,162.0,179.0,0.0,746.0,0.0
210,59,163.0,183.0,0.0,752.0,0.0
210,59,164.0,183.0,0.0,753.0,0.0
210,59,165.0,182.0,0.0,758.0,0.0
210,59,166.0,180.0,0.0,761.0,0.0
210,59,167.0,181.0,0.0,769.0,0.0
210,59,168.0,177.0,0.0,776.0,0.0
210,59,169.0,178.0,0.0,785.0,0.0
210,59,170.0,180.0,0.0,790.0,0.0
210,59,171.0,181.0,0.0,794.0,0.0
210,59,172.0,176.0,0.0,797.0,0.0
210,59,173.0,174.0,0.0,806.0,0.0
210,59,174.0,168.0,0.0,815.0,0.0
210,59,175.0,170.0,0.0,825.0,0.0
210,59,176.0,171.0,0.0,828.0,0.0
210,59,177.0,173.0,0.0,832.0,0.0
210,59,178.0,174.0,0.0,836.0,0.0
210,59,179.0,178.0,0.0,842.0,0.0
210,59,180.0,178.0,0.0,845.0,0.0
210,59,181.0,181.0,0.0,850.0,0.0
210,59,182.0,178.0,0.0,853.0,0.0
210,59,183.0,173.0,0.0,860.0,0.0
210,59,184.0,173.0,0.0,872.0,0.0
210,59,185.0,170.0,0.0,879.0,0.0
210,59,186.0,169.0,0.0,886.0,0.0
210,59,187.0,172.0,0.0,895.0,0.0
210,59,188.0,171.0,0.0,900.0,0.0
210,59,189.0,169.0,0.0,906.0,0.0
210,59,190.0,171.0,0.0,912.0,0.0
210,59,191.0,170.0,0.0,917.0,0.0
210,59,192.0,171.0,0.0,924.0,0.0
210,59,193.0,168.0,0.0,927.0,0.0
210,59,194.0,168.0,0.0,934.0,0.0
210,59,195.0,170.0,0.0,939.0,0.0
210,59,196.0,163.0,0.0,943.0,0.0
210,59,197.0,164.0,0.0,954.0,0.0
210,59,198.0,163.0,0.0,958.0,0.0
210,59,199.0,171.0,0.0,965.0,0.0
210,59,200.0,172.0,0.0,969.0,0.0
210,59,201.0,175.0,0.0,973.0,0.0
210,59,202.0,175.0,0.0,979.0,0.0
210,59,203.0,174.0,0.0,986.0,0.0
210,59,204.0,172.0,0.0,994.0,0.0
210,59,205.0,170.0,0.0,1003.0,0.0
210,59,206.0,171.0,0.0,1009.0,0.0
210,59,207.0,169.0,0.0,1017.0,0.0
210,59,208.0,172.0,0.0,1022.0,0.0
210,59,209.0,168.0,0.0,1025.0,0.0
210,59,210.0,163.0,0.0,1032.0,0.0
210,59,211.0,169.0,0.0,1040.0,0.0
210,59,212.0,170.0,0.0,1043.0,0.0
210,59,213.0,171.0,0.0,1046.0,0.0
210,59,214.0,180.0,0.0,1051.0,0.0
210,59,215.0,184.0,0.0,1053.0,0.0
210,59,216.0,188.0,0.0,1057.0,0.0
210,59,217.0,190.0,0.0,1060.0,0.0
210,59,218.0,197.0,0.0,1065.0,0.0
210,59,219.0,201.0,0.0,1068.0,0.0
210,59,220.0,201.0,0.0,1073.0,0.0
210,59,221.0,200.0,0.0,1077.0,0.0
210,59,222.0,196.0,0.0,1083.0,0.0
210,59,223.0,202.0,0.0,1091.0,0.0
210,59,224.0,199.0,0.0,1095.0,0.0
210,59,225.0,202.0,0.0,1102.0,0.0
210,59,226.0,201.0,0.0,1108.0,0.0
210,59,227.0,201.0,0.0,1113.0,0.0
210,59,228.0,198.0,0.0,1120.0,0.0
210,59,229.0,195.0,0.0,1128.0,0.0
210,59,230.0,194.0,0.0,1135.0,0.0
210,59,231.0,196.0,0.0,1142.0,0.0
210,59,232.0,194.0,0.0,1146.0,0.0
210,59,233.0,190.0,0.0,1152.0,0.0
210,59,234.0,193.0,0.0,1158.0,0.0
210,59,235.0,193.0,0.0,1163.0,0.0
210,59,236.0,194.0,0.0,1169.0,0.0
210,59,237.0,195.0,0.0,1173.0,0.0
210,59,238.0,198.0,0.0,1180.0,0.0
210,59,239.0,195.0,0.0,1185.0,0.0
210,59,240.0,190.0,0.0,1193.0,0.0
210,59,241.0,189.0,0.0,1202.0,0.0
210,59,242.0,189.0,0.0,1212.0,0.0
210,59,243.0,188.0,0.0,1217.0,0.0
210,59,244.0,187.0,0.0,1222.0,0.0
210,59,245.0,187.0,0.0,1227.0,0.0
210,59,246.0,185.0,0.0,1235.0,0.0
210,59,247.0,183.0,0.0,1243.0,0.0
210,59,248.0,184.0,0.0,1249.0,0.0
210,59,249.0,187.0,0.0,1253.0,0.0
210,59,250.0,191.0,0.0,1259.0,0.0
210,59,251.0,186.0,0.0,1264.0,0.0
210,59,252.0,182.0,0.0,1269.0,0.0
210,59,253.0,178.0,0.0,1273.0,0.0
210,59,254.0,171.0,0.0,1277.0,0.0
210,59,255.0,165.0,0.0,1284.0,0.0
210,59,256.0,158.0,0.0,1290.0,0.0
210,59,257.0,153.0,0.0,1297.0,0.0
210,59,258.0,145.0,0.0,1302.0,0.0
210,59,259.0,140.0,0.0,1310.0,0.0
210,59,260.0,135.0,0.0,1315.0,0.0
210,59,261.0,131.0,0.0,1320.0,0.0
210,59,262.0,125.0,0.0,1324.0,0.0
210,59,263.0,121.0,0.0,1330.0,0.0
210,59,264.0,116.0,0.0,1334.0,0.0
210,59,265.0,110.0,0.0,1339.0,0.0
210,59,266.0,104.0,0.0,1345.0,0.0
210,59,267.0,94.0,0.0,1351.0,0.0
210,59,268.0,88.0,0.0,1361.0,0.0
210,59,269.0,80.0,0.0,1367.0,0.0
210,59,270.0,73.0,0.0,1375.0,0.0
210,59,271.0,69.0,0.0,1382.0,0.0
210,59,272.0,65.0,0.0,1386.0,0.0
210,59,273.0,56.0,0.0,1390.0,0.0
210,59,274.0,51.0,0.0,1399.0,0.0
210,59,275.0,51.0,0.0,1404.0,0.0
210,59,276.0,43.0,0.0,1404.0,0.0
210,59,277.0,41.0,0.0,1412.0,0.0
210,59,278.0,39.0,0.0,1414.0,0.0
210,59,279.0,34.0,0.0,1416.0,0.0
210,59,280.0,33.0,0.0,1421.0,0.0
210,59,281.0,32.0,0.0,1422.0,0.0
210,59,282.0,27.0,0.0,1423.0,0.0
210,59,283.0,25.0,0.0,1428.0,0.0
210,59,284.0,21.0,0.0,1430.0,0.0
210,59,285.0,21.0,0.0,1434.0,0.0
210,59,286.0,21.0,0.0,1434.0,0.0
210,59,287.0,20.0,0.0,1434.0,0.0
210,59,288.0,19.0,0.0,1435.0,0.0
210,59,289.0,19.0,0.0,1436.0,0.0
210,59,290.0,18.0,0.0,1436.0,0.0
210,59,291.0,16.0,0.0,1437.0,0.0
210,59,292.0,16.0,0.0,1439.0,0.0
210,59,293.0,13.0,0.0,1439.0,0.0
210,59,294.0,11.0,0.0,1442.0,0.0
210,59,295.0,10.0,0.0,1444.0,0.0
210,59,296.0,9.0,0.0,1445.0,0.0
210,59,297.0,7.0,0.0,1446.0,0.0
210,59,298.0,7.0,0.0,1448.0,0.0
210,59,299.0,7.0,0.0,1448.0,0.0
210,59,300.0,7.0,0.0,1448.0,0.0
210,59,301.0,5.0,0.0,1448.0,0.0
210,59,302.0,5.0,0.0,1450.0,0.0
210,59,303.0,5.0,0.0,1450.0,0.0
210,59,304.0,5.0,0.0,1450.0,0.0
210,59,305.0,4.0,0.0,1450.0,0.0
210,59,306.0,4.0,0.0,1451.0,0.0
210,59,307.0,4.0,0.0,1451.0,0.0
210,59,308.0,4.0,0.0,1451.0,0.0
210,59,309.0,4.0,0.0,1451.0,0.0
210,59,310.0,4.0,0.0,1451.0,0.0
210,59,311.0,4.0,0.0,1451.0,0.0
210,59,312.0,4.0,0.0,1451.0,0.0
210,59,313.0,3.0,0.0,1451.0,0.0
210,59,314.0,1.0,0.0,1452.0,0.0
210,59,315.0,1.0,0.0,1454.0,0.0
210,59,316.0,1.0,0.0,1454.0,0.0
210,59,317.0,0.0,0.0,1454.0,0.0
210,59,318.0,0.0,0.0,1455.0,0.0
