beds.slots,world_id,hours,Beds in use,Patients waiting,Patients treated,Patients died
200,0,0.0,3.0,0.0,0.0,0.0
200,0,1.0,9.0,0.0,0.0,0.0
200,0,2.0,14.0,0.0,0.0,0.0
200,0,3.0,20.0,0.0,0.0,0.0
200,0,4.0,28.0,0.0,0.0,0.0
200,0,5.0,30.0,0.0,0.0,0.0
200,0,6.0,33.0,0.0,0.0,0.0
200,0,7.0,40.0,0.0,0.0,0.0
200,0,8.0,46.0,0.0,0.0,0.0
200,0,9.0,53.0,0.0,0.0,0.0
200,0,10.0,56.0,0.0,0.0,0.0
200,0,11.0,60.0,0.0,0.0,0.0
200,0,12.0,65.0,0.0,0.0,0.0
200,0,13.0,69.0,0.0,0.0,0.0
200,0,14.0,75.0,0.0,0.0,0.0
200,0,15.0,79.0,0.0,0.0,0.0
200,0,16.0,83.0,0.0,0.0,0.0
200,0,17.0,88.0,0.0,0.0,0.0
200,0,18.0,92.0,0.0,1.0,0.0
200,0,19.0,98.0,0.0,1.0,0.0
200,0,20.0,101.0,0.0,1.0,0.0
200,0,21.0,106.0,0.0,2.0,0.0
200,0,22.0,110.0,0.0,3.0,0.0
200,0,23.0,110.0,0.0,4.0,0.0
200,0,24.0,112.0,0.0,7.0,0.0
200,0,25.0,119.0,0.0,13.0,0.0
200,0,26.0,124.0,0.0,15.0,0.0
200,0,27.0,127.0,0.0,18.0,0.0
200,0,28.0,131.0,0.0,20.0,0.0
200,0,29.0,135.0,0.0,23.0,0.0
200,0,30.0,139.0,0.0,25.0,0.0
200,0,31.0,144.0,0.0,31.0,0.0
200,0,32.0,145.0,0.0,34.0,0.0
200,0,33.0,146.0,0.0,36.0,0.0
200,0,34.0,146.0,0.0,41.0,0.0
200,0,35.0,149.0,0.0,44.0,0.0
200,0,36.0,153.0,0.0,47.0,0.0
200,0,37.0,156.0,0.0,52.0,0.0
200,0,38.0,156.0,0.0,56.0,0.0
200,0,39.0,161.0,0.0,61.0,0.0
200,0,40.0,159.0,0.0,64.0,0.0
200,0,41.0,159.0,0.0,68.0,0.0
200,0,42.0,156.0,0.0,72.0,0.0
200,0,43.0,164.0,0.0,77.0,0.0
200,0,44.0,167.0,0.0,80.0,0.0
200,0,45.0,168.0,0.0,82.0,0.0
200,0,46.0,167.0,0.0,84.0,0.0
200,0,47.0,169.0,0.0,91.0,0.0
200,0,48.0,169.0,0.0,99.0,0.0
200,0,49.0,172.0,0.0,104.0,0.0
200,0,50.0,167.0,0.0,107.0,0.0
200,0,51.0,169.0,0.0,116.0,0.0
200,0,52.0,173.0,0.0,121.0,0.0
200,0,53.0,181.0,0.0,125.0,0.0
200,0,54.0,180.0,0.0,129.0,0.0
200,0,55.0,174.0,0.0,135.0,0.0
200,0,56.0,174.0,0.0,145.0,0.0
200,0,57.0,174.0,0.0,151.0,0.0
200,0,58.0,177.0,0.0,155.0,0.0
200,0,59.0,178.0,0.0,157.0,0.0
200,0,60.0,182.0,0.0,161.0,0.0
200,0,61.0,183.0,0.0,164.0,0.0
200,0,62.0,185.0,0.0,169.0,0.0
200,0,63.0,189.0,0.0,172.0,0.0
200,0,64.0,187.0,0.0,173.0,0.0
200,0,65.0,191.0,0.0,180.0,0.0
200,0,66.0,189.0,0.0,184.0,0.0
200,0,67.0,189.0,0.0,192.0,0.0
200,0,68.0,187.0,0.0,198.0,0.0
200,0,69.0,185.0,0.0,205.0,0.0
200,0,70.0,186.0,0.0,212.0,0.0
200,0,71.0,187.0,0.0,215.0,0.0
200,0,72.0,179.0,0.0,223.0,0.0
200,0,73.0,181.0,0.0,234.0,0.0
200,0,74.0,178.0,0.0,237.0,0.0
200,0,75.0,178.0,0.0,245.0,0.0
200,0,76.0,179.0,0.0,251.0,0.0
200,0,77.0,179.0,0.0,258.0,0.0
200,0,78.0,177.0,0.0,265.0,0.0
200,0,79.0,172.0,0.0,271.0,0.0
200,0,80.0,171.0,0.0,279.0,0.0
200,0,81.0,174.0,0.0,285.0,0.0
200,0,82.0,175.0,0.0,289.0,0.0
200,0,83.0,173.0,0.0,293.0,0.0
200,0,84.0,175.0,0.0,300.0,0.0
200,0,85.0,169.0,0.0,301.0,0.0
200,0,86.0,167.0,0.0,311.0,0.0
200,0,87.0,169.0,0.0,316.0,0.0
200,0,88.0,172.0,0.0,321.0,0.0
200,0,89.0,175.0,0.0,325.0,0.0
200,0,90.0,173.0,0.0,330.0,0.0
200,0,91.0,172.0,0.0,335.0,0.0
200,0,92.0,173.0,0.0,340.0,0.0
200,0,93.0,177.0,0.0,345.0,0.0
200,0,94.0,177.0,0.0,349.0,0.0
200,0,95.0,177.0,0.0,357.0,0.0
200,0,96.0,177.0,0.0,361.0,0.0
200,0,97.0,177.0,0.0,366.0,0.0
200,0,98.0,178.0,0.0,372.0,0.0
200,0,99.0,177.0,0.0,378.0,0.0
200,0,100.0,172.0,0.0,382.0,0.0
200,0,101.0,176.0,0.0,390.0,0.0
200,0,102.0,176.0,0.0,394.0,0.0
200,0,103.0,176.0,0.0,397.0,0.0
200,0,104.0,177.0,0.0,401.0,0.0
200,0,105.0,179.0,0.0,404.0,0.0
200,0,106.0,181.0,0.0,410.0,0.0
200,0,107.0,179.0,0.0,416.0,0.0
200,0,108.0,181.0,0.0,421.0,0.0
200,0,109.0,179.0,0.0,427.0,0.0
200,0,110.0,175.0,0.0,431.0,0.0
200,0,111.0,176.0,0.0,440.0,0.0
200,0,112.0,169.0,0.0,446.0,0.0
200,0,113.0,170.0,0.0,457.0,0.0
200,0,114.0,171.0,0.0,463.0,0.0
200,0,115.0,167.0,0.0,468.0,0.0
200,0,116.0,164.0,0.0,475.0,0.0
200,0,117.0,166.0,0.0,482.0,0.0
200,0,118.0,167.0,0.0,488.0,0.0
200,0,119.0,167.0,0.0,490.0,0.0
200,0,120.0,167.0,0.0,494.0,0.0
200,0,121.0,168.0,0.0,500.0,0.0
200,0,122.0,163.0,0.0,503.0,0.0
200,0,123.0,162.0,0.0,512.0,0.0
200,0,124.0,158.0,0.0,518.0,0.0
200,0,125.0,158.0,0.0,525.0,0.0
200,0,126.0,160.0,0.0,528.0,0.0
200,0,127.0,156.0,0.0,529.0,0.0
200,0,128.0,153.0,0.0,535.0,0.0
200,0,129.0,151.0,0.0,542.0,0.0
200,0,130.0,154.0,0.0,550.0,0.0
200,0,131.0,154.0,0.0,557.0,0.0
200,0,132.0,153.0,0.0,560.0,0.0
200,0,133.0,154.0,0.0,565.0,0.0
200,0,134.0,147.0,0.0,569.0,0.0
200,0,135.0,143.0,0.0,580.0,0.0
200,0,136.0,146.0,0.0,587.0,0.0
200,0,137.0,151.0,0.0,590.0,0.0
200,0,138.0,154.0,0.0,595.0,0.0
200,0,139.0,159.0,0.0,599.0,0.0
200,0,140.0,157.0,0.0,602.0,0.0
200,0,141.0,157.0,0.0,608.0,0.0
200,0,142.0,153.0,0.0,613.0,0.0
200,0,143.0,154.0,0.0,619.0,0.0
200,0,144.0,151.0,0.0,623.0,0.0
200,0,145.0,154.0,0.0,628.0,0.0
200,0,146.0,155.0,0.0,632.0,0.0
200,0,147.0,160.0,0.0,637.0,0.0
200,0,148.0,166.0,0.0,640.0,0.0
200,0,149.0,171.0,0.0,642.0,0.0
200,0,150.0,177.0,0.0,648.0,0.0
200,0,151.0,175.0,0.0,651.0,0.0
200,0,152.0,179.0,0.0,659.0,0.0
200,0,153.0,178.0,0.0,663.0,0.0
200,0,154.0,182.0,0.0,666.0,0.0
200,0,155.0,183.0,0.0,670.0,0.0
200,0,156.0,182.0,0.0,674.0,0.0
200,0,157.0,181.0,0.0,679.0,0.0
200,0,158.0,181.0,0.0,684.0,0.0
200,0,159.0,182.0,0.0,690.0,0.0
200,0,160.0,183.0,0.0,694.0,0.0
200,0,161.0,184.0,0.0,698.0,0.0
200,0,162.0,187.0,0.0,702.0,0.0
200,0,163.0,187.0,0.0,707.0,0.0
200,0,164.0,187.0,0.0,712.0,0.0
200,0,165.0,190.0,0.0,721.0,0.0
200,0,166.0,192.0,0.0,727.0,0.0
200,0,167.0,187.0,0.0,729.0,0.0
200,0,168.0,185.0,0.0,737.0,0.0
200,0,169.0,185.0,0.0,744.0,0.0
200,0,170.0,182.0,0.0,749.0,0.0
200,0,171.0,182.0,0.0,757.0,0.0
200,0,172.0,179.0,0.0,762.0,0.0
200,0,173.0,178.0,0.0,768.0,0.0
200,0,174.0,177.0,0.0,776.0,0.0
200,0,175.0,182.0,0.0,785.0,0.0
200,0,176.0,180.0,0.0,788.0,0.0
200,0,177.0,174.0,0.0,794.0,0.0
200,0,178.0,171.0,0.0,804.0,0.0
200,0,179.0,173.0,0.0,812.0,0.0
200,0,180.0,174.0,0.0,816.0,0.0
200,0,181.0,177.0,0.0,820.0,0.0
200,0,182.0,176.0,0.0,826.0,0.0
200,0,183.0,180.0,0.0,832.0,0.0
200,0,184.0,181.0,0.0,835.0,0.0
200,0,185.0,178.0,0.0,843.0,0.0
200,0,186.0,180.0,0.0,849.0,0.0
200,0,187.0,178.0,0.0,854.0,0.0
200,0,188.0,176.0,0.0,863.0,0.0
200,0,189.0,178.0,0.0,870.0,0.0
200,0,190.0,178.0,0.0,872.0,0.0
200,0,191.0,179.0,0.0,879.0,0.0
200,0,192.0,178.0,0.0,885.0,0.0
200,0,193.0,180.0,0.0,891.0,0.0
200,0,194.0,180.0,0.0,893.0,0.0
200,0,195.0,177.0,0.0,900.0,0.0
200,0,196.0,177.0,0.0,906.0,0.0
200,0,197.0,180.0,0.0,912.0,0.0
200,0,198.0,178.0,0.0,917.0,0.0
200,0,199.0,177.0,0.0,923.0,0.0
200,0,200.0,176.0,0.0,928.0,0.0
200,0,201.0,168.0,0.0,932.0,0.0
200,0,202.0,164.0,0.0,940.0,0.0
200,0,203.0,161.0,0.0,944.0,0.0
200,0,204.0,155.0,0.0,947.0,0.0
200,0,205.0,150.0,0.0,953.0,0.0
200,0,206.0,143.0,0.0,958.0,0.0
200,0,207.0,137.0,0.0,965.0,0.0
200,0,208.0,129.0,0.0,971.0,0.0
200,0,209.0,120.0,0.0,979.0,0.0
200,0,210.0,116.0,0.0,988.0,0.0
200,0,211.0,108.0,0.0,992.0,0.0
200,0,212.0,102.0,0.0,1000.0,0.0
200,0,213.0,96.0,0.0,1006.0,0.0
200,0,214.0,90.0,0.0,1012.0,0.0
200,0,215.0,85.0,0.0,1018.0,0.0
200,0,216.0,82.0,0.0,1023.0,0.0
200,0,217.0,78.0,0.0,1026.0,0.0
200,0,218.0,74.0,0.0,1030.0,0.0
200,0,219.0,69.0,0.0,1034.0,0.0
200,0,220.0,64.0,0.0,1039.0,0.0
200,0,221.0,62.0,0.0,1044.0,0.0
200,0,222.0,58.0,0.0,1046.0,0.0
200,0,223.0,57.0,0.0,1050.0,0.0
200,0,224.0,54.0,0.0,1051.0,0.0
200,0,225.0,51.0,0.0,1054.0,0.0
200,0,226.0,51.0,0.0,1057.0,0.0
200,0,227.0,45.0,0.0,1057.0,0.0
200,0,228.0,42.0,0.0,1063.0,0.0
200,0,229.0,37.0,0.0,1066.0,0.0
200,0,230.0,35.0,0.0,1071.0,0.0
200,0,231.0,32.0,0.0,1073.0,0.0
200,0,232.0,32.0,0.0,1076.0,0.0
200,0,233.0,30.0,0.0,1076.0,0.0
200,0,234.0,27.0,0.0,1078.0,0.0
200,0,235.0,25.0,0.0,1081.0,0.0
200,0,236.0,21.0,0.0,1083.0,0.0
200,0,237.0,21.0,0.0,1087.0,0.0
200,0,238.0,17.0,0.0,1087.0,0.0
200,0,239.0,16.0,0.0,1091.0,0.0
200,0,240.0,15.0,0.0,1092.0,0.0
200,0,241.0,14.0,0.0,1093.0,0.0
200,0,242.0,13.0,0.0,1094.0,0.0
200,0,243.0,13.0,0.0,1095.0,0.0
200,0,244.0,12.0,0.0,1095.0,0.0
200,0,245.0,12.0,0.0,1096.0,0.0
200,0,246.0,11.0,0.0,1096.0,0.0
200,0,247.0,11.0,0.0,1097.0,0.0
200,0,248.0,10.0,0.0,1097.0,0.0
200,0,249.0,10.0,0.0,1098.0,0.0
200,0,250.0,8.0,0.0,1098.0,0.0
200,0,251.0,7.0,0.0,1100.0,0.0
200,0,252.0,7.0,0.0,1101.0,0.0
200,0,253.0,7.0,0.0,1101.0,0.0
200,0,254.0,7.0,0.0,1101.0,0.0
200,0,255.0,6.0,0.0,1101.0,0.0
200,0,256.0,6.0,0.0,1102.0,0.0
200,0,257.0,5.0,0.0,1102.0,0.0
200,0,258.0,4.0,0.0,1103.0,0.0
200,0,259.0,3.0,0.0,1104.0,0.0
200,0,260.0,2.0,0.0,1105.0,0.0
200,0,261.0,2.0,0.0,1106.0,0.0
200,0,262.0,1.0,0.0,1106.0,0.0
200,0,263.0,0.0,0.0,1107.0,0.0
200,0,264.0,0.0,0.0,1108.0,0.0
200,1,0.0,4.0,0.0,0.0,0.0
200,1,1.0,8.0,0.0,0.0,0.0
200,1,2.0,15.0,0.0,0.0,0.0
200,1,3.0,23.0,0.0,0.0,0.0
200,1,4.0,25.0,0.0,0.0,0.0
200,1,5.0,33.0,0.0,0.0,0.0
200,1,6.0,36.0,0.0,0.0,0.0
200,1,7.0,43.0,0.0,0.0,0.0
200,1,8.0,47.0,0.0,0.0,0.0
200,1,9.0,51.0,0.0,0.0,0.0
200,1,10.0,56.0,0.0,0.0,0.0
200,1,11.0,62.0,0.0,0.0,0.0
200,1,12.0,70.0,0.0,0.0,0.0
200,1,13.0,77.0,0.0,0.0,0.0
200,1,14.0,83.0,0.0,0.0,0.0
200,1,15.0,87.0,0.0,0.0,0.0
200,1,16.0,91.0,0.0,0.0,0.0
200,1,17.0,98.0,0.0,1.0,0.0
200,1,18.0,101.0,0.0,1.0,0.0
200,1,19.0,104.0,0.0,2.0,0.0
200,1,20.0,109.0,0.0,2.0,0.0
200,1,21.0,113.0,0.0,2.0,0.0
200,1,22.0,115.0,0.0,2.0,0.0
200,1,23.0,118.0,0.0,3.0,0.0
200,1,24.0,115.0,0.0,6.0,0.0
200,1,25.0,119.0,0.0,12.0,0.0
200,1,26.0,125.0,0.0,14.0,0.0
200,1,27.0,124.0,0.0,17.0,0.0
200,1,28.0,129.0,0.0,24.0,0.0
200,1,29.0,130.0,0.0,25.0,0.0
200,1,30.0,131.0,0.0,28.0,0.0
200,1,31.0,133.0,0.0,31.0,0.0
200,1,32.0,136.0,0.0,34.0,0.0
200,1,33.0,133.0,0.0,39.0,0.0
200,1,34.0,137.0,0.0,48.0,0.0
200,1,35.0,137.0,0.0,51.0,0.0
200,1,36.0,141.0,0.0,55.0,0.0
200,1,37.0,140.0,0.0,57.0,0.0
200,1,38.0,140.0,0.0,63.0,0.0
200,1,39.0,143.0,0.0,66.0,0.0
200,1,40.0,141.0,0.0,70.0,0.0
200,1,41.0,143.0,0.0,74.0,0.0
200,1,42.0,145.0,0.0,76.0,0.0
200,1,43.0,145.0,0.0,80.0,0.0
200,1,44.0,151.0,0.0,84.0,0.0
200,1,45.0,152.0,0.0,88.0,0.0
200,1,46.0,158.0,0.0,92.0,0.0
200,1,47.0,157.0,0.0,93.0,0.0
200,1,48.0,159.0,0.0,97.0,0.0
200,1,49.0,156.0,0.0,101.0,0.0
200,1,50.0,161.0,0.0,109.0,0.0
200,1,51.0,162.0,0.0,112.0,0.0
200,1,52.0,166.0,0.0,117.0,0.0
200,1,53.0,168.0,0.0,121.0,0.0
200,1,54.0,168.0,0.0,125.0,0.0
200,1,55.0,170.0,0.0,130.0,0.0
200,1,56.0,169.0,0.0,134.0,0.0
200,1,57.0,168.0,0.0,140.0,0.0
200,1,58.0,169.0,0.0,148.0,0.0
200,1,59.0,167.0,0.0,154.0,0.0
200,1,60.0,166.0,0.0,161.0,0.0
200,1,61.0,165.0,0.0,166.0,0.0
200,1,62.0,167.0,0.0,170.0,0.0
200,1,63.0,168.0,0.0,174.0,0.0
200,1,64.0,169.0,0.0,178.0,0.0
200,1,65.0,164.0,0.0,184.0,0.0
200,1,66.0,161.0,0.0,191.0,0.0
200,1,67.0,161.0,0.0,198.0,0.0
200,1,68.0,159.0,0.0,203.0,0.0
200,1,69.0,162.0,0.0,207.0,0.0
200,1,70.0,162.0,0.0,212.0,0.0
200,1,71.0,163.0,0.0,215.0,0.0
200,1,72.0,157.0,0.0,221.0,0.0
200,1,73.0,154.0,0.0,230.0,0.0
200,1,74.0,154.0,0.0,237.0,0.0
200,1,75.0,156.0,0.0,241.0,0.0
200,1,76.0,154.0,0.0,244.0,0.0
200,1,77.0,153.0,0.0,250.0,0.0
200,1,78.0,154.0,0.0,256.0,0.0
200,1,79.0,154.0,0.0,261.0,0.0
200,1,80.0,155.0,0.0,266.0,0.0
200,1,81.0,155.0,0.0,273.0,0.0
200,1,82.0,155.0,0.0,280.0,0.0
200,1,83.0,158.0,0.0,285.0,0.0
200,1,84.0,157.0,0.0,290.0,0.0
200,1,85.0,155.0,0.0,295.0,0.0
200,1,86.0,154.0,0.0,302.0,0.0
200,1,87.0,159.0,0.0,310.0,0.0
200,1,88.0,164.0,0.0,313.0,0.0
200,1,89.0,167.0,0.0,316.0,0.0
200,1,90.0,164.0,0.0,321.0,0.0
200,1,91.0,165.0,0.0,331.0,0.0
200,1,92.0,167.0,0.0,336.0,0.0
200,1,93.0,167.0,0.0,338.0,0.0
200,1,94.0,170.0,0.0,341.0,0.0
200,1,95.0,171.0,0.0,344.0,0.0
200,1,96.0,171.0,0.0,347.0,0.0
200,1,97.0,171.0,0.0,355.0,0.0
200,1,98.0,170.0,0.0,360.0,0.0
200,1,99.0,169.0,0.0,365.0,0.0
200,1,100.0,169.0,0.0,372.0,0.0
200,1,101.0,167.0,0.0,378.0,0.0
200,1,102.0,166.0,0.0,386.0,0.0
200,1,103.0,168.0,0.0,390.0,0.0
200,1,104.0,165.0,0.0,392.0,0.0
200,1,105.0,162.0,0.0,401.0,0.0
200,1,106.0,159.0,0.0,407.0,0.0
200,1,107.0,163.0,0.0,417.0,0.0
200,1,108.0,163.0,0.0,418.0,0.0
200,1,109.0,164.0,0.0,427.0,0.0
200,1,110.0,159.0,0.0,430.0,0.0
200,1,111.0,158.0,0.0,437.0,0.0
200,1,112.0,158.0,0.0,445.0,0.0
200,1,113.0,158.0,0.0,448.0,0.0
200,1,114.0,163.0,0.0,454.0,0.0
200,1,115.0,167.0,0.0,458.0,0.0
200,1,116.0,166.0,0.0,461.0,0.0
200,1,117.0,164.0,0.0,468.0,0.0
200,1,118.0,166.0,0.0,475.0,0.0
200,1,119.0,169.0,0.0,479.0,0.0
200,1,120.0,164.0,0.0,483.0,0.0
200,1,121.0,167.0,0.0,493.0,0.0
200,1,122.0,168.0,0.0,494.0,0.0
200,1,123.0,165.0,0.0,498.0,0.0
200,1,124.0,167.0,0.0,504.0,0.0
200,1,125.0,166.0,0.0,512.0,0.0
200,1,126.0,165.0,0.0,516.0,0.0
200,1,127.0,167.0,0.0,520.0,0.0
200,1,128.0,167.0,0.0,526.0,0.0
200,1,129.0,168.0,0.0,529.0,0.0
200,1,130.0,168.0,0.0,532.0,0.0
200,1,131.0,172.0,0.0,536.0,0.0
200,1,132.0,174.0,0.0,540.0,0.0
200,1,133.0,173.0,0.0,543.0,0.0
200,1,134.0,175.0,0.0,551.0,0.0
200,1,135.0,169.0,0.0,556.0,0.0
200,1,136.0,170.0,0.0,568.0,0.0
200,1,137.0,172.0,0.0,575.0,0.0
200,1,138.0,175.0,0.0,580.0,0.0
200,1,139.0,179.0,0.0,585.0,0.0
200,1,140.0,178.0,0.0,589.0,0.0
200,1,141.0,175.0,0.0,598.0,0.0
200,1,142.0,177.0,0.0,605.0,0.0
200,1,143.0,172.0,0.0,606.0,0.0
200,1,144.0,176.0,0.0,613.0,0.0
200,1,145.0,175.0,0.0,617.0,0.0
200,1,146.0,172.0,0.0,625.0,0.0
200,1,147.0,175.0,0.0,632.0,0.0
200,1,148.0,172.0,0.0,636.0,0.0
200,1,149.0,174.0,0.0,643.0,0.0
200,1,150.0,177.0,0.0,648.0,0.0
200,1,151.0,178.0,0.0,652.0,0.0
200,1,152.0,177.0,0.0,656.0,0.0
200,1,153.0,169.0,0.0,660.0,0.0
200,1,154.0,165.0,0.0,671.0,0.0
200,1,155.0,167.0,0.0,678.0,0.0
200,1,156.0,167.0,0.0,684.0,0.0
200,1,157.0,162.0,0.0,690.0,0.0
200,1,158.0,164.0,0.0,699.0,0.0
200,1,159.0,171.0,0.0,702.0,0.0
200,1,160.0,171.0,0.0,705.0,0.0
200,1,161.0,168.0,0.0,709.0,0.0
200,1,162.0,168.0,0.0,718.0,0.0
200,1,163.0,169.0,0.0,723.0,0.0
200,1,164.0,170.0,0.0,728.0,0.0
200,1,165.0,167.0,0.0,737.0,0.0
200,1,166.0,175.0,0.0,744.0,0.0
200,1,167.0,172.0,0.0,745.0,0.0
200,1,168.0,173.0,0.0,752.0,0.0
200,1,169.0,174.0,0.0,756.0,0.0
200,1,170.0,178.0,0.0,762.0,0.0
200,1,171.0,179.0,0.0,765.0,0.0
200,1,172.0,175.0,0.0,772.0,0.0
200,1,173.0,176.0,0.0,779.0,0.0
200,1,174.0,178.0,0.0,784.0,0.0
200,1,175.0,173.0,0.0,790.0,0.0
200,1,176.0,177.0,0.0,800.0,0.0
200,1,177.0,179.0,0.0,803.0,0.0
200,1,178.0,186.0,0.0,808.0,0.0
200,1,179.0,184.0,0.0,813.0,0.0
200,1,180.0,185.0,0.0,819.0,0.0
200,1,181.0,187.0,0.0,821.0,0.0
200,1,182.0,188.0,0.0,828.0,0.0
200,1,183.0,187.0,0.0,834.0,0.0
200,1,184.0,186.0,0.0,839.0,0.0
200,1,185.0,188.0,0.0,843.0,0.0
200,1,186.0,188.0,0.0,849.0,0.0
200,1,187.0,187.0,0.0,857.0,0.0
200,1,188.0,188.0,0.0,862.0,0.0
200,1,189.0,190.0,0.0,868.0,0.0
200,1,190.0,188.0,0.0,874.0,0.0
200,1,191.0,185.0,0.0,879.0,0.0
200,1,192.0,188.0,0.0,887.0,0.0
200,1,193.0,188.0,0.0,893.0,0.0
200,1,194.0,184.0,0.0,897.0,0.0
200,1,195.0,187.0,0.0,905.0,0.0
200,1,196.0,183.0,0.0,908.0,0.0
200,1,197.0,173.0,0.0,916.0,0.0
200,1,198.0,171.0,0.0,931.0,0.0
200,1,199.0,169.0,0.0,937.0,0.0
200,1,200.0,171.0,0.0,945.0,0.0
200,1,201.0,167.0,0.0,949.0,0.0
200,1,202.0,163.0,0.0,953.0,0.0
200,1,203.0,159.0,0.0,957.0,0.0
200,1,204.0,154.0,0.0,961.0,0.0
200,1,205.0,145.0,0.0,966.0,0.0
200,1,206.0,140.0,0.0,975.0,0.0
200,1,207.0,129.0,0.0,980.0,0.0
200,1,208.0,121.0,0.0,991.0,0.0
200,1,209.0,117.0,0.0,999.0,0.0
200,1,210.0,108.0,0.0,1003.0,0.0
200,1,211.0,102.0,0.0,1012.0,0.0
200,1,212.0,96.0,0.0,1018.0,0.0
200,1,213.0,90.0,0.0,1024.0,0.0
200,1,214.0,84.0,0.0,1030.0,0.0
200,1,215.0,81.0,0.0,1036.0,0.0
200,1,216.0,76.0,0.0,1039.0,0.0
200,1,217.0,69.0,0.0,1044.0,0.0
200,1,218.0,64.0,0.0,1051.0,0.0
200,1,219.0,58.0,0.0,1056.0,0.0
200,1,220.0,54.0,0.0,1062.0,0.0
200,1,221.0,44.0,0.0,1066.0,0.0
200,1,222.0,41.0,0.0,1076.0,0.0
200,1,223.0,37.0,0.0,1079.0,0.0
200,1,224.0,33.0,0.0,1083.0,0.0
200,1,225.0,30.0,0.0,1087.0,0.0
200,1,226.0,29.0,0.0,1090.0,0.0
200,1,227.0,25.0,0.0,1091.0,0.0
200,1,228.0,24.0,0.0,1095.0,0.0
200,1,229.0,23.0,0.0,1096.0,0.0
200,1,230.0,23.0,0.0,1097.0,0.0
200,1,231.0,22.0,0.0,1097.0,0.0
200,1,232.0,21.0,0.0,1098.0,0.0
200,1,233.0,18.0,0.0,1099.0,0.0
200,1,234.0,15.0,0.0,1102.0,0.0
200,1,235.0,14.0,0.0,1105.0,0.0
200,1,236.0,14.0,0.0,1106.0,0.0
200,1,237.0,12.0,0.0,1106.0,0.0
200,1,238.0,11.0,0.0,1108.0,0.0
200,1,239.0,10.0,0.0,1109.0,0.0
200,1,240.0,10.0,0.0,1110.0,0.0
200,1,241.0,10.0,0.0,1110.0,0.0
200,1,242.0,10.0,0.0,1110.0,0.0
200,1,243.0,10.0,0.0,1110.0,0.0
200,1,244.0,10.0,0.0,1110.0,0.0
200,1,245.0,10.0,0.0,1110.0,0.0
200,1,246.0,10.0,0.0,1110.0,0.0
200,1,247.0,8.0,0.0,1110.0,0.0
200,1,248.0,8.0,0.0,1112.0,0.0
200,1,249.0,5.0,0.0,1112.0,0.0
200,1,250.0,5.0,0.0,1115.0,0.0
200,1,251.0,5.0,0.0,1115.0,0.0
200,1,252.0,5.0,0.0,1115.0,0.0
200,1,253.0,5.0,0.0,1115.0,0.0
200,1,254.0,5.0,0.0,1115.0,0.0
200,1,255.0,5.0,0.0,1115.0,0.0
200,1,256.0,5.0,0.0,1115.0,0.0
200,1,257.0,5.0,0.0,1115.0,0.0
200,1,258.0,5.0,0.0,1115.0,0.0
200,1,259.0,4.0,0.0,1115.0,0.0
200,1,260.0,3.0,0.0,1116.0,0.0
200,1,261.0,2.0,0.0,1117.0,0.0
200,1,262.0,2.0,0.0,1118.0,0.0
200,1,263.0,2.0,0.0,1118.0,0.0
200,1,264.0,1.0,0.0,1118.0,0.0
200,1,265.0,0.0,0.0,1119.0,0.0
200,1,266.0,0.0,0.0,1120.0,0.0
200,2,0.0,2.0,0.0,0.0,0.0
200,2,1.0,4.0,0.0,0.0,0.0
200,2,2.0,10.0,0.0,0.0,0.0
200,2,3.0,19.0,0.0,0.0,0.0
200,2,4.0,23.0,0.0,0.0,0.0
200,2,5.0,29.0,0.0,0.0,0.0
200,2,6.0,35.0,0.0,0.0,0.0
200,2,7.0,43.0,0.0,0.0,0.0
200,2,8.0,46.0,0.0,0.0,0.0
200,2,9.0,53.0,0.0,0.0,0.0
200,2,10.0,59.0,0.0,0.0,0.0
200,2,11.0,64.0,0.0,0.0,0.0
200,2,12.0,67.0,0.0,1.0,0.0
200,2,13.0,74.0,0.0,1.0,0.0
200,2,14.0,77.0,0.0,1.0,0.0
200,2,15.0,83.0,0.0,1.0,0.0
200,2,16.0,88.0,0.0,2.0,0.0
200,2,17.0,95.0,0.0,2.0,0.0
200,2,18.0,98.0,0.0,2.0,0.0
200,2,19.0,102.0,0.0,3.0,0.0
200,2,20.0,103.0,0.0,3.0,0.0
200,2,21.0,109.0,0.0,4.0,0.0
200,2,22.0,118.0,0.0,6.0,0.0
200,2,23.0,120.0,0.0,6.0,0.0
200,2,24.0,125.0,0.0,8.0,0.0
200,2,25.0,128.0,0.0,9.0,0.0
200,2,26.0,129.0,0.0,11.0,0.0
200,2,27.0,127.0,0.0,14.0,0.0
200,2,28.0,131.0,0.0,18.0,0.0
200,2,29.0,134.0,0.0,20.0,0.0
200,2,30.0,132.0,0.0,24.0,0.0
200,2,31.0,139.0,0.0,29.0,0.0
200,2,32.0,142.0,0.0,30.0,0.0
200,2,33.0,141.0,0.0,33.0,0.0
200,2,34.0,144.0,0.0,40.0,0.0
200,2,35.0,143.0,0.0,43.0,0.0
200,2,36.0,147.0,0.0,47.0,0.0
200,2,37.0,145.0,0.0,50.0,0.0
200,2,38.0,148.0,0.0,55.0,0.0
200,2,39.0,150.0,0.0,58.0,0.0
200,2,40.0,148.0,0.0,61.0,0.0
200,2,41.0,151.0,0.0,69.0,0.0
200,2,42.0,148.0,0.0,72.0,0.0
200,2,43.0,151.0,0.0,77.0,0.0
200,2,44.0,152.0,0.0,82.0,0.0
200,2,45.0,156.0,0.0,88.0,0.0
200,2,46.0,152.0,0.0,90.0,0.0
200,2,47.0,149.0,0.0,97.0,0.0
200,2,48.0,151.0,0.0,102.0,0.0
200,2,49.0,154.0,0.0,106.0,0.0
200,2,50.0,155.0,0.0,107.0,0.0
200,2,51.0,161.0,0.0,111.0,0.0
200,2,52.0,160.0,0.0,112.0,0.0
200,2,53.0,163.0,0.0,117.0,0.0
200,2,54.0,165.0,0.0,119.0,0.0
200,2,55.0,170.0,0.0,125.0,0.0
200,2,56.0,163.0,0.0,127.0,0.0
200,2,57.0,164.0,0.0,136.0,0.0
200,2,58.0,163.0,0.0,140.0,0.0
200,2,59.0,163.0,0.0,144.0,0.0
200,2,60.0,163.0,0.0,151.0,0.0
200,2,61.0,164.0,0.0,156.0,0.0
200,2,62.0,161.0,0.0,162.0,0.0
200,2,63.0,158.0,0.0,171.0,0.0
200,2,64.0,156.0,0.0,178.0,0.0
200,2,65.0,159.0,0.0,184.0,0.0
200,2,66.0,158.0,0.0,186.0,0.0
200,2,67.0,159.0,0.0,192.0,0.0
200,2,68.0,161.0,0.0,197.0,0.0
200,2,69.0,160.0,0.0,200.0,0.0
200,2,70.0,162.0,0.0,204.0,0.0
200,2,71.0,163.0,0.0,208.0,0.0
200,2,72.0,165.0,0.0,212.0,0.0
200,2,73.0,162.0,0.0,216.0,0.0
200,2,74.0,160.0,0.0,224.0,0.0
200,2,75.0,162.0,0.0,230.0,0.0
200,2,76.0,162.0,0.0,235.0,0.0
200,2,77.0,162.0,0.0,239.0,0.0
200,2,78.0,163.0,0.0,243.0,0.0
200,2,79.0,170.0,0.0,247.0,0.0
200,2,80.0,170.0,0.0,249.0,0.0
200,2,81.0,166.0,0.0,254.0,0.0
200,2,82.0,168.0,0.0,264.0,0.0
200,2,83.0,168.0,0.0,268.0,0.0
200,2,84.0,172.0,0.0,273.0,0.0
200,2,85.0,173.0,0.0,279.0,0.0
200,2,86.0,172.0,0.0,284.0,0.0
200,2,87.0,176.0,0.0,290.0,0.0
200,2,88.0,178.0,0.0,291.0,0.0
200,2,89.0,177.0,0.0,295.0,0.0
200,2,90.0,175.0,0.0,303.0,0.0
200,2,91.0,172.0,0.0,309.0,0.0
200,2,92.0,171.0,0.0,317.0,0.0
200,2,93.0,176.0,0.0,324.0,0.0
200,2,94.0,178.0,0.0,325.0,0.0
200,2,95.0,178.0,0.0,332.0,0.0
200,2,96.0,178.0,0.0,337.0,0.0
200,2,97.0,179.0,0.0,341.0,0.0
200,2,98.0,184.0,0.0,351.0,0.0
200,2,99.0,188.0,0.0,352.0,0.0
200,2,100.0,187.0,0.0,357.0,0.0
200,2,101.0,185.0,0.0,362.0,0.0
200,2,102.0,184.0,0.0,368.0,0.0
200,2,103.0,185.0,0.0,377.0,0.0
200,2,104.0,188.0,0.0,381.0,0.0
200,2,105.0,189.0,0.0,384.0,0.0
200,2,106.0,185.0,0.0,388.0,0.0
200,2,107.0,186.0,0.0,394.0,0.0
200,2,108.0,185.0,0.0,399.0,0.0
200,2,109.0,185.0,0.0,404.0,0.0
200,2,110.0,186.0,0.0,409.0,0.0
200,2,111.0,186.0,0.0,415.0,0.0
200,2,112.0,181.0,0.0,421.0,0.0
200,2,113.0,179.0,0.0,430.0,0.0
200,2,114.0,178.0,0.0,436.0,0.0
200,2,115.0,175.0,0.0,442.0,0.0
200,2,116.0,173.0,0.0,451.0,0.0
200,2,117.0,170.0,0.0,458.0,0.0
200,2,118.0,166.0,0.0,465.0,0.0
200,2,119.0,163.0,0.0,473.0,0.0
200,2,120.0,161.0,0.0,479.0,0.0
200,2,121.0,157.0,0.0,486.0,0.0
200,2,122.0,154.0,0.0,495.0,0.0
200,2,123.0,152.0,0.0,503.0,0.0
200,2,124.0,152.0,0.0,509.0,0.0
200,2,125.0,151.0,0.0,514.0,0.0
200,2,126.0,150.0,0.0,519.0,0.0
200,2,127.0,152.0,0.0,523.0,0.0
200,2,128.0,152.0,0.0,526.0,0.0
200,2,129.0,147.0,0.0,531.0,0.0
200,2,130.0,146.0,0.0,540.0,0.0
200,2,131.0,148.0,0.0,545.0,0.0
200,2,132.0,148.0,0.0,549.0,0.0
200,2,133.0,147.0,0.0,557.0,0.0
200,2,134.0,148.0,0.0,563.0,0.0
200,2,135.0,150.0,0.0,566.0,0.0
200,2,136.0,152.0,0.0,570.0,0.0
200,2,137.0,152.0,0.0,574.0,0.0
200,2,138.0,156.0,0.0,579.0,0.0
200,2,139.0,158.0,0.0,583.0,0.0
200,2,140.0,153.0,0.0,588.0,0.0
200,2,141.0,150.0,0.0,597.0,0.0
200,2,142.0,152.0,0.0,601.0,0.0
200,2,143.0,152.0,0.0,605.0,0.0
200,2,144.0,156.0,0.0,609.0,0.0
200,2,145.0,159.0,0.0,612.0,0.0
200,2,146.0,159.0,0.0,614.0,0.0
200,2,147.0,164.0,0.0,617.0,0.0
200,2,148.0,167.0,0.0,622.0,0.0
200,2,149.0,171.0,0.0,626.0,0.0
200,2,150.0,172.0,0.0,631.0,0.0
200,2,151.0,171.0,0.0,635.0,0.0
200,2,152.0,173.0,0.0,640.0,0.0
200,2,153.0,174.0,0.0,645.0,0.0
200,2,154.0,174.0,0.0,650.0,0.0
200,2,155.0,173.0,0.0,654.0,0.0
200,2,156.0,169.0,0.0,658.0,0.0
200,2,157.0,170.0,0.0,665.0,0.0
200,2,158.0,176.0,0.0,671.0,0.0
200,2,159.0,173.0,0.0,673.0,0.0
200,2,160.0,171.0,0.0,680.0,0.0
200,2,161.0,173.0,0.0,685.0,0.0
200,2,162.0,172.0,0.0,690.0,0.0
200,2,163.0,170.0,0.0,699.0,0.0
200,2,164.0,168.0,0.0,706.0,0.0
200,2,165.0,170.0,0.0,713.0,0.0
200,2,166.0,175.0,0.0,717.0,0.0
200,2,167.0,179.0,0.0,721.0,0.0
200,2,168.0,176.0,0.0,725.0,0.0
200,2,169.0,174.0,0.0,731.0,0.0
200,2,170.0,174.0,0.0,736.0,0.0
200,2,171.0,174.0,0.0,742.0,0.0
200,2,172.0,174.0,0.0,748.0,0.0
200,2,173.0,175.0,0.0,752.0,0.0
200,2,174.0,170.0,0.0,758.0,0.0
200,2,175.0,169.0,0.0,767.0,0.0
200,2,176.0,171.0,0.0,773.0,0.0
200,2,177.0,169.0,0.0,776.0,0.0
200,2,178.0,166.0,0.0,780.0,0.0
200,2,179.0,165.0,0.0,791.0,0.0
200,2,180.0,165.0,0.0,797.0,0.0
200,2,181.0,165.0,0.0,801.0,0.0
200,2,182.0,164.0,0.0,805.0,0.0
200,2,183.0,167.0,0.0,812.0,0.0
200,2,184.0,167.0,0.0,817.0,0.0
200,2,185.0,171.0,0.0,823.0,0.0
200,2,186.0,168.0,0.0,826.0,0.0
200,2,187.0,169.0,0.0,836.0,0.0
200,2,188.0,172.0,0.0,840.0,0.0
200,2,189.0,166.0,0.0,843.0,0.0
200,2,190.0,167.0,0.0,853.0,0.0
200,2,191.0,166.0,0.0,856.0,0.0
200,2,192.0,165.0,0.0,861.0,0.0
200,2,193.0,163.0,0.0,866.0,0.0
200,2,194.0,162.0,0.0,872.0,0.0
200,2,195.0,164.0,0.0,877.0,0.0
200,2,196.0,164.0,0.0,880.0,0.0
200,2,197.0,165.0,0.0,887.0,0.0
200,2,198.0,165.0,0.0,891.0,0.0
200,2,199.0,168.0,0.0,895.0,0.0
200,2,200.0,165.0,0.0,898.0,0.0
200,2,201.0,160.0,0.0,905.0,0.0
200,2,202.0,155.0,0.0,910.0,0.0
200,2,203.0,147.0,0.0,915.0,0.0
200,2,204.0,142.0,0.0,923.0,0.0
200,2,205.0,140.0,0.0,928.0,0.0
200,2,206.0,133.0,0.0,930.0,0.0
200,2,207.0,123.0,0.0,937.0,0.0
200,2,208.0,115.0,0.0,947.0,0.0
200,2,209.0,109.0,0.0,955.0,0.0
200,2,210.0,104.0,0.0,961.0,0.0
200,2,211.0,99.0,0.0,966.0,0.0
200,2,212.0,97.0,0.0,971.0,0.0
200,2,213.0,91.0,0.0,973.0,0.0
200,2,214.0,85.0,0.0,979.0,0.0
200,2,215.0,80.0,0.0,985.0,0.0
200,2,216.0,72.0,0.0,990.0,0.0
200,2,217.0,68.0,0.0,998.0,0.0
200,2,218.0,63.0,0.0,1002.0,0.0
200,2,219.0,59.0,0.0,1007.0,0.0
200,2,220.0,50.0,0.0,1011.0,0.0
200,2,221.0,43.0,0.0,1020.0,0.0
200,2,222.0,41.0,0.0,1027.0,0.0
200,2,223.0,36.0,0.0,1029.0,0.0
200,2,224.0,34.0,0.0,1034.0,0.0
200,2,225.0,34.0,0.0,1036.0,0.0
200,2,226.0,30.0,0.0,1036.0,0.0
200,2,227.0,28.0,0.0,1040.0,0.0
200,2,228.0,26.0,0.0,1042.0,0.0
200,2,229.0,23.0,0.0,1044.0,0.0
200,2,230.0,21.0,0.0,1047.0,0.0
200,2,231.0,21.0,0.0,1049.0,0.0
200,2,232.0,21.0,0.0,1049.0,0.0
200,2,233.0,21.0,0.0,1049.0,0.0
200,2,234.0,20.0,0.0,1049.0,0.0
200,2,235.0,19.0,0.0,1050.0,0.0
200,2,236.0,19.0,0.0,1051.0,0.0
200,2,237.0,19.0,0.0,1051.0,0.0
200,2,238.0,19.0,0.0,1051.0,0.0
200,2,239.0,19.0,0.0,1051.0,0.0
200,2,240.0,18.0,0.0,1051.0,0.0
200,2,241.0,18.0,0.0,1052.0,0.0
200,2,242.0,17.0,0.0,1052.0,0.0
200,2,243.0,16.0,0.0,1053.0,0.0
200,2,244.0,13.0,0.0,1054.0,0.0
200,2,245.0,13.0,0.0,1057.0,0.0
200,2,246.0,12.0,0.0,1057.0,0.0
200,2,247.0,12.0,0.0,1058.0,0.0
200,2,248.0,12.0,0.0,1058.0,0.0
200,2,249.0,12.0,0.0,1058.0,0.0
200,2,250.0,11.0,0.0,1058.0,0.0
200,2,251.0,10.0,0.0,1059.0,0.0
200,2,252.0,10.0,0.0,1060.0,0.0
200,2,253.0,9.0,0.0,1060.0,0.0
200,2,254.0,8.0,0.0,1061.0,0.0
200,2,255.0,8.0,0.0,1062.0,0.0
200,2,256.0,8.0,0.0,1062.0,0.0
200,2,257.0,7.0,0.0,1062.0,0.0
200,2,258.0,5.0,0.0,1063.0,0.0
200,2,259.0,3.0,0.0,1065.0,0.0
200,2,260.0,2.0,0.0,1067.0,0.0
200,2,261.0,1.0,0.0,1068.0,0.0
200,2,262.0,1.0,0.0,1069.0,0.0
200,2,263.0,1.0,0.0,1069.0,0.0
200,2,264.0,0.0,0.0,1069.0,0.0
200,2,265.0,0.0,0.0,1070.0,0.0
200,3,0.0,5.0,0.0,0.0,0.0
200,3,1.0,15.0,0.0,0.0,0.0
200,3,2.0,22.0,0.0,0.0,0.0
200,3,3.0,28.0,0.0,0.0,0.0
200,3,4.0,32.0,0.0,0.0,0.0
200,3,5.0,37.0,0.0,0.0,0.0
200,3,6.0,45.0,0.0,0.0,0.0
200,3,7.0,50.0,0.0,0.0,0.0
200,3,8.0,53.0,0.0,0.0,0.0
200,3,9.0,59.0,0.0,0.0,0.0
200,3,10.0,66.0,0.0,0.0,0.0
200,3,11.0,70.0,0.0,0.0,0.0
200,3,12.0,77.0,0.0,0.0,0.0
200,3,13.0,80.0,0.0,0.0,0.0
200,3,14.0,85.0,0.0,0.0,0.0
200,3,15.0,88.0,0.0,0.0,0.0
200,3,16.0,97.0,0.0,1.0,0.0
200,3,17.0,103.0,0.0,1.0,0.0
200,3,18.0,106.0,0.0,1.0,0.0
200,3,19.0,107.0,0.0,1.0,0.0
200,3,20.0,115.0,0.0,2.0,0.0
200,3,21.0,116.0,0.0,2.0,0.0
200,3,22.0,118.0,0.0,5.0,0.0
200,3,23.0,121.0,0.0,6.0,0.0
200,3,24.0,124.0,0.0,8.0,0.0
200,3,25.0,126.0,0.0,11.0,0.0
200,3,26.0,131.0,0.0,14.0,0.0
200,3,27.0,133.0,0.0,20.0,0.0
200,3,28.0,133.0,0.0,24.0,0.0
200,3,29.0,133.0,0.0,28.0,0.0
200,3,30.0,135.0,0.0,31.0,0.0
200,3,31.0,135.0,0.0,33.0,0.0
200,3,32.0,138.0,0.0,38.0,0.0
200,3,33.0,139.0,0.0,43.0,0.0
200,3,34.0,141.0,0.0,49.0,0.0
200,3,35.0,143.0,0.0,53.0,0.0
200,3,36.0,144.0,0.0,56.0,0.0
200,3,37.0,149.0,0.0,61.0,0.0
200,3,38.0,151.0,0.0,64.0,0.0
200,3,39.0,149.0,0.0,68.0,0.0
200,3,40.0,149.0,0.0,73.0,0.0
200,3,41.0,150.0,0.0,78.0,0.0
200,3,42.0,154.0,0.0,80.0,0.0
200,3,43.0,151.0,0.0,83.0,0.0
200,3,44.0,155.0,0.0,92.0,0.0
200,3,45.0,155.0,0.0,96.0,0.0
200,3,46.0,159.0,0.0,100.0,0.0
200,3,47.0,157.0,0.0,104.0,0.0
200,3,48.0,158.0,0.0,111.0,0.0
200,3,49.0,163.0,0.0,115.0,0.0
200,3,50.0,162.0,0.0,117.0,0.0
200,3,51.0,169.0,0.0,122.0,0.0
200,3,52.0,168.0,0.0,125.0,0.0
200,3,53.0,169.0,0.0,127.0,0.0
200,3,54.0,167.0,0.0,133.0,0.0
200,3,55.0,165.0,0.0,139.0,0.0
200,3,56.0,163.0,0.0,144.0,0.0
200,3,57.0,163.0,0.0,149.0,0.0
200,3,58.0,162.0,0.0,153.0,0.0
200,3,59.0,168.0,0.0,161.0,0.0
200,3,60.0,168.0,0.0,167.0,0.0
200,3,61.0,168.0,0.0,172.0,0.0
200,3,62.0,165.0,0.0,177.0,0.0
200,3,63.0,164.0,0.0,185.0,0.0
200,3,64.0,168.0,0.0,193.0,0.0
200,3,65.0,171.0,0.0,194.0,0.0
200,3,66.0,169.0,0.0,199.0,0.0
200,3,67.0,167.0,0.0,208.0,0.0
200,3,68.0,163.0,0.0,212.0,0.0
200,3,69.0,163.0,0.0,220.0,0.0
200,3,70.0,162.0,0.0,224.0,0.0
200,3,71.0,156.0,0.0,228.0,0.0
200,3,72.0,161.0,0.0,237.0,0.0
200,3,73.0,159.0,0.0,240.0,0.0
200,3,74.0,156.0,0.0,245.0,0.0
200,3,75.0,155.0,0.0,251.0,0.0
200,3,76.0,151.0,0.0,255.0,0.0
200,3,77.0,148.0,0.0,264.0,0.0
200,3,78.0,150.0,0.0,271.0,0.0
200,3,79.0,152.0,0.0,275.0,0.0
200,3,80.0,156.0,0.0,279.0,0.0
200,3,81.0,158.0,0.0,282.0,0.0
200,3,82.0,157.0,0.0,288.0,0.0
200,3,83.0,157.0,0.0,294.0,0.0
200,3,84.0,153.0,0.0,301.0,0.0
200,3,85.0,153.0,0.0,307.0,0.0
200,3,86.0,152.0,0.0,312.0,0.0
200,3,87.0,154.0,0.0,318.0,0.0
200,3,88.0,153.0,0.0,320.0,0.0
200,3,89.0,157.0,0.0,324.0,0.0
200,3,90.0,157.0,0.0,326.0,0.0
200,3,91.0,158.0,0.0,332.0,0.0
200,3,92.0,161.0,0.0,338.0,0.0
200,3,93.0,160.0,0.0,344.0,0.0
200,3,94.0,162.0,0.0,347.0,0.0
200,3,95.0,156.0,0.0,349.0,0.0
200,3,96.0,160.0,0.0,358.0,0.0
200,3,97.0,162.0,0.0,362.0,0.0
200,3,98.0,163.0,0.0,366.0,0.0
200,3,99.0,164.0,0.0,369.0,0.0
200,3,100.0,162.0,0.0,374.0,0.0
200,3,101.0,161.0,0.0,380.0,0.0
200,3,102.0,161.0,0.0,386.0,0.0
200,3,103.0,154.0,0.0,390.0,0.0
200,3,104.0,154.0,0.0,399.0,0.0
200,3,105.0,154.0,0.0,405.0,0.0
200,3,106.0,155.0,0.0,410.0,0.0
200,3,107.0,155.0,0.0,415.0,0.0
200,3,108.0,151.0,0.0,419.0,0.0
200,3,109.0,155.0,0.0,428.0,0.0
200,3,110.0,156.0,0.0,430.0,0.0
200,3,111.0,154.0,0.0,434.0,0.0
200,3,112.0,156.0,0.0,438.0,0.0
200,3,113.0,157.0,0.0,442.0,0.0
200,3,114.0,153.0,0.0,445.0,0.0
200,3,115.0,154.0,0.0,451.0,0.0
200,3,116.0,158.0,0.0,456.0,0.0
200,3,117.0,158.0,0.0,459.0,0.0
200,3,118.0,163.0,0.0,463.0,0.0
200,3,119.0,158.0,0.0,465.0,0.0
200,3,120.0,162.0,0.0,472.0,0.0
200,3,121.0,162.0,0.0,475.0,0.0
200,3,122.0,165.0,0.0,482.0,0.0
200,3,123.0,162.0,0.0,486.0,0.0
200,3,124.0,164.0,0.0,496.0,0.0
200,3,125.0,162.0,0.0,500.0,0.0
200,3,126.0,162.0,0.0,507.0,0.0
200,3,127.0,159.0,0.0,511.0,0.0
200,3,128.0,161.0,0.0,519.0,0.0
200,3,129.0,160.0,0.0,523.0,0.0
200,3,130.0,156.0,0.0,530.0,0.0
200,3,131.0,156.0,0.0,537.0,0.0
200,3,132.0,155.0,0.0,543.0,0.0
200,3,133.0,153.0,0.0,549.0,0.0
200,3,134.0,155.0,0.0,554.0,0.0
200,3,135.0,155.0,0.0,559.0,0.0
200,3,136.0,156.0,0.0,563.0,0.0
200,3,137.0,157.0,0.0,570.0,0.0
200,3,138.0,153.0,0.0,574.0,0.0
200,3,139.0,152.0,0.0,581.0,0.0
200,3,140.0,157.0,0.0,585.0,0.0
200,3,141.0,161.0,0.0,590.0,0.0
200,3,142.0,163.0,0.0,594.0,0.0
200,3,143.0,167.0,0.0,597.0,0.0
200,3,144.0,167.0,0.0,599.0,0.0
200,3,145.0,172.0,0.0,603.0,0.0
200,3,146.0,171.0,0.0,604.0,0.0
200,3,147.0,172.0,0.0,611.0,0.0
200,3,148.0,170.0,0.0,614.0,0.0
200,3,149.0,175.0,0.0,620.0,0.0
200,3,150.0,174.0,0.0,628.0,0.0
200,3,151.0,174.0,0.0,634.0,0.0
200,3,152.0,175.0,0.0,641.0,0.0
200,3,153.0,176.0,0.0,644.0,0.0
200,3,154.0,171.0,0.0,648.0,0.0
200,3,155.0,171.0,0.0,658.0,0.0
200,3,156.0,171.0,0.0,663.0,0.0
200,3,157.0,171.0,0.0,667.0,0.0
200,3,158.0,172.0,0.0,671.0,0.0
200,3,159.0,173.0,0.0,675.0,0.0
200,3,160.0,167.0,0.0,681.0,0.0
200,3,161.0,168.0,0.0,691.0,0.0
200,3,162.0,170.0,0.0,694.0,0.0
200,3,163.0,168.0,0.0,698.0,0.0
200,3,164.0,170.0,0.0,705.0,0.0
200,3,165.0,166.0,0.0,710.0,0.0
200,3,166.0,168.0,0.0,721.0,0.0
200,3,167.0,167.0,0.0,724.0,0.0
200,3,168.0,167.0,0.0,731.0,0.0
200,3,169.0,165.0,0.0,738.0,0.0
200,3,170.0,169.0,0.0,747.0,0.0
200,3,171.0,168.0,0.0,752.0,0.0
200,3,172.0,172.0,0.0,757.0,0.0
200,3,173.0,176.0,0.0,759.0,0.0
200,3,174.0,175.0,0.0,762.0,0.0
200,3,175.0,175.0,0.0,767.0,0.0
200,3,176.0,177.0,0.0,773.0,0.0
200,3,177.0,178.0,0.0,779.0,0.0
200,3,178.0,180.0,0.0,786.0,0.0
200,3,179.0,181.0,0.0,790.0,0.0
200,3,180.0,187.0,0.0,794.0,0.0
200,3,181.0,184.0,0.0,797.0,0.0
200,3,182.0,189.0,0.0,804.0,0.0
200,3,183.0,190.0,0.0,808.0,0.0
200,3,184.0,196.0,0.0,814.0,0.0
200,3,185.0,194.0,2.0,818.0,0.0
200,3,186.0,195.0,1.0,824.0,0.0
200,3,187.0,197.0,2.0,829.0,0.0
200,3,188.0,193.0,4.0,832.0,0.0
200,3,189.0,194.0,5.0,839.0,0.0
200,3,190.0,192.0,2.0,845.0,0.0
200,3,191.0,191.0,0.0,853.0,0.0
200,3,192.0,190.0,0.0,860.0,0.0
200,3,193.0,195.0,0.0,868.0,0.0
200,3,194.0,194.0,1.0,872.0,0.0
200,3,195.0,195.0,0.0,878.0,0.0
200,3,196.0,192.0,2.0,881.0,0.0
200,3,197.0,192.0,0.0,889.0,0.0
200,3,198.0,191.0,0.0,894.0,0.0
200,3,199.0,197.0,0.0,902.0,0.0
200,3,200.0,196.0,2.0,905.0,0.0
200,3,201.0,191.0,0.0,909.0,0.0
200,3,202.0,188.0,0.0,916.0,0.0
200,3,203.0,182.0,0.0,919.0,0.0
200,3,204.0,174.0,0.0,925.0,0.0
200,3,205.0,170.0,0.0,933.0,0.0
200,3,206.0,163.0,0.0,937.0,0.0
200,3,207.0,157.0,0.0,944.0,0.0
200,3,208.0,151.0,0.0,950.0,0.0
200,3,209.0,143.0,0.0,956.0,0.0
200,3,210.0,133.0,0.0,964.0,0.0
200,3,211.0,126.0,0.0,974.0,0.0
200,3,212.0,121.0,0.0,981.0,0.0
200,3,213.0,112.0,0.0,986.0,0.0
200,3,214.0,107.0,0.0,995.0,0.0
200,3,215.0,102.0,0.0,1000.0,0.0
200,3,216.0,99.0,0.0,1005.0,0.0
200,3,217.0,93.0,0.0,1008.0,0.0
200,3,218.0,87.0,0.0,1014.0,0.0
200,3,219.0,84.0,0.0,1020.0,0.0
200,3,220.0,79.0,0.0,1023.0,0.0
200,3,221.0,74.0,0.0,1028.0,0.0
200,3,222.0,71.0,0.0,1033.0,0.0
200,3,223.0,68.0,0.0,1036.0,0.0
200,3,224.0,60.0,0.0,1039.0,0.0
200,3,225.0,54.0,0.0,1047.0,0.0
200,3,226.0,50.0,0.0,1053.0,0.0
200,3,227.0,45.0,0.0,1057.0,0.0
200,3,228.0,45.0,0.0,1062.0,0.0
200,3,229.0,40.0,0.0,1062.0,0.0
200,3,230.0,37.0,0.0,1067.0,0.0
200,3,231.0,33.0,0.0,1070.0,0.0
200,3,232.0,31.0,0.0,1074.0,0.0
200,3,233.0,29.0,0.0,1076.0,0.0
200,3,234.0,26.0,0.0,1078.0,0.0
200,3,235.0,24.0,0.0,1081.0,0.0
200,3,236.0,23.0,0.0,1083.0,0.0
200,3,237.0,21.0,0.0,1084.0,0.0
200,3,238.0,21.0,0.0,1086.0,0.0
200,3,239.0,21.0,0.0,1086.0,0.0
200,3,240.0,20.0,0.0,1086.0,0.0
200,3,241.0,20.0,0.0,1087.0,0.0
200,3,242.0,20.0,0.0,1087.0,0.0
200,3,243.0,19.0,0.0,1087.0,0.0
200,3,244.0,17.0,0.0,1088.0,0.0
200,3,245.0,16.0,0.0,1090.0,0.0
200,3,246.0,16.0,0.0,1091.0,0.0
200,3,247.0,15.0,0.0,1091.0,0.0
200,3,248.0,15.0,0.0,1092.0,0.0
200,3,249.0,13.0,0.0,1092.0,0.0
200,3,250.0,13.0,0.0,1094.0,0.0
200,3,251.0,12.0,0.0,1094.0,0.0
200,3,252.0,10.0,0.0,1095.0,0.0
200,3,253.0,10.0,0.0,1097.0,0.0
200,3,254.0,9.0,0.0,1097.0,0.0
200,3,255.0,9.0,0.0,1098.0,0.0
200,3,256.0,7.0,0.0,1098.0,0.0
200,3,257.0,7.0,0.0,1100.0,0.0
200,3,258.0,5.0,0.0,1100.0,0.0
200,3,259.0,4.0,0.0,1102.0,0.0
200,3,260.0,4.0,0.0,1103.0,0.0
200,3,261.0,4.0,0.0,1103.0,0.0
200,3,262.0,4.0,0.0,1103.0,0.0
200,3,263.0,4.0,0.0,1103.0,0.0
200,3,264.0,2.0,0.0,1103.0,0.0
200,3,265.0,0.0,0.0,1105.0,0.0
200,3,266.0,0.0,0.0,1107.0,0.0
200,4,0.0,6.0,0.0,0.0,0.0
200,4,1.0,15.0,0.0,0.0,0.0
200,4,2.0,21.0,0.0,0.0,0.0
200,4,3.0,25.0,0.0,0.0,0.0
200,4,4.0,31.0,0.0,0.0,0.0
200,4,5.0,36.0,0.0,0.0,0.0
200,4,6.0,44.0,0.0,0.0,0.0
200,4,7.0,51.0,0.0,0.0,0.0
200,4,8.0,59.0,0.0,0.0,0.0
200,4,9.0,64.0,0.0,0.0,0.0
200,4,10.0,66.0,0.0,1.0,0.0
200,4,11.0,72.0,0.0,1.0,0.0
200,4,12.0,76.0,0.0,1.0,0.0
200,4,13.0,83.0,0.0,1.0,0.0
200,4,14.0,87.0,0.0,1.0,0.0
200,4,15.0,90.0,0.0,1.0,0.0
200,4,16.0,94.0,0.0,2.0,0.0
200,4,17.0,103.0,0.0,3.0,0.0
200,4,18.0,108.0,0.0,3.0,0.0
200,4,19.0,113.0,0.0,3.0,0.0
200,4,20.0,118.0,0.0,3.0,0.0
200,4,21.0,129.0,0.0,3.0,0.0
200,4,22.0,132.0,0.0,4.0,0.0
200,4,23.0,132.0,0.0,6.0,0.0
200,4,24.0,132.0,0.0,11.0,0.0
200,4,25.0,134.0,0.0,14.0,0.0
200,4,26.0,136.0,0.0,17.0,0.0
200,4,27.0,137.0,0.0,21.0,0.0
200,4,28.0,135.0,0.0,24.0,0.0
200,4,29.0,138.0,0.0,30.0,0.0
200,4,30.0,138.0,0.0,35.0,0.0
200,4,31.0,144.0,0.0,38.0,0.0
200,4,32.0,148.0,0.0,41.0,0.0
200,4,33.0,145.0,0.0,44.0,0.0
200,4,34.0,144.0,0.0,48.0,0.0
200,4,35.0,145.0,0.0,55.0,0.0
200,4,36.0,147.0,0.0,58.0,0.0
200,4,37.0,149.0,0.0,61.0,0.0
200,4,38.0,149.0,0.0,63.0,0.0
200,4,39.0,148.0,0.0,67.0,0.0
200,4,40.0,149.0,0.0,72.0,0.0
200,4,41.0,153.0,0.0,77.0,0.0
200,4,42.0,159.0,0.0,82.0,0.0
200,4,43.0,160.0,0.0,86.0,0.0
200,4,44.0,158.0,0.0,92.0,0.0
200,4,45.0,159.0,0.0,98.0,0.0
200,4,46.0,163.0,0.0,105.0,0.0
200,4,47.0,163.0,0.0,108.0,0.0
200,4,48.0,166.0,0.0,112.0,0.0
200,4,49.0,167.0,0.0,115.0,0.0
200,4,50.0,170.0,0.0,120.0,0.0
200,4,51.0,173.0,0.0,124.0,0.0
200,4,52.0,173.0,0.0,128.0,0.0
200,4,53.0,176.0,0.0,135.0,0.0
200,4,54.0,174.0,0.0,139.0,0.0
200,4,55.0,170.0,0.0,144.0,0.0
200,4,56.0,172.0,0.0,152.0,0.0
200,4,57.0,173.0,0.0,156.0,0.0
200,4,58.0,176.0,0.0,161.0,0.0
200,4,59.0,175.0,0.0,162.0,0.0
200,4,60.0,174.0,0.0,166.0,0.0
200,4,61.0,167.0,0.0,170.0,0.0
200,4,62.0,168.0,0.0,181.0,0.0
200,4,63.0,165.0,0.0,184.0,0.0
200,4,64.0,166.0,0.0,191.0,0.0
200,4,65.0,168.0,0.0,197.0,0.0
200,4,66.0,169.0,0.0,202.0,0.0
200,4,67.0,170.0,0.0,209.0,0.0
200,4,68.0,171.0,0.0,213.0,0.0
200,4,69.0,168.0,0.0,222.0,0.0
200,4,70.0,168.0,0.0,230.0,0.0
200,4,71.0,168.0,0.0,236.0,0.0
200,4,72.0,170.0,0.0,242.0,0.0
200,4,73.0,172.0,0.0,248.0,0.0
200,4,74.0,172.0,0.0,251.0,0.0
200,4,75.0,171.0,0.0,255.0,0.0
200,4,76.0,171.0,0.0,262.0,0.0
200,4,77.0,172.0,0.0,267.0,0.0
200,4,78.0,169.0,0.0,272.0,0.0
200,4,79.0,171.0,0.0,279.0,0.0
200,4,80.0,171.0,0.0,282.0,0.0
200,4,81.0,171.0,0.0,286.0,0.0
200,4,82.0,170.0,0.0,292.0,0.0
200,4,83.0,170.0,0.0,297.0,0.0
200,4,84.0,165.0,0.0,302.0,0.0
200,4,85.0,162.0,0.0,308.0,0.0
200,4,86.0,165.0,0.0,316.0,0.0
200,4,87.0,170.0,0.0,322.0,0.0
200,4,88.0,172.0,0.0,324.0,0.0
200,4,89.0,168.0,0.0,331.0,0.0
200,4,90.0,173.0,0.0,338.0,0.0
200,4,91.0,175.0,0.0,341.0,0.0
200,4,92.0,173.0,0.0,346.0,0.0
200,4,93.0,171.0,0.0,352.0,0.0
200,4,94.0,175.0,0.0,358.0,0.0
200,4,95.0,175.0,0.0,363.0,0.0
200,4,96.0,177.0,0.0,368.0,0.0
200,4,97.0,178.0,0.0,373.0,0.0
200,4,98.0,177.0,0.0,380.0,0.0
200,4,99.0,178.0,0.0,388.0,0.0
200,4,100.0,177.0,0.0,391.0,0.0
200,4,101.0,176.0,0.0,396.0,0.0
200,4,102.0,177.0,0.0,403.0,0.0
200,4,103.0,179.0,0.0,405.0,0.0
200,4,104.0,180.0,0.0,408.0,0.0
200,4,105.0,182.0,0.0,413.0,0.0
200,4,106.0,180.0,0.0,416.0,0.0
200,4,107.0,182.0,0.0,424.0,0.0
200,4,108.0,181.0,0.0,429.0,0.0
200,4,109.0,177.0,0.0,435.0,0.0
200,4,110.0,174.0,0.0,442.0,0.0
200,4,111.0,173.0,0.0,450.0,0.0
200,4,112.0,170.0,0.0,455.0,0.0
200,4,113.0,169.0,0.0,465.0,0.0
200,4,114.0,165.0,0.0,469.0,0.0
200,4,115.0,165.0,0.0,479.0,0.0
200,4,116.0,169.0,0.0,480.0,0.0
200,4,117.0,168.0,0.0,483.0,0.0
200,4,118.0,166.0,0.0,489.0,0.0
200,4,119.0,163.0,0.0,497.0,0.0
200,4,120.0,159.0,0.0,504.0,0.0
200,4,121.0,158.0,0.0,512.0,0.0
200,4,122.0,160.0,0.0,516.0,0.0
200,4,123.0,157.0,0.0,519.0,0.0
200,4,124.0,158.0,0.0,525.0,0.0
200,4,125.0,157.0,0.0,530.0,0.0
200,4,126.0,160.0,0.0,538.0,0.0
200,4,127.0,164.0,0.0,540.0,0.0
200,4,128.0,163.0,0.0,543.0,0.0
200,4,129.0,160.0,0.0,548.0,0.0
200,4,130.0,160.0,0.0,554.0,0.0
200,4,131.0,159.0,0.0,560.0,0.0
200,4,132.0,164.0,0.0,566.0,0.0
200,4,133.0,165.0,0.0,570.0,0.0
200,4,134.0,166.0,0.0,575.0,0.0
200,4,135.0,169.0,0.0,577.0,0.0
200,4,136.0,166.0,0.0,581.0,0.0
200,4,137.0,166.0,0.0,589.0,0.0
200,4,138.0,164.0,0.0,594.0,0.0
200,4,139.0,167.0,0.0,598.0,0.0
200,4,140.0,170.0,0.0,602.0,0.0
200,4,141.0,171.0,0.0,604.0,0.0
200,4,142.0,168.0,0.0,610.0,0.0
200,4,143.0,169.0,0.0,615.0,0.0
200,4,144.0,165.0,0.0,620.0,0.0
200,4,145.0,166.0,0.0,627.0,0.0
200,4,146.0,164.0,0.0,632.0,0.0
200,4,147.0,162.0,0.0,638.0,0.0
200,4,148.0,161.0,0.0,647.0,0.0
200,4,149.0,160.0,0.0,650.0,0.0
200,4,150.0,159.0,0.0,655.0,0.0
200,4,151.0,163.0,0.0,659.0,0.0
200,4,152.0,157.0,0.0,662.0,0.0
200,4,153.0,157.0,0.0,672.0,0.0
200,4,154.0,158.0,0.0,676.0,0.0
200,4,155.0,160.0,0.0,682.0,0.0
200,4,156.0,159.0,0.0,687.0,0.0
200,4,157.0,160.0,0.0,695.0,0.0
200,4,158.0,158.0,0.0,699.0,0.0
200,4,159.0,161.0,0.0,704.0,0.0
200,4,160.0,158.0,0.0,706.0,0.0
200,4,161.0,154.0,0.0,712.0,0.0
200,4,162.0,157.0,0.0,721.0,0.0
200,4,163.0,157.0,0.0,724.0,0.0
200,4,164.0,154.0,0.0,729.0,0.0
200,4,165.0,152.0,0.0,734.0,0.0
200,4,166.0,152.0,0.0,740.0,0.0
200,4,167.0,150.0,0.0,746.0,0.0
200,4,168.0,153.0,0.0,752.0,0.0
200,4,169.0,153.0,0.0,755.0,0.0
200,4,170.0,153.0,0.0,759.0,0.0
200,4,171.0,155.0,0.0,762.0,0.0
200,4,172.0,158.0,0.0,765.0,0.0
200,4,173.0,160.0,0.0,770.0,0.0
200,4,174.0,161.0,0.0,774.0,0.0
200,4,175.0,162.0,0.0,778.0,0.0
200,4,176.0,159.0,0.0,786.0,0.0
200,4,177.0,160.0,0.0,793.0,0.0
200,4,178.0,162.0,0.0,796.0,0.0
200,4,179.0,157.0,0.0,800.0,0.0
200,4,180.0,158.0,0.0,808.0,0.0
200,4,181.0,160.0,0.0,814.0,0.0
200,4,182.0,156.0,0.0,818.0,0.0
200,4,183.0,152.0,0.0,827.0,0.0
200,4,184.0,154.0,0.0,835.0,0.0
200,4,185.0,155.0,0.0,839.0,0.0
200,4,186.0,154.0,0.0,845.0,0.0
200,4,187.0,159.0,0.0,849.0,0.0
200,4,188.0,158.0,0.0,855.0,0.0
200,4,189.0,158.0,0.0,862.0,0.0
200,4,190.0,166.0,0.0,866.0,0.0
200,4,191.0,164.0,0.0,867.0,0.0
200,4,192.0,163.0,0.0,873.0,0.0
200,4,193.0,167.0,0.0,877.0,0.0
200,4,194.0,170.0,0.0,880.0,0.0
200,4,195.0,173.0,0.0,884.0,0.0
200,4,196.0,175.0,0.0,888.0,0.0
200,4,197.0,176.0,0.0,892.0,0.0
200,4,198.0,179.0,0.0,898.0,0.0
200,4,199.0,181.0,0.0,901.0,0.0
200,4,200.0,184.0,0.0,907.0,0.0
200,4,201.0,179.0,0.0,911.0,0.0
200,4,202.0,176.0,0.0,916.0,0.0
200,4,203.0,172.0,0.0,919.0,0.0
200,4,204.0,166.0,0.0,923.0,0.0
200,4,205.0,156.0,0.0,929.0,0.0
200,4,206.0,144.0,0.0,939.0,0.0
200,4,207.0,142.0,0.0,951.0,0.0
200,4,208.0,138.0,0.0,953.0,0.0
200,4,209.0,133.0,0.0,957.0,0.0
200,4,210.0,127.0,0.0,962.0,0.0
200,4,211.0,119.0,0.0,968.0,0.0
200,4,212.0,112.0,0.0,976.0,0.0
200,4,213.0,104.0,0.0,983.0,0.0
200,4,214.0,100.0,0.0,991.0,0.0
200,4,215.0,93.0,0.0,995.0,0.0
200,4,216.0,91.0,0.0,1002.0,0.0
200,4,217.0,85.0,0.0,1004.0,0.0
200,4,218.0,77.0,0.0,1010.0,0.0
200,4,219.0,75.0,0.0,1018.0,0.0
200,4,220.0,70.0,0.0,1020.0,0.0
200,4,221.0,64.0,0.0,1025.0,0.0
200,4,222.0,62.0,0.0,1031.0,0.0
200,4,223.0,58.0,0.0,1033.0,0.0
200,4,224.0,50.0,0.0,1037.0,0.0
200,4,225.0,48.0,0.0,1045.0,0.0
200,4,226.0,46.0,0.0,1047.0,0.0
200,4,227.0,43.0,0.0,1049.0,0.0
200,4,228.0,40.0,0.0,1052.0,0.0
200,4,229.0,32.0,0.0,1055.0,0.0
200,4,230.0,28.0,0.0,1063.0,0.0
200,4,231.0,25.0,0.0,1067.0,0.0
200,4,232.0,24.0,0.0,1070.0,0.0
200,4,233.0,22.0,0.0,1071.0,0.0
200,4,234.0,21.0,0.0,1073.0,0.0
200,4,235.0,21.0,0.0,1074.0,0.0
200,4,236.0,21.0,0.0,1074.0,0.0
200,4,237.0,19.0,0.0,1074.0,0.0
200,4,238.0,18.0,0.0,1076.0,0.0
200,4,239.0,17.0,0.0,1077.0,0.0
200,4,240.0,15.0,0.0,1078.0,0.0
200,4,241.0,15.0,0.0,1080.0,0.0
200,4,242.0,14.0,0.0,1080.0,0.0
200,4,243.0,14.0,0.0,1081.0,0.0
200,4,244.0,13.0,0.0,1081.0,0.0
200,4,245.0,12.0,0.0,1082.0,0.0
200,4,246.0,12.0,0.0,1083.0,0.0
200,4,247.0,12.0,0.0,1083.0,0.0
200,4,248.0,10.0,0.0,1083.0,0.0
200,4,249.0,10.0,0.0,1085.0,0.0
200,4,250.0,8.0,0.0,1085.0,0.0
200,4,251.0,8.0,0.0,1087.0,0.0
200,4,252.0,8.0,0.0,1087.0,0.0
200,4,253.0,7.0,0.0,1087.0,0.0
200,4,254.0,4.0,0.0,1088.0,0.0
200,4,255.0,3.0,0.0,1091.0,0.0
200,4,256.0,3.0,0.0,1092.0,0.0
200,4,257.0,3.0,0.0,1092.0,0.0
200,4,258.0,3.0,0.0,1092.0,0.0
200,4,259.0,2.0,0.0,1092.0,0.0
200,4,260.0,2.0,0.0,1093.0,0.0
200,4,261.0,2.0,0.0,1093.0,0.0
200,4,262.0,1.0,0.0,1093.0,0.0
200,4,263.0,1.0,0.0,1094.0,0.0
200,4,264.0,1.0,0.0,1094.0,0.0
200,4,265.0,1.0,0.0,1094.0,0.0
200,4,266.0,1.0,0.0,1094.0,0.0
200,4,267.0,1.0,0.0,1094.0,0.0
200,4,268.0,0.0,0.0,1094.0,0.0
200,4,269.0,0.0,0.0,1095.0,0.0
200,5,0.0,4.0,0.0,0.0,0.0
200,5,1.0,9.0,0.0,0.0,0.0
200,5,2.0,15.0,0.0,0.0,0.0
200,5,3.0,21.0,0.0,0.0,0.0
200,5,4.0,26.0,0.0,0.0,0.0
200,5,5.0,33.0,0.0,0.0,0.0
200,5,6.0,38.0,0.0,0.0,0.0
200,5,7.0,46.0,0.0,0.0,0.0
200,5,8.0,51.0,0.0,0.0,0.0
200,5,9.0,54.0,0.0,0.0,0.0
200,5,10.0,59.0,0.0,0.0,0.0
200,5,11.0,61.0,0.0,0.0,0.0
200,5,12.0,65.0,0.0,0.0,0.0
200,5,13.0,71.0,0.0,0.0,0.0
200,5,14.0,76.0,0.0,0.0,0.0
200,5,15.0,85.0,0.0,0.0,0.0
200,5,16.0,91.0,0.0,0.0,0.0
200,5,17.0,98.0,0.0,0.0,0.0
200,5,18.0,105.0,0.0,0.0,0.0
200,5,19.0,109.0,0.0,0.0,0.0
200,5,20.0,112.0,0.0,0.0,0.0
200,5,21.0,116.0,0.0,2.0,0.0
200,5,22.0,123.0,0.0,2.0,0.0
200,5,23.0,126.0,0.0,2.0,0.0
200,5,24.0,127.0,0.0,4.0,0.0
200,5,25.0,132.0,0.0,9.0,0.0
200,5,26.0,135.0,0.0,10.0,0.0
200,5,27.0,137.0,0.0,12.0,0.0
200,5,28.0,139.0,0.0,15.0,0.0
200,5,29.0,137.0,0.0,18.0,0.0
200,5,30.0,138.0,0.0,25.0,0.0
200,5,31.0,136.0,0.0,30.0,0.0
200,5,32.0,142.0,0.0,35.0,0.0
200,5,33.0,146.0,0.0,39.0,0.0
200,5,34.0,140.0,0.0,40.0,0.0
200,5,35.0,145.0,0.0,48.0,0.0
200,5,36.0,143.0,0.0,51.0,0.0
200,5,37.0,148.0,0.0,56.0,0.0
200,5,38.0,153.0,0.0,60.0,0.0
200,5,39.0,155.0,0.0,62.0,0.0
200,5,40.0,154.0,0.0,67.0,0.0
200,5,41.0,154.0,0.0,71.0,0.0
200,5,42.0,156.0,0.0,75.0,0.0
200,5,43.0,154.0,0.0,79.0,0.0
200,5,44.0,155.0,0.0,84.0,0.0
200,5,45.0,157.0,0.0,89.0,0.0
200,5,46.0,157.0,0.0,92.0,0.0
200,5,47.0,155.0,0.0,96.0,0.0
200,5,48.0,156.0,0.0,104.0,0.0
200,5,49.0,157.0,0.0,107.0,0.0
200,5,50.0,160.0,0.0,113.0,0.0
200,5,51.0,163.0,0.0,116.0,0.0
200,5,52.0,164.0,0.0,117.0,0.0
200,5,53.0,166.0,0.0,123.0,0.0
200,5,54.0,159.0,0.0,127.0,0.0
200,5,55.0,160.0,0.0,138.0,0.0
200,5,56.0,160.0,0.0,141.0,0.0
200,5,57.0,160.0,0.0,147.0,0.0
200,5,58.0,161.0,0.0,150.0,0.0
200,5,59.0,165.0,0.0,155.0,0.0
200,5,60.0,164.0,0.0,158.0,0.0
200,5,61.0,161.0,0.0,165.0,0.0
200,5,62.0,162.0,0.0,172.0,0.0
200,5,63.0,164.0,0.0,177.0,0.0
200,5,64.0,166.0,0.0,181.0,0.0
200,5,65.0,163.0,0.0,185.0,0.0
200,5,66.0,161.0,0.0,192.0,0.0
200,5,67.0,162.0,0.0,199.0,0.0
200,5,68.0,166.0,0.0,205.0,0.0
200,5,69.0,168.0,0.0,207.0,0.0
200,5,70.0,170.0,0.0,211.0,0.0
200,5,71.0,175.0,0.0,215.0,0.0
200,5,72.0,175.0,0.0,219.0,0.0
200,5,73.0,176.0,0.0,223.0,0.0
200,5,74.0,173.0,0.0,225.0,0.0
200,5,75.0,173.0,0.0,233.0,0.0
200,5,76.0,170.0,0.0,239.0,0.0
200,5,77.0,173.0,0.0,247.0,0.0
200,5,78.0,173.0,0.0,252.0,0.0
200,5,79.0,175.0,0.0,257.0,0.0
200,5,80.0,176.0,0.0,265.0,0.0
200,5,81.0,177.0,0.0,269.0,0.0
200,5,82.0,179.0,0.0,274.0,0.0
200,5,83.0,181.0,0.0,281.0,0.0
200,5,84.0,178.0,0.0,285.0,0.0
200,5,85.0,178.0,0.0,293.0,0.0
200,5,86.0,175.0,0.0,297.0,0.0
200,5,87.0,178.0,0.0,303.0,0.0
200,5,88.0,178.0,0.0,308.0,0.0
200,5,89.0,177.0,0.0,315.0,0.0
200,5,90.0,169.0,0.0,321.0,0.0
200,5,91.0,170.0,0.0,333.0,0.0
200,5,92.0,170.0,0.0,339.0,0.0
200,5,93.0,173.0,0.0,347.0,0.0
200,5,94.0,171.0,0.0,351.0,0.0
200,5,95.0,172.0,0.0,356.0,0.0
200,5,96.0,173.0,0.0,358.0,0.0
200,5,97.0,175.0,0.0,362.0,0.0
200,5,98.0,175.0,0.0,364.0,0.0
200,5,99.0,177.0,0.0,370.0,0.0
200,5,100.0,175.0,0.0,375.0,0.0
200,5,101.0,176.0,0.0,380.0,0.0
200,5,102.0,176.0,0.0,383.0,0.0
200,5,103.0,174.0,0.0,390.0,0.0
200,5,104.0,176.0,0.0,397.0,0.0
200,5,105.0,174.0,0.0,401.0,0.0
200,5,106.0,173.0,0.0,408.0,0.0
200,5,107.0,167.0,0.0,413.0,0.0
200,5,108.0,166.0,0.0,420.0,0.0
200,5,109.0,167.0,0.0,426.0,0.0
200,5,110.0,161.0,0.0,429.0,0.0
200,5,111.0,158.0,0.0,439.0,0.0
200,5,112.0,161.0,0.0,447.0,0.0
200,5,113.0,160.0,0.0,450.0,0.0
200,5,114.0,165.0,0.0,456.0,0.0
200,5,115.0,162.0,0.0,462.0,0.0
200,5,116.0,161.0,0.0,469.0,0.0
200,5,117.0,154.0,0.0,475.0,0.0
200,5,118.0,153.0,0.0,484.0,0.0
200,5,119.0,156.0,0.0,490.0,0.0
200,5,120.0,155.0,0.0,492.0,0.0
200,5,121.0,155.0,0.0,496.0,0.0
200,5,122.0,156.0,0.0,503.0,0.0
200,5,123.0,150.0,0.0,506.0,0.0
200,5,124.0,148.0,0.0,515.0,0.0
200,5,125.0,145.0,0.0,520.0,0.0
200,5,126.0,143.0,0.0,527.0,0.0
200,5,127.0,144.0,0.0,532.0,0.0
200,5,128.0,145.0,0.0,537.0,0.0
200,5,129.0,142.0,0.0,542.0,0.0
200,5,130.0,140.0,0.0,550.0,0.0
200,5,131.0,139.0,0.0,554.0,0.0
200,5,132.0,138.0,0.0,560.0,0.0
200,5,133.0,139.0,0.0,566.0,0.0
200,5,134.0,143.0,0.0,573.0,0.0
200,5,135.0,142.0,0.0,578.0,0.0
200,5,136.0,139.0,0.0,582.0,0.0
200,5,137.0,136.0,0.0,587.0,0.0
200,5,138.0,136.0,0.0,594.0,0.0
200,5,139.0,138.0,0.0,600.0,0.0
200,5,140.0,143.0,0.0,604.0,0.0
200,5,141.0,144.0,0.0,605.0,0.0
200,5,142.0,145.0,0.0,611.0,0.0
200,5,143.0,147.0,0.0,615.0,0.0
200,5,144.0,145.0,0.0,618.0,0.0
200,5,145.0,150.0,0.0,625.0,0.0
200,5,146.0,152.0,0.0,629.0,0.0
200,5,147.0,151.0,0.0,634.0,0.0
200,5,148.0,154.0,0.0,637.0,0.0
200,5,149.0,156.0,0.0,638.0,0.0
200,5,150.0,154.0,0.0,643.0,0.0
200,5,151.0,158.0,0.0,649.0,0.0
200,5,152.0,160.0,0.0,655.0,0.0
200,5,153.0,166.0,0.0,659.0,0.0
200,5,154.0,171.0,0.0,661.0,0.0
200,5,155.0,170.0,0.0,664.0,0.0
200,5,156.0,173.0,0.0,668.0,0.0
200,5,157.0,170.0,0.0,670.0,0.0
200,5,158.0,167.0,0.0,676.0,0.0
200,5,159.0,170.0,0.0,684.0,0.0
200,5,160.0,169.0,0.0,689.0,0.0
200,5,161.0,167.0,0.0,695.0,0.0
200,5,162.0,168.0,0.0,702.0,0.0
200,5,163.0,166.0,0.0,709.0,0.0
200,5,164.0,167.0,0.0,714.0,0.0
200,5,165.0,168.0,0.0,719.0,0.0
200,5,166.0,168.0,0.0,724.0,0.0
200,5,167.0,175.0,0.0,731.0,0.0
200,5,168.0,175.0,0.0,734.0,0.0
200,5,169.0,170.0,0.0,739.0,0.0
200,5,170.0,174.0,0.0,746.0,0.0
200,5,171.0,176.0,0.0,748.0,0.0
200,5,172.0,173.0,0.0,753.0,0.0
200,5,173.0,172.0,0.0,762.0,0.0
200,5,174.0,176.0,0.0,769.0,0.0
200,5,175.0,180.0,0.0,771.0,0.0
200,5,176.0,180.0,0.0,774.0,0.0
200,5,177.0,180.0,0.0,781.0,0.0
200,5,178.0,181.0,0.0,786.0,0.0
200,5,179.0,180.0,0.0,789.0,0.0
200,5,180.0,177.0,0.0,795.0,0.0
200,5,181.0,177.0,0.0,804.0,0.0
200,5,182.0,178.0,0.0,810.0,0.0
200,5,183.0,175.0,0.0,816.0,0.0
200,5,184.0,169.0,0.0,823.0,0.0
200,5,185.0,172.0,0.0,833.0,0.0
200,5,186.0,171.0,0.0,838.0,0.0
200,5,187.0,174.0,0.0,842.0,0.0
200,5,188.0,174.0,0.0,847.0,0.0
200,5,189.0,173.0,0.0,850.0,0.0
200,5,190.0,169.0,0.0,857.0,0.0
200,5,191.0,170.0,0.0,865.0,0.0
200,5,192.0,170.0,0.0,869.0,0.0
200,5,193.0,170.0,0.0,876.0,0.0
200,5,194.0,170.0,0.0,884.0,0.0
200,5,195.0,173.0,0.0,887.0,0.0
200,5,196.0,173.0,0.0,889.0,0.0
200,5,197.0,170.0,0.0,893.0,0.0
200,5,198.0,171.0,0.0,898.0,0.0
200,5,199.0,169.0,0.0,904.0,0.0
200,5,200.0,166.0,0.0,910.0,0.0
200,5,201.0,164.0,0.0,917.0,0.0
200,5,202.0,158.0,0.0,919.0,0.0
200,5,203.0,153.0,0.0,925.0,0.0
200,5,204.0,148.0,0.0,930.0,0.0
200,5,205.0,145.0,0.0,935.0,0.0
200,5,206.0,139.0,0.0,938.0,0.0
200,5,207.0,134.0,0.0,944.0,0.0
200,5,208.0,127.0,0.0,949.0,0.0
200,5,209.0,118.0,0.0,956.0,0.0
200,5,210.0,114.0,0.0,965.0,0.0
200,5,211.0,108.0,0.0,969.0,0.0
200,5,212.0,103.0,0.0,975.0,0.0
200,5,213.0,97.0,0.0,980.0,0.0
200,5,214.0,91.0,0.0,986.0,0.0
200,5,215.0,79.0,0.0,992.0,0.0
200,5,216.0,73.0,0.0,1004.0,0.0
200,5,217.0,69.0,0.0,1010.0,0.0
200,5,218.0,67.0,0.0,1014.0,0.0
200,5,219.0,62.0,0.0,1016.0,0.0
200,5,220.0,58.0,0.0,1021.0,0.0
200,5,221.0,56.0,0.0,1025.0,0.0
200,5,222.0,53.0,0.0,1027.0,0.0
200,5,223.0,46.0,0.0,1030.0,0.0
200,5,224.0,39.0,0.0,1037.0,0.0
200,5,225.0,38.0,0.0,1044.0,0.0
200,5,226.0,37.0,0.0,1045.0,0.0
200,5,227.0,36.0,0.0,1046.0,0.0
200,5,228.0,35.0,0.0,1047.0,0.0
200,5,229.0,33.0,0.0,1048.0,0.0
200,5,230.0,30.0,0.0,1050.0,0.0
200,5,231.0,29.0,0.0,1053.0,0.0
200,5,232.0,26.0,0.0,1054.0,0.0
200,5,233.0,25.0,0.0,1057.0,0.0
200,5,234.0,21.0,0.0,1058.0,0.0
200,5,235.0,21.0,0.0,1062.0,0.0
200,5,236.0,20.0,0.0,1062.0,0.0
200,5,237.0,18.0,0.0,1063.0,0.0
200,5,238.0,18.0,0.0,1065.0,0.0
200,5,239.0,18.0,0.0,1065.0,0.0
200,5,240.0,16.0,0.0,1065.0,0.0
200,5,241.0,16.0,0.0,1067.0,0.0
200,5,242.0,13.0,0.0,1067.0,0.0
200,5,243.0,13.0,0.0,1070.0,0.0
200,5,244.0,13.0,0.0,1070.0,0.0
200,5,245.0,12.0,0.0,1070.0,0.0
200,5,246.0,10.0,0.0,1071.0,0.0
200,5,247.0,9.0,0.0,1073.0,0.0
200,5,248.0,9.0,0.0,1074.0,0.0
200,5,249.0,9.0,0.0,1074.0,0.0
200,5,250.0,9.0,0.0,1074.0,0.0
200,5,251.0,9.0,0.0,1074.0,0.0
200,5,252.0,9.0,0.0,1074.0,0.0
200,5,253.0,8.0,0.0,1074.0,0.0
200,5,254.0,8.0,0.0,1075.0,0.0
200,5,255.0,8.0,0.0,1075.0,0.0
200,5,256.0,8.0,0.0,1075.0,0.0
200,5,257.0,8.0,0.0,1075.0,0.0
200,5,258.0,8.0,0.0,1075.0,0.0
200,5,259.0,6.0,0.0,1075.0,0.0
200,5,260.0,5.0,0.0,1077.0,0.0
200,5,261.0,4.0,0.0,1078.0,0.0
200,5,262.0,3.0,0.0,1079.0,0.0
200,5,263.0,3.0,0.0,1080.0,0.0
200,5,264.0,1.0,0.0,1080.0,0.0
200,5,265.0,1.0,0.0,1082.0,0.0
200,5,266.0,0.0,0.0,1082.0,0.0
200,5,267.0,0.0,0.0,1083.0,0.0
200,6,0.0,8.0,0.0,0.0,0.0
200,6,1.0,14.0,0.0,0.0,0.0
200,6,2.0,17.0,0.0,0.0,0.0
200,6,3.0,19.0,0.0,0.0,0.0
200,6,4.0,25.0,0.0,0.0,0.0
200,6,5.0,30.0,0.0,0.0,0.0
200,6,6.0,37.0,0.0,0.0,0.0
200,6,7.0,44.0,0.0,0.0,0.0
200,6,8.0,47.0,0.0,0.0,0.0
200,6,9.0,52.0,0.0,0.0,0.0
200,6,10.0,57.0,0.0,0.0,0.0
200,6,11.0,61.0,0.0,0.0,0.0
200,6,12.0,66.0,0.0,0.0,0.0
200,6,13.0,70.0,0.0,1.0,0.0
200,6,14.0,77.0,0.0,1.0,0.0
200,6,15.0,84.0,0.0,1.0,0.0
200,6,16.0,88.0,0.0,1.0,0.0
200,6,17.0,91.0,0.0,1.0,0.0
200,6,18.0,98.0,0.0,2.0,0.0
200,6,19.0,108.0,0.0,2.0,0.0
200,6,20.0,116.0,0.0,2.0,0.0
200,6,21.0,117.0,0.0,2.0,0.0
200,6,22.0,122.0,0.0,5.0,0.0
200,6,23.0,129.0,0.0,6.0,0.0
200,6,24.0,132.0,0.0,6.0,0.0
200,6,25.0,137.0,0.0,8.0,0.0
200,6,26.0,140.0,0.0,10.0,0.0
200,6,27.0,141.0,0.0,14.0,0.0
200,6,28.0,145.0,0.0,19.0,0.0
200,6,29.0,149.0,0.0,21.0,0.0
200,6,30.0,150.0,0.0,24.0,0.0
200,6,31.0,154.0,0.0,28.0,0.0
200,6,32.0,159.0,0.0,29.0,0.0
200,6,33.0,163.0,0.0,31.0,0.0
200,6,34.0,165.0,0.0,36.0,0.0
200,6,35.0,168.0,0.0,44.0,0.0
200,6,36.0,167.0,0.0,46.0,0.0
200,6,37.0,167.0,0.0,51.0,0.0
200,6,38.0,169.0,0.0,58.0,0.0
200,6,39.0,172.0,0.0,60.0,0.0
200,6,40.0,177.0,0.0,64.0,0.0
200,6,41.0,175.0,0.0,67.0,0.0
200,6,42.0,178.0,0.0,72.0,0.0
200,6,43.0,178.0,0.0,74.0,0.0
200,6,44.0,178.0,0.0,82.0,0.0
200,6,45.0,178.0,0.0,87.0,0.0
200,6,46.0,181.0,0.0,93.0,0.0
200,6,47.0,181.0,0.0,95.0,0.0
200,6,48.0,174.0,0.0,101.0,0.0
200,6,49.0,172.0,0.0,111.0,0.0
200,6,50.0,172.0,0.0,116.0,0.0
200,6,51.0,175.0,0.0,123.0,0.0
200,6,52.0,172.0,0.0,129.0,0.0
200,6,53.0,172.0,0.0,134.0,0.0
200,6,54.0,171.0,0.0,139.0,0.0
200,6,55.0,171.0,0.0,147.0,0.0
200,6,56.0,171.0,0.0,153.0,0.0
200,6,57.0,173.0,0.0,158.0,0.0
200,6,58.0,176.0,0.0,162.0,0.0
200,6,59.0,174.0,0.0,167.0,0.0
200,6,60.0,174.0,0.0,172.0,0.0
200,6,61.0,171.0,0.0,176.0,0.0
200,6,62.0,177.0,0.0,184.0,0.0
200,6,63.0,185.0,0.0,188.0,0.0
200,6,64.0,182.0,0.0,189.0,0.0
200,6,65.0,179.0,0.0,196.0,0.0
200,6,66.0,173.0,0.0,205.0,0.0
200,6,67.0,170.0,0.0,213.0,0.0
200,6,68.0,170.0,0.0,221.0,0.0
200,6,69.0,173.0,0.0,226.0,0.0
200,6,70.0,172.0,0.0,231.0,0.0
200,6,71.0,169.0,0.0,236.0,0.0
200,6,72.0,172.0,0.0,244.0,0.0
200,6,73.0,172.0,0.0,246.0,0.0
200,6,74.0,174.0,0.0,251.0,0.0
200,6,75.0,173.0,0.0,255.0,0.0
200,6,76.0,170.0,0.0,261.0,0.0
200,6,77.0,172.0,0.0,269.0,0.0
200,6,78.0,176.0,0.0,275.0,0.0
200,6,79.0,174.0,0.0,280.0,0.0
200,6,80.0,174.0,0.0,288.0,0.0
200,6,81.0,172.0,0.0,291.0,0.0
200,6,82.0,170.0,0.0,297.0,0.0
200,6,83.0,171.0,0.0,305.0,0.0
200,6,84.0,167.0,0.0,310.0,0.0
200,6,85.0,166.0,0.0,317.0,0.0
200,6,86.0,170.0,0.0,322.0,0.0
200,6,87.0,171.0,0.0,326.0,0.0
200,6,88.0,169.0,0.0,332.0,0.0
200,6,89.0,171.0,0.0,339.0,0.0
200,6,90.0,175.0,0.0,346.0,0.0
200,6,91.0,174.0,0.0,348.0,0.0
200,6,92.0,172.0,0.0,352.0,0.0
200,6,93.0,172.0,0.0,358.0,0.0
200,6,94.0,176.0,0.0,366.0,0.0
200,6,95.0,178.0,0.0,371.0,0.0
200,6,96.0,179.0,0.0,377.0,0.0
200,6,97.0,175.0,0.0,383.0,0.0
200,6,98.0,178.0,0.0,391.0,0.0
200,6,99.0,177.0,0.0,395.0,0.0
200,6,100.0,183.0,0.0,400.0,0.0
200,6,101.0,182.0,0.0,402.0,0.0
200,6,102.0,182.0,0.0,407.0,0.0
200,6,103.0,180.0,0.0,413.0,0.0
200,6,104.0,182.0,0.0,418.0,0.0
200,6,105.0,183.0,0.0,425.0,0.0
200,6,106.0,185.0,0.0,430.0,0.0
200,6,107.0,187.0,0.0,433.0,0.0
200,6,108.0,184.0,0.0,440.0,0.0
200,6,109.0,180.0,0.0,447.0,0.0
200,6,110.0,184.0,0.0,455.0,0.0
200,6,111.0,185.0,0.0,461.0,0.0
200,6,112.0,190.0,0.0,468.0,0.0
200,6,113.0,192.0,0.0,471.0,0.0
200,6,114.0,193.0,0.0,477.0,0.0
200,6,115.0,190.0,0.0,479.0,0.0
200,6,116.0,189.0,0.0,486.0,0.0
200,6,117.0,185.0,0.0,494.0,0.0
200,6,118.0,184.0,0.0,501.0,0.0
200,6,119.0,185.0,0.0,510.0,0.0
200,6,120.0,187.0,0.0,515.0,0.0
200,6,121.0,189.0,0.0,521.0,0.0
200,6,122.0,184.0,0.0,526.0,0.0
200,6,123.0,189.0,0.0,536.0,0.0
200,6,124.0,190.0,0.0,537.0,0.0
200,6,125.0,194.0,0.0,542.0,0.0
200,6,126.0,190.0,0.0,545.0,0.0
200,6,127.0,188.0,0.0,554.0,0.0
200,6,128.0,189.0,0.0,562.0,0.0
200,6,129.0,185.0,0.0,569.0,0.0
200,6,130.0,184.0,0.0,575.0,0.0
200,6,131.0,185.0,0.0,583.0,0.0
200,6,132.0,186.0,0.0,588.0,0.0
200,6,133.0,184.0,0.0,594.0,0.0
200,6,134.0,183.0,0.0,600.0,0.0
200,6,135.0,185.0,0.0,606.0,0.0
200,6,136.0,185.0,0.0,609.0,0.0
200,6,137.0,186.0,0.0,617.0,0.0
200,6,138.0,189.0,0.0,623.0,0.0
200,6,139.0,190.0,0.0,627.0,0.0
200,6,140.0,184.0,0.0,632.0,0.0
200,6,141.0,178.0,0.0,641.0,0.0
200,6,142.0,176.0,0.0,649.0,0.0
200,6,143.0,177.0,0.0,655.0,0.0
200,6,144.0,175.0,0.0,660.0,0.0
200,6,145.0,179.0,0.0,666.0,0.0
200,6,146.0,183.0,0.0,672.0,0.0
200,6,147.0,184.0,0.0,678.0,0.0
200,6,148.0,187.0,0.0,684.0,0.0
200,6,149.0,185.0,0.0,687.0,0.0
200,6,150.0,184.0,0.0,695.0,0.0
200,6,151.0,182.0,0.0,700.0,0.0
200,6,152.0,176.0,0.0,707.0,0.0
200,6,153.0,178.0,0.0,714.0,0.0
200,6,154.0,180.0,0.0,718.0,0.0
200,6,155.0,179.0,0.0,723.0,0.0
200,6,156.0,179.0,0.0,729.0,0.0
200,6,157.0,173.0,0.0,734.0,0.0
200,6,158.0,173.0,0.0,743.0,0.0
200,6,159.0,170.0,0.0,748.0,0.0
200,6,160.0,174.0,0.0,753.0,0.0
200,6,161.0,176.0,0.0,755.0,0.0
200,6,162.0,172.0,0.0,759.0,0.0
200,6,163.0,172.0,0.0,767.0,0.0
200,6,164.0,168.0,0.0,774.0,0.0
200,6,165.0,169.0,0.0,782.0,0.0
200,6,166.0,168.0,0.0,786.0,0.0
200,6,167.0,170.0,0.0,791.0,0.0
200,6,168.0,173.0,0.0,796.0,0.0
200,6,169.0,177.0,0.0,800.0,0.0
200,6,170.0,177.0,0.0,803.0,0.0
200,6,171.0,175.0,0.0,807.0,0.0
200,6,172.0,170.0,0.0,814.0,0.0
200,6,173.0,171.0,0.0,822.0,0.0
200,6,174.0,173.0,0.0,826.0,0.0
200,6,175.0,169.0,0.0,831.0,0.0
200,6,176.0,168.0,0.0,841.0,0.0
200,6,177.0,166.0,0.0,848.0,0.0
200,6,178.0,165.0,0.0,855.0,0.0
200,6,179.0,165.0,0.0,859.0,0.0
200,6,180.0,164.0,0.0,863.0,0.0
200,6,181.0,163.0,0.0,869.0,0.0
200,6,182.0,159.0,0.0,875.0,0.0
200,6,183.0,159.0,0.0,885.0,0.0
200,6,184.0,159.0,0.0,890.0,0.0
200,6,185.0,156.0,0.0,897.0,0.0
200,6,186.0,156.0,0.0,905.0,0.0
200,6,187.0,158.0,0.0,910.0,0.0
200,6,188.0,160.0,0.0,916.0,0.0
200,6,189.0,164.0,0.0,921.0,0.0
200,6,190.0,169.0,0.0,926.0,0.0
200,6,191.0,170.0,0.0,927.0,0.0
200,6,192.0,171.0,0.0,931.0,0.0
200,6,193.0,164.0,0.0,935.0,0.0
200,6,194.0,162.0,0.0,944.0,0.0
200,6,195.0,164.0,0.0,951.0,0.0
200,6,196.0,164.0,0.0,954.0,0.0
200,6,197.0,163.0,0.0,957.0,0.0
200,6,198.0,162.0,0.0,964.0,0.0
200,6,199.0,164.0,0.0,971.0,0.0
200,6,200.0,164.0,0.0,976.0,0.0
200,6,201.0,154.0,0.0,982.0,0.0
200,6,202.0,147.0,0.0,992.0,0.0
200,6,203.0,143.0,0.0,999.0,0.0
200,6,204.0,140.0,0.0,1003.0,0.0
200,6,205.0,135.0,0.0,1006.0,0.0
200,6,206.0,128.0,0.0,1011.0,0.0
200,6,207.0,125.0,0.0,1018.0,0.0
200,6,208.0,120.0,0.0,1021.0,0.0
200,6,209.0,113.0,0.0,1026.0,0.0
200,6,210.0,104.0,0.0,1033.0,0.0
200,6,211.0,100.0,0.0,1042.0,0.0
200,6,212.0,95.0,0.0,1046.0,0.0
200,6,213.0,91.0,0.0,1051.0,0.0
200,6,214.0,88.0,0.0,1055.0,0.0
200,6,215.0,83.0,0.0,1058.0,0.0
200,6,216.0,79.0,0.0,1063.0,0.0
200,6,217.0,73.0,0.0,1067.0,0.0
200,6,218.0,66.0,0.0,1073.0,0.0
200,6,219.0,62.0,0.0,1080.0,0.0
200,6,220.0,57.0,0.0,1084.0,0.0
200,6,221.0,53.0,0.0,1089.0,0.0
200,6,222.0,52.0,0.0,1093.0,0.0
200,6,223.0,46.0,0.0,1094.0,0.0
200,6,224.0,40.0,0.0,1100.0,0.0
200,6,225.0,37.0,0.0,1106.0,0.0
200,6,226.0,37.0,0.0,1109.0,0.0
200,6,227.0,34.0,0.0,1109.0,0.0
200,6,228.0,34.0,0.0,1112.0,0.0
200,6,229.0,33.0,0.0,1112.0,0.0
200,6,230.0,32.0,0.0,1113.0,0.0
200,6,231.0,30.0,0.0,1114.0,0.0
200,6,232.0,30.0,0.0,1116.0,0.0
200,6,233.0,28.0,0.0,1116.0,0.0
200,6,234.0,27.0,0.0,1118.0,0.0
200,6,235.0,24.0,0.0,1119.0,0.0
200,6,236.0,23.0,0.0,1122.0,0.0
200,6,237.0,22.0,0.0,1123.0,0.0
200,6,238.0,20.0,0.0,1124.0,0.0
200,6,239.0,20.0,0.0,1126.0,0.0
200,6,240.0,19.0,0.0,1126.0,0.0
200,6,241.0,19.0,0.0,1127.0,0.0
200,6,242.0,17.0,0.0,1127.0,0.0
200,6,243.0,17.0,0.0,1129.0,0.0
200,6,244.0,16.0,0.0,1129.0,0.0
200,6,245.0,15.0,0.0,1130.0,0.0
200,6,246.0,13.0,0.0,1131.0,0.0
200,6,247.0,13.0,0.0,1133.0,0.0
200,6,248.0,12.0,0.0,1133.0,0.0
200,6,249.0,12.0,0.0,1134.0,0.0
200,6,250.0,11.0,0.0,1134.0,0.0
200,6,251.0,11.0,0.0,1135.0,0.0
200,6,252.0,10.0,0.0,1135.0,0.0
200,6,253.0,9.0,0.0,1136.0,0.0
200,6,254.0,9.0,0.0,1137.0,0.0
200,6,255.0,9.0,0.0,1137.0,0.0
200,6,256.0,8.0,0.0,1137.0,0.0
200,6,257.0,6.0,0.0,1138.0,0.0
200,6,258.0,5.0,0.0,1140.0,0.0
200,6,259.0,5.0,0.0,1141.0,0.0
200,6,260.0,4.0,0.0,1141.0,0.0
200,6,261.0,4.0,0.0,1142.0,0.0
200,6,262.0,3.0,0.0,1142.0,0.0
200,6,263.0,2.0,0.0,1143.0,0.0
200,6,264.0,2.0,0.0,1144.0,0.0
200,6,265.0,1.0,0.0,1144.0,0.0
200,6,266.0,1.0,0.0,1145.0,0.0
200,6,267.0,1.0,0.0,1145.0,0.0
200,6,268.0,1.0,0.0,1145.0,0.0
200,6,269.0,1.0,0.0,1145.0,0.0
200,6,270.0,0.0,0.0,1145.0,0.0
200,6,271.0,0.0,0.0,1146.0,0.0
200,7,0.0,5.0,0.0,0.0,0.0
200,7,1.0,9.0,0.0,0.0,0.0
200,7,2.0,14.0,0.0,0.0,0.0
200,7,3.0,20.0,0.0,0.0,0.0
200,7,4.0,26.0,0.0,0.0,0.0
200,7,5.0,35.0,0.0,0.0,0.0
200,7,6.0,39.0,0.0,0.0,0.0
200,7,7.0,42.0,0.0,0.0,0.0
200,7,8.0,48.0,0.0,0.0,0.0
200,7,9.0,51.0,0.0,0.0,0.0
200,7,10.0,58.0,0.0,0.0,0.0
200,7,11.0,62.0,0.0,0.0,0.0
200,7,12.0,68.0,0.0,0.0,0.0
200,7,13.0,72.0,0.0,0.0,0.0
200,7,14.0,78.0,0.0,0.0,0.0
200,7,15.0,81.0,0.0,0.0,0.0
200,7,16.0,87.0,0.0,0.0,0.0
200,7,17.0,93.0,0.0,0.0,0.0
200,7,18.0,102.0,0.0,1.0,0.0
200,7,19.0,107.0,0.0,1.0,0.0
200,7,20.0,111.0,0.0,1.0,0.0
200,7,21.0,116.0,0.0,3.0,0.0
200,7,22.0,119.0,0.0,3.0,0.0
200,7,23.0,122.0,0.0,5.0,0.0
200,7,24.0,124.0,0.0,5.0,0.0
200,7,25.0,129.0,0.0,7.0,0.0
200,7,26.0,129.0,0.0,8.0,0.0
200,7,27.0,128.0,0.0,11.0,0.0
200,7,28.0,130.0,0.0,16.0,0.0
200,7,29.0,131.0,0.0,18.0,0.0
200,7,30.0,134.0,0.0,22.0,0.0
200,7,31.0,134.0,0.0,26.0,0.0
200,7,32.0,136.0,0.0,30.0,0.0
200,7,33.0,133.0,0.0,33.0,0.0
200,7,34.0,137.0,0.0,38.0,0.0
200,7,35.0,140.0,0.0,42.0,0.0
200,7,36.0,143.0,0.0,47.0,0.0
200,7,37.0,144.0,0.0,51.0,0.0
200,7,38.0,143.0,0.0,55.0,0.0
200,7,39.0,142.0,0.0,60.0,0.0
200,7,40.0,141.0,0.0,65.0,0.0
200,7,41.0,144.0,0.0,70.0,0.0
200,7,42.0,140.0,0.0,75.0,0.0
200,7,43.0,144.0,0.0,82.0,0.0
200,7,44.0,142.0,0.0,84.0,0.0
200,7,45.0,145.0,0.0,90.0,0.0
200,7,46.0,149.0,0.0,93.0,0.0
200,7,47.0,153.0,0.0,97.0,0.0
200,7,48.0,152.0,0.0,100.0,0.0
200,7,49.0,156.0,0.0,104.0,0.0
200,7,50.0,160.0,0.0,108.0,0.0
200,7,51.0,159.0,0.0,110.0,0.0
200,7,52.0,162.0,0.0,115.0,0.0
200,7,53.0,161.0,0.0,116.0,0.0
200,7,54.0,160.0,0.0,121.0,0.0
200,7,55.0,163.0,0.0,126.0,0.0
200,7,56.0,162.0,0.0,131.0,0.0
200,7,57.0,162.0,0.0,133.0,0.0
200,7,58.0,163.0,0.0,137.0,0.0
200,7,59.0,165.0,0.0,143.0,0.0
200,7,60.0,166.0,0.0,147.0,0.0
200,7,61.0,166.0,0.0,152.0,0.0
200,7,62.0,170.0,0.0,156.0,0.0
200,7,63.0,169.0,0.0,158.0,0.0
200,7,64.0,172.0,0.0,165.0,0.0
200,7,65.0,172.0,0.0,169.0,0.0
200,7,66.0,175.0,0.0,173.0,0.0
200,7,67.0,176.0,0.0,177.0,0.0
200,7,68.0,178.0,0.0,182.0,0.0
200,7,69.0,173.0,0.0,186.0,0.0
200,7,70.0,173.0,0.0,196.0,0.0
200,7,71.0,169.0,0.0,202.0,0.0
200,7,72.0,168.0,0.0,210.0,0.0
200,7,73.0,169.0,0.0,218.0,0.0
200,7,74.0,171.0,0.0,225.0,0.0
200,7,75.0,177.0,0.0,227.0,0.0
200,7,76.0,177.0,0.0,230.0,0.0
200,7,77.0,174.0,0.0,236.0,0.0
200,7,78.0,171.0,0.0,241.0,0.0
200,7,79.0,170.0,0.0,248.0,0.0
200,7,80.0,169.0,0.0,254.0,0.0
200,7,81.0,167.0,0.0,256.0,0.0
200,7,82.0,167.0,0.0,263.0,0.0
200,7,83.0,167.0,0.0,268.0,0.0
200,7,84.0,168.0,0.0,274.0,0.0
200,7,85.0,166.0,0.0,280.0,0.0
200,7,86.0,168.0,0.0,284.0,0.0
200,7,87.0,170.0,0.0,290.0,0.0
200,7,88.0,162.0,0.0,293.0,0.0
200,7,89.0,165.0,0.0,304.0,0.0
200,7,90.0,164.0,0.0,309.0,0.0
200,7,91.0,165.0,0.0,314.0,0.0
200,7,92.0,161.0,0.0,320.0,0.0
200,7,93.0,166.0,0.0,329.0,0.0
200,7,94.0,168.0,0.0,330.0,0.0
200,7,95.0,167.0,0.0,333.0,0.0
200,7,96.0,163.0,0.0,338.0,0.0
200,7,97.0,161.0,0.0,348.0,0.0
200,7,98.0,163.0,0.0,355.0,0.0
200,7,99.0,162.0,0.0,359.0,0.0
200,7,100.0,160.0,0.0,368.0,0.0
200,7,101.0,164.0,0.0,375.0,0.0
200,7,102.0,175.0,0.0,376.0,0.0
200,7,103.0,173.0,0.0,377.0,0.0
200,7,104.0,171.0,0.0,384.0,0.0
200,7,105.0,169.0,0.0,388.0,0.0
200,7,106.0,170.0,0.0,394.0,0.0
200,7,107.0,166.0,0.0,398.0,0.0
200,7,108.0,165.0,0.0,404.0,0.0
200,7,109.0,162.0,0.0,411.0,0.0
200,7,110.0,160.0,0.0,417.0,0.0
200,7,111.0,159.0,0.0,426.0,0.0
200,7,112.0,160.0,0.0,431.0,0.0
200,7,113.0,161.0,0.0,435.0,0.0
200,7,114.0,161.0,0.0,442.0,0.0
200,7,115.0,158.0,0.0,446.0,0.0
200,7,116.0,154.0,0.0,452.0,0.0
200,7,117.0,158.0,0.0,460.0,0.0
200,7,118.0,158.0,0.0,463.0,0.0
200,7,119.0,159.0,0.0,466.0,0.0
200,7,120.0,160.0,0.0,472.0,0.0
200,7,121.0,157.0,0.0,477.0,0.0
200,7,122.0,161.0,0.0,485.0,0.0
200,7,123.0,163.0,0.0,488.0,0.0
200,7,124.0,160.0,0.0,495.0,0.0
200,7,125.0,158.0,0.0,502.0,0.0
200,7,126.0,159.0,0.0,508.0,0.0
200,7,127.0,155.0,0.0,510.0,0.0
200,7,128.0,155.0,0.0,519.0,0.0
200,7,129.0,153.0,0.0,525.0,0.0
200,7,130.0,150.0,0.0,532.0,0.0
200,7,131.0,150.0,0.0,539.0,0.0
200,7,132.0,146.0,0.0,544.0,0.0
200,7,133.0,148.0,0.0,553.0,0.0
200,7,134.0,149.0,0.0,557.0,0.0
200,7,135.0,152.0,0.0,561.0,0.0
200,7,136.0,157.0,0.0,563.0,0.0
200,7,137.0,157.0,0.0,568.0,0.0
200,7,138.0,160.0,0.0,572.0,0.0
200,7,139.0,162.0,0.0,574.0,0.0
200,7,140.0,162.0,0.0,577.0,0.0
200,7,141.0,163.0,0.0,583.0,0.0
200,7,142.0,164.0,0.0,589.0,0.0
200,7,143.0,168.0,0.0,595.0,0.0
200,7,144.0,170.0,0.0,598.0,0.0
200,7,145.0,177.0,0.0,601.0,0.0
200,7,146.0,174.0,0.0,605.0,0.0
200,7,147.0,180.0,0.0,613.0,0.0
200,7,148.0,183.0,0.0,616.0,0.0
200,7,149.0,183.0,0.0,619.0,0.0
200,7,150.0,181.0,0.0,626.0,0.0
200,7,151.0,185.0,0.0,632.0,0.0
200,7,152.0,187.0,0.0,637.0,0.0
200,7,153.0,186.0,0.0,638.0,0.0
200,7,154.0,188.0,0.0,642.0,0.0
200,7,155.0,185.0,0.0,646.0,0.0
200,7,156.0,186.0,0.0,652.0,0.0
200,7,157.0,186.0,0.0,658.0,0.0
200,7,158.0,185.0,0.0,663.0,0.0
200,7,159.0,179.0,0.0,670.0,0.0
200,7,160.0,181.0,0.0,681.0,0.0
200,7,161.0,177.0,0.0,682.0,0.0
200,7,162.0,179.0,0.0,691.0,0.0
200,7,163.0,181.0,0.0,693.0,0.0
200,7,164.0,177.0,0.0,697.0,0.0
200,7,165.0,178.0,0.0,708.0,0.0
200,7,166.0,179.0,0.0,712.0,0.0
200,7,167.0,177.0,0.0,718.0,0.0
200,7,168.0,179.0,0.0,723.0,0.0
200,7,169.0,180.0,0.0,728.0,0.0
200,7,170.0,179.0,0.0,733.0,0.0
200,7,171.0,175.0,0.0,741.0,0.0
200,7,172.0,174.0,0.0,750.0,0.0
200,7,173.0,176.0,0.0,756.0,0.0
200,7,174.0,175.0,0.0,762.0,0.0
200,7,175.0,171.0,0.0,766.0,0.0
200,7,176.0,172.0,0.0,774.0,0.0
200,7,177.0,172.0,0.0,777.0,0.0
200,7,178.0,168.0,0.0,785.0,0.0
200,7,179.0,161.0,0.0,794.0,0.0
200,7,180.0,158.0,0.0,803.0,0.0
200,7,181.0,162.0,0.0,811.0,0.0
200,7,182.0,161.0,0.0,814.0,0.0
200,7,183.0,160.0,0.0,820.0,0.0
200,7,184.0,161.0,0.0,827.0,0.0
200,7,185.0,162.0,0.0,835.0,0.0
200,7,186.0,166.0,0.0,840.0,0.0
200,7,187.0,165.0,0.0,842.0,0.0
200,7,188.0,166.0,0.0,846.0,0.0
200,7,189.0,166.0,0.0,851.0,0.0
200,7,190.0,165.0,0.0,855.0,0.0
200,7,191.0,161.0,0.0,862.0,0.0
200,7,192.0,162.0,0.0,871.0,0.0
200,7,193.0,161.0,0.0,876.0,0.0
200,7,194.0,158.0,0.0,880.0,0.0
200,7,195.0,162.0,0.0,887.0,0.0
200,7,196.0,164.0,0.0,892.0,0.0
200,7,197.0,163.0,0.0,895.0,0.0
200,7,198.0,164.0,0.0,902.0,0.0
200,7,199.0,162.0,0.0,906.0,0.0
200,7,200.0,163.0,0.0,913.0,0.0
200,7,201.0,157.0,0.0,917.0,0.0
200,7,202.0,152.0,0.0,923.0,0.0
200,7,203.0,148.0,0.0,928.0,0.0
200,7,204.0,142.0,0.0,932.0,0.0
200,7,205.0,138.0,0.0,938.0,0.0
200,7,206.0,132.0,0.0,942.0,0.0
200,7,207.0,127.0,0.0,948.0,0.0
200,7,208.0,120.0,0.0,953.0,0.0
200,7,209.0,114.0,0.0,960.0,0.0
200,7,210.0,106.0,0.0,966.0,0.0
200,7,211.0,101.0,0.0,974.0,0.0
200,7,212.0,96.0,0.0,979.0,0.0
200,7,213.0,90.0,0.0,984.0,0.0
200,7,214.0,86.0,0.0,990.0,0.0
200,7,215.0,82.0,0.0,994.0,0.0
200,7,216.0,80.0,0.0,998.0,0.0
200,7,217.0,76.0,0.0,1000.0,0.0
200,7,218.0,71.0,0.0,1004.0,0.0
200,7,219.0,66.0,0.0,1009.0,0.0
200,7,220.0,60.0,0.0,1014.0,0.0
200,7,221.0,58.0,0.0,1020.0,0.0
200,7,222.0,52.0,0.0,1022.0,0.0
200,7,223.0,50.0,0.0,1028.0,0.0
200,7,224.0,44.0,0.0,1030.0,0.0
200,7,225.0,41.0,0.0,1036.0,0.0
200,7,226.0,37.0,0.0,1039.0,0.0
200,7,227.0,35.0,0.0,1043.0,0.0
200,7,228.0,35.0,0.0,1045.0,0.0
200,7,229.0,35.0,0.0,1045.0,0.0
200,7,230.0,33.0,0.0,1045.0,0.0
200,7,231.0,31.0,0.0,1047.0,0.0
200,7,232.0,28.0,0.0,1049.0,0.0
200,7,233.0,27.0,0.0,1052.0,0.0
200,7,234.0,25.0,0.0,1053.0,0.0
200,7,235.0,25.0,0.0,1055.0,0.0
200,7,236.0,24.0,0.0,1055.0,0.0
200,7,237.0,22.0,0.0,1056.0,0.0
200,7,238.0,21.0,0.0,1058.0,0.0
200,7,239.0,21.0,0.0,1059.0,0.0
200,7,240.0,19.0,0.0,1059.0,0.0
200,7,241.0,18.0,0.0,1061.0,0.0
200,7,242.0,18.0,0.0,1062.0,0.0
200,7,243.0,16.0,0.0,1062.0,0.0
200,7,244.0,15.0,0.0,1064.0,0.0
200,7,245.0,13.0,0.0,1065.0,0.0
200,7,246.0,12.0,0.0,1067.0,0.0
200,7,247.0,12.0,0.0,1068.0,0.0
200,7,248.0,11.0,0.0,1068.0,0.0
200,7,249.0,11.0,0.0,1069.0,0.0
200,7,250.0,11.0,0.0,1069.0,0.0
200,7,251.0,10.0,0.0,1069.0,0.0
200,7,252.0,9.0,0.0,1070.0,0.0
200,7,253.0,8.0,0.0,1071.0,0.0
200,7,254.0,8.0,0.0,1072.0,0.0
200,7,255.0,6.0,0.0,1072.0,0.0
200,7,256.0,6.0,0.0,1074.0,0.0
200,7,257.0,5.0,0.0,1074.0,0.0
200,7,258.0,4.0,0.0,1075.0,0.0
200,7,259.0,4.0,0.0,1076.0,0.0
200,7,260.0,3.0,0.0,1076.0,0.0
200,7,261.0,3.0,0.0,1077.0,0.0
200,7,262.0,3.0,0.0,1077.0,0.0
200,7,263.0,3.0,0.0,1077.0,0.0
200,7,264.0,3.0,0.0,1077.0,0.0
200,7,265.0,2.0,0.0,1077.0,0.0
200,7,266.0,2.0,0.0,1078.0,0.0
200,7,267.0,1.0,0.0,1078.0,0.0
200,7,268.0,0.0,0.0,1079.0,0.0
200,7,269.0,0.0,0.0,1080.0,0.0
200,8,0.0,5.0,0.0,0.0,0.0
200,8,1.0,11.0,0.0,0.0,0.0
200,8,2.0,19.0,0.0,0.0,0.0
200,8,3.0,23.0,0.0,0.0,0.0
200,8,4.0,29.0,0.0,0.0,0.0
200,8,5.0,33.0,0.0,0.0,0.0
200,8,6.0,36.0,0.0,0.0,0.0
200,8,7.0,40.0,0.0,0.0,0.0
200,8,8.0,45.0,0.0,0.0,0.0
200,8,9.0,50.0,0.0,0.0,0.0
200,8,10.0,54.0,0.0,0.0,0.0
200,8,11.0,61.0,0.0,0.0,0.0
200,8,12.0,65.0,0.0,0.0,0.0
200,8,13.0,71.0,0.0,0.0,0.0
200,8,14.0,76.0,0.0,0.0,0.0
200,8,15.0,82.0,0.0,0.0,0.0
200,8,16.0,89.0,0.0,0.0,0.0
200,8,17.0,92.0,0.0,0.0,0.0
200,8,18.0,100.0,0.0,0.0,0.0
200,8,19.0,105.0,0.0,0.0,0.0
200,8,20.0,113.0,0.0,1.0,0.0
200,8,21.0,117.0,0.0,1.0,0.0
200,8,22.0,124.0,0.0,3.0,0.0
200,8,23.0,130.0,0.0,3.0,0.0
200,8,24.0,134.0,0.0,5.0,0.0
200,8,25.0,136.0,0.0,7.0,0.0
200,8,26.0,136.0,0.0,9.0,0.0
200,8,27.0,144.0,0.0,14.0,0.0
200,8,28.0,146.0,0.0,16.0,0.0
200,8,29.0,147.0,0.0,20.0,0.0
200,8,30.0,150.0,0.0,22.0,0.0
200,8,31.0,151.0,0.0,26.0,0.0
200,8,32.0,153.0,0.0,28.0,0.0
200,8,33.0,154.0,0.0,33.0,0.0
200,8,34.0,157.0,0.0,37.0,0.0
200,8,35.0,156.0,0.0,39.0,0.0
200,8,36.0,157.0,0.0,42.0,0.0
200,8,37.0,166.0,0.0,45.0,0.0
200,8,38.0,162.0,0.0,47.0,0.0
200,8,39.0,163.0,0.0,55.0,0.0
200,8,40.0,162.0,0.0,58.0,0.0
200,8,41.0,163.0,0.0,62.0,0.0
200,8,42.0,161.0,0.0,66.0,0.0
200,8,43.0,160.0,0.0,72.0,0.0
200,8,44.0,159.0,0.0,80.0,0.0
200,8,45.0,160.0,0.0,86.0,0.0
200,8,46.0,162.0,0.0,93.0,0.0
200,8,47.0,159.0,0.0,97.0,0.0
200,8,48.0,162.0,0.0,107.0,0.0
200,8,49.0,158.0,0.0,111.0,0.0
200,8,50.0,159.0,0.0,118.0,0.0
200,8,51.0,160.0,0.0,123.0,0.0
200,8,52.0,162.0,0.0,126.0,0.0
200,8,53.0,161.0,0.0,132.0,0.0
200,8,54.0,162.0,0.0,138.0,0.0
200,8,55.0,159.0,0.0,142.0,0.0
200,8,56.0,159.0,0.0,150.0,0.0
200,8,57.0,161.0,0.0,155.0,0.0
200,8,58.0,170.0,0.0,157.0,0.0
200,8,59.0,171.0,0.0,158.0,0.0
200,8,60.0,170.0,0.0,164.0,0.0
200,8,61.0,171.0,0.0,171.0,0.0
200,8,62.0,174.0,0.0,173.0,0.0
200,8,63.0,174.0,0.0,177.0,0.0
200,8,64.0,170.0,0.0,179.0,0.0
200,8,65.0,173.0,0.0,186.0,0.0
200,8,66.0,173.0,0.0,190.0,0.0
200,8,67.0,172.0,0.0,194.0,0.0
200,8,68.0,172.0,0.0,201.0,0.0
200,8,69.0,178.0,0.0,204.0,0.0
200,8,70.0,177.0,0.0,208.0,0.0
200,8,71.0,175.0,0.0,212.0,0.0
200,8,72.0,171.0,0.0,220.0,0.0
200,8,73.0,170.0,0.0,229.0,0.0
200,8,74.0,168.0,0.0,236.0,0.0
200,8,75.0,169.0,0.0,242.0,0.0
200,8,76.0,164.0,0.0,246.0,0.0
200,8,77.0,166.0,0.0,254.0,0.0
200,8,78.0,168.0,0.0,260.0,0.0
200,8,79.0,166.0,0.0,263.0,0.0
200,8,80.0,165.0,0.0,271.0,0.0
200,8,81.0,166.0,0.0,278.0,0.0
200,8,82.0,165.0,0.0,281.0,0.0
200,8,83.0,171.0,0.0,288.0,0.0
200,8,84.0,171.0,0.0,293.0,0.0
200,8,85.0,167.0,0.0,299.0,0.0
200,8,86.0,166.0,0.0,306.0,0.0
200,8,87.0,165.0,0.0,311.0,0.0
200,8,88.0,163.0,0.0,315.0,0.0
200,8,89.0,164.0,0.0,321.0,0.0
200,8,90.0,161.0,0.0,326.0,0.0
200,8,91.0,163.0,0.0,334.0,0.0
200,8,92.0,167.0,0.0,339.0,0.0
200,8,93.0,170.0,0.0,343.0,0.0
200,8,94.0,170.0,0.0,348.0,0.0
200,8,95.0,171.0,0.0,355.0,0.0
200,8,96.0,174.0,0.0,358.0,0.0
200,8,97.0,173.0,0.0,362.0,0.0
200,8,98.0,175.0,0.0,370.0,0.0
200,8,99.0,175.0,0.0,375.0,0.0
200,8,100.0,176.0,0.0,383.0,0.0
200,8,101.0,175.0,0.0,389.0,0.0
200,8,102.0,171.0,0.0,393.0,0.0
200,8,103.0,175.0,0.0,403.0,0.0
200,8,104.0,174.0,0.0,406.0,0.0
200,8,105.0,172.0,0.0,413.0,0.0
200,8,106.0,173.0,0.0,421.0,0.0
200,8,107.0,168.0,0.0,425.0,0.0
200,8,108.0,168.0,0.0,434.0,0.0
200,8,109.0,166.0,0.0,438.0,0.0
200,8,110.0,165.0,0.0,445.0,0.0
200,8,111.0,167.0,0.0,448.0,0.0
200,8,112.0,163.0,0.0,451.0,0.0
200,8,113.0,161.0,0.0,459.0,0.0
200,8,114.0,164.0,0.0,466.0,0.0
200,8,115.0,167.0,0.0,471.0,0.0
200,8,116.0,165.0,0.0,474.0,0.0
200,8,117.0,168.0,0.0,478.0,0.0
200,8,118.0,166.0,0.0,482.0,0.0
200,8,119.0,166.0,0.0,490.0,0.0
200,8,120.0,170.0,0.0,494.0,0.0
200,8,121.0,169.0,0.0,497.0,0.0
200,8,122.0,164.0,0.0,502.0,0.0
200,8,123.0,161.0,0.0,511.0,0.0
200,8,124.0,161.0,0.0,516.0,0.0
200,8,125.0,163.0,0.0,522.0,0.0
200,8,126.0,162.0,0.0,526.0,0.0
200,8,127.0,163.0,0.0,532.0,0.0
200,8,128.0,162.0,0.0,538.0,0.0
200,8,129.0,158.0,0.0,545.0,0.0
200,8,130.0,158.0,0.0,556.0,0.0
200,8,131.0,158.0,0.0,559.0,0.0
200,8,132.0,162.0,0.0,564.0,0.0
200,8,133.0,164.0,0.0,565.0,0.0
200,8,134.0,160.0,0.0,569.0,0.0
200,8,135.0,162.0,0.0,574.0,0.0
200,8,136.0,161.0,0.0,579.0,0.0
200,8,137.0,158.0,0.0,583.0,0.0
200,8,138.0,156.0,0.0,589.0,0.0
200,8,139.0,155.0,0.0,595.0,0.0
200,8,140.0,151.0,0.0,599.0,0.0
200,8,141.0,152.0,0.0,608.0,0.0
200,8,142.0,149.0,0.0,612.0,0.0
200,8,143.0,151.0,0.0,617.0,0.0
200,8,144.0,152.0,0.0,621.0,0.0
200,8,145.0,151.0,0.0,625.0,0.0
200,8,146.0,150.0,0.0,631.0,0.0
200,8,147.0,151.0,0.0,638.0,0.0
200,8,148.0,146.0,0.0,642.0,0.0
200,8,149.0,145.0,0.0,650.0,0.0
200,8,150.0,145.0,0.0,656.0,0.0
200,8,151.0,144.0,0.0,659.0,0.0
200,8,152.0,147.0,0.0,666.0,0.0
200,8,153.0,149.0,0.0,670.0,0.0
200,8,154.0,153.0,0.0,676.0,0.0
200,8,155.0,152.0,0.0,680.0,0.0
200,8,156.0,155.0,0.0,687.0,0.0
200,8,157.0,158.0,0.0,693.0,0.0
200,8,158.0,154.0,0.0,696.0,0.0
200,8,159.0,155.0,0.0,705.0,0.0
200,8,160.0,158.0,0.0,708.0,0.0
200,8,161.0,167.0,0.0,709.0,0.0
200,8,162.0,170.0,0.0,711.0,0.0
200,8,163.0,172.0,0.0,713.0,0.0
200,8,164.0,174.0,0.0,719.0,0.0
200,8,165.0,175.0,0.0,721.0,0.0
200,8,166.0,172.0,0.0,726.0,0.0
200,8,167.0,165.0,0.0,732.0,0.0
200,8,168.0,163.0,0.0,740.0,0.0
200,8,169.0,163.0,0.0,744.0,0.0
200,8,170.0,163.0,0.0,750.0,0.0
200,8,171.0,166.0,0.0,755.0,0.0
200,8,172.0,167.0,0.0,759.0,0.0
200,8,173.0,164.0,0.0,764.0,0.0
200,8,174.0,166.0,0.0,772.0,0.0
200,8,175.0,168.0,0.0,776.0,0.0
200,8,176.0,169.0,0.0,782.0,0.0
200,8,177.0,169.0,0.0,787.0,0.0
200,8,178.0,166.0,0.0,795.0,0.0
200,8,179.0,165.0,0.0,804.0,0.0
200,8,180.0,167.0,0.0,810.0,0.0
200,8,181.0,168.0,0.0,813.0,0.0
200,8,182.0,165.0,0.0,817.0,0.0
200,8,183.0,167.0,0.0,822.0,0.0
200,8,184.0,167.0,0.0,825.0,0.0
200,8,185.0,162.0,0.0,831.0,0.0
200,8,186.0,164.0,0.0,842.0,0.0
200,8,187.0,162.0,0.0,848.0,0.0
200,8,188.0,163.0,0.0,853.0,0.0
200,8,189.0,158.0,0.0,860.0,0.0
200,8,190.0,155.0,0.0,870.0,0.0
200,8,191.0,154.0,0.0,875.0,0.0
200,8,192.0,153.0,0.0,880.0,0.0
200,8,193.0,158.0,0.0,883.0,0.0
200,8,194.0,155.0,0.0,886.0,0.0
200,8,195.0,159.0,0.0,892.0,0.0
200,8,196.0,160.0,0.0,897.0,0.0
200,8,197.0,161.0,0.0,902.0,0.0
200,8,198.0,161.0,0.0,904.0,0.0
200,8,199.0,158.0,0.0,908.0,0.0
200,8,200.0,159.0,0.0,914.0,0.0
200,8,201.0,151.0,0.0,920.0,0.0
200,8,202.0,142.0,0.0,928.0,0.0
200,8,203.0,141.0,0.0,937.0,0.0
200,8,204.0,136.0,0.0,938.0,0.0
200,8,205.0,132.0,0.0,943.0,0.0
200,8,206.0,126.0,0.0,947.0,0.0
200,8,207.0,123.0,0.0,953.0,0.0
200,8,208.0,117.0,0.0,956.0,0.0
200,8,209.0,112.0,0.0,962.0,0.0
200,8,210.0,107.0,0.0,967.0,0.0
200,8,211.0,103.0,0.0,972.0,0.0
200,8,212.0,98.0,0.0,976.0,0.0
200,8,213.0,94.0,0.0,981.0,0.0
200,8,214.0,91.0,0.0,985.0,0.0
200,8,215.0,89.0,0.0,988.0,0.0
200,8,216.0,86.0,0.0,990.0,0.0
200,8,217.0,81.0,0.0,993.0,0.0
200,8,218.0,76.0,0.0,998.0,0.0
200,8,219.0,70.0,0.0,1003.0,0.0
200,8,220.0,64.0,0.0,1009.0,0.0
200,8,221.0,60.0,0.0,1015.0,0.0
200,8,222.0,57.0,0.0,1019.0,0.0
200,8,223.0,56.0,0.0,1022.0,0.0
200,8,224.0,48.0,0.0,1023.0,0.0
200,8,225.0,44.0,0.0,1031.0,0.0
200,8,226.0,43.0,0.0,1035.0,0.0
200,8,227.0,40.0,0.0,1036.0,0.0
200,8,228.0,37.0,0.0,1039.0,0.0
200,8,229.0,35.0,0.0,1042.0,0.0
200,8,230.0,32.0,0.0,1044.0,0.0
200,8,231.0,30.0,0.0,1047.0,0.0
200,8,232.0,28.0,0.0,1049.0,0.0
200,8,233.0,26.0,0.0,1051.0,0.0
200,8,234.0,24.0,0.0,1053.0,0.0
200,8,235.0,24.0,0.0,1055.0,0.0
200,8,236.0,24.0,0.0,1055.0,0.0
200,8,237.0,22.0,0.0,1055.0,0.0
200,8,238.0,20.0,0.0,1057.0,0.0
200,8,239.0,20.0,0.0,1059.0,0.0
200,8,240.0,19.0,0.0,1059.0,0.0
200,8,241.0,19.0,0.0,1060.0,0.0
200,8,242.0,16.0,0.0,1060.0,0.0
200,8,243.0,14.0,0.0,1063.0,0.0
200,8,244.0,13.0,0.0,1065.0,0.0
200,8,245.0,13.0,0.0,1066.0,0.0
200,8,246.0,13.0,0.0,1066.0,0.0
200,8,247.0,12.0,0.0,1066.0,0.0
200,8,248.0,12.0,0.0,1067.0,0.0
200,8,249.0,10.0,0.0,1067.0,0.0
200,8,250.0,10.0,0.0,1069.0,0.0
200,8,251.0,7.0,0.0,1069.0,0.0
200,8,252.0,7.0,0.0,1072.0,0.0
200,8,253.0,7.0,0.0,1072.0,0.0
200,8,254.0,7.0,0.0,1072.0,0.0
200,8,255.0,5.0,0.0,1072.0,0.0
200,8,256.0,5.0,0.0,1074.0,0.0
200,8,257.0,5.0,0.0,1074.0,0.0
200,8,258.0,4.0,0.0,1074.0,0.0
200,8,259.0,4.0,0.0,1075.0,0.0
200,8,260.0,3.0,0.0,1075.0,0.0
200,8,261.0,3.0,0.0,1076.0,0.0
200,8,262.0,3.0,0.0,1076.0,0.0
200,8,263.0,1.0,0.0,1076.0,0.0
200,8,264.0,1.0,0.0,1078.0,0.0
200,8,265.0,1.0,0.0,1078.0,0.0
200,8,266.0,1.0,0.0,1078.0,0.0
200,8,267.0,1.0,0.0,1078.0,0.0
200,8,268.0,1.0,0.0,1078.0,0.0
200,8,269.0,0.0,0.0,1078.0,0.0
200,8,270.0,0.0,0.0,1079.0,0.0
200,9,0.0,4.0,0.0,0.0,0.0
200,9,1.0,7.0,0.0,0.0,0.0
200,9,2.0,11.0,0.0,0.0,0.0
200,9,3.0,16.0,0.0,0.0,0.0
200,9,4.0,21.0,0.0,0.0,0.0
200,9,5.0,26.0,0.0,0.0,0.0
200,9,6.0,32.0,0.0,0.0,0.0
200,9,7.0,39.0,0.0,0.0,0.0
200,9,8.0,45.0,0.0,0.0,0.0
200,9,9.0,51.0,0.0,0.0,0.0
200,9,10.0,56.0,0.0,0.0,0.0
200,9,11.0,65.0,0.0,0.0,0.0
200,9,12.0,67.0,0.0,0.0,0.0
200,9,13.0,73.0,0.0,0.0,0.0
200,9,14.0,79.0,0.0,0.0,0.0
200,9,15.0,82.0,0.0,0.0,0.0
200,9,16.0,91.0,0.0,0.0,0.0
200,9,17.0,96.0,0.0,0.0,0.0
200,9,18.0,103.0,0.0,0.0,0.0
200,9,19.0,111.0,0.0,1.0,0.0
200,9,20.0,116.0,0.0,1.0,0.0
200,9,21.0,121.0,0.0,1.0,0.0
200,9,22.0,123.0,0.0,2.0,0.0
200,9,23.0,130.0,0.0,4.0,0.0
200,9,24.0,136.0,0.0,4.0,0.0
200,9,25.0,139.0,0.0,5.0,0.0
200,9,26.0,147.0,0.0,7.0,0.0
200,9,27.0,149.0,0.0,9.0,0.0
200,9,28.0,158.0,0.0,13.0,0.0
200,9,29.0,156.0,0.0,14.0,0.0
200,9,30.0,155.0,0.0,18.0,0.0
200,9,31.0,160.0,0.0,23.0,0.0
200,9,32.0,163.0,0.0,26.0,0.0
200,9,33.0,165.0,0.0,29.0,0.0
200,9,34.0,166.0,0.0,32.0,0.0
200,9,35.0,169.0,0.0,34.0,0.0
200,9,36.0,172.0,0.0,40.0,0.0
200,9,37.0,168.0,0.0,42.0,0.0
200,9,38.0,170.0,0.0,50.0,0.0
200,9,39.0,170.0,0.0,56.0,0.0
200,9,40.0,171.0,0.0,61.0,0.0
200,9,41.0,173.0,0.0,67.0,0.0
200,9,42.0,173.0,0.0,71.0,0.0
200,9,43.0,170.0,0.0,76.0,0.0
200,9,44.0,173.0,0.0,85.0,0.0
200,9,45.0,175.0,0.0,90.0,0.0
200,9,46.0,177.0,0.0,96.0,0.0
200,9,47.0,179.0,0.0,100.0,0.0
200,9,48.0,181.0,0.0,103.0,0.0
200,9,49.0,180.0,0.0,106.0,0.0
200,9,50.0,180.0,0.0,113.0,0.0
200,9,51.0,185.0,0.0,117.0,0.0
200,9,52.0,186.0,0.0,122.0,0.0
200,9,53.0,186.0,0.0,126.0,0.0
200,9,54.0,183.0,0.0,131.0,0.0
200,9,55.0,177.0,0.0,140.0,0.0
200,9,56.0,177.0,0.0,151.0,0.0
200,9,57.0,183.0,0.0,156.0,0.0
200,9,58.0,180.0,0.0,159.0,0.0
200,9,59.0,181.0,0.0,164.0,0.0
200,9,60.0,178.0,0.0,167.0,0.0
200,9,61.0,180.0,0.0,173.0,0.0
200,9,62.0,172.0,0.0,177.0,0.0
200,9,63.0,176.0,0.0,186.0,0.0
200,9,64.0,176.0,0.0,187.0,0.0
200,9,65.0,174.0,0.0,194.0,0.0
200,9,66.0,172.0,0.0,202.0,0.0
200,9,67.0,172.0,0.0,207.0,0.0
200,9,68.0,176.0,0.0,209.0,0.0
200,9,69.0,174.0,0.0,213.0,0.0
200,9,70.0,172.0,0.0,218.0,0.0
200,9,71.0,171.0,0.0,224.0,0.0
200,9,72.0,169.0,0.0,231.0,0.0
200,9,73.0,172.0,0.0,237.0,0.0
200,9,74.0,173.0,0.0,241.0,0.0
200,9,75.0,166.0,0.0,247.0,0.0
200,9,76.0,161.0,0.0,259.0,0.0
200,9,77.0,162.0,0.0,267.0,0.0
200,9,78.0,159.0,0.0,274.0,0.0
200,9,79.0,159.0,0.0,283.0,0.0
200,9,80.0,161.0,0.0,290.0,0.0
200,9,81.0,165.0,0.0,293.0,0.0
200,9,82.0,165.0,0.0,297.0,0.0
200,9,83.0,168.0,0.0,302.0,0.0
200,9,84.0,168.0,0.0,304.0,0.0
200,9,85.0,168.0,0.0,310.0,0.0
200,9,86.0,166.0,0.0,314.0,0.0
200,9,87.0,171.0,0.0,320.0,0.0
200,9,88.0,172.0,0.0,321.0,0.0
200,9,89.0,171.0,0.0,326.0,0.0
200,9,90.0,175.0,0.0,330.0,0.0
200,9,91.0,170.0,0.0,336.0,0.0
200,9,92.0,165.0,0.0,343.0,0.0
200,9,93.0,161.0,0.0,351.0,0.0
200,9,94.0,168.0,0.0,360.0,0.0
200,9,95.0,171.0,0.0,363.0,0.0
200,9,96.0,171.0,0.0,364.0,0.0
200,9,97.0,171.0,0.0,369.0,0.0
200,9,98.0,171.0,0.0,374.0,0.0
200,9,99.0,171.0,0.0,380.0,0.0
200,9,100.0,174.0,0.0,384.0,0.0
200,9,101.0,173.0,0.0,388.0,0.0
200,9,102.0,177.0,0.0,394.0,0.0
200,9,103.0,176.0,0.0,398.0,0.0
200,9,104.0,173.0,0.0,404.0,0.0
200,9,105.0,173.0,0.0,413.0,0.0
200,9,106.0,173.0,0.0,417.0,0.0
200,9,107.0,173.0,0.0,421.0,0.0
200,9,108.0,176.0,0.0,426.0,0.0
200,9,109.0,173.0,0.0,428.0,0.0
200,9,110.0,173.0,0.0,435.0,0.0
200,9,111.0,167.0,0.0,441.0,0.0
200,9,112.0,162.0,0.0,449.0,0.0
200,9,113.0,159.0,0.0,459.0,0.0
200,9,114.0,162.0,0.0,467.0,0.0
200,9,115.0,163.0,0.0,469.0,0.0
200,9,116.0,161.0,0.0,476.0,0.0
200,9,117.0,164.0,0.0,484.0,0.0
200,9,118.0,165.0,0.0,486.0,0.0
200,9,119.0,163.0,0.0,491.0,0.0
200,9,120.0,163.0,0.0,496.0,0.0
200,9,121.0,163.0,0.0,501.0,0.0
200,9,122.0,163.0,0.0,506.0,0.0
200,9,123.0,167.0,0.0,515.0,0.0
200,9,124.0,168.0,0.0,518.0,0.0
200,9,125.0,168.0,0.0,523.0,0.0
200,9,126.0,170.0,0.0,528.0,0.0
200,9,127.0,175.0,0.0,530.0,0.0
200,9,128.0,177.0,0.0,533.0,0.0
200,9,129.0,178.0,0.0,539.0,0.0
200,9,130.0,180.0,0.0,543.0,0.0
200,9,131.0,183.0,0.0,548.0,0.0
200,9,132.0,179.0,0.0,553.0,0.0
200,9,133.0,180.0,0.0,562.0,0.0
200,9,134.0,183.0,0.0,567.0,0.0
200,9,135.0,178.0,0.0,568.0,0.0
200,9,136.0,181.0,0.0,577.0,0.0
200,9,137.0,180.0,0.0,582.0,0.0
200,9,138.0,179.0,0.0,588.0,0.0
200,9,139.0,177.0,0.0,594.0,0.0
200,9,140.0,180.0,0.0,600.0,0.0
200,9,141.0,183.0,0.0,604.0,0.0
200,9,142.0,186.0,0.0,610.0,0.0
200,9,143.0,183.0,0.0,613.0,0.0
200,9,144.0,183.0,0.0,618.0,0.0
200,9,145.0,180.0,0.0,621.0,0.0
200,9,146.0,180.0,0.0,630.0,0.0
200,9,147.0,180.0,0.0,637.0,0.0
200,9,148.0,181.0,0.0,642.0,0.0
200,9,149.0,183.0,0.0,645.0,0.0
200,9,150.0,184.0,0.0,649.0,0.0
200,9,151.0,187.0,0.0,656.0,0.0
200,9,152.0,183.0,0.0,660.0,0.0
200,9,153.0,183.0,0.0,668.0,0.0
200,9,154.0,181.0,0.0,673.0,0.0
200,9,155.0,184.0,0.0,679.0,0.0
200,9,156.0,183.0,0.0,682.0,0.0
200,9,157.0,181.0,0.0,690.0,0.0
200,9,158.0,183.0,0.0,697.0,0.0
200,9,159.0,176.0,0.0,700.0,0.0
200,9,160.0,173.0,0.0,710.0,0.0
200,9,161.0,170.0,0.0,718.0,0.0
200,9,162.0,171.0,0.0,724.0,0.0
200,9,163.0,170.0,0.0,730.0,0.0
200,9,164.0,167.0,0.0,736.0,0.0
200,9,165.0,170.0,0.0,744.0,0.0
200,9,166.0,165.0,0.0,749.0,0.0
200,9,167.0,164.0,0.0,756.0,0.0
200,9,168.0,162.0,0.0,763.0,0.0
200,9,169.0,157.0,0.0,768.0,0.0
200,9,170.0,157.0,0.0,775.0,0.0
200,9,171.0,157.0,0.0,779.0,0.0
200,9,172.0,160.0,0.0,784.0,0.0
200,9,173.0,165.0,0.0,787.0,0.0
200,9,174.0,162.0,0.0,792.0,0.0
200,9,175.0,165.0,0.0,799.0,0.0
200,9,176.0,166.0,0.0,804.0,0.0
200,9,177.0,165.0,0.0,809.0,0.0
200,9,178.0,166.0,0.0,816.0,0.0
200,9,179.0,171.0,0.0,823.0,0.0
200,9,180.0,170.0,0.0,827.0,0.0
200,9,181.0,173.0,0.0,831.0,0.0
200,9,182.0,173.0,0.0,834.0,0.0
200,9,183.0,165.0,0.0,842.0,0.0
200,9,184.0,163.0,0.0,852.0,0.0
200,9,185.0,161.0,0.0,860.0,0.0
200,9,186.0,164.0,0.0,868.0,0.0
200,9,187.0,161.0,0.0,872.0,0.0
200,9,188.0,168.0,0.0,879.0,0.0
200,9,189.0,167.0,0.0,883.0,0.0
200,9,190.0,167.0,0.0,890.0,0.0
200,9,191.0,163.0,0.0,892.0,0.0
200,9,192.0,166.0,0.0,897.0,0.0
200,9,193.0,161.0,0.0,900.0,0.0
200,9,194.0,164.0,0.0,909.0,0.0
200,9,195.0,166.0,0.0,912.0,0.0
200,9,196.0,164.0,0.0,917.0,0.0
200,9,197.0,165.0,0.0,924.0,0.0
200,9,198.0,162.0,0.0,928.0,0.0
200,9,199.0,160.0,0.0,933.0,0.0
200,9,200.0,160.0,0.0,939.0,0.0
200,9,201.0,153.0,0.0,943.0,0.0
200,9,202.0,148.0,0.0,950.0,0.0
200,9,203.0,142.0,0.0,955.0,0.0
200,9,204.0,139.0,0.0,961.0,0.0
200,9,205.0,136.0,0.0,964.0,0.0
200,9,206.0,130.0,0.0,967.0,0.0
200,9,207.0,124.0,0.0,973.0,0.0
200,9,208.0,121.0,0.0,979.0,0.0
200,9,209.0,117.0,0.0,982.0,0.0
200,9,210.0,109.0,0.0,986.0,0.0
200,9,211.0,103.0,0.0,994.0,0.0
200,9,212.0,97.0,0.0,1000.0,0.0
200,9,213.0,92.0,0.0,1006.0,0.0
200,9,214.0,86.0,0.0,1011.0,0.0
200,9,215.0,81.0,0.0,1017.0,0.0
200,9,216.0,77.0,0.0,1022.0,0.0
200,9,217.0,70.0,0.0,1026.0,0.0
200,9,218.0,66.0,0.0,1033.0,0.0
200,9,219.0,61.0,0.0,1037.0,0.0
200,9,220.0,57.0,0.0,1042.0,0.0
200,9,221.0,54.0,0.0,1046.0,0.0
200,9,222.0,48.0,0.0,1049.0,0.0
200,9,223.0,44.0,0.0,1055.0,0.0
200,9,224.0,39.0,0.0,1059.0,0.0
200,9,225.0,38.0,0.0,1064.0,0.0
200,9,226.0,37.0,0.0,1065.0,0.0
200,9,227.0,35.0,0.0,1066.0,0.0
200,9,228.0,32.0,0.0,1068.0,0.0
200,9,229.0,28.0,0.0,1071.0,0.0
200,9,230.0,27.0,0.0,1075.0,0.0
200,9,231.0,24.0,0.0,1076.0,0.0
200,9,232.0,23.0,0.0,1079.0,0.0
200,9,233.0,22.0,0.0,1080.0,0.0
200,9,234.0,21.0,0.0,1081.0,0.0
200,9,235.0,21.0,0.0,1082.0,0.0
200,9,236.0,21.0,0.0,1082.0,0.0
200,9,237.0,19.0,0.0,1082.0,0.0
200,9,238.0,18.0,0.0,1084.0,0.0
200,9,239.0,15.0,0.0,1085.0,0.0
200,9,240.0,15.0,0.0,1088.0,0.0
200,9,241.0,14.0,0.0,1088.0,0.0
200,9,242.0,13.0,0.0,1089.0,0.0
200,9,243.0,12.0,0.0,1090.0,0.0
200,9,244.0,10.0,0.0,1091.0,0.0
200,9,245.0,10.0,0.0,1093.0,0.0
200,9,246.0,8.0,0.0,1093.0,0.0
200,9,247.0,8.0,0.0,1095.0,0.0
200,9,248.0,7.0,0.0,1095.0,0.0
200,9,249.0,6.0,0.0,1096.0,0.0
200,9,250.0,6.0,0.0,1097.0,0.0
200,9,251.0,6.0,0.0,1097.0,0.0
200,9,252.0,6.0,0.0,1097.0,0.0
200,9,253.0,5.0,0.0,1097.0,0.0
200,9,254.0,5.0,0.0,1098.0,0.0
200,9,255.0,4.0,0.0,1098.0,0.0
200,9,256.0,3.0,0.0,1099.0,0.0
200,9,257.0,3.0,0.0,1100.0,0.0
200,9,258.0,2.0,0.0,1100.0,0.0
200,9,259.0,2.0,0.0,1101.0,0.0
200,9,260.0,1.0,0.0,1101.0,0.0
200,9,261.0,1.0,0.0,1102.0,0.0
200,9,262.0,1.0,0.0,1102.0,0.0
200,9,263.0,1.0,0.0,1102.0,0.0
200,9,264.0,1.0,0.0,1102.0,0.0
200,9,265.0,1.0,0.0,1102.0,0.0
200,9,266.0,1.0,0.0,1102.0,0.0
200,9,267.0,0.0,0.0,1102.0,0.0
200,9,268.0,0.0,0.0,1103.0,0.0
200,10,0.0,5.0,0.0,0.0,0.0
200,10,1.0,9.0,0.0,0.0,0.0
200,10,2.0,11.0,0.0,0.0,0.0
200,10,3.0,17.0,0.0,0.0,0.0
200,10,4.0,21.0,0.0,0.0,0.0
200,10,5.0,26.0,0.0,0.0,0.0
200,10,6.0,31.0,0.0,0.0,0.0
200,10,7.0,34.0,0.0,0.0,0.0
200,10,8.0,43.0,0.0,0.0,0.0
200,10,9.0,45.0,0.0,0.0,0.0
200,10,10.0,51.0,0.0,0.0,0.0
200,10,11.0,56.0,0.0,0.0,0.0
200,10,12.0,63.0,0.0,0.0,0.0
200,10,13.0,65.0,0.0,0.0,0.0
200,10,14.0,69.0,0.0,0.0,0.0
200,10,15.0,77.0,0.0,0.0,0.0
200,10,16.0,80.0,0.0,0.0,0.0
200,10,17.0,89.0,0.0,0.0,0.0
200,10,18.0,92.0,0.0,0.0,0.0
200,10,19.0,98.0,0.0,0.0,0.0
200,10,20.0,102.0,0.0,0.0,0.0
200,10,21.0,109.0,0.0,0.0,0.0
200,10,22.0,110.0,0.0,0.0,0.0
200,10,23.0,113.0,0.0,1.0,0.0
200,10,24.0,117.0,0.0,2.0,0.0
200,10,25.0,118.0,0.0,4.0,0.0
200,10,26.0,120.0,0.0,5.0,0.0
200,10,27.0,121.0,0.0,11.0,0.0
200,10,28.0,122.0,0.0,13.0,0.0
200,10,29.0,125.0,0.0,17.0,0.0
200,10,30.0,129.0,0.0,19.0,0.0
200,10,31.0,131.0,0.0,20.0,0.0
200,10,32.0,128.0,0.0,22.0,0.0
200,10,33.0,130.0,0.0,26.0,0.0
200,10,34.0,134.0,0.0,30.0,0.0
200,10,35.0,135.0,0.0,33.0,0.0
200,10,36.0,134.0,0.0,36.0,0.0
200,10,37.0,135.0,0.0,39.0,0.0
200,10,38.0,140.0,0.0,44.0,0.0
200,10,39.0,143.0,0.0,48.0,0.0
200,10,40.0,144.0,0.0,52.0,0.0
200,10,41.0,146.0,0.0,55.0,0.0
200,10,42.0,145.0,0.0,59.0,0.0
200,10,43.0,142.0,0.0,63.0,0.0
200,10,44.0,139.0,0.0,71.0,0.0
200,10,45.0,139.0,0.0,77.0,0.0
200,10,46.0,143.0,0.0,81.0,0.0
200,10,47.0,148.0,0.0,83.0,0.0
200,10,48.0,147.0,0.0,86.0,0.0
200,10,49.0,147.0,0.0,91.0,0.0
200,10,50.0,145.0,0.0,95.0,0.0
200,10,51.0,140.0,0.0,100.0,0.0
200,10,52.0,139.0,0.0,108.0,0.0
200,10,53.0,141.0,0.0,112.0,0.0
200,10,54.0,138.0,0.0,118.0,0.0
200,10,55.0,139.0,0.0,126.0,0.0
200,10,56.0,143.0,0.0,130.0,0.0
200,10,57.0,145.0,0.0,133.0,0.0
200,10,58.0,146.0,0.0,136.0,0.0
200,10,59.0,146.0,0.0,140.0,0.0
200,10,60.0,146.0,0.0,143.0,0.0
200,10,61.0,145.0,0.0,150.0,0.0
200,10,62.0,144.0,0.0,155.0,0.0
200,10,63.0,140.0,0.0,160.0,0.0
200,10,64.0,139.0,0.0,168.0,0.0
200,10,65.0,146.0,0.0,172.0,0.0
200,10,66.0,148.0,0.0,175.0,0.0
200,10,67.0,148.0,0.0,179.0,0.0
200,10,68.0,151.0,0.0,185.0,0.0
200,10,69.0,152.0,0.0,188.0,0.0
200,10,70.0,157.0,0.0,193.0,0.0
200,10,71.0,159.0,0.0,195.0,0.0
200,10,72.0,160.0,0.0,199.0,0.0
200,10,73.0,164.0,0.0,204.0,0.0
200,10,74.0,169.0,0.0,209.0,0.0
200,10,75.0,170.0,0.0,213.0,0.0
200,10,76.0,167.0,0.0,216.0,0.0
200,10,77.0,169.0,0.0,225.0,0.0
200,10,78.0,171.0,0.0,229.0,0.0
200,10,79.0,172.0,0.0,232.0,0.0
200,10,80.0,176.0,0.0,235.0,0.0
200,10,81.0,173.0,0.0,238.0,0.0
200,10,82.0,175.0,0.0,243.0,0.0
200,10,83.0,174.0,0.0,247.0,0.0
200,10,84.0,173.0,0.0,253.0,0.0
200,10,85.0,172.0,0.0,261.0,0.0
200,10,86.0,174.0,0.0,270.0,0.0
200,10,87.0,171.0,0.0,273.0,0.0
200,10,88.0,169.0,0.0,279.0,0.0
200,10,89.0,177.0,0.0,285.0,0.0
200,10,90.0,175.0,0.0,287.0,0.0
200,10,91.0,176.0,0.0,293.0,0.0
200,10,92.0,173.0,0.0,298.0,0.0
200,10,93.0,170.0,0.0,306.0,0.0
200,10,94.0,169.0,0.0,313.0,0.0
200,10,95.0,175.0,0.0,317.0,0.0
200,10,96.0,174.0,0.0,319.0,0.0
200,10,97.0,172.0,0.0,328.0,0.0
200,10,98.0,169.0,0.0,334.0,0.0
200,10,99.0,171.0,0.0,344.0,0.0
200,10,100.0,169.0,0.0,349.0,0.0
200,10,101.0,164.0,0.0,354.0,0.0
200,10,102.0,160.0,0.0,363.0,0.0
200,10,103.0,157.0,0.0,370.0,0.0
200,10,104.0,160.0,0.0,378.0,0.0
200,10,105.0,161.0,0.0,381.0,0.0
200,10,106.0,163.0,0.0,384.0,0.0
200,10,107.0,162.0,0.0,387.0,0.0
200,10,108.0,159.0,0.0,393.0,0.0
200,10,109.0,158.0,0.0,399.0,0.0
200,10,110.0,157.0,0.0,403.0,0.0
200,10,111.0,157.0,0.0,408.0,0.0
200,10,112.0,161.0,0.0,415.0,0.0
200,10,113.0,160.0,0.0,418.0,0.0
200,10,114.0,163.0,0.0,423.0,0.0
200,10,115.0,158.0,0.0,427.0,0.0
200,10,116.0,163.0,0.0,437.0,0.0
200,10,117.0,162.0,0.0,442.0,0.0
200,10,118.0,165.0,0.0,448.0,0.0
200,10,119.0,167.0,0.0,452.0,0.0
200,10,120.0,167.0,0.0,456.0,0.0
200,10,121.0,165.0,0.0,462.0,0.0
200,10,122.0,166.0,0.0,467.0,0.0
200,10,123.0,166.0,0.0,472.0,0.0
200,10,124.0,167.0,0.0,478.0,0.0
200,10,125.0,172.0,0.0,485.0,0.0
200,10,126.0,174.0,0.0,490.0,0.0
200,10,127.0,170.0,0.0,494.0,0.0
200,10,128.0,170.0,0.0,501.0,0.0
200,10,129.0,173.0,0.0,504.0,0.0
200,10,130.0,172.0,0.0,511.0,0.0
200,10,131.0,173.0,0.0,515.0,0.0
200,10,132.0,172.0,0.0,521.0,0.0
200,10,133.0,168.0,0.0,526.0,0.0
200,10,134.0,168.0,0.0,532.0,0.0
200,10,135.0,168.0,0.0,536.0,0.0
200,10,136.0,168.0,0.0,539.0,0.0
200,10,137.0,168.0,0.0,543.0,0.0
200,10,138.0,164.0,0.0,549.0,0.0
200,10,139.0,168.0,0.0,557.0,0.0
200,10,140.0,170.0,0.0,563.0,0.0
200,10,141.0,169.0,0.0,568.0,0.0
200,10,142.0,170.0,0.0,575.0,0.0
200,10,143.0,169.0,0.0,581.0,0.0
200,10,144.0,170.0,0.0,591.0,0.0
200,10,145.0,170.0,0.0,596.0,0.0
200,10,146.0,170.0,0.0,600.0,0.0
200,10,147.0,162.0,0.0,604.0,0.0
200,10,148.0,163.0,0.0,615.0,0.0
200,10,149.0,164.0,0.0,617.0,0.0
200,10,150.0,164.0,0.0,622.0,0.0
200,10,151.0,165.0,0.0,625.0,0.0
200,10,152.0,163.0,0.0,628.0,0.0
200,10,153.0,162.0,0.0,633.0,0.0
200,10,154.0,162.0,0.0,638.0,0.0
200,10,155.0,165.0,0.0,643.0,0.0
200,10,156.0,163.0,0.0,648.0,0.0
200,10,157.0,162.0,0.0,653.0,0.0
200,10,158.0,161.0,0.0,657.0,0.0
200,10,159.0,157.0,0.0,664.0,0.0
200,10,160.0,158.0,0.0,671.0,0.0
200,10,161.0,158.0,0.0,678.0,0.0
200,10,162.0,160.0,0.0,682.0,0.0
200,10,163.0,161.0,0.0,685.0,0.0
200,10,164.0,164.0,0.0,688.0,0.0
200,10,165.0,164.0,0.0,691.0,0.0
200,10,166.0,161.0,0.0,700.0,0.0
200,10,167.0,159.0,0.0,708.0,0.0
200,10,168.0,156.0,0.0,714.0,0.0
200,10,169.0,155.0,0.0,719.0,0.0
200,10,170.0,154.0,0.0,727.0,0.0
200,10,171.0,152.0,0.0,731.0,0.0
200,10,172.0,156.0,0.0,740.0,0.0
200,10,173.0,153.0,0.0,743.0,0.0
200,10,174.0,155.0,0.0,748.0,0.0
200,10,175.0,154.0,0.0,751.0,0.0
200,10,176.0,154.0,0.0,756.0,0.0
200,10,177.0,157.0,0.0,760.0,0.0
200,10,178.0,158.0,0.0,764.0,0.0
200,10,179.0,158.0,0.0,769.0,0.0
200,10,180.0,156.0,0.0,774.0,0.0
200,10,181.0,156.0,0.0,780.0,0.0
200,10,182.0,158.0,0.0,783.0,0.0
200,10,183.0,160.0,0.0,787.0,0.0
200,10,184.0,166.0,0.0,792.0,0.0
200,10,185.0,163.0,0.0,793.0,0.0
200,10,186.0,167.0,0.0,798.0,0.0
200,10,187.0,162.0,0.0,800.0,0.0
200,10,188.0,167.0,0.0,811.0,0.0
200,10,189.0,164.0,0.0,814.0,0.0
200,10,190.0,165.0,0.0,821.0,0.0
200,10,191.0,163.0,0.0,826.0,0.0
200,10,192.0,161.0,0.0,832.0,0.0
200,10,193.0,158.0,0.0,838.0,0.0
200,10,194.0,157.0,0.0,843.0,0.0
200,10,195.0,160.0,0.0,848.0,0.0
200,10,196.0,157.0,0.0,851.0,0.0
200,10,197.0,156.0,0.0,857.0,0.0
200,10,198.0,154.0,0.0,862.0,0.0
200,10,199.0,150.0,0.0,867.0,0.0
200,10,200.0,147.0,0.0,875.0,0.0
200,10,201.0,143.0,0.0,881.0,0.0
200,10,202.0,140.0,0.0,885.0,0.0
200,10,203.0,133.0,0.0,888.0,0.0
200,10,204.0,129.0,0.0,895.0,0.0
200,10,205.0,123.0,0.0,899.0,0.0
200,10,206.0,118.0,0.0,905.0,0.0
200,10,207.0,115.0,0.0,910.0,0.0
200,10,208.0,109.0,0.0,913.0,0.0
200,10,209.0,107.0,0.0,919.0,0.0
200,10,210.0,100.0,0.0,921.0,0.0
200,10,211.0,92.0,0.0,928.0,0.0
200,10,212.0,87.0,0.0,936.0,0.0
200,10,213.0,83.0,0.0,941.0,0.0
200,10,214.0,78.0,0.0,945.0,0.0
200,10,215.0,76.0,0.0,950.0,0.0
200,10,216.0,70.0,0.0,952.0,0.0
200,10,217.0,64.0,0.0,958.0,0.0
200,10,218.0,61.0,0.0,964.0,0.0
200,10,219.0,57.0,0.0,967.0,0.0
200,10,220.0,52.0,0.0,971.0,0.0
200,10,221.0,47.0,0.0,976.0,0.0
200,10,222.0,45.0,0.0,981.0,0.0
200,10,223.0,40.0,0.0,983.0,0.0
200,10,224.0,36.0,0.0,988.0,0.0
200,10,225.0,35.0,0.0,992.0,0.0
200,10,226.0,35.0,0.0,993.0,0.0
200,10,227.0,33.0,0.0,993.0,0.0
200,10,228.0,31.0,0.0,995.0,0.0
200,10,229.0,30.0,0.0,997.0,0.0
200,10,230.0,29.0,0.0,998.0,0.0
200,10,231.0,28.0,0.0,999.0,0.0
200,10,232.0,28.0,0.0,1000.0,0.0
200,10,233.0,28.0,0.0,1000.0,0.0
200,10,234.0,26.0,0.0,1000.0,0.0
200,10,235.0,23.0,0.0,1002.0,0.0
200,10,236.0,23.0,0.0,1005.0,0.0
200,10,237.0,23.0,0.0,1005.0,0.0
200,10,238.0,21.0,0.0,1005.0,0.0
200,10,239.0,21.0,0.0,1007.0,0.0
200,10,240.0,21.0,0.0,1007.0,0.0
200,10,241.0,21.0,0.0,1007.0,0.0
200,10,242.0,20.0,0.0,1007.0,0.0
200,10,243.0,20.0,0.0,1008.0,0.0
200,10,244.0,19.0,0.0,1008.0,0.0
200,10,245.0,18.0,0.0,1009.0,0.0
200,10,246.0,17.0,0.0,1010.0,0.0
200,10,247.0,17.0,0.0,1011.0,0.0
200,10,248.0,15.0,0.0,1011.0,0.0
200,10,249.0,13.0,0.0,1013.0,0.0
200,10,250.0,12.0,0.0,1015.0,0.0
200,10,251.0,12.0,0.0,1016.0,0.0
200,10,252.0,11.0,0.0,1016.0,0.0
200,10,253.0,10.0,0.0,1017.0,0.0
200,10,254.0,8.0,0.0,1018.0,0.0
200,10,255.0,8.0,0.0,1020.0,0.0
200,10,256.0,7.0,0.0,1020.0,0.0
200,10,257.0,5.0,0.0,1021.0,0.0
200,10,258.0,5.0,0.0,1023.0,0.0
200,10,259.0,5.0,0.0,1023.0,0.0
200,10,260.0,5.0,0.0,1023.0,0.0
200,10,261.0,5.0,0.0,1023.0,0.0
200,10,262.0,4.0,0.0,1023.0,0.0
200,10,263.0,3.0,0.0,1024.0,0.0
200,10,264.0,3.0,0.0,1025.0,0.0
200,10,265.0,3.0,0.0,1025.0,0.0
200,10,266.0,2.0,0.0,1025.0,0.0
200,10,267.0,1.0,0.0,1026.0,0.0
200,10,268.0,1.0,0.0,1027.0,0.0
200,10,269.0,1.0,0.0,1027.0,0.0
200,10,270.0,0.0,0.0,1027.0,0.0
200,10,271.0,0.0,0.0,1028.0,0.0
200,11,0.0,5.0,0.0,0.0,0.0
200,11,1.0,10.0,0.0,0.0,0.0
200,11,2.0,14.0,0.0,0.0,0.0
200,11,3.0,19.0,0.0,0.0,0.0
200,11,4.0,25.0,0.0,0.0,0.0
200,11,5.0,31.0,0.0,0.0,0.0
200,11,6.0,37.0,0.0,0.0,0.0
200,11,7.0,46.0,0.0,0.0,0.0
200,11,8.0,48.0,0.0,0.0,0.0
200,11,9.0,54.0,0.0,0.0,0.0
200,11,10.0,61.0,0.0,0.0,0.0
200,11,11.0,69.0,0.0,0.0,0.0
200,11,12.0,74.0,0.0,0.0,0.0
200,11,13.0,80.0,0.0,0.0,0.0
200,11,14.0,84.0,0.0,0.0,0.0
200,11,15.0,89.0,0.0,2.0,0.0
200,11,16.0,96.0,0.0,2.0,0.0
200,11,17.0,103.0,0.0,2.0,0.0
200,11,18.0,108.0,0.0,2.0,0.0
200,11,19.0,110.0,0.0,3.0,0.0
200,11,20.0,116.0,0.0,3.0,0.0
200,11,21.0,120.0,0.0,4.0,0.0
200,11,22.0,124.0,0.0,5.0,0.0
200,11,23.0,127.0,0.0,6.0,0.0
200,11,24.0,131.0,0.0,6.0,0.0
200,11,25.0,134.0,0.0,9.0,0.0
200,11,26.0,137.0,0.0,12.0,0.0
200,11,27.0,139.0,0.0,15.0,0.0
200,11,28.0,136.0,0.0,18.0,0.0
200,11,29.0,135.0,0.0,24.0,0.0
200,11,30.0,133.0,0.0,28.0,0.0
200,11,31.0,130.0,0.0,35.0,0.0
200,11,32.0,129.0,0.0,42.0,0.0
200,11,33.0,132.0,0.0,47.0,0.0
200,11,34.0,133.0,0.0,48.0,0.0
200,11,35.0,130.0,0.0,52.0,0.0
200,11,36.0,135.0,0.0,57.0,0.0
200,11,37.0,134.0,0.0,61.0,0.0
200,11,38.0,136.0,0.0,67.0,0.0
200,11,39.0,136.0,0.0,73.0,0.0
200,11,40.0,136.0,0.0,79.0,0.0
200,11,41.0,138.0,0.0,82.0,0.0
200,11,42.0,140.0,0.0,84.0,0.0
200,11,43.0,143.0,0.0,87.0,0.0
200,11,44.0,145.0,0.0,90.0,0.0
200,11,45.0,148.0,0.0,93.0,0.0
200,11,46.0,150.0,0.0,96.0,0.0
200,11,47.0,154.0,0.0,100.0,0.0
200,11,48.0,154.0,0.0,101.0,0.0
200,11,49.0,155.0,0.0,108.0,0.0
200,11,50.0,157.0,0.0,113.0,0.0
200,11,51.0,157.0,0.0,117.0,0.0
200,11,52.0,158.0,0.0,122.0,0.0
200,11,53.0,157.0,0.0,126.0,0.0
200,11,54.0,157.0,0.0,133.0,0.0
200,11,55.0,160.0,0.0,138.0,0.0
200,11,56.0,162.0,0.0,142.0,0.0
200,11,57.0,165.0,0.0,144.0,0.0
200,11,58.0,169.0,0.0,146.0,0.0
200,11,59.0,166.0,0.0,147.0,0.0
200,11,60.0,166.0,0.0,154.0,0.0
200,11,61.0,164.0,0.0,158.0,0.0
200,11,62.0,165.0,0.0,163.0,0.0
200,11,63.0,165.0,0.0,168.0,0.0
200,11,64.0,167.0,0.0,173.0,0.0
200,11,65.0,173.0,0.0,179.0,0.0
200,11,66.0,177.0,0.0,182.0,0.0
200,11,67.0,182.0,0.0,186.0,0.0
200,11,68.0,185.0,0.0,189.0,0.0
200,11,69.0,188.0,0.0,195.0,0.0
200,11,70.0,188.0,0.0,201.0,0.0
200,11,71.0,190.0,0.0,204.0,0.0
200,11,72.0,188.0,0.0,207.0,0.0
200,11,73.0,190.0,0.0,216.0,0.0
200,11,74.0,186.0,0.0,219.0,0.0
200,11,75.0,188.0,0.0,228.0,0.0
200,11,76.0,187.0,0.0,231.0,0.0
200,11,77.0,189.0,0.0,235.0,0.0
200,11,78.0,191.0,0.0,237.0,0.0
200,11,79.0,187.0,0.0,241.0,0.0
200,11,80.0,189.0,0.0,248.0,0.0
200,11,81.0,189.0,0.0,253.0,0.0
200,11,82.0,190.0,0.0,258.0,0.0
200,11,83.0,185.0,0.0,263.0,0.0
200,11,84.0,183.0,0.0,272.0,0.0
200,11,85.0,183.0,0.0,280.0,0.0
200,11,86.0,178.0,0.0,287.0,0.0
200,11,87.0,172.0,0.0,295.0,0.0
200,11,88.0,170.0,0.0,306.0,0.0
200,11,89.0,166.0,0.0,315.0,0.0
200,11,90.0,165.0,0.0,322.0,0.0
200,11,91.0,166.0,0.0,329.0,0.0
200,11,92.0,168.0,0.0,334.0,0.0
200,11,93.0,171.0,0.0,337.0,0.0
200,11,94.0,170.0,0.0,341.0,0.0
200,11,95.0,172.0,0.0,345.0,0.0
200,11,96.0,171.0,0.0,347.0,0.0
200,11,97.0,170.0,0.0,356.0,0.0
200,11,98.0,169.0,0.0,364.0,0.0
200,11,99.0,163.0,0.0,368.0,0.0
200,11,100.0,166.0,0.0,376.0,0.0
200,11,101.0,164.0,0.0,378.0,0.0
200,11,102.0,167.0,0.0,384.0,0.0
200,11,103.0,163.0,0.0,389.0,0.0
200,11,104.0,162.0,0.0,397.0,0.0
200,11,105.0,159.0,0.0,403.0,0.0
200,11,106.0,162.0,0.0,409.0,0.0
200,11,107.0,159.0,0.0,413.0,0.0
200,11,108.0,161.0,0.0,419.0,0.0
200,11,109.0,160.0,0.0,424.0,0.0
200,11,110.0,158.0,0.0,430.0,0.0
200,11,111.0,159.0,0.0,438.0,0.0
200,11,112.0,162.0,0.0,440.0,0.0
200,11,113.0,156.0,0.0,443.0,0.0
200,11,114.0,157.0,0.0,453.0,0.0
200,11,115.0,156.0,0.0,457.0,0.0
200,11,116.0,158.0,0.0,463.0,0.0
200,11,117.0,154.0,0.0,467.0,0.0
200,11,118.0,154.0,0.0,473.0,0.0
200,11,119.0,147.0,0.0,478.0,0.0
200,11,120.0,148.0,0.0,486.0,0.0
200,11,121.0,148.0,0.0,493.0,0.0
200,11,122.0,151.0,0.0,498.0,0.0
200,11,123.0,154.0,0.0,501.0,0.0
200,11,124.0,156.0,0.0,503.0,0.0
200,11,125.0,160.0,0.0,507.0,0.0
200,11,126.0,161.0,0.0,510.0,0.0
200,11,127.0,163.0,0.0,512.0,0.0
200,11,128.0,169.0,0.0,517.0,0.0
200,11,129.0,167.0,0.0,520.0,0.0
200,11,130.0,165.0,0.0,527.0,0.0
200,11,131.0,163.0,0.0,533.0,0.0
200,11,132.0,159.0,0.0,540.0,0.0
200,11,133.0,158.0,0.0,550.0,0.0
200,11,134.0,158.0,0.0,558.0,0.0
200,11,135.0,161.0,0.0,563.0,0.0
200,11,136.0,158.0,0.0,569.0,0.0
200,11,137.0,161.0,0.0,577.0,0.0
200,11,138.0,162.0,0.0,582.0,0.0
200,11,139.0,171.0,0.0,589.0,0.0
200,11,140.0,174.0,0.0,591.0,0.0
200,11,141.0,177.0,0.0,594.0,0.0
200,11,142.0,178.0,0.0,598.0,0.0
200,11,143.0,179.0,0.0,603.0,0.0
200,11,144.0,183.0,0.0,609.0,0.0
200,11,145.0,184.0,0.0,612.0,0.0
200,11,146.0,185.0,0.0,616.0,0.0
200,11,147.0,184.0,0.0,623.0,0.0
200,11,148.0,181.0,0.0,631.0,0.0
200,11,149.0,182.0,0.0,639.0,0.0
200,11,150.0,184.0,0.0,645.0,0.0
200,11,151.0,183.0,0.0,648.0,0.0
200,11,152.0,180.0,0.0,655.0,0.0
200,11,153.0,183.0,0.0,662.0,0.0
200,11,154.0,184.0,0.0,665.0,0.0
200,11,155.0,184.0,0.0,669.0,0.0
200,11,156.0,185.0,0.0,675.0,0.0
200,11,157.0,183.0,0.0,678.0,0.0
200,11,158.0,185.0,0.0,683.0,0.0
200,11,159.0,187.0,0.0,689.0,0.0
200,11,160.0,188.0,0.0,692.0,0.0
200,11,161.0,185.0,0.0,694.0,0.0
200,11,162.0,181.0,0.0,702.0,0.0
200,11,163.0,180.0,0.0,709.0,0.0
200,11,164.0,174.0,0.0,715.0,0.0
200,11,165.0,174.0,0.0,724.0,0.0
200,11,166.0,174.0,0.0,729.0,0.0
200,11,167.0,171.0,0.0,739.0,0.0
200,11,168.0,173.0,0.0,745.0,0.0
200,11,169.0,172.0,0.0,747.0,0.0
200,11,170.0,172.0,0.0,753.0,0.0
200,11,171.0,171.0,0.0,759.0,0.0
200,11,172.0,176.0,0.0,765.0,0.0
200,11,173.0,174.0,0.0,770.0,0.0
200,11,174.0,170.0,0.0,778.0,0.0
200,11,175.0,173.0,0.0,786.0,0.0
200,11,176.0,171.0,0.0,788.0,0.0
200,11,177.0,170.0,0.0,795.0,0.0
200,11,178.0,168.0,0.0,804.0,0.0
200,11,179.0,166.0,0.0,810.0,0.0
200,11,180.0,166.0,0.0,816.0,0.0
200,11,181.0,168.0,0.0,819.0,0.0
200,11,182.0,170.0,0.0,823.0,0.0
200,11,183.0,170.0,0.0,828.0,0.0
200,11,184.0,171.0,0.0,832.0,0.0
200,11,185.0,170.0,0.0,839.0,0.0
200,11,186.0,170.0,0.0,844.0,0.0
200,11,187.0,172.0,0.0,848.0,0.0
200,11,188.0,173.0,0.0,853.0,0.0
200,11,189.0,170.0,0.0,857.0,0.0
200,11,190.0,173.0,0.0,863.0,0.0
200,11,191.0,170.0,0.0,867.0,0.0
200,11,192.0,168.0,0.0,875.0,0.0
200,11,193.0,164.0,0.0,882.0,0.0
200,11,194.0,159.0,0.0,891.0,0.0
200,11,195.0,161.0,0.0,900.0,0.0
200,11,196.0,159.0,0.0,904.0,0.0
200,11,197.0,163.0,0.0,912.0,0.0
200,11,198.0,165.0,0.0,914.0,0.0
200,11,199.0,166.0,0.0,920.0,0.0
200,11,200.0,172.0,0.0,925.0,0.0
200,11,201.0,165.0,0.0,930.0,0.0
200,11,202.0,157.0,0.0,937.0,0.0
200,11,203.0,154.0,0.0,945.0,0.0
200,11,204.0,148.0,0.0,948.0,0.0
200,11,205.0,143.0,0.0,954.0,0.0
200,11,206.0,140.0,0.0,959.0,0.0
200,11,207.0,133.0,0.0,962.0,0.0
200,11,208.0,128.0,0.0,969.0,0.0
200,11,209.0,120.0,0.0,974.0,0.0
200,11,210.0,117.0,0.0,982.0,0.0
200,11,211.0,112.0,0.0,985.0,0.0
200,11,212.0,106.0,0.0,990.0,0.0
200,11,213.0,104.0,0.0,996.0,0.0
200,11,214.0,101.0,0.0,998.0,0.0
200,11,215.0,94.0,0.0,1001.0,0.0
200,11,216.0,87.0,0.0,1008.0,0.0
200,11,217.0,79.0,0.0,1015.0,0.0
200,11,218.0,74.0,0.0,1023.0,0.0
200,11,219.0,72.0,0.0,1028.0,0.0
200,11,220.0,68.0,0.0,1030.0,0.0
200,11,221.0,64.0,0.0,1034.0,0.0
200,11,222.0,62.0,0.0,1038.0,0.0
200,11,223.0,56.0,0.0,1040.0,0.0
200,11,224.0,50.0,0.0,1046.0,0.0
200,11,225.0,48.0,0.0,1052.0,0.0
200,11,226.0,45.0,0.0,1054.0,0.0
200,11,227.0,41.0,0.0,1057.0,0.0
200,11,228.0,37.0,0.0,1061.0,0.0
200,11,229.0,32.0,0.0,1065.0,0.0
200,11,230.0,30.0,0.0,1070.0,0.0
200,11,231.0,27.0,0.0,1072.0,0.0
200,11,232.0,27.0,0.0,1075.0,0.0
200,11,233.0,27.0,0.0,1075.0,0.0
200,11,234.0,24.0,0.0,1075.0,0.0
200,11,235.0,22.0,0.0,1078.0,0.0
200,11,236.0,21.0,0.0,1080.0,0.0
200,11,237.0,20.0,0.0,1081.0,0.0
200,11,238.0,19.0,0.0,1082.0,0.0
200,11,239.0,19.0,0.0,1083.0,0.0
200,11,240.0,18.0,0.0,1083.0,0.0
200,11,241.0,17.0,0.0,1084.0,0.0
200,11,242.0,17.0,0.0,1085.0,0.0
200,11,243.0,13.0,0.0,1085.0,0.0
200,11,244.0,12.0,0.0,1089.0,0.0
200,11,245.0,12.0,0.0,1090.0,0.0
200,11,246.0,11.0,0.0,1090.0,0.0
200,11,247.0,9.0,0.0,1091.0,0.0
200,11,248.0,8.0,0.0,1093.0,0.0
200,11,249.0,8.0,0.0,1094.0,0.0
200,11,250.0,8.0,0.0,1094.0,0.0
200,11,251.0,8.0,0.0,1094.0,0.0
200,11,252.0,7.0,0.0,1094.0,0.0
200,11,253.0,7.0,0.0,1095.0,0.0
200,11,254.0,5.0,0.0,1095.0,0.0
200,11,255.0,4.0,0.0,1097.0,0.0
200,11,256.0,4.0,0.0,1098.0,0.0
200,11,257.0,4.0,0.0,1098.0,0.0
200,11,258.0,4.0,0.0,1098.0,0.0
200,11,259.0,4.0,0.0,1098.0,0.0
200,11,260.0,3.0,0.0,1098.0,0.0
200,11,261.0,3.0,0.0,1099.0,0.0
200,11,262.0,2.0,0.0,1099.0,0.0
200,11,263.0,1.0,0.0,1100.0,0.0
200,11,264.0,1.0,0.0,1101.0,0.0
200,11,265.0,1.0,0.0,1101.0,0.0
200,11,266.0,1.0,0.0,1101.0,0.0
200,11,267.0,0.0,0.0,1101.0,0.0
200,11,268.0,0.0,0.0,1102.0,0.0
200,12,0.0,4.0,0.0,0.0,0.0
200,12,1.0,11.0,0.0,0.0,0.0
200,12,2.0,19.0,0.0,0.0,0.0
200,12,3.0,22.0,0.0,0.0,0.0
200,12,4.0,28.0,0.0,0.0,0.0
200,12,5.0,37.0,0.0,0.0,0.0
200,12,6.0,43.0,0.0,0.0,0.0
200,12,7.0,53.0,0.0,0.0,0.0
200,12,8.0,55.0,0.0,0.0,0.0
200,12,9.0,60.0,0.0,0.0,0.0
200,12,10.0,69.0,0.0,0.0,0.0
200,12,11.0,75.0,0.0,0.0,0.0
200,12,12.0,78.0,0.0,0.0,0.0
200,12,13.0,82.0,0.0,0.0,0.0
200,12,14.0,91.0,0.0,0.0,0.0
200,12,15.0,96.0,0.0,0.0,0.0
200,12,16.0,102.0,0.0,0.0,0.0
200,12,17.0,108.0,0.0,0.0,0.0
200,12,18.0,116.0,0.0,0.0,0.0
200,12,19.0,124.0,0.0,0.0,0.0
200,12,20.0,128.0,0.0,1.0,0.0
200,12,21.0,130.0,0.0,2.0,0.0
200,12,22.0,136.0,0.0,3.0,0.0
200,12,23.0,140.0,0.0,3.0,0.0
200,12,24.0,143.0,0.0,4.0,0.0
200,12,25.0,142.0,0.0,6.0,0.0
200,12,26.0,143.0,0.0,11.0,0.0
200,12,27.0,145.0,0.0,14.0,0.0
200,12,28.0,145.0,0.0,20.0,0.0
200,12,29.0,149.0,0.0,23.0,0.0
200,12,30.0,149.0,0.0,27.0,0.0
200,12,31.0,152.0,0.0,32.0,0.0
200,12,32.0,150.0,0.0,37.0,0.0
200,12,33.0,153.0,0.0,43.0,0.0
200,12,34.0,153.0,0.0,46.0,0.0
200,12,35.0,156.0,0.0,49.0,0.0
200,12,36.0,159.0,0.0,55.0,0.0
200,12,37.0,158.0,0.0,59.0,0.0
200,12,38.0,156.0,0.0,65.0,0.0
200,12,39.0,156.0,0.0,69.0,0.0
200,12,40.0,158.0,0.0,74.0,0.0
200,12,41.0,165.0,0.0,79.0,0.0
200,12,42.0,162.0,0.0,81.0,0.0
200,12,43.0,160.0,0.0,88.0,0.0
200,12,44.0,163.0,0.0,93.0,0.0
200,12,45.0,163.0,0.0,96.0,0.0
200,12,46.0,163.0,0.0,103.0,0.0
200,12,47.0,165.0,0.0,108.0,0.0
200,12,48.0,163.0,0.0,113.0,0.0
200,12,49.0,164.0,0.0,119.0,0.0
200,12,50.0,161.0,0.0,123.0,0.0
200,12,51.0,163.0,0.0,131.0,0.0
200,12,52.0,166.0,0.0,133.0,0.0
200,12,53.0,168.0,0.0,135.0,0.0
200,12,54.0,167.0,0.0,137.0,0.0
200,12,55.0,168.0,0.0,141.0,0.0
200,12,56.0,172.0,0.0,147.0,0.0
200,12,57.0,168.0,0.0,152.0,0.0
200,12,58.0,167.0,0.0,159.0,0.0
200,12,59.0,167.0,0.0,166.0,0.0
200,12,60.0,168.0,0.0,169.0,0.0
200,12,61.0,167.0,0.0,173.0,0.0
200,12,62.0,166.0,0.0,181.0,0.0
200,12,63.0,167.0,0.0,187.0,0.0
200,12,64.0,170.0,0.0,194.0,0.0
200,12,65.0,170.0,0.0,198.0,0.0
200,12,66.0,170.0,0.0,203.0,0.0
200,12,67.0,178.0,0.0,209.0,0.0
200,12,68.0,182.0,0.0,212.0,0.0
200,12,69.0,180.0,0.0,215.0,0.0
200,12,70.0,180.0,0.0,221.0,0.0
200,12,71.0,180.0,0.0,228.0,0.0
200,12,72.0,179.0,0.0,234.0,0.0
200,12,73.0,186.0,0.0,242.0,0.0
200,12,74.0,189.0,0.0,243.0,0.0
200,12,75.0,192.0,0.0,246.0,0.0
200,12,76.0,194.0,0.0,250.0,0.0
200,12,77.0,190.0,0.0,254.0,0.0
200,12,78.0,190.0,0.0,261.0,0.0
200,12,79.0,189.0,0.0,268.0,0.0
200,12,80.0,195.0,0.0,275.0,0.0
200,12,81.0,192.0,1.0,278.0,0.0
200,12,82.0,192.0,1.0,286.0,0.0
200,12,83.0,195.0,0.0,294.0,0.0
200,12,84.0,194.0,0.0,298.0,0.0
200,12,85.0,186.0,0.0,302.0,0.0
200,12,86.0,187.0,0.0,313.0,0.0
200,12,87.0,189.0,0.0,318.0,0.0
200,12,88.0,189.0,0.0,322.0,0.0
200,12,89.0,189.0,0.0,328.0,0.0
200,12,90.0,188.0,0.0,333.0,0.0
200,12,91.0,188.0,0.0,338.0,0.0
200,12,92.0,183.0,0.0,346.0,0.0
200,12,93.0,181.0,0.0,354.0,0.0
200,12,94.0,178.0,0.0,361.0,0.0
200,12,95.0,174.0,0.0,369.0,0.0
200,12,96.0,176.0,0.0,376.0,0.0
200,12,97.0,172.0,0.0,378.0,0.0
200,12,98.0,173.0,0.0,383.0,0.0
200,12,99.0,170.0,0.0,389.0,0.0
200,12,100.0,177.0,0.0,394.0,0.0
200,12,101.0,175.0,0.0,400.0,0.0
200,12,102.0,181.0,0.0,407.0,0.0
200,12,103.0,181.0,0.0,410.0,0.0
200,12,104.0,181.0,0.0,414.0,0.0
200,12,105.0,179.0,0.0,419.0,0.0
200,12,106.0,181.0,0.0,427.0,0.0
200,12,107.0,178.0,0.0,430.0,0.0
200,12,108.0,179.0,0.0,439.0,0.0
200,12,109.0,178.0,0.0,445.0,0.0
200,12,110.0,182.0,0.0,451.0,0.0
200,12,111.0,186.0,0.0,454.0,0.0
200,12,112.0,187.0,0.0,459.0,0.0
200,12,113.0,187.0,0.0,464.0,0.0
200,12,114.0,186.0,0.0,468.0,0.0
200,12,115.0,185.0,0.0,472.0,0.0
200,12,116.0,191.0,0.0,478.0,0.0
200,12,117.0,183.0,0.0,483.0,0.0
200,12,118.0,183.0,0.0,493.0,0.0
200,12,119.0,183.0,0.0,498.0,0.0
200,12,120.0,178.0,0.0,505.0,0.0
200,12,121.0,179.0,0.0,516.0,0.0
200,12,122.0,175.0,0.0,519.0,0.0
200,12,123.0,177.0,0.0,528.0,0.0
200,12,124.0,176.0,0.0,535.0,0.0
200,12,125.0,177.0,0.0,540.0,0.0
200,12,126.0,176.0,0.0,546.0,0.0
200,12,127.0,176.0,0.0,550.0,0.0
200,12,128.0,172.0,0.0,556.0,0.0
200,12,129.0,167.0,0.0,564.0,0.0
200,12,130.0,161.0,0.0,573.0,0.0
200,12,131.0,164.0,0.0,582.0,0.0
200,12,132.0,165.0,0.0,587.0,0.0
200,12,133.0,163.0,0.0,592.0,0.0
200,12,134.0,161.0,0.0,600.0,0.0
200,12,135.0,159.0,0.0,606.0,0.0
200,12,136.0,157.0,0.0,612.0,0.0
200,12,137.0,161.0,0.0,620.0,0.0
200,12,138.0,159.0,0.0,623.0,0.0
200,12,139.0,158.0,0.0,630.0,0.0
200,12,140.0,158.0,0.0,636.0,0.0
200,12,141.0,157.0,0.0,638.0,0.0
200,12,142.0,161.0,0.0,644.0,0.0
200,12,143.0,161.0,0.0,648.0,0.0
200,12,144.0,163.0,0.0,652.0,0.0
200,12,145.0,161.0,0.0,657.0,0.0
200,12,146.0,160.0,0.0,663.0,0.0
200,12,147.0,160.0,0.0,671.0,0.0
200,12,148.0,153.0,0.0,674.0,0.0
200,12,149.0,152.0,0.0,683.0,0.0
200,12,150.0,151.0,0.0,686.0,0.0
200,12,151.0,151.0,0.0,691.0,0.0
200,12,152.0,153.0,0.0,693.0,0.0
200,12,153.0,156.0,0.0,696.0,0.0
200,12,154.0,160.0,0.0,702.0,0.0
200,12,155.0,163.0,0.0,706.0,0.0
200,12,156.0,161.0,0.0,710.0,0.0
200,12,157.0,159.0,0.0,716.0,0.0
200,12,158.0,159.0,0.0,725.0,0.0
200,12,159.0,162.0,0.0,731.0,0.0
200,12,160.0,164.0,0.0,735.0,0.0
200,12,161.0,164.0,0.0,738.0,0.0
200,12,162.0,164.0,0.0,743.0,0.0
200,12,163.0,167.0,0.0,749.0,0.0
200,12,164.0,163.0,0.0,753.0,0.0
200,12,165.0,165.0,0.0,763.0,0.0
200,12,166.0,163.0,0.0,768.0,0.0
200,12,167.0,162.0,0.0,774.0,0.0
200,12,168.0,162.0,0.0,779.0,0.0
200,12,169.0,163.0,0.0,784.0,0.0
200,12,170.0,163.0,0.0,791.0,0.0
200,12,171.0,161.0,0.0,796.0,0.0
200,12,172.0,161.0,0.0,804.0,0.0
200,12,173.0,166.0,0.0,810.0,0.0
200,12,174.0,166.0,0.0,813.0,0.0
200,12,175.0,165.0,0.0,817.0,0.0
200,12,176.0,168.0,0.0,824.0,0.0
200,12,177.0,168.0,0.0,828.0,0.0
200,12,178.0,168.0,0.0,832.0,0.0
200,12,179.0,169.0,0.0,837.0,0.0
200,12,180.0,167.0,0.0,841.0,0.0
200,12,181.0,170.0,0.0,846.0,0.0
200,12,182.0,169.0,0.0,851.0,0.0
200,12,183.0,170.0,0.0,856.0,0.0
200,12,184.0,169.0,0.0,861.0,0.0
200,12,185.0,168.0,0.0,868.0,0.0
200,12,186.0,169.0,0.0,874.0,0.0
200,12,187.0,171.0,0.0,877.0,0.0
200,12,188.0,171.0,0.0,880.0,0.0
200,12,189.0,170.0,0.0,886.0,0.0
200,12,190.0,167.0,0.0,892.0,0.0
200,12,191.0,170.0,0.0,898.0,0.0
200,12,192.0,169.0,0.0,902.0,0.0
200,12,193.0,172.0,0.0,908.0,0.0
200,12,194.0,173.0,0.0,910.0,0.0
200,12,195.0,175.0,0.0,915.0,0.0
200,12,196.0,168.0,0.0,919.0,0.0
200,12,197.0,166.0,0.0,929.0,0.0
200,12,198.0,162.0,0.0,934.0,0.0
200,12,199.0,163.0,0.0,941.0,0.0
200,12,200.0,167.0,0.0,948.0,0.0
200,12,201.0,161.0,0.0,951.0,0.0
200,12,202.0,152.0,0.0,957.0,0.0
200,12,203.0,146.0,0.0,966.0,0.0
200,12,204.0,140.0,0.0,972.0,0.0
200,12,205.0,136.0,0.0,978.0,0.0
200,12,206.0,133.0,0.0,982.0,0.0
200,12,207.0,129.0,0.0,985.0,0.0
200,12,208.0,125.0,0.0,989.0,0.0
200,12,209.0,122.0,0.0,993.0,0.0
200,12,210.0,115.0,0.0,996.0,0.0
200,12,211.0,112.0,0.0,1003.0,0.0
200,12,212.0,105.0,0.0,1006.0,0.0
200,12,213.0,95.0,0.0,1013.0,0.0
200,12,214.0,88.0,0.0,1023.0,0.0
200,12,215.0,80.0,0.0,1030.0,0.0
200,12,216.0,77.0,0.0,1038.0,0.0
200,12,217.0,73.0,0.0,1041.0,0.0
200,12,218.0,67.0,0.0,1045.0,0.0
200,12,219.0,61.0,0.0,1051.0,0.0
200,12,220.0,57.0,0.0,1057.0,0.0
200,12,221.0,51.0,0.0,1061.0,0.0
200,12,222.0,44.0,0.0,1067.0,0.0
200,12,223.0,42.0,0.0,1074.0,0.0
200,12,224.0,39.0,0.0,1076.0,0.0
200,12,225.0,37.0,0.0,1079.0,0.0
200,12,226.0,36.0,0.0,1081.0,0.0
200,12,227.0,33.0,0.0,1082.0,0.0
200,12,228.0,33.0,0.0,1085.0,0.0
200,12,229.0,29.0,0.0,1085.0,0.0
200,12,230.0,27.0,0.0,1089.0,0.0
200,12,231.0,27.0,0.0,1091.0,0.0
200,12,232.0,26.0,0.0,1091.0,0.0
200,12,233.0,22.0,0.0,1092.0,0.0
200,12,234.0,22.0,0.0,1096.0,0.0
200,12,235.0,22.0,0.0,1096.0,0.0
200,12,236.0,21.0,0.0,1096.0,0.0
200,12,237.0,20.0,0.0,1097.0,0.0
200,12,238.0,19.0,0.0,1098.0,0.0
200,12,239.0,17.0,0.0,1099.0,0.0
200,12,240.0,17.0,0.0,1101.0,0.0
200,12,241.0,14.0,0.0,1101.0,0.0
200,12,242.0,14.0,0.0,1104.0,0.0
200,12,243.0,13.0,0.0,1104.0,0.0
200,12,244.0,13.0,0.0,1105.0,0.0
200,12,245.0,12.0,0.0,1105.0,0.0
200,12,246.0,12.0,0.0,1106.0,0.0
200,12,247.0,10.0,0.0,1106.0,0.0
200,12,248.0,9.0,0.0,1108.0,0.0
200,12,249.0,8.0,0.0,1109.0,0.0
200,12,250.0,7.0,0.0,1110.0,0.0
200,12,251.0,7.0,0.0,1111.0,0.0
200,12,252.0,5.0,0.0,1111.0,0.0
200,12,253.0,4.0,0.0,1113.0,0.0
200,12,254.0,4.0,0.0,1114.0,0.0
200,12,255.0,4.0,0.0,1114.0,0.0
200,12,256.0,4.0,0.0,1114.0,0.0
200,12,257.0,4.0,0.0,1114.0,0.0
200,12,258.0,4.0,0.0,1114.0,0.0
200,12,259.0,4.0,0.0,1114.0,0.0
200,12,260.0,4.0,0.0,1114.0,0.0
200,12,261.0,3.0,0.0,1114.0,0.0
200,12,262.0,1.0,0.0,1115.0,0.0
200,12,263.0,1.0,0.0,1117.0,0.0
200,12,264.0,1.0,0.0,1117.0,0.0
200,12,265.0,1.0,0.0,1117.0,0.0
200,12,266.0,1.0,0.0,1117.0,0.0
200,12,267.0,1.0,0.0,1117.0,0.0
200,12,268.0,0.0,0.0,1117.0,0.0
200,12,269.0,0.0,0.0,1118.0,0.0
200,13,0.0,7.0,0.0,0.0,0.0
200,13,1.0,14.0,0.0,0.0,0.0
200,13,2.0,19.0,0.0,0.0,0.0
200,13,3.0,24.0,0.0,0.0,0.0
200,13,4.0,27.0,0.0,0.0,0.0
200,13,5.0,32.0,0.0,0.0,0.0
200,13,6.0,42.0,0.0,0.0,0.0
200,13,7.0,46.0,0.0,0.0,0.0
200,13,8.0,56.0,0.0,0.0,0.0
200,13,9.0,60.0,0.0,0.0,0.0
200,13,10.0,63.0,0.0,0.0,0.0
200,13,11.0,69.0,0.0,1.0,0.0
200,13,12.0,73.0,0.0,1.0,0.0
200,13,13.0,79.0,0.0,1.0,0.0
200,13,14.0,81.0,0.0,1.0,0.0
200,13,15.0,87.0,0.0,2.0,0.0
200,13,16.0,92.0,0.0,2.0,0.0
200,13,17.0,96.0,0.0,2.0,0.0
200,13,18.0,102.0,0.0,2.0,0.0
200,13,19.0,106.0,0.0,2.0,0.0
200,13,20.0,109.0,0.0,2.0,0.0
200,13,21.0,115.0,0.0,4.0,0.0
200,13,22.0,116.0,0.0,5.0,0.0
200,13,23.0,126.0,0.0,7.0,0.0
200,13,24.0,131.0,0.0,7.0,0.0
200,13,25.0,132.0,0.0,9.0,0.0
200,13,26.0,134.0,0.0,13.0,0.0
200,13,27.0,137.0,0.0,14.0,0.0
200,13,28.0,140.0,0.0,19.0,0.0
200,13,29.0,143.0,0.0,22.0,0.0
200,13,30.0,142.0,0.0,25.0,0.0
200,13,31.0,145.0,0.0,30.0,0.0
200,13,32.0,149.0,0.0,35.0,0.0
200,13,33.0,152.0,0.0,38.0,0.0
200,13,34.0,155.0,0.0,41.0,0.0
200,13,35.0,153.0,0.0,44.0,0.0
200,13,36.0,157.0,0.0,49.0,0.0
200,13,37.0,164.0,0.0,52.0,0.0
200,13,38.0,165.0,0.0,54.0,0.0
200,13,39.0,164.0,0.0,59.0,0.0
200,13,40.0,163.0,0.0,62.0,0.0
200,13,41.0,164.0,0.0,68.0,0.0
200,13,42.0,165.0,0.0,71.0,0.0
200,13,43.0,165.0,0.0,75.0,0.0
200,13,44.0,165.0,0.0,81.0,0.0
200,13,45.0,165.0,0.0,88.0,0.0
200,13,46.0,165.0,0.0,92.0,0.0
200,13,47.0,164.0,0.0,96.0,0.0
200,13,48.0,164.0,0.0,103.0,0.0
200,13,49.0,166.0,0.0,108.0,0.0
200,13,50.0,167.0,0.0,115.0,0.0
200,13,51.0,166.0,0.0,120.0,0.0
200,13,52.0,169.0,0.0,125.0,0.0
200,13,53.0,172.0,0.0,131.0,0.0
200,13,54.0,176.0,0.0,136.0,0.0
200,13,55.0,174.0,0.0,139.0,0.0
200,13,56.0,174.0,0.0,145.0,0.0
200,13,57.0,174.0,0.0,148.0,0.0
200,13,58.0,178.0,0.0,153.0,0.0
200,13,59.0,176.0,0.0,156.0,0.0
200,13,60.0,181.0,0.0,162.0,0.0
200,13,61.0,173.0,0.0,167.0,0.0
200,13,62.0,173.0,0.0,178.0,0.0
200,13,63.0,176.0,0.0,183.0,0.0
200,13,64.0,177.0,0.0,185.0,0.0
200,13,65.0,179.0,0.0,191.0,0.0
200,13,66.0,181.0,0.0,195.0,0.0
200,13,67.0,179.0,0.0,199.0,0.0
200,13,68.0,178.0,0.0,204.0,0.0
200,13,69.0,183.0,0.0,212.0,0.0
200,13,70.0,176.0,0.0,216.0,0.0
200,13,71.0,172.0,0.0,227.0,0.0
200,13,72.0,171.0,0.0,234.0,0.0
200,13,73.0,168.0,0.0,240.0,0.0
200,13,74.0,166.0,0.0,247.0,0.0
200,13,75.0,168.0,0.0,254.0,0.0
200,13,76.0,166.0,0.0,258.0,0.0
200,13,77.0,165.0,0.0,264.0,0.0
200,13,78.0,161.0,0.0,272.0,0.0
200,13,79.0,162.0,0.0,280.0,0.0
200,13,80.0,165.0,0.0,283.0,0.0
200,13,81.0,167.0,0.0,288.0,0.0
200,13,82.0,171.0,0.0,292.0,0.0
200,13,83.0,166.0,0.0,295.0,0.0
200,13,84.0,171.0,0.0,303.0,0.0
200,13,85.0,173.0,0.0,308.0,0.0
200,13,86.0,174.0,0.0,316.0,0.0
200,13,87.0,175.0,0.0,321.0,0.0
200,13,88.0,179.0,0.0,327.0,0.0
200,13,89.0,179.0,0.0,329.0,0.0
200,13,90.0,181.0,0.0,334.0,0.0
200,13,91.0,179.0,0.0,338.0,0.0
200,13,92.0,180.0,0.0,344.0,0.0
200,13,93.0,183.0,0.0,350.0,0.0
200,13,94.0,185.0,0.0,355.0,0.0
200,13,95.0,187.0,0.0,360.0,0.0
200,13,96.0,185.0,0.0,364.0,0.0
200,13,97.0,183.0,0.0,368.0,0.0
200,13,98.0,175.0,0.0,372.0,0.0
200,13,99.0,178.0,0.0,382.0,0.0
200,13,100.0,179.0,0.0,387.0,0.0
200,13,101.0,179.0,0.0,391.0,0.0
200,13,102.0,180.0,0.0,395.0,0.0
200,13,103.0,184.0,0.0,399.0,0.0
200,13,104.0,182.0,0.0,403.0,0.0
200,13,105.0,179.0,0.0,407.0,0.0
200,13,106.0,182.0,0.0,415.0,0.0
200,13,107.0,182.0,0.0,418.0,0.0
200,13,108.0,177.0,0.0,422.0,0.0
200,13,109.0,175.0,0.0,431.0,0.0
200,13,110.0,174.0,0.0,439.0,0.0
200,13,111.0,170.0,0.0,444.0,0.0
200,13,112.0,171.0,0.0,452.0,0.0
200,13,113.0,171.0,0.0,458.0,0.0
200,13,114.0,172.0,0.0,463.0,0.0
200,13,115.0,171.0,0.0,467.0,0.0
200,13,116.0,167.0,0.0,474.0,0.0
200,13,117.0,166.0,0.0,484.0,0.0
200,13,118.0,168.0,0.0,493.0,0.0
200,13,119.0,167.0,0.0,497.0,0.0
200,13,120.0,162.0,0.0,504.0,0.0
200,13,121.0,157.0,0.0,513.0,0.0
200,13,122.0,156.0,0.0,521.0,0.0
200,13,123.0,156.0,0.0,526.0,0.0
200,13,124.0,157.0,0.0,532.0,0.0
200,13,125.0,155.0,0.0,536.0,0.0
200,13,126.0,155.0,0.0,541.0,0.0
200,13,127.0,155.0,0.0,547.0,0.0
200,13,128.0,154.0,0.0,551.0,0.0
200,13,129.0,157.0,0.0,557.0,0.0
200,13,130.0,156.0,0.0,559.0,0.0
200,13,131.0,158.0,0.0,565.0,0.0
200,13,132.0,160.0,0.0,570.0,0.0
200,13,133.0,165.0,0.0,572.0,0.0
200,13,134.0,162.0,0.0,576.0,0.0
200,13,135.0,164.0,0.0,583.0,0.0
200,13,136.0,166.0,0.0,586.0,0.0
200,13,137.0,164.0,0.0,590.0,0.0
200,13,138.0,167.0,0.0,597.0,0.0
200,13,139.0,157.0,0.0,600.0,0.0
200,13,140.0,156.0,0.0,612.0,0.0
200,13,141.0,158.0,0.0,619.0,0.0
200,13,142.0,154.0,0.0,626.0,0.0
200,13,143.0,150.0,0.0,632.0,0.0
200,13,144.0,145.0,0.0,642.0,0.0
200,13,145.0,151.0,0.0,649.0,0.0
200,13,146.0,150.0,0.0,651.0,0.0
200,13,147.0,151.0,0.0,657.0,0.0
200,13,148.0,151.0,0.0,661.0,0.0
200,13,149.0,156.0,0.0,665.0,0.0
200,13,150.0,154.0,0.0,669.0,0.0
200,13,151.0,152.0,0.0,678.0,0.0
200,13,152.0,153.0,0.0,686.0,0.0
200,13,153.0,152.0,0.0,690.0,0.0
200,13,154.0,153.0,0.0,693.0,0.0
200,13,155.0,153.0,0.0,697.0,0.0
200,13,156.0,154.0,0.0,702.0,0.0
200,13,157.0,155.0,0.0,709.0,0.0
200,13,158.0,158.0,0.0,715.0,0.0
200,13,159.0,158.0,0.0,717.0,0.0
200,13,160.0,156.0,0.0,724.0,0.0
200,13,161.0,158.0,0.0,729.0,0.0
200,13,162.0,157.0,0.0,732.0,0.0
200,13,163.0,160.0,0.0,743.0,0.0
200,13,164.0,159.0,0.0,746.0,0.0
200,13,165.0,164.0,0.0,752.0,0.0
200,13,166.0,166.0,0.0,755.0,0.0
200,13,167.0,173.0,0.0,760.0,0.0
200,13,168.0,173.0,0.0,762.0,0.0
200,13,169.0,175.0,0.0,768.0,0.0
200,13,170.0,169.0,0.0,772.0,0.0
200,13,171.0,173.0,0.0,780.0,0.0
200,13,172.0,173.0,0.0,783.0,0.0
200,13,173.0,175.0,0.0,789.0,0.0
200,13,174.0,174.0,0.0,794.0,0.0
200,13,175.0,171.0,0.0,801.0,0.0
200,13,176.0,173.0,0.0,806.0,0.0
200,13,177.0,169.0,0.0,808.0,0.0
200,13,178.0,168.0,0.0,816.0,0.0
200,13,179.0,170.0,0.0,819.0,0.0
200,13,180.0,174.0,0.0,825.0,0.0
200,13,181.0,176.0,0.0,830.0,0.0
200,13,182.0,178.0,0.0,835.0,0.0
200,13,183.0,179.0,0.0,837.0,0.0
200,13,184.0,175.0,0.0,843.0,0.0
200,13,185.0,173.0,0.0,851.0,0.0
200,13,186.0,174.0,0.0,858.0,0.0
200,13,187.0,172.0,0.0,862.0,0.0
200,13,188.0,175.0,0.0,871.0,0.0
200,13,189.0,171.0,0.0,875.0,0.0
200,13,190.0,171.0,0.0,880.0,0.0
200,13,191.0,166.0,0.0,886.0,0.0
200,13,192.0,167.0,0.0,895.0,0.0
200,13,193.0,166.0,0.0,899.0,0.0
200,13,194.0,163.0,0.0,908.0,0.0
200,13,195.0,167.0,0.0,915.0,0.0
200,13,196.0,168.0,0.0,920.0,0.0
200,13,197.0,163.0,0.0,925.0,0.0
200,13,198.0,166.0,0.0,934.0,0.0
200,13,199.0,162.0,0.0,936.0,0.0
200,13,200.0,162.0,0.0,943.0,0.0
200,13,201.0,159.0,0.0,948.0,0.0
200,13,202.0,154.0,0.0,951.0,0.0
200,13,203.0,149.0,0.0,956.0,0.0
200,13,204.0,142.0,0.0,961.0,0.0
200,13,205.0,137.0,0.0,968.0,0.0
200,13,206.0,131.0,0.0,973.0,0.0
200,13,207.0,126.0,0.0,979.0,0.0
200,13,208.0,118.0,0.0,984.0,0.0
200,13,209.0,110.0,0.0,992.0,0.0
200,13,210.0,106.0,0.0,1000.0,0.0
200,13,211.0,105.0,0.0,1004.0,0.0
200,13,212.0,98.0,0.0,1005.0,0.0
200,13,213.0,92.0,0.0,1012.0,0.0
200,13,214.0,88.0,0.0,1018.0,0.0
200,13,215.0,82.0,0.0,1022.0,0.0
200,13,216.0,79.0,0.0,1028.0,0.0
200,13,217.0,75.0,0.0,1031.0,0.0
200,13,218.0,69.0,0.0,1035.0,0.0
200,13,219.0,63.0,0.0,1041.0,0.0
200,13,220.0,60.0,0.0,1047.0,0.0
200,13,221.0,56.0,0.0,1050.0,0.0
200,13,222.0,51.0,0.0,1054.0,0.0
200,13,223.0,48.0,0.0,1059.0,0.0
200,13,224.0,46.0,0.0,1062.0,0.0
200,13,225.0,41.0,0.0,1064.0,0.0
200,13,226.0,39.0,0.0,1069.0,0.0
200,13,227.0,36.0,0.0,1071.0,0.0
200,13,228.0,36.0,0.0,1074.0,0.0
200,13,229.0,35.0,0.0,1074.0,0.0
200,13,230.0,32.0,0.0,1075.0,0.0
200,13,231.0,32.0,0.0,1078.0,0.0
200,13,232.0,29.0,0.0,1078.0,0.0
200,13,233.0,28.0,0.0,1081.0,0.0
200,13,234.0,26.0,0.0,1082.0,0.0
200,13,235.0,24.0,0.0,1084.0,0.0
200,13,236.0,21.0,0.0,1086.0,0.0
200,13,237.0,20.0,0.0,1089.0,0.0
200,13,238.0,18.0,0.0,1090.0,0.0
200,13,239.0,17.0,0.0,1092.0,0.0
200,13,240.0,16.0,0.0,1093.0,0.0
200,13,241.0,14.0,0.0,1094.0,0.0
200,13,242.0,12.0,0.0,1096.0,0.0
200,13,243.0,11.0,0.0,1098.0,0.0
200,13,244.0,11.0,0.0,1099.0,0.0
200,13,245.0,9.0,0.0,1099.0,0.0
200,13,246.0,8.0,0.0,1101.0,0.0
200,13,247.0,8.0,0.0,1102.0,0.0
200,13,248.0,7.0,0.0,1102.0,0.0
200,13,249.0,7.0,0.0,1103.0,0.0
200,13,250.0,7.0,0.0,1103.0,0.0
200,13,251.0,7.0,0.0,1103.0,0.0
200,13,252.0,6.0,0.0,1103.0,0.0
200,13,253.0,4.0,0.0,1104.0,0.0
200,13,254.0,4.0,0.0,1106.0,0.0
200,13,255.0,3.0,0.0,1106.0,0.0
200,13,256.0,3.0,0.0,1107.0,0.0
200,13,257.0,3.0,0.0,1107.0,0.0
200,13,258.0,3.0,0.0,1107.0,0.0
200,13,259.0,3.0,0.0,1107.0,0.0
200,13,260.0,3.0,0.0,1107.0,0.0
200,13,261.0,3.0,0.0,1107.0,0.0
200,13,262.0,2.0,0.0,1107.0,0.0
200,13,263.0,1.0,0.0,1108.0,0.0
200,13,264.0,1.0,0.0,1109.0,0.0
200,13,265.0,1.0,0.0,1109.0,0.0
200,13,266.0,0.0,0.0,1109.0,0.0
200,13,267.0,0.0,0.0,1110.0,0.0
200,14,0.0,4.0,0.0,0.0,0.0
200,14,1.0,7.0,0.0,0.0,0.0
200,14,2.0,12.0,0.0,0.0,0.0
200,14,3.0,22.0,0.0,0.0,0.0
200,14,4.0,29.0,0.0,0.0,0.0
200,14,5.0,39.0,0.0,0.0,0.0
200,14,6.0,47.0,0.0,0.0,0.0
200,14,7.0,54.0,0.0,0.0,0.0
200,14,8.0,60.0,0.0,0.0,0.0
200,14,9.0,63.0,0.0,0.0,0.0
200,14,10.0,70.0,0.0,0.0,0.0
200,14,11.0,76.0,0.0,0.0,0.0
200,14,12.0,84.0,0.0,0.0,0.0
200,14,13.0,88.0,0.0,0.0,0.0
200,14,14.0,95.0,0.0,0.0,0.0
200,14,15.0,106.0,0.0,0.0,0.0
200,14,16.0,112.0,0.0,0.0,0.0
200,14,17.0,118.0,0.0,0.0,0.0
200,14,18.0,123.0,0.0,1.0,0.0
200,14,19.0,130.0,0.0,2.0,0.0
200,14,20.0,137.0,0.0,2.0,0.0
200,14,21.0,143.0,0.0,2.0,0.0
200,14,22.0,143.0,0.0,2.0,0.0
200,14,23.0,145.0,0.0,6.0,0.0
200,14,24.0,151.0,0.0,9.0,0.0
200,14,25.0,157.0,0.0,11.0,0.0
200,14,26.0,165.0,0.0,13.0,0.0
200,14,27.0,167.0,0.0,16.0,0.0
200,14,28.0,170.0,0.0,20.0,0.0
200,14,29.0,172.0,0.0,25.0,0.0
200,14,30.0,175.0,0.0,27.0,0.0
200,14,31.0,177.0,0.0,29.0,0.0
200,14,32.0,178.0,0.0,33.0,0.0
200,14,33.0,173.0,0.0,37.0,0.0
200,14,34.0,175.0,0.0,46.0,0.0
200,14,35.0,177.0,0.0,49.0,0.0
200,14,36.0,178.0,0.0,54.0,0.0
200,14,37.0,175.0,0.0,59.0,0.0
200,14,38.0,175.0,0.0,66.0,0.0
200,14,39.0,177.0,0.0,69.0,0.0
200,14,40.0,174.0,0.0,70.0,0.0
200,14,41.0,179.0,0.0,79.0,0.0
200,14,42.0,181.0,0.0,82.0,0.0
200,14,43.0,183.0,0.0,86.0,0.0
200,14,44.0,188.0,0.0,93.0,0.0
200,14,45.0,193.0,0.0,95.0,0.0
200,14,46.0,196.0,0.0,100.0,0.0
200,14,47.0,193.0,4.0,104.0,0.0
200,14,48.0,194.0,2.0,111.0,0.0
200,14,49.0,191.0,0.0,117.0,0.0
200,14,50.0,188.0,0.0,126.0,0.0
200,14,51.0,190.0,0.0,131.0,0.0
200,14,52.0,191.0,0.0,136.0,0.0
200,14,53.0,188.0,0.0,140.0,0.0
200,14,54.0,187.0,0.0,147.0,0.0
200,14,55.0,186.0,0.0,152.0,0.0
200,14,56.0,184.0,0.0,158.0,0.0
200,14,57.0,176.0,0.0,162.0,0.0
200,14,58.0,177.0,0.0,174.0,0.0
200,14,59.0,178.0,0.0,182.0,0.0
200,14,60.0,176.0,0.0,187.0,0.0
200,14,61.0,174.0,0.0,192.0,0.0
200,14,62.0,177.0,0.0,199.0,0.0
200,14,63.0,182.0,0.0,200.0,0.0
200,14,64.0,184.0,0.0,204.0,0.0
200,14,65.0,182.0,0.0,211.0,0.0
200,14,66.0,181.0,0.0,218.0,0.0
200,14,67.0,180.0,0.0,224.0,0.0
200,14,68.0,176.0,0.0,231.0,0.0
200,14,69.0,174.0,0.0,237.0,0.0
200,14,70.0,175.0,0.0,245.0,0.0
200,14,71.0,170.0,0.0,250.0,0.0
200,14,72.0,172.0,0.0,259.0,0.0
200,14,73.0,173.0,0.0,263.0,0.0
200,14,74.0,170.0,0.0,268.0,0.0
200,14,75.0,168.0,0.0,277.0,0.0
200,14,76.0,164.0,0.0,285.0,0.0
200,14,77.0,164.0,0.0,291.0,0.0
200,14,78.0,163.0,0.0,297.0,0.0
200,14,79.0,164.0,0.0,303.0,0.0
200,14,80.0,168.0,0.0,309.0,0.0
200,14,81.0,162.0,0.0,312.0,0.0
200,14,82.0,167.0,0.0,320.0,0.0
200,14,83.0,164.0,0.0,322.0,0.0
200,14,84.0,163.0,0.0,329.0,0.0
200,14,85.0,164.0,0.0,334.0,0.0
200,14,86.0,162.0,0.0,339.0,0.0
200,14,87.0,161.0,0.0,348.0,0.0
200,14,88.0,158.0,0.0,355.0,0.0
200,14,89.0,161.0,0.0,363.0,0.0
200,14,90.0,162.0,0.0,368.0,0.0
200,14,91.0,160.0,0.0,373.0,0.0
200,14,92.0,162.0,0.0,379.0,0.0
200,14,93.0,160.0,0.0,385.0,0.0
200,14,94.0,168.0,0.0,393.0,0.0
200,14,95.0,164.0,0.0,396.0,0.0
200,14,96.0,163.0,0.0,402.0,0.0
200,14,97.0,165.0,0.0,407.0,0.0
200,14,98.0,167.0,0.0,410.0,0.0
200,14,99.0,172.0,0.0,414.0,0.0
200,14,100.0,171.0,0.0,416.0,0.0
200,14,101.0,167.0,0.0,420.0,0.0
200,14,102.0,168.0,0.0,428.0,0.0
200,14,103.0,170.0,0.0,433.0,0.0
200,14,104.0,173.0,0.0,435.0,0.0
200,14,105.0,171.0,0.0,437.0,0.0
200,14,106.0,175.0,0.0,443.0,0.0
200,14,107.0,172.0,0.0,445.0,0.0
200,14,108.0,173.0,0.0,454.0,0.0
200,14,109.0,173.0,0.0,458.0,0.0
200,14,110.0,172.0,0.0,464.0,0.0
200,14,111.0,169.0,0.0,471.0,0.0
200,14,112.0,175.0,0.0,479.0,0.0
200,14,113.0,173.0,0.0,481.0,0.0
200,14,114.0,178.0,0.0,487.0,0.0
200,14,115.0,180.0,0.0,490.0,0.0
200,14,116.0,175.0,0.0,493.0,0.0
200,14,117.0,169.0,0.0,503.0,0.0
200,14,118.0,170.0,0.0,513.0,0.0
200,14,119.0,163.0,0.0,516.0,0.0
200,14,120.0,163.0,0.0,526.0,0.0
200,14,121.0,157.0,0.0,532.0,0.0
200,14,122.0,156.0,0.0,542.0,0.0
200,14,123.0,156.0,0.0,547.0,0.0
200,14,124.0,157.0,0.0,552.0,0.0
200,14,125.0,155.0,0.0,557.0,0.0
200,14,126.0,154.0,0.0,562.0,0.0
200,14,127.0,156.0,0.0,569.0,0.0
200,14,128.0,159.0,0.0,575.0,0.0
200,14,129.0,162.0,0.0,579.0,0.0
200,14,130.0,161.0,0.0,582.0,0.0
200,14,131.0,162.0,0.0,587.0,0.0
200,14,132.0,160.0,0.0,593.0,0.0
200,14,133.0,159.0,0.0,597.0,0.0
200,14,134.0,163.0,0.0,601.0,0.0
200,14,135.0,161.0,0.0,605.0,0.0
200,14,136.0,159.0,0.0,611.0,0.0
200,14,137.0,160.0,0.0,617.0,0.0
200,14,138.0,157.0,0.0,621.0,0.0
200,14,139.0,152.0,0.0,628.0,0.0
200,14,140.0,157.0,0.0,638.0,0.0
200,14,141.0,161.0,0.0,641.0,0.0
200,14,142.0,166.0,0.0,644.0,0.0
200,14,143.0,168.0,0.0,648.0,0.0
200,14,144.0,169.0,0.0,653.0,0.0
200,14,145.0,170.0,0.0,657.0,0.0
200,14,146.0,168.0,0.0,662.0,0.0
200,14,147.0,165.0,0.0,668.0,0.0
200,14,148.0,166.0,0.0,675.0,0.0
200,14,149.0,162.0,0.0,679.0,0.0
200,14,150.0,159.0,0.0,686.0,0.0
200,14,151.0,155.0,0.0,693.0,0.0
200,14,152.0,159.0,0.0,702.0,0.0
200,14,153.0,160.0,0.0,709.0,0.0
200,14,154.0,159.0,0.0,711.0,0.0
200,14,155.0,156.0,0.0,716.0,0.0
200,14,156.0,160.0,0.0,721.0,0.0
200,14,157.0,161.0,0.0,725.0,0.0
200,14,158.0,159.0,0.0,731.0,0.0
200,14,159.0,154.0,0.0,735.0,0.0
200,14,160.0,154.0,0.0,742.0,0.0
200,14,161.0,151.0,0.0,746.0,0.0
200,14,162.0,151.0,0.0,756.0,0.0
200,14,163.0,152.0,0.0,761.0,0.0
200,14,164.0,156.0,0.0,766.0,0.0
200,14,165.0,154.0,0.0,769.0,0.0
200,14,166.0,154.0,0.0,774.0,0.0
200,14,167.0,159.0,0.0,780.0,0.0
200,14,168.0,158.0,0.0,784.0,0.0
200,14,169.0,158.0,0.0,789.0,0.0
200,14,170.0,159.0,0.0,794.0,0.0
200,14,171.0,163.0,0.0,799.0,0.0
200,14,172.0,164.0,0.0,803.0,0.0
200,14,173.0,167.0,0.0,809.0,0.0
200,14,174.0,172.0,0.0,813.0,0.0
200,14,175.0,172.0,0.0,817.0,0.0
200,14,176.0,175.0,0.0,822.0,0.0
200,14,177.0,178.0,0.0,827.0,0.0
200,14,178.0,182.0,0.0,831.0,0.0
200,14,179.0,181.0,0.0,834.0,0.0
200,14,180.0,173.0,0.0,837.0,0.0
200,14,181.0,171.0,0.0,847.0,0.0
200,14,182.0,171.0,0.0,853.0,0.0
200,14,183.0,181.0,0.0,860.0,0.0
200,14,184.0,179.0,0.0,861.0,0.0
200,14,185.0,180.0,0.0,868.0,0.0
200,14,186.0,180.0,0.0,873.0,0.0
200,14,187.0,182.0,0.0,880.0,0.0
200,14,188.0,177.0,0.0,887.0,0.0
200,14,189.0,177.0,0.0,896.0,0.0
200,14,190.0,177.0,0.0,901.0,0.0
200,14,191.0,176.0,0.0,904.0,0.0
200,14,192.0,174.0,0.0,910.0,0.0
200,14,193.0,170.0,0.0,916.0,0.0
200,14,194.0,173.0,0.0,923.0,0.0
200,14,195.0,173.0,0.0,930.0,0.0
200,14,196.0,178.0,0.0,932.0,0.0
200,14,197.0,180.0,0.0,936.0,0.0
200,14,198.0,181.0,0.0,940.0,0.0
200,14,199.0,180.0,0.0,943.0,0.0
200,14,200.0,177.0,0.0,949.0,0.0
200,14,201.0,169.0,0.0,955.0,0.0
200,14,202.0,162.0,0.0,963.0,0.0
200,14,203.0,159.0,0.0,970.0,0.0
200,14,204.0,151.0,0.0,973.0,0.0
200,14,205.0,145.0,0.0,981.0,0.0
200,14,206.0,138.0,0.0,987.0,0.0
200,14,207.0,133.0,0.0,994.0,0.0
200,14,208.0,127.0,0.0,999.0,0.0
200,14,209.0,122.0,0.0,1005.0,0.0
200,14,210.0,118.0,0.0,1010.0,0.0
200,14,211.0,112.0,0.0,1014.0,0.0
200,14,212.0,102.0,0.0,1020.0,0.0
200,14,213.0,91.0,0.0,1030.0,0.0
200,14,214.0,85.0,0.0,1041.0,0.0
200,14,215.0,80.0,0.0,1047.0,0.0
200,14,216.0,75.0,0.0,1052.0,0.0
200,14,217.0,70.0,0.0,1057.0,0.0
200,14,218.0,67.0,0.0,1062.0,0.0
200,14,219.0,64.0,0.0,1065.0,0.0
200,14,220.0,61.0,0.0,1068.0,0.0
200,14,221.0,57.0,0.0,1071.0,0.0
200,14,222.0,49.0,0.0,1075.0,0.0
200,14,223.0,45.0,0.0,1083.0,0.0
200,14,224.0,42.0,0.0,1087.0,0.0
200,14,225.0,37.0,0.0,1090.0,0.0
200,14,226.0,34.0,0.0,1095.0,0.0
200,14,227.0,31.0,0.0,1098.0,0.0
200,14,228.0,27.0,0.0,1101.0,0.0
200,14,229.0,25.0,0.0,1105.0,0.0
200,14,230.0,25.0,0.0,1107.0,0.0
200,14,231.0,24.0,0.0,1107.0,0.0
200,14,232.0,23.0,0.0,1108.0,0.0
200,14,233.0,21.0,0.0,1109.0,0.0
200,14,234.0,21.0,0.0,1111.0,0.0
200,14,235.0,20.0,0.0,1111.0,0.0
200,14,236.0,19.0,0.0,1112.0,0.0
200,14,237.0,18.0,0.0,1113.0,0.0
200,14,238.0,17.0,0.0,1114.0,0.0
200,14,239.0,14.0,0.0,1115.0,0.0
200,14,240.0,14.0,0.0,1118.0,0.0
200,14,241.0,13.0,0.0,1118.0,0.0
200,14,242.0,11.0,0.0,1119.0,0.0
200,14,243.0,10.0,0.0,1121.0,0.0
200,14,244.0,8.0,0.0,1122.0,0.0
200,14,245.0,6.0,0.0,1124.0,0.0
200,14,246.0,6.0,0.0,1126.0,0.0
200,14,247.0,6.0,0.0,1126.0,0.0
200,14,248.0,5.0,0.0,1126.0,0.0
200,14,249.0,5.0,0.0,1127.0,0.0
200,14,250.0,5.0,0.0,1127.0,0.0
200,14,251.0,5.0,0.0,1127.0,0.0
200,14,252.0,4.0,0.0,1127.0,0.0
200,14,253.0,4.0,0.0,1128.0,0.0
200,14,254.0,3.0,0.0,1128.0,0.0
200,14,255.0,3.0,0.0,1129.0,0.0
200,14,256.0,2.0,0.0,1129.0,0.0
200,14,257.0,1.0,0.0,1130.0,0.0
200,14,258.0,1.0,0.0,1131.0,0.0
200,14,259.0,1.0,0.0,1131.0,0.0
200,14,260.0,1.0,0.0,1131.0,0.0
200,14,261.0,1.0,0.0,1131.0,0.0
200,14,262.0,1.0,0.0,1131.0,0.0
200,14,263.0,1.0,0.0,1131.0,0.0
200,14,264.0,1.0,0.0,1131.0,0.0
200,14,265.0,1.0,0.0,1131.0,0.0
200,14,266.0,1.0,0.0,1131.0,0.0
200,14,267.0,1.0,0.0,1131.0,0.0
200,14,268.0,0.0,0.0,1131.0,0.0
200,14,269.0,0.0,0.0,1132.0,0.0
200,15,0.0,4.0,0.0,0.0,0.0
200,15,1.0,12.0,0.0,0.0,0.0
200,15,2.0,17.0,0.0,0.0,0.0
200,15,3.0,22.0,0.0,0.0,0.0
200,15,4.0,25.0,0.0,0.0,0.0
200,15,5.0,33.0,0.0,0.0,0.0
200,15,6.0,40.0,0.0,0.0,0.0
200,15,7.0,43.0,0.0,0.0,0.0
200,15,8.0,49.0,0.0,0.0,0.0
200,15,9.0,54.0,0.0,0.0,0.0
200,15,10.0,62.0,0.0,0.0,0.0
200,15,11.0,70.0,0.0,0.0,0.0
200,15,12.0,75.0,0.0,0.0,0.0
200,15,13.0,81.0,0.0,0.0,0.0
200,15,14.0,85.0,0.0,0.0,0.0
200,15,15.0,88.0,0.0,0.0,0.0
200,15,16.0,93.0,0.0,0.0,0.0
200,15,17.0,99.0,0.0,1.0,0.0
200,15,18.0,103.0,0.0,1.0,0.0
200,15,19.0,107.0,0.0,2.0,0.0
200,15,20.0,109.0,0.0,4.0,0.0
200,15,21.0,110.0,0.0,5.0,0.0
200,15,22.0,115.0,0.0,8.0,0.0
200,15,23.0,123.0,0.0,9.0,0.0
200,15,24.0,124.0,0.0,9.0,0.0
200,15,25.0,128.0,0.0,10.0,0.0
200,15,26.0,133.0,0.0,12.0,0.0
200,15,27.0,137.0,0.0,14.0,0.0
200,15,28.0,138.0,0.0,16.0,0.0
200,15,29.0,139.0,0.0,20.0,0.0
200,15,30.0,138.0,0.0,23.0,0.0
200,15,31.0,139.0,0.0,27.0,0.0
200,15,32.0,140.0,0.0,33.0,0.0
200,15,33.0,138.0,0.0,37.0,0.0
200,15,34.0,139.0,0.0,44.0,0.0
200,15,35.0,143.0,0.0,47.0,0.0
200,15,36.0,146.0,0.0,51.0,0.0
200,15,37.0,145.0,0.0,57.0,0.0
200,15,38.0,150.0,0.0,63.0,0.0
200,15,39.0,156.0,0.0,65.0,0.0
200,15,40.0,157.0,0.0,67.0,0.0
200,15,41.0,159.0,0.0,71.0,0.0
200,15,42.0,161.0,0.0,75.0,0.0
200,15,43.0,163.0,0.0,79.0,0.0
200,15,44.0,165.0,0.0,81.0,0.0
200,15,45.0,163.0,0.0,84.0,0.0
200,15,46.0,167.0,0.0,90.0,0.0
200,15,47.0,169.0,0.0,94.0,0.0
200,15,48.0,174.0,0.0,96.0,0.0
200,15,49.0,175.0,0.0,99.0,0.0
200,15,50.0,172.0,0.0,104.0,0.0
200,15,51.0,174.0,0.0,110.0,0.0
200,15,52.0,173.0,0.0,116.0,0.0
200,15,53.0,174.0,0.0,121.0,0.0
200,15,54.0,177.0,0.0,124.0,0.0
200,15,55.0,177.0,0.0,127.0,0.0
200,15,56.0,181.0,0.0,130.0,0.0
200,15,57.0,178.0,0.0,134.0,0.0
200,15,58.0,181.0,0.0,141.0,0.0
200,15,59.0,180.0,0.0,142.0,0.0
200,15,60.0,179.0,0.0,147.0,0.0
200,15,61.0,180.0,0.0,157.0,0.0
200,15,62.0,179.0,0.0,163.0,0.0
200,15,63.0,175.0,0.0,167.0,0.0
200,15,64.0,173.0,0.0,173.0,0.0
200,15,65.0,175.0,0.0,185.0,0.0
200,15,66.0,172.0,0.0,188.0,0.0
200,15,67.0,172.0,0.0,196.0,0.0
200,15,68.0,169.0,0.0,199.0,0.0
200,15,69.0,167.0,0.0,205.0,0.0
200,15,70.0,167.0,0.0,213.0,0.0
200,15,71.0,171.0,0.0,219.0,0.0
200,15,72.0,169.0,0.0,223.0,0.0
200,15,73.0,169.0,0.0,230.0,0.0
200,15,74.0,167.0,0.0,234.0,0.0
200,15,75.0,166.0,0.0,240.0,0.0
200,15,76.0,165.0,0.0,244.0,0.0
200,15,77.0,161.0,0.0,250.0,0.0
200,15,78.0,156.0,0.0,257.0,0.0
200,15,79.0,157.0,0.0,268.0,0.0
200,15,80.0,162.0,0.0,273.0,0.0
200,15,81.0,163.0,0.0,275.0,0.0
200,15,82.0,161.0,0.0,280.0,0.0
200,15,83.0,162.0,0.0,287.0,0.0
200,15,84.0,162.0,0.0,291.0,0.0
200,15,85.0,166.0,0.0,297.0,0.0
200,15,86.0,162.0,0.0,301.0,0.0
200,15,87.0,167.0,0.0,309.0,0.0
200,15,88.0,164.0,0.0,313.0,0.0
200,15,89.0,167.0,0.0,318.0,0.0
200,15,90.0,168.0,0.0,320.0,0.0
200,15,91.0,171.0,0.0,323.0,0.0
200,15,92.0,167.0,0.0,327.0,0.0
200,15,93.0,167.0,0.0,335.0,0.0
200,15,94.0,165.0,0.0,341.0,0.0
200,15,95.0,165.0,0.0,346.0,0.0
200,15,96.0,163.0,0.0,350.0,0.0
200,15,97.0,164.0,0.0,357.0,0.0
200,15,98.0,166.0,0.0,362.0,0.0
200,15,99.0,171.0,0.0,367.0,0.0
200,15,100.0,171.0,0.0,369.0,0.0
200,15,101.0,167.0,0.0,373.0,0.0
200,15,102.0,162.0,0.0,382.0,0.0
200,15,103.0,160.0,0.0,392.0,0.0
200,15,104.0,156.0,0.0,398.0,0.0
200,15,105.0,156.0,0.0,406.0,0.0
200,15,106.0,154.0,0.0,410.0,0.0
200,15,107.0,156.0,0.0,418.0,0.0
200,15,108.0,158.0,0.0,422.0,0.0
200,15,109.0,163.0,0.0,425.0,0.0
200,15,110.0,163.0,0.0,427.0,0.0
200,15,111.0,162.0,0.0,431.0,0.0
200,15,112.0,167.0,0.0,437.0,0.0
200,15,113.0,168.0,0.0,439.0,0.0
200,15,114.0,174.0,0.0,445.0,0.0
200,15,115.0,168.0,0.0,447.0,0.0
200,15,116.0,168.0,0.0,456.0,0.0
200,15,117.0,170.0,0.0,460.0,0.0
200,15,118.0,170.0,0.0,463.0,0.0
200,15,119.0,173.0,0.0,468.0,0.0
200,15,120.0,169.0,0.0,471.0,0.0
200,15,121.0,164.0,0.0,477.0,0.0
200,15,122.0,167.0,0.0,484.0,0.0
200,15,123.0,165.0,0.0,488.0,0.0
200,15,124.0,167.0,0.0,495.0,0.0
200,15,125.0,165.0,0.0,499.0,0.0
200,15,126.0,169.0,0.0,505.0,0.0
200,15,127.0,172.0,0.0,508.0,0.0
200,15,128.0,173.0,0.0,510.0,0.0
200,15,129.0,171.0,0.0,516.0,0.0
200,15,130.0,170.0,0.0,523.0,0.0
200,15,131.0,166.0,0.0,530.0,0.0
200,15,132.0,167.0,0.0,536.0,0.0
200,15,133.0,171.0,0.0,540.0,0.0
200,15,134.0,169.0,0.0,545.0,0.0
200,15,135.0,165.0,0.0,555.0,0.0
200,15,136.0,166.0,0.0,563.0,0.0
200,15,137.0,169.0,0.0,570.0,0.0
200,15,138.0,169.0,0.0,575.0,0.0
200,15,139.0,166.0,0.0,580.0,0.0
200,15,140.0,167.0,0.0,585.0,0.0
200,15,141.0,163.0,0.0,588.0,0.0
200,15,142.0,165.0,0.0,594.0,0.0
200,15,143.0,168.0,0.0,597.0,0.0
200,15,144.0,164.0,0.0,601.0,0.0
200,15,145.0,164.0,0.0,607.0,0.0
200,15,146.0,166.0,0.0,613.0,0.0
200,15,147.0,167.0,0.0,619.0,0.0
200,15,148.0,168.0,0.0,623.0,0.0
200,15,149.0,164.0,0.0,626.0,0.0
200,15,150.0,166.0,0.0,632.0,0.0
200,15,151.0,167.0,0.0,637.0,0.0
200,15,152.0,164.0,0.0,642.0,0.0
200,15,153.0,167.0,0.0,648.0,0.0
200,15,154.0,167.0,0.0,653.0,0.0
200,15,155.0,170.0,0.0,661.0,0.0
200,15,156.0,169.0,0.0,665.0,0.0
200,15,157.0,172.0,0.0,670.0,0.0
200,15,158.0,169.0,0.0,675.0,0.0
200,15,159.0,173.0,0.0,684.0,0.0
200,15,160.0,173.0,0.0,687.0,0.0
200,15,161.0,172.0,0.0,692.0,0.0
200,15,162.0,168.0,0.0,699.0,0.0
200,15,163.0,170.0,0.0,709.0,0.0
200,15,164.0,171.0,0.0,713.0,0.0
200,15,165.0,174.0,0.0,719.0,0.0
200,15,166.0,173.0,0.0,722.0,0.0
200,15,167.0,174.0,0.0,729.0,0.0
200,15,168.0,176.0,0.0,732.0,0.0
200,15,169.0,173.0,0.0,736.0,0.0
200,15,170.0,172.0,0.0,743.0,0.0
200,15,171.0,170.0,0.0,749.0,0.0
200,15,172.0,174.0,0.0,756.0,0.0
200,15,173.0,174.0,0.0,759.0,0.0
200,15,174.0,175.0,0.0,766.0,0.0
200,15,175.0,180.0,0.0,772.0,0.0
200,15,176.0,180.0,0.0,774.0,0.0
200,15,177.0,180.0,0.0,777.0,0.0
200,15,178.0,181.0,0.0,781.0,0.0
200,15,179.0,185.0,0.0,787.0,0.0
200,15,180.0,181.0,0.0,789.0,0.0
200,15,181.0,183.0,0.0,797.0,0.0
200,15,182.0,182.0,0.0,801.0,0.0
200,15,183.0,181.0,0.0,806.0,0.0
200,15,184.0,177.0,0.0,811.0,0.0
200,15,185.0,178.0,0.0,819.0,0.0
200,15,186.0,175.0,0.0,823.0,0.0
200,15,187.0,176.0,0.0,832.0,0.0
200,15,188.0,174.0,0.0,837.0,0.0
200,15,189.0,168.0,0.0,844.0,0.0
200,15,190.0,168.0,0.0,855.0,0.0
200,15,191.0,169.0,0.0,859.0,0.0
200,15,192.0,167.0,0.0,863.0,0.0
200,15,193.0,170.0,0.0,868.0,0.0
200,15,194.0,165.0,0.0,872.0,0.0
200,15,195.0,166.0,0.0,881.0,0.0
200,15,196.0,169.0,0.0,886.0,0.0
200,15,197.0,167.0,0.0,887.0,0.0
200,15,198.0,165.0,0.0,893.0,0.0
200,15,199.0,165.0,0.0,902.0,0.0
200,15,200.0,164.0,0.0,908.0,0.0
200,15,201.0,160.0,0.0,911.0,0.0
200,15,202.0,156.0,0.0,915.0,0.0
200,15,203.0,149.0,0.0,919.0,0.0
200,15,204.0,140.0,0.0,926.0,0.0
200,15,205.0,139.0,0.0,935.0,0.0
200,15,206.0,130.0,0.0,936.0,0.0
200,15,207.0,124.0,0.0,945.0,0.0
200,15,208.0,116.0,0.0,951.0,0.0
200,15,209.0,114.0,0.0,959.0,0.0
200,15,210.0,110.0,0.0,961.0,0.0
200,15,211.0,106.0,0.0,965.0,0.0
200,15,212.0,101.0,0.0,969.0,0.0
200,15,213.0,94.0,0.0,974.0,0.0
200,15,214.0,88.0,0.0,981.0,0.0
200,15,215.0,84.0,0.0,987.0,0.0
200,15,216.0,79.0,0.0,991.0,0.0
200,15,217.0,76.0,0.0,996.0,0.0
200,15,218.0,71.0,0.0,999.0,0.0
200,15,219.0,66.0,0.0,1004.0,0.0
200,15,220.0,61.0,0.0,1009.0,0.0
200,15,221.0,55.0,0.0,1014.0,0.0
200,15,222.0,48.0,0.0,1020.0,0.0
200,15,223.0,41.0,0.0,1027.0,0.0
200,15,224.0,37.0,0.0,1034.0,0.0
200,15,225.0,33.0,0.0,1038.0,0.0
200,15,226.0,30.0,0.0,1042.0,0.0
200,15,227.0,29.0,0.0,1045.0,0.0
200,15,228.0,27.0,0.0,1046.0,0.0
200,15,229.0,27.0,0.0,1048.0,0.0
200,15,230.0,24.0,0.0,1048.0,0.0
200,15,231.0,23.0,0.0,1051.0,0.0
200,15,232.0,21.0,0.0,1052.0,0.0
200,15,233.0,21.0,0.0,1054.0,0.0
200,15,234.0,19.0,0.0,1054.0,0.0
200,15,235.0,19.0,0.0,1056.0,0.0
200,15,236.0,16.0,0.0,1056.0,0.0
200,15,237.0,15.0,0.0,1059.0,0.0
200,15,238.0,14.0,0.0,1060.0,0.0
200,15,239.0,12.0,0.0,1061.0,0.0
200,15,240.0,11.0,0.0,1063.0,0.0
200,15,241.0,11.0,0.0,1064.0,0.0
200,15,242.0,10.0,0.0,1064.0,0.0
200,15,243.0,10.0,0.0,1065.0,0.0
200,15,244.0,9.0,0.0,1065.0,0.0
200,15,245.0,8.0,0.0,1066.0,0.0
200,15,246.0,7.0,0.0,1067.0,0.0
200,15,247.0,6.0,0.0,1068.0,0.0
200,15,248.0,6.0,0.0,1069.0,0.0
200,15,249.0,6.0,0.0,1069.0,0.0
200,15,250.0,6.0,0.0,1069.0,0.0
200,15,251.0,6.0,0.0,1069.0,0.0
200,15,252.0,5.0,0.0,1069.0,0.0
200,15,253.0,5.0,0.0,1070.0,0.0
200,15,254.0,5.0,0.0,1070.0,0.0
200,15,255.0,5.0,0.0,1070.0,0.0
200,15,256.0,4.0,0.0,1070.0,0.0
200,15,257.0,4.0,0.0,1071.0,0.0
200,15,258.0,4.0,0.0,1071.0,0.0
200,15,259.0,4.0,0.0,1071.0,0.0
200,15,260.0,4.0,0.0,1071.0,0.0
200,15,261.0,4.0,0.0,1071.0,0.0
200,15,262.0,4.0,0.0,1071.0,0.0
200,15,263.0,3.0,0.0,1071.0,0.0
200,15,264.0,2.0,0.0,1072.0,0.0
200,15,265.0,2.0,0.0,1073.0,0.0
200,15,266.0,0.0,0.0,1073.0,0.0
200,15,267.0,0.0,0.0,1075.0,0.0
200,16,0.0,7.0,0.0,0.0,0.0
200,16,1.0,12.0,0.0,0.0,0.0
200,16,2.0,15.0,0.0,0.0,0.0
200,16,3.0,17.0,0.0,0.0,0.0
200,16,4.0,20.0,0.0,0.0,0.0
200,16,5.0,23.0,0.0,0.0,0.0
200,16,6.0,27.0,0.0,0.0,0.0
200,16,7.0,31.0,0.0,0.0,0.0
200,16,8.0,35.0,0.0,0.0,0.0
200,16,9.0,40.0,0.0,0.0,0.0
200,16,10.0,43.0,0.0,0.0,0.0
200,16,11.0,46.0,0.0,0.0,0.0
200,16,12.0,49.0,0.0,0.0,0.0
200,16,13.0,52.0,0.0,0.0,0.0
200,16,14.0,58.0,0.0,0.0,0.0
200,16,15.0,62.0,0.0,0.0,0.0
200,16,16.0,67.0,0.0,0.0,0.0
200,16,17.0,70.0,0.0,2.0,0.0
200,16,18.0,76.0,0.0,2.0,0.0
200,16,19.0,83.0,0.0,2.0,0.0
200,16,20.0,86.0,0.0,2.0,0.0
200,16,21.0,92.0,0.0,2.0,0.0
200,16,22.0,98.0,0.0,3.0,0.0
200,16,23.0,101.0,0.0,4.0,0.0
200,16,24.0,104.0,0.0,4.0,0.0
200,16,25.0,103.0,0.0,6.0,0.0
200,16,26.0,107.0,0.0,10.0,0.0
200,16,27.0,115.0,0.0,13.0,0.0
200,16,28.0,116.0,0.0,14.0,0.0
200,16,29.0,119.0,0.0,17.0,0.0
200,16,30.0,126.0,0.0,20.0,0.0
200,16,31.0,131.0,0.0,21.0,0.0
200,16,32.0,132.0,0.0,23.0,0.0
200,16,33.0,132.0,0.0,26.0,0.0
200,16,34.0,137.0,0.0,30.0,0.0
200,16,35.0,143.0,0.0,32.0,0.0
200,16,36.0,144.0,0.0,33.0,0.0
200,16,37.0,147.0,0.0,36.0,0.0
200,16,38.0,152.0,0.0,37.0,0.0
200,16,39.0,157.0,0.0,42.0,0.0
200,16,40.0,158.0,0.0,45.0,0.0
200,16,41.0,161.0,0.0,47.0,0.0
200,16,42.0,163.0,0.0,52.0,0.0
200,16,43.0,162.0,0.0,56.0,0.0
200,16,44.0,162.0,0.0,61.0,0.0
200,16,45.0,168.0,0.0,65.0,0.0
200,16,46.0,164.0,0.0,67.0,0.0
200,16,47.0,163.0,0.0,75.0,0.0
200,16,48.0,165.0,0.0,80.0,0.0
200,16,49.0,160.0,0.0,83.0,0.0
200,16,50.0,163.0,0.0,93.0,0.0
200,16,51.0,166.0,0.0,99.0,0.0
200,16,52.0,171.0,0.0,102.0,0.0
200,16,53.0,170.0,0.0,104.0,0.0
200,16,54.0,166.0,0.0,110.0,0.0
200,16,55.0,166.0,0.0,120.0,0.0
200,16,56.0,168.0,0.0,123.0,0.0
200,16,57.0,169.0,0.0,127.0,0.0
200,16,58.0,173.0,0.0,131.0,0.0
200,16,59.0,171.0,0.0,134.0,0.0
200,16,60.0,162.0,0.0,139.0,0.0
200,16,61.0,165.0,0.0,152.0,0.0
200,16,62.0,167.0,0.0,156.0,0.0
200,16,63.0,166.0,0.0,159.0,0.0
200,16,64.0,166.0,0.0,166.0,0.0
200,16,65.0,165.0,0.0,173.0,0.0
200,16,66.0,170.0,0.0,179.0,0.0
200,16,67.0,167.0,0.0,181.0,0.0
200,16,68.0,169.0,0.0,189.0,0.0
200,16,69.0,170.0,0.0,194.0,0.0
200,16,70.0,168.0,0.0,199.0,0.0
200,16,71.0,171.0,0.0,208.0,0.0
200,16,72.0,172.0,0.0,212.0,0.0
200,16,73.0,177.0,0.0,216.0,0.0
200,16,74.0,179.0,0.0,222.0,0.0
200,16,75.0,179.0,0.0,227.0,0.0
200,16,76.0,179.0,0.0,232.0,0.0
200,16,77.0,180.0,0.0,239.0,0.0
200,16,78.0,180.0,0.0,242.0,0.0
200,16,79.0,177.0,0.0,247.0,0.0
200,16,80.0,173.0,0.0,252.0,0.0
200,16,81.0,170.0,0.0,260.0,0.0
200,16,82.0,169.0,0.0,266.0,0.0
200,16,83.0,171.0,0.0,270.0,0.0
200,16,84.0,173.0,0.0,275.0,0.0
200,16,85.0,172.0,0.0,279.0,0.0
200,16,86.0,169.0,0.0,283.0,0.0
200,16,87.0,166.0,0.0,288.0,0.0
200,16,88.0,166.0,0.0,295.0,0.0
200,16,89.0,166.0,0.0,302.0,0.0
200,16,90.0,167.0,0.0,308.0,0.0
200,16,91.0,166.0,0.0,311.0,0.0
200,16,92.0,163.0,0.0,317.0,0.0
200,16,93.0,171.0,0.0,325.0,0.0
200,16,94.0,165.0,0.0,328.0,0.0
200,16,95.0,168.0,0.0,336.0,0.0
200,16,96.0,169.0,0.0,339.0,0.0
200,16,97.0,169.0,0.0,344.0,0.0
200,16,98.0,167.0,0.0,353.0,0.0
200,16,99.0,163.0,0.0,362.0,0.0
200,16,100.0,165.0,0.0,368.0,0.0
200,16,101.0,168.0,0.0,373.0,0.0
200,16,102.0,171.0,0.0,376.0,0.0
200,16,103.0,182.0,0.0,380.0,0.0
200,16,104.0,188.0,0.0,384.0,0.0
200,16,105.0,192.0,0.0,389.0,0.0
200,16,106.0,191.0,0.0,391.0,0.0
200,16,107.0,187.0,0.0,397.0,0.0
200,16,108.0,187.0,0.0,404.0,0.0
200,16,109.0,184.0,0.0,410.0,0.0
200,16,110.0,189.0,0.0,417.0,0.0
200,16,111.0,189.0,0.0,420.0,0.0
200,16,112.0,186.0,0.0,426.0,0.0
200,16,113.0,188.0,0.0,433.0,0.0
200,16,114.0,185.0,0.0,435.0,0.0
200,16,115.0,186.0,0.0,441.0,0.0
200,16,116.0,181.0,0.0,444.0,0.0
200,16,117.0,181.0,0.0,452.0,0.0
200,16,118.0,182.0,0.0,460.0,0.0
200,16,119.0,185.0,0.0,463.0,0.0
200,16,120.0,186.0,0.0,467.0,0.0
200,16,121.0,185.0,0.0,475.0,0.0
200,16,122.0,180.0,0.0,481.0,0.0
200,16,123.0,174.0,0.0,490.0,0.0
200,16,124.0,171.0,0.0,498.0,0.0
200,16,125.0,164.0,0.0,508.0,0.0
200,16,126.0,162.0,0.0,519.0,0.0
200,16,127.0,164.0,0.0,524.0,0.0
200,16,128.0,166.0,0.0,527.0,0.0
200,16,129.0,166.0,0.0,530.0,0.0
200,16,130.0,167.0,0.0,536.0,0.0
200,16,131.0,165.0,0.0,540.0,0.0
200,16,132.0,161.0,0.0,546.0,0.0
200,16,133.0,159.0,0.0,553.0,0.0
200,16,134.0,160.0,0.0,556.0,0.0
200,16,135.0,161.0,0.0,560.0,0.0
200,16,136.0,159.0,0.0,563.0,0.0
200,16,137.0,154.0,0.0,569.0,0.0
200,16,138.0,151.0,0.0,578.0,0.0
200,16,139.0,149.0,0.0,590.0,0.0
200,16,140.0,148.0,0.0,598.0,0.0
200,16,141.0,148.0,0.0,603.0,0.0
200,16,142.0,153.0,0.0,608.0,0.0
200,16,143.0,151.0,0.0,612.0,0.0
200,16,144.0,152.0,0.0,620.0,0.0
200,16,145.0,157.0,0.0,627.0,0.0
200,16,146.0,157.0,0.0,632.0,0.0
200,16,147.0,157.0,0.0,638.0,0.0
200,16,148.0,161.0,0.0,645.0,0.0
200,16,149.0,161.0,0.0,647.0,0.0
200,16,150.0,162.0,0.0,652.0,0.0
200,16,151.0,162.0,0.0,654.0,0.0
200,16,152.0,163.0,0.0,658.0,0.0
200,16,153.0,166.0,0.0,662.0,0.0
200,16,154.0,166.0,0.0,666.0,0.0
200,16,155.0,167.0,0.0,671.0,0.0
200,16,156.0,169.0,0.0,677.0,0.0
200,16,157.0,173.0,0.0,682.0,0.0
200,16,158.0,169.0,0.0,688.0,0.0
200,16,159.0,170.0,0.0,694.0,0.0
200,16,160.0,175.0,0.0,701.0,0.0
200,16,161.0,174.0,0.0,705.0,0.0
200,16,162.0,176.0,0.0,709.0,0.0
200,16,163.0,178.0,0.0,711.0,0.0
200,16,164.0,175.0,0.0,713.0,0.0
200,16,165.0,173.0,0.0,719.0,0.0
200,16,166.0,173.0,0.0,724.0,0.0
200,16,167.0,175.0,0.0,730.0,0.0
200,16,168.0,176.0,0.0,732.0,0.0
200,16,169.0,172.0,0.0,739.0,0.0
200,16,170.0,166.0,0.0,745.0,0.0
200,16,171.0,161.0,0.0,755.0,0.0
200,16,172.0,163.0,0.0,763.0,0.0
200,16,173.0,157.0,0.0,768.0,0.0
200,16,174.0,155.0,0.0,777.0,0.0
200,16,175.0,157.0,0.0,784.0,0.0
200,16,176.0,162.0,0.0,788.0,0.0
200,16,177.0,161.0,0.0,791.0,0.0
200,16,178.0,160.0,0.0,798.0,0.0
200,16,179.0,159.0,0.0,803.0,0.0
200,16,180.0,165.0,0.0,806.0,0.0
200,16,181.0,163.0,0.0,808.0,0.0
200,16,182.0,164.0,0.0,812.0,0.0
200,16,183.0,163.0,0.0,819.0,0.0
200,16,184.0,166.0,0.0,823.0,0.0
200,16,185.0,163.0,0.0,828.0,0.0
200,16,186.0,164.0,0.0,834.0,0.0
200,16,187.0,162.0,0.0,838.0,0.0
200,16,188.0,154.0,0.0,845.0,0.0
200,16,189.0,158.0,0.0,857.0,0.0
200,16,190.0,168.0,0.0,858.0,0.0
200,16,191.0,163.0,0.0,859.0,0.0
200,16,192.0,164.0,0.0,869.0,0.0
200,16,193.0,164.0,0.0,873.0,0.0
200,16,194.0,164.0,0.0,876.0,0.0
200,16,195.0,160.0,0.0,880.0,0.0
200,16,196.0,159.0,0.0,888.0,0.0
200,16,197.0,161.0,0.0,892.0,0.0
200,16,198.0,160.0,0.0,895.0,0.0
200,16,199.0,164.0,0.0,901.0,0.0
200,16,200.0,166.0,0.0,906.0,0.0
200,16,201.0,161.0,0.0,912.0,0.0
200,16,202.0,156.0,0.0,917.0,0.0
200,16,203.0,150.0,0.0,922.0,0.0
200,16,204.0,146.0,0.0,928.0,0.0
200,16,205.0,141.0,0.0,932.0,0.0
200,16,206.0,134.0,0.0,937.0,0.0
200,16,207.0,128.0,0.0,944.0,0.0
200,16,208.0,122.0,0.0,950.0,0.0
200,16,209.0,115.0,0.0,956.0,0.0
200,16,210.0,109.0,0.0,963.0,0.0
200,16,211.0,105.0,0.0,969.0,0.0
200,16,212.0,97.0,0.0,973.0,0.0
200,16,213.0,92.0,0.0,981.0,0.0
200,16,214.0,85.0,0.0,986.0,0.0
200,16,215.0,79.0,0.0,993.0,0.0
200,16,216.0,75.0,0.0,999.0,0.0
200,16,217.0,73.0,0.0,1003.0,0.0
200,16,218.0,68.0,0.0,1005.0,0.0
200,16,219.0,61.0,0.0,1010.0,0.0
200,16,220.0,55.0,0.0,1017.0,0.0
200,16,221.0,54.0,0.0,1023.0,0.0
200,16,222.0,48.0,0.0,1024.0,0.0
200,16,223.0,45.0,0.0,1030.0,0.0
200,16,224.0,43.0,0.0,1033.0,0.0
200,16,225.0,39.0,0.0,1035.0,0.0
200,16,226.0,34.0,0.0,1039.0,0.0
200,16,227.0,31.0,0.0,1044.0,0.0
200,16,228.0,30.0,0.0,1047.0,0.0
200,16,229.0,28.0,0.0,1048.0,0.0
200,16,230.0,24.0,0.0,1050.0,0.0
200,16,231.0,20.0,0.0,1054.0,0.0
200,16,232.0,18.0,0.0,1058.0,0.0
200,16,233.0,17.0,0.0,1060.0,0.0
200,16,234.0,16.0,0.0,1061.0,0.0
200,16,235.0,14.0,0.0,1062.0,0.0
200,16,236.0,14.0,0.0,1064.0,0.0
200,16,237.0,13.0,0.0,1064.0,0.0
200,16,238.0,13.0,0.0,1065.0,0.0
200,16,239.0,12.0,0.0,1065.0,0.0
200,16,240.0,10.0,0.0,1066.0,0.0
200,16,241.0,10.0,0.0,1068.0,0.0
200,16,242.0,10.0,0.0,1068.0,0.0
200,16,243.0,9.0,0.0,1068.0,0.0
200,16,244.0,9.0,0.0,1069.0,0.0
200,16,245.0,7.0,0.0,1069.0,0.0
200,16,246.0,6.0,0.0,1071.0,0.0
200,16,247.0,5.0,0.0,1072.0,0.0
200,16,248.0,5.0,0.0,1073.0,0.0
200,16,249.0,5.0,0.0,1073.0,0.0
200,16,250.0,5.0,0.0,1073.0,0.0
200,16,251.0,5.0,0.0,1073.0,0.0
200,16,252.0,4.0,0.0,1073.0,0.0
200,16,253.0,4.0,0.0,1074.0,0.0
200,16,254.0,3.0,0.0,1074.0,0.0
200,16,255.0,2.0,0.0,1075.0,0.0
200,16,256.0,2.0,0.0,1076.0,0.0
200,16,257.0,1.0,0.0,1076.0,0.0
200,16,258.0,1.0,0.0,1077.0,0.0
200,16,259.0,1.0,0.0,1077.0,0.0
200,16,260.0,1.0,0.0,1077.0,0.0
200,16,261.0,1.0,0.0,1077.0,0.0
200,16,262.0,0.0,0.0,1077.0,0.0
200,16,263.0,0.0,0.0,1078.0,0.0
200,17,0.0,4.0,0.0,0.0,0.0
200,17,1.0,8.0,0.0,0.0,0.0
200,17,2.0,15.0,0.0,0.0,0.0
200,17,3.0,20.0,0.0,0.0,0.0
200,17,4.0,26.0,0.0,0.0,0.0
200,17,5.0,33.0,0.0,0.0,0.0
200,17,6.0,40.0,0.0,0.0,0.0
200,17,7.0,47.0,0.0,0.0,0.0
200,17,8.0,54.0,0.0,0.0,0.0
200,17,9.0,61.0,0.0,0.0,0.0
200,17,10.0,67.0,0.0,0.0,0.0
200,17,11.0,71.0,0.0,0.0,0.0
200,17,12.0,76.0,0.0,0.0,0.0
200,17,13.0,83.0,0.0,0.0,0.0
200,17,14.0,92.0,0.0,0.0,0.0
200,17,15.0,101.0,0.0,0.0,0.0
200,17,16.0,106.0,0.0,0.0,0.0
200,17,17.0,112.0,0.0,0.0,0.0
200,17,18.0,120.0,0.0,0.0,0.0
200,17,19.0,127.0,0.0,1.0,0.0
200,17,20.0,135.0,0.0,1.0,0.0
200,17,21.0,141.0,0.0,1.0,0.0
200,17,22.0,143.0,0.0,4.0,0.0
200,17,23.0,147.0,0.0,5.0,0.0
200,17,24.0,148.0,0.0,7.0,0.0
200,17,25.0,148.0,0.0,10.0,0.0
200,17,26.0,150.0,0.0,14.0,0.0
200,17,27.0,156.0,0.0,16.0,0.0
200,17,28.0,155.0,0.0,18.0,0.0
200,17,29.0,155.0,0.0,24.0,0.0
200,17,30.0,151.0,0.0,28.0,0.0
200,17,31.0,152.0,0.0,35.0,0.0
200,17,32.0,152.0,0.0,37.0,0.0
200,17,33.0,153.0,0.0,42.0,0.0
200,17,34.0,159.0,0.0,49.0,0.0
200,17,35.0,160.0,0.0,52.0,0.0
200,17,36.0,163.0,0.0,58.0,0.0
200,17,37.0,161.0,0.0,61.0,0.0
200,17,38.0,162.0,0.0,66.0,0.0
200,17,39.0,168.0,0.0,69.0,0.0
200,17,40.0,167.0,0.0,74.0,0.0
200,17,41.0,168.0,0.0,80.0,0.0
200,17,42.0,168.0,0.0,85.0,0.0
200,17,43.0,169.0,0.0,89.0,0.0
200,17,44.0,166.0,0.0,93.0,0.0
200,17,45.0,164.0,0.0,102.0,0.0
200,17,46.0,165.0,0.0,107.0,0.0
200,17,47.0,169.0,0.0,112.0,0.0
200,17,48.0,171.0,0.0,117.0,0.0
200,17,49.0,175.0,0.0,121.0,0.0
200,17,50.0,178.0,0.0,124.0,0.0
200,17,51.0,182.0,0.0,128.0,0.0
200,17,52.0,187.0,0.0,131.0,0.0
200,17,53.0,189.0,0.0,134.0,0.0
200,17,54.0,187.0,0.0,137.0,0.0
200,17,55.0,184.0,0.0,144.0,0.0
200,17,56.0,185.0,0.0,149.0,0.0
200,17,57.0,187.0,0.0,154.0,0.0
200,17,58.0,188.0,0.0,158.0,0.0
200,17,59.0,195.0,0.0,164.0,0.0
200,17,60.0,192.0,0.0,165.0,0.0
200,17,61.0,189.0,0.0,172.0,0.0
200,17,62.0,192.0,0.0,181.0,0.0
200,17,63.0,196.0,0.0,188.0,0.0
200,17,64.0,191.0,2.0,190.0,0.0
200,17,65.0,189.0,0.0,199.0,0.0
200,17,66.0,188.0,0.0,208.0,0.0
200,17,67.0,189.0,0.0,214.0,0.0
200,17,68.0,186.0,0.0,220.0,0.0
200,17,69.0,184.0,0.0,228.0,0.0
200,17,70.0,184.0,0.0,232.0,0.0
200,17,71.0,188.0,0.0,237.0,0.0
200,17,72.0,186.0,0.0,240.0,0.0
200,17,73.0,184.0,0.0,250.0,0.0
200,17,74.0,184.0,0.0,257.0,0.0
200,17,75.0,185.0,0.0,262.0,0.0
200,17,76.0,186.0,0.0,267.0,0.0
200,17,77.0,189.0,0.0,270.0,0.0
200,17,78.0,193.0,0.0,275.0,0.0
200,17,79.0,189.0,0.0,278.0,0.0
200,17,80.0,188.0,0.0,286.0,0.0
200,17,81.0,192.0,0.0,292.0,0.0
200,17,82.0,192.0,0.0,297.0,0.0
200,17,83.0,190.0,0.0,304.0,0.0
200,17,84.0,194.0,0.0,311.0,0.0
200,17,85.0,192.0,0.0,314.0,0.0
200,17,86.0,192.0,0.0,319.0,0.0
200,17,87.0,194.0,1.0,324.0,0.0
200,17,88.0,195.0,2.0,330.0,0.0
200,17,89.0,194.0,3.0,335.0,0.0
200,17,90.0,195.0,3.0,341.0,0.0
200,17,91.0,195.0,3.0,346.0,0.0
200,17,92.0,189.0,3.0,351.0,0.0
200,17,93.0,191.0,0.0,362.0,0.0
200,17,94.0,188.0,0.0,370.0,0.0
200,17,95.0,189.0,0.0,378.0,0.0
200,17,96.0,187.0,0.0,385.0,0.0
200,17,97.0,184.0,0.0,392.0,0.0
200,17,98.0,180.0,0.0,398.0,0.0
200,17,99.0,178.0,0.0,407.0,0.0
200,17,100.0,177.0,0.0,413.0,0.0
200,17,101.0,179.0,0.0,417.0,0.0
200,17,102.0,176.0,0.0,420.0,0.0
200,17,103.0,172.0,0.0,425.0,0.0
200,17,104.0,165.0,0.0,432.0,0.0
200,17,105.0,168.0,0.0,442.0,0.0
200,17,106.0,171.0,0.0,447.0,0.0
200,17,107.0,169.0,0.0,453.0,0.0
200,17,108.0,170.0,0.0,462.0,0.0
200,17,109.0,167.0,0.0,467.0,0.0
200,17,110.0,168.0,0.0,475.0,0.0
200,17,111.0,165.0,0.0,478.0,0.0
200,17,112.0,163.0,0.0,486.0,0.0
200,17,113.0,162.0,0.0,491.0,0.0
200,17,114.0,164.0,0.0,498.0,0.0
200,17,115.0,161.0,0.0,502.0,0.0
200,17,116.0,158.0,0.0,511.0,0.0
200,17,117.0,158.0,0.0,517.0,0.0
200,17,118.0,157.0,0.0,523.0,0.0
200,17,119.0,161.0,0.0,527.0,0.0
200,17,120.0,157.0,0.0,530.0,0.0
200,17,121.0,156.0,0.0,538.0,0.0
200,17,122.0,162.0,0.0,543.0,0.0
200,17,123.0,162.0,0.0,545.0,0.0
200,17,124.0,167.0,0.0,551.0,0.0
200,17,125.0,167.0,0.0,553.0,0.0
200,17,126.0,167.0,0.0,560.0,0.0
200,17,127.0,171.0,0.0,566.0,0.0
200,17,128.0,170.0,0.0,568.0,0.0
200,17,129.0,170.0,0.0,574.0,0.0
200,17,130.0,173.0,0.0,578.0,0.0
200,17,131.0,171.0,0.0,582.0,0.0
200,17,132.0,178.0,0.0,588.0,0.0
200,17,133.0,176.0,0.0,590.0,0.0
200,17,134.0,175.0,0.0,598.0,0.0
200,17,135.0,173.0,0.0,605.0,0.0
200,17,136.0,170.0,0.0,611.0,0.0
200,17,137.0,172.0,0.0,618.0,0.0
200,17,138.0,168.0,0.0,620.0,0.0
200,17,139.0,163.0,0.0,628.0,0.0
200,17,140.0,162.0,0.0,637.0,0.0
200,17,141.0,168.0,0.0,645.0,0.0
200,17,142.0,167.0,0.0,648.0,0.0
200,17,143.0,168.0,0.0,653.0,0.0
200,17,144.0,167.0,0.0,656.0,0.0
200,17,145.0,162.0,0.0,661.0,0.0
200,17,146.0,162.0,0.0,667.0,0.0
200,17,147.0,163.0,0.0,671.0,0.0
200,17,148.0,161.0,0.0,677.0,0.0
200,17,149.0,163.0,0.0,683.0,0.0
200,17,150.0,158.0,0.0,690.0,0.0
200,17,151.0,159.0,0.0,698.0,0.0
200,17,152.0,156.0,0.0,704.0,0.0
200,17,153.0,157.0,0.0,710.0,0.0
200,17,154.0,158.0,0.0,713.0,0.0
200,17,155.0,158.0,0.0,718.0,0.0
200,17,156.0,154.0,0.0,723.0,0.0
200,17,157.0,156.0,0.0,731.0,0.0
200,17,158.0,155.0,0.0,736.0,0.0
200,17,159.0,155.0,0.0,740.0,0.0
200,17,160.0,159.0,0.0,745.0,0.0
200,17,161.0,160.0,0.0,751.0,0.0
200,17,162.0,165.0,0.0,758.0,0.0
200,17,163.0,161.0,0.0,762.0,0.0
200,17,164.0,162.0,0.0,771.0,0.0
200,17,165.0,160.0,0.0,777.0,0.0
200,17,166.0,163.0,0.0,783.0,0.0
200,17,167.0,161.0,0.0,786.0,0.0
200,17,168.0,160.0,0.0,791.0,0.0
200,17,169.0,162.0,0.0,797.0,0.0
200,17,170.0,166.0,0.0,799.0,0.0
200,17,171.0,168.0,0.0,803.0,0.0
200,17,172.0,169.0,0.0,806.0,0.0
200,17,173.0,171.0,0.0,811.0,0.0
200,17,174.0,176.0,0.0,816.0,0.0
200,17,175.0,174.0,0.0,819.0,0.0
200,17,176.0,172.0,0.0,825.0,0.0
200,17,177.0,175.0,0.0,832.0,0.0
200,17,178.0,177.0,0.0,840.0,0.0
200,17,179.0,174.0,0.0,846.0,0.0
200,17,180.0,172.0,0.0,851.0,0.0
200,17,181.0,172.0,0.0,859.0,0.0
200,17,182.0,171.0,0.0,867.0,0.0
200,17,183.0,174.0,0.0,873.0,0.0
200,17,184.0,172.0,0.0,878.0,0.0
200,17,185.0,173.0,0.0,884.0,0.0
200,17,186.0,171.0,0.0,890.0,0.0
200,17,187.0,174.0,0.0,899.0,0.0
200,17,188.0,171.0,0.0,903.0,0.0
200,17,189.0,176.0,0.0,911.0,0.0
200,17,190.0,176.0,0.0,915.0,0.0
200,17,191.0,176.0,0.0,918.0,0.0
200,17,192.0,176.0,0.0,921.0,0.0
200,17,193.0,180.0,0.0,927.0,0.0
200,17,194.0,181.0,0.0,930.0,0.0
200,17,195.0,180.0,0.0,935.0,0.0
200,17,196.0,178.0,0.0,940.0,0.0
200,17,197.0,183.0,0.0,946.0,0.0
200,17,198.0,184.0,0.0,950.0,0.0
200,17,199.0,182.0,0.0,956.0,0.0
200,17,200.0,178.0,0.0,965.0,0.0
200,17,201.0,170.0,0.0,975.0,0.0
200,17,202.0,166.0,0.0,983.0,0.0
200,17,203.0,156.0,0.0,987.0,0.0
200,17,204.0,150.0,0.0,997.0,0.0
200,17,205.0,145.0,0.0,1003.0,0.0
200,17,206.0,141.0,0.0,1008.0,0.0
200,17,207.0,136.0,0.0,1012.0,0.0
200,17,208.0,133.0,0.0,1017.0,0.0
200,17,209.0,130.0,0.0,1020.0,0.0
200,17,210.0,126.0,0.0,1023.0,0.0
200,17,211.0,120.0,0.0,1027.0,0.0
200,17,212.0,115.0,0.0,1033.0,0.0
200,17,213.0,111.0,0.0,1038.0,0.0
200,17,214.0,108.0,0.0,1042.0,0.0
200,17,215.0,99.0,0.0,1045.0,0.0
200,17,216.0,94.0,0.0,1054.0,0.0
200,17,217.0,87.0,0.0,1059.0,0.0
200,17,218.0,81.0,0.0,1066.0,0.0
200,17,219.0,72.0,0.0,1072.0,0.0
200,17,220.0,67.0,0.0,1081.0,0.0
200,17,221.0,62.0,0.0,1086.0,0.0
200,17,222.0,58.0,0.0,1091.0,0.0
200,17,223.0,55.0,0.0,1095.0,0.0
200,17,224.0,54.0,0.0,1098.0,0.0
200,17,225.0,52.0,0.0,1099.0,0.0
200,17,226.0,45.0,0.0,1101.0,0.0
200,17,227.0,41.0,0.0,1108.0,0.0
200,17,228.0,40.0,0.0,1112.0,0.0
200,17,229.0,37.0,0.0,1113.0,0.0
200,17,230.0,33.0,0.0,1116.0,0.0
200,17,231.0,30.0,0.0,1120.0,0.0
200,17,232.0,29.0,0.0,1123.0,0.0
200,17,233.0,29.0,0.0,1124.0,0.0
200,17,234.0,27.0,0.0,1124.0,0.0
200,17,235.0,24.0,0.0,1126.0,0.0
200,17,236.0,23.0,0.0,1129.0,0.0
200,17,237.0,22.0,0.0,1130.0,0.0
200,17,238.0,22.0,0.0,1131.0,0.0
200,17,239.0,22.0,0.0,1131.0,0.0
200,17,240.0,21.0,0.0,1131.0,0.0
200,17,241.0,20.0,0.0,1132.0,0.0
200,17,242.0,20.0,0.0,1133.0,0.0
200,17,243.0,20.0,0.0,1133.0,0.0
200,17,244.0,20.0,0.0,1133.0,0.0
200,17,245.0,18.0,0.0,1133.0,0.0
200,17,246.0,16.0,0.0,1135.0,0.0
200,17,247.0,14.0,0.0,1137.0,0.0
200,17,248.0,14.0,0.0,1139.0,0.0
200,17,249.0,12.0,0.0,1139.0,0.0
200,17,250.0,12.0,0.0,1141.0,0.0
200,17,251.0,12.0,0.0,1141.0,0.0
200,17,252.0,11.0,0.0,1141.0,0.0
200,17,253.0,10.0,0.0,1142.0,0.0
200,17,254.0,9.0,0.0,1143.0,0.0
200,17,255.0,7.0,0.0,1144.0,0.0
200,17,256.0,7.0,0.0,1146.0,0.0
200,17,257.0,6.0,0.0,1146.0,0.0
200,17,258.0,4.0,0.0,1147.0,0.0
200,17,259.0,3.0,0.0,1149.0,0.0
200,17,260.0,2.0,0.0,1150.0,0.0
200,17,261.0,2.0,0.0,1151.0,0.0
200,17,262.0,2.0,0.0,1151.0,0.0
200,17,263.0,2.0,0.0,1151.0,0.0
200,17,264.0,2.0,0.0,1151.0,0.0
200,17,265.0,2.0,0.0,1151.0,0.0
200,17,266.0,2.0,0.0,1151.0,0.0
200,17,267.0,1.0,0.0,1151.0,0.0
200,17,268.0,0.0,0.0,1152.0,0.0
200,17,269.0,0.0,0.0,1153.0,0.0
200,18,0.0,7.0,0.0,0.0,0.0
200,18,1.0,9.0,0.0,0.0,0.0
200,18,2.0,13.0,0.0,0.0,0.0
200,18,3.0,20.0,0.0,0.0,0.0
200,18,4.0,29.0,0.0,0.0,0.0
200,18,5.0,34.0,0.0,0.0,0.0
200,18,6.0,40.0,0.0,0.0,0.0
200,18,7.0,46.0,0.0,0.0,0.0
200,18,8.0,49.0,0.0,0.0,0.0
200,18,9.0,55.0,0.0,0.0,0.0
200,18,10.0,61.0,0.0,0.0,0.0
200,18,11.0,68.0,0.0,0.0,0.0
200,18,12.0,78.0,0.0,0.0,0.0
200,18,13.0,85.0,0.0,0.0,0.0
200,18,14.0,93.0,0.0,1.0,0.0
200,18,15.0,98.0,0.0,1.0,0.0
200,18,16.0,103.0,0.0,1.0,0.0
200,18,17.0,108.0,0.0,1.0,0.0
200,18,18.0,110.0,0.0,2.0,0.0
200,18,19.0,115.0,0.0,5.0,0.0
200,18,20.0,121.0,0.0,6.0,0.0
200,18,21.0,125.0,0.0,6.0,0.0
200,18,22.0,131.0,0.0,7.0,0.0
200,18,23.0,133.0,0.0,9.0,0.0
200,18,24.0,137.0,0.0,11.0,0.0
200,18,25.0,138.0,0.0,14.0,0.0
200,18,26.0,141.0,0.0,17.0,0.0
200,18,27.0,141.0,0.0,18.0,0.0
200,18,28.0,145.0,0.0,23.0,0.0
200,18,29.0,147.0,0.0,26.0,0.0
200,18,30.0,145.0,0.0,29.0,0.0
200,18,31.0,141.0,0.0,34.0,0.0
200,18,32.0,142.0,0.0,43.0,0.0
200,18,33.0,142.0,0.0,50.0,0.0
200,18,34.0,141.0,0.0,55.0,0.0
200,18,35.0,141.0,0.0,58.0,0.0
200,18,36.0,141.0,0.0,63.0,0.0
200,18,37.0,143.0,0.0,67.0,0.0
200,18,38.0,139.0,0.0,70.0,0.0
200,18,39.0,140.0,0.0,77.0,0.0
200,18,40.0,143.0,0.0,82.0,0.0
200,18,41.0,148.0,0.0,86.0,0.0
200,18,42.0,149.0,0.0,90.0,0.0
200,18,43.0,154.0,0.0,95.0,0.0
200,18,44.0,154.0,0.0,99.0,0.0
200,18,45.0,156.0,0.0,104.0,0.0
200,18,46.0,160.0,0.0,109.0,0.0
200,18,47.0,160.0,0.0,112.0,0.0
200,18,48.0,166.0,0.0,118.0,0.0
200,18,49.0,167.0,0.0,120.0,0.0
200,18,50.0,167.0,0.0,125.0,0.0
200,18,51.0,168.0,0.0,129.0,0.0
200,18,52.0,169.0,0.0,135.0,0.0
200,18,53.0,171.0,0.0,139.0,0.0
200,18,54.0,173.0,0.0,143.0,0.0
200,18,55.0,175.0,0.0,146.0,0.0
200,18,56.0,184.0,0.0,149.0,0.0
200,18,57.0,188.0,0.0,151.0,0.0
200,18,58.0,186.0,0.0,154.0,0.0
200,18,59.0,183.0,0.0,160.0,0.0
200,18,60.0,181.0,0.0,167.0,0.0
200,18,61.0,182.0,0.0,175.0,0.0
200,18,62.0,185.0,0.0,179.0,0.0
200,18,63.0,187.0,0.0,183.0,0.0
200,18,64.0,184.0,0.0,188.0,0.0
200,18,65.0,188.0,0.0,196.0,0.0
200,18,66.0,186.0,0.0,198.0,0.0
200,18,67.0,184.0,0.0,205.0,0.0
200,18,68.0,190.0,0.0,215.0,0.0
200,18,69.0,187.0,0.0,221.0,0.0
200,18,70.0,187.0,0.0,228.0,0.0
200,18,71.0,186.0,0.0,233.0,0.0
200,18,72.0,182.0,0.0,239.0,0.0
200,18,73.0,189.0,0.0,246.0,0.0
200,18,74.0,187.0,0.0,249.0,0.0
200,18,75.0,187.0,0.0,258.0,0.0
200,18,76.0,182.0,0.0,264.0,0.0
200,18,77.0,186.0,0.0,274.0,0.0
200,18,78.0,184.0,0.0,277.0,0.0
200,18,79.0,187.0,0.0,283.0,0.0
200,18,80.0,187.0,0.0,286.0,0.0
200,18,81.0,184.0,0.0,292.0,0.0
200,18,82.0,183.0,0.0,299.0,0.0
200,18,83.0,178.0,0.0,304.0,0.0
200,18,84.0,178.0,0.0,311.0,0.0
200,18,85.0,176.0,0.0,316.0,0.0
200,18,86.0,175.0,0.0,321.0,0.0
200,18,87.0,173.0,0.0,327.0,0.0
200,18,88.0,176.0,0.0,333.0,0.0
200,18,89.0,176.0,0.0,338.0,0.0
200,18,90.0,172.0,0.0,345.0,0.0
200,18,91.0,171.0,0.0,354.0,0.0
200,18,92.0,168.0,0.0,360.0,0.0
200,18,93.0,170.0,0.0,368.0,0.0
200,18,94.0,167.0,0.0,372.0,0.0
200,18,95.0,166.0,0.0,378.0,0.0
200,18,96.0,163.0,0.0,384.0,0.0
200,18,97.0,161.0,0.0,391.0,0.0
200,18,98.0,162.0,0.0,397.0,0.0
200,18,99.0,162.0,0.0,402.0,0.0
200,18,100.0,168.0,0.0,407.0,0.0
200,18,101.0,167.0,0.0,409.0,0.0
200,18,102.0,161.0,0.0,416.0,0.0
200,18,103.0,163.0,0.0,426.0,0.0
200,18,104.0,159.0,0.0,430.0,0.0
200,18,105.0,158.0,0.0,438.0,0.0
200,18,106.0,157.0,0.0,442.0,0.0
200,18,107.0,155.0,0.0,449.0,0.0
200,18,108.0,155.0,0.0,456.0,0.0
200,18,109.0,155.0,0.0,460.0,0.0
200,18,110.0,157.0,0.0,465.0,0.0
200,18,111.0,159.0,0.0,471.0,0.0
200,18,112.0,159.0,0.0,474.0,0.0
200,18,113.0,158.0,0.0,478.0,0.0
200,18,114.0,156.0,0.0,483.0,0.0
200,18,115.0,156.0,0.0,489.0,0.0
200,18,116.0,158.0,0.0,493.0,0.0
200,18,117.0,156.0,0.0,496.0,0.0
200,18,118.0,152.0,0.0,501.0,0.0
200,18,119.0,153.0,0.0,507.0,0.0
200,18,120.0,156.0,0.0,510.0,0.0
200,18,121.0,155.0,0.0,514.0,0.0
200,18,122.0,155.0,0.0,520.0,0.0
200,18,123.0,155.0,0.0,527.0,0.0
200,18,124.0,152.0,0.0,532.0,0.0
200,18,125.0,152.0,0.0,539.0,0.0
200,18,126.0,154.0,0.0,542.0,0.0
200,18,127.0,150.0,0.0,547.0,0.0
200,18,128.0,152.0,0.0,552.0,0.0
200,18,129.0,156.0,0.0,557.0,0.0
200,18,130.0,157.0,0.0,560.0,0.0
200,18,131.0,158.0,0.0,566.0,0.0
200,18,132.0,161.0,0.0,570.0,0.0
200,18,133.0,162.0,0.0,575.0,0.0
200,18,134.0,163.0,0.0,579.0,0.0
200,18,135.0,166.0,0.0,587.0,0.0
200,18,136.0,167.0,0.0,591.0,0.0
200,18,137.0,170.0,0.0,595.0,0.0
200,18,138.0,175.0,0.0,600.0,0.0
200,18,139.0,180.0,0.0,603.0,0.0
200,18,140.0,182.0,0.0,609.0,0.0
200,18,141.0,181.0,0.0,614.0,0.0
200,18,142.0,180.0,0.0,620.0,0.0
200,18,143.0,180.0,0.0,625.0,0.0
200,18,144.0,177.0,0.0,629.0,0.0
200,18,145.0,177.0,0.0,634.0,0.0
200,18,146.0,180.0,0.0,639.0,0.0
200,18,147.0,184.0,0.0,645.0,0.0
200,18,148.0,187.0,0.0,647.0,0.0
200,18,149.0,184.0,0.0,649.0,0.0
200,18,150.0,180.0,0.0,653.0,0.0
200,18,151.0,180.0,0.0,662.0,0.0
200,18,152.0,179.0,0.0,667.0,0.0
200,18,153.0,180.0,0.0,674.0,0.0
200,18,154.0,176.0,0.0,678.0,0.0
200,18,155.0,178.0,0.0,687.0,0.0
200,18,156.0,171.0,0.0,693.0,0.0
200,18,157.0,170.0,0.0,701.0,0.0
200,18,158.0,172.0,0.0,707.0,0.0
200,18,159.0,172.0,0.0,711.0,0.0
200,18,160.0,168.0,0.0,715.0,0.0
200,18,161.0,167.0,0.0,725.0,0.0
200,18,162.0,168.0,0.0,730.0,0.0
200,18,163.0,166.0,0.0,738.0,0.0
200,18,164.0,164.0,0.0,747.0,0.0
200,18,165.0,165.0,0.0,755.0,0.0
200,18,166.0,167.0,0.0,760.0,0.0
200,18,167.0,164.0,0.0,764.0,0.0
200,18,168.0,164.0,0.0,772.0,0.0
200,18,169.0,168.0,0.0,779.0,0.0
200,18,170.0,170.0,0.0,783.0,0.0
200,18,171.0,166.0,0.0,785.0,0.0
200,18,172.0,163.0,0.0,795.0,0.0
200,18,173.0,166.0,0.0,802.0,0.0
200,18,174.0,163.0,0.0,806.0,0.0
200,18,175.0,164.0,0.0,811.0,0.0
200,18,176.0,167.0,0.0,817.0,0.0
200,18,177.0,166.0,0.0,822.0,0.0
200,18,178.0,168.0,0.0,826.0,0.0
200,18,179.0,167.0,0.0,832.0,0.0
200,18,180.0,163.0,0.0,836.0,0.0
200,18,181.0,167.0,0.0,843.0,0.0
200,18,182.0,171.0,0.0,845.0,0.0
200,18,183.0,176.0,0.0,849.0,0.0
200,18,184.0,180.0,0.0,852.0,0.0
200,18,185.0,180.0,0.0,856.0,0.0
200,18,186.0,183.0,0.0,862.0,0.0
200,18,187.0,174.0,0.0,865.0,0.0
200,18,188.0,174.0,0.0,878.0,0.0
200,18,189.0,174.0,0.0,884.0,0.0
200,18,190.0,173.0,0.0,890.0,0.0
200,18,191.0,176.0,0.0,895.0,0.0
200,18,192.0,177.0,0.0,899.0,0.0
200,18,193.0,171.0,0.0,905.0,0.0
200,18,194.0,177.0,0.0,915.0,0.0
200,18,195.0,178.0,0.0,918.0,0.0
200,18,196.0,175.0,0.0,924.0,0.0
200,18,197.0,173.0,0.0,931.0,0.0
200,18,198.0,168.0,0.0,938.0,0.0
200,18,199.0,171.0,0.0,947.0,0.0
200,18,200.0,173.0,0.0,952.0,0.0
200,18,201.0,167.0,0.0,956.0,0.0
200,18,202.0,165.0,0.0,962.0,0.0
200,18,203.0,157.0,0.0,964.0,0.0
200,18,204.0,148.0,0.0,972.0,0.0
200,18,205.0,144.0,0.0,981.0,0.0
200,18,206.0,140.0,0.0,985.0,0.0
200,18,207.0,134.0,0.0,989.0,0.0
200,18,208.0,131.0,0.0,995.0,0.0
200,18,209.0,125.0,0.0,998.0,0.0
200,18,210.0,121.0,0.0,1004.0,0.0
200,18,211.0,116.0,0.0,1008.0,0.0
200,18,212.0,109.0,0.0,1013.0,0.0
200,18,213.0,104.0,0.0,1020.0,0.0
200,18,214.0,101.0,0.0,1025.0,0.0
200,18,215.0,94.0,0.0,1028.0,0.0
200,18,216.0,87.0,0.0,1035.0,0.0
200,18,217.0,82.0,0.0,1042.0,0.0
200,18,218.0,76.0,0.0,1047.0,0.0
200,18,219.0,75.0,0.0,1053.0,0.0
200,18,220.0,70.0,0.0,1054.0,0.0
200,18,221.0,65.0,0.0,1059.0,0.0
200,18,222.0,59.0,0.0,1064.0,0.0
200,18,223.0,53.0,0.0,1070.0,0.0
200,18,224.0,49.0,0.0,1076.0,0.0
200,18,225.0,44.0,0.0,1080.0,0.0
200,18,226.0,39.0,0.0,1085.0,0.0
200,18,227.0,38.0,0.0,1090.0,0.0
200,18,228.0,36.0,0.0,1091.0,0.0
200,18,229.0,33.0,0.0,1093.0,0.0
200,18,230.0,31.0,0.0,1096.0,0.0
200,18,231.0,30.0,0.0,1098.0,0.0
200,18,232.0,29.0,0.0,1099.0,0.0
200,18,233.0,28.0,0.0,1100.0,0.0
200,18,234.0,25.0,0.0,1101.0,0.0
200,18,235.0,23.0,0.0,1104.0,0.0
200,18,236.0,22.0,0.0,1106.0,0.0
200,18,237.0,20.0,0.0,1107.0,0.0
200,18,238.0,19.0,0.0,1109.0,0.0
200,18,239.0,17.0,0.0,1110.0,0.0
200,18,240.0,17.0,0.0,1112.0,0.0
200,18,241.0,16.0,0.0,1112.0,0.0
200,18,242.0,16.0,0.0,1113.0,0.0
200,18,243.0,15.0,0.0,1113.0,0.0
200,18,244.0,15.0,0.0,1114.0,0.0
200,18,245.0,15.0,0.0,1114.0,0.0
200,18,246.0,13.0,0.0,1114.0,0.0
200,18,247.0,12.0,0.0,1116.0,0.0
200,18,248.0,12.0,0.0,1117.0,0.0
200,18,249.0,11.0,0.0,1117.0,0.0
200,18,250.0,10.0,0.0,1118.0,0.0
200,18,251.0,8.0,0.0,1119.0,0.0
200,18,252.0,8.0,0.0,1121.0,0.0
200,18,253.0,6.0,0.0,1121.0,0.0
200,18,254.0,6.0,0.0,1123.0,0.0
200,18,255.0,6.0,0.0,1123.0,0.0
200,18,256.0,6.0,0.0,1123.0,0.0
200,18,257.0,6.0,0.0,1123.0,0.0
200,18,258.0,6.0,0.0,1123.0,0.0
200,18,259.0,6.0,0.0,1123.0,0.0
200,18,260.0,5.0,0.0,1123.0,0.0
200,18,261.0,4.0,0.0,1124.0,0.0
200,18,262.0,3.0,0.0,1125.0,0.0
200,18,263.0,1.0,0.0,1126.0,0.0
200,18,264.0,1.0,0.0,1128.0,0.0
200,18,265.0,1.0,0.0,1128.0,0.0
200,18,266.0,1.0,0.0,1128.0,0.0
200,18,267.0,0.0,0.0,1128.0,0.0
200,18,268.0,0.0,0.0,1129.0,0.0
200,19,0.0,2.0,0.0,0.0,0.0
200,19,1.0,8.0,0.0,0.0,0.0
200,19,2.0,14.0,0.0,0.0,0.0
200,19,3.0,18.0,0.0,0.0,0.0
200,19,4.0,24.0,0.0,0.0,0.0
200,19,5.0,29.0,0.0,0.0,0.0
200,19,6.0,35.0,0.0,0.0,0.0
200,19,7.0,42.0,0.0,0.0,0.0
200,19,8.0,45.0,0.0,0.0,0.0
200,19,9.0,51.0,0.0,0.0,0.0
200,19,10.0,59.0,0.0,0.0,0.0
200,19,11.0,62.0,0.0,0.0,0.0
200,19,12.0,66.0,0.0,0.0,0.0
200,19,13.0,70.0,0.0,0.0,0.0
200,19,14.0,78.0,0.0,0.0,0.0
200,19,15.0,79.0,0.0,0.0,0.0
200,19,16.0,87.0,0.0,1.0,0.0
200,19,17.0,93.0,0.0,1.0,0.0
200,19,18.0,99.0,0.0,1.0,0.0
200,19,19.0,105.0,0.0,1.0,0.0
200,19,20.0,114.0,0.0,1.0,0.0
200,19,21.0,116.0,0.0,1.0,0.0
200,19,22.0,121.0,0.0,2.0,0.0
200,19,23.0,123.0,0.0,4.0,0.0
200,19,24.0,122.0,0.0,4.0,0.0
200,19,25.0,126.0,0.0,8.0,0.0
200,19,26.0,127.0,0.0,11.0,0.0
200,19,27.0,128.0,0.0,15.0,0.0
200,19,28.0,130.0,0.0,18.0,0.0
200,19,29.0,132.0,0.0,21.0,0.0
200,19,30.0,138.0,0.0,23.0,0.0
200,19,31.0,143.0,0.0,26.0,0.0
200,19,32.0,144.0,0.0,29.0,0.0
200,19,33.0,145.0,0.0,34.0,0.0
200,19,34.0,146.0,0.0,39.0,0.0
200,19,35.0,146.0,0.0,42.0,0.0
200,19,36.0,152.0,0.0,49.0,0.0
200,19,37.0,153.0,0.0,51.0,0.0
200,19,38.0,152.0,0.0,53.0,0.0
200,19,39.0,155.0,0.0,56.0,0.0
200,19,40.0,156.0,0.0,59.0,0.0
200,19,41.0,153.0,0.0,62.0,0.0
200,19,42.0,151.0,0.0,70.0,0.0
200,19,43.0,155.0,0.0,76.0,0.0
200,19,44.0,157.0,0.0,77.0,0.0
200,19,45.0,159.0,0.0,80.0,0.0
200,19,46.0,157.0,0.0,86.0,0.0
200,19,47.0,160.0,0.0,90.0,0.0
200,19,48.0,165.0,0.0,92.0,0.0
200,19,49.0,162.0,0.0,95.0,0.0
200,19,50.0,165.0,0.0,100.0,0.0
200,19,51.0,167.0,0.0,103.0,0.0
200,19,52.0,165.0,0.0,108.0,0.0
200,19,53.0,167.0,0.0,115.0,0.0
200,19,54.0,165.0,0.0,119.0,0.0
200,19,55.0,162.0,0.0,125.0,0.0
200,19,56.0,160.0,0.0,131.0,0.0
200,19,57.0,158.0,0.0,138.0,0.0
200,19,58.0,162.0,0.0,143.0,0.0
200,19,59.0,161.0,0.0,147.0,0.0
200,19,60.0,161.0,0.0,151.0,0.0
200,19,61.0,157.0,0.0,156.0,0.0
200,19,62.0,159.0,0.0,164.0,0.0
200,19,63.0,160.0,0.0,170.0,0.0
200,19,64.0,160.0,0.0,175.0,0.0
200,19,65.0,160.0,0.0,179.0,0.0
200,19,66.0,160.0,0.0,186.0,0.0
200,19,67.0,168.0,0.0,189.0,0.0
200,19,68.0,166.0,0.0,190.0,0.0
200,19,69.0,166.0,0.0,195.0,0.0
200,19,70.0,169.0,0.0,199.0,0.0
200,19,71.0,170.0,0.0,207.0,0.0
200,19,72.0,166.0,0.0,211.0,0.0
200,19,73.0,168.0,0.0,218.0,0.0
200,19,74.0,168.0,0.0,223.0,0.0
200,19,75.0,172.0,0.0,230.0,0.0
200,19,76.0,172.0,0.0,234.0,0.0
200,19,77.0,170.0,0.0,240.0,0.0
200,19,78.0,176.0,0.0,245.0,0.0
200,19,79.0,176.0,0.0,246.0,0.0
200,19,80.0,177.0,0.0,250.0,0.0
200,19,81.0,174.0,0.0,251.0,0.0
200,19,82.0,170.0,0.0,257.0,0.0
200,19,83.0,168.0,0.0,267.0,0.0
200,19,84.0,169.0,0.0,275.0,0.0
200,19,85.0,176.0,0.0,282.0,0.0
200,19,86.0,178.0,0.0,283.0,0.0
200,19,87.0,180.0,0.0,287.0,0.0
200,19,88.0,175.0,0.0,291.0,0.0
200,19,89.0,177.0,0.0,301.0,0.0
200,19,90.0,175.0,0.0,305.0,0.0
200,19,91.0,176.0,0.0,311.0,0.0
200,19,92.0,176.0,0.0,316.0,0.0
200,19,93.0,178.0,0.0,321.0,0.0
200,19,94.0,175.0,0.0,324.0,0.0
200,19,95.0,173.0,0.0,332.0,0.0
200,19,96.0,177.0,0.0,336.0,0.0
200,19,97.0,179.0,0.0,343.0,0.0
200,19,98.0,177.0,0.0,349.0,0.0
200,19,99.0,179.0,0.0,355.0,0.0
200,19,100.0,185.0,0.0,361.0,0.0
200,19,101.0,181.0,0.0,364.0,0.0
200,19,102.0,179.0,0.0,373.0,0.0
200,19,103.0,177.0,0.0,377.0,0.0
200,19,104.0,178.0,0.0,382.0,0.0
200,19,105.0,174.0,0.0,389.0,0.0
200,19,106.0,173.0,0.0,396.0,0.0
200,19,107.0,179.0,0.0,403.0,0.0
200,19,108.0,181.0,0.0,408.0,0.0
200,19,109.0,181.0,0.0,411.0,0.0
200,19,110.0,181.0,0.0,414.0,0.0
200,19,111.0,182.0,0.0,417.0,0.0
200,19,112.0,177.0,0.0,421.0,0.0
200,19,113.0,176.0,0.0,429.0,0.0
200,19,114.0,173.0,0.0,437.0,0.0
200,19,115.0,171.0,0.0,444.0,0.0
200,19,116.0,178.0,0.0,451.0,0.0
200,19,117.0,177.0,0.0,453.0,0.0
200,19,118.0,178.0,0.0,457.0,0.0
200,19,119.0,181.0,0.0,464.0,0.0
200,19,120.0,183.0,0.0,467.0,0.0
200,19,121.0,178.0,0.0,471.0,0.0
200,19,122.0,178.0,0.0,481.0,0.0
200,19,123.0,177.0,0.0,487.0,0.0
200,19,124.0,176.0,0.0,491.0,0.0
200,19,125.0,175.0,0.0,496.0,0.0
200,19,126.0,175.0,0.0,502.0,0.0
200,19,127.0,175.0,0.0,508.0,0.0
200,19,128.0,183.0,0.0,516.0,0.0
200,19,129.0,180.0,0.0,518.0,0.0
200,19,130.0,174.0,0.0,526.0,0.0
200,19,131.0,175.0,0.0,535.0,0.0
200,19,132.0,176.0,0.0,543.0,0.0
200,19,133.0,174.0,0.0,549.0,0.0
200,19,134.0,175.0,0.0,556.0,0.0
200,19,135.0,173.0,0.0,561.0,0.0
200,19,136.0,173.0,0.0,567.0,0.0
200,19,137.0,178.0,0.0,575.0,0.0
200,19,138.0,179.0,0.0,576.0,0.0
200,19,139.0,175.0,0.0,580.0,0.0
200,19,140.0,176.0,0.0,587.0,0.0
200,19,141.0,172.0,0.0,590.0,0.0
200,19,142.0,169.0,0.0,600.0,0.0
200,19,143.0,174.0,0.0,605.0,0.0
200,19,144.0,177.0,0.0,606.0,0.0
200,19,145.0,181.0,0.0,610.0,0.0
200,19,146.0,177.0,0.0,614.0,0.0
200,19,147.0,167.0,0.0,625.0,0.0
200,19,148.0,169.0,0.0,639.0,0.0
200,19,149.0,168.0,0.0,642.0,0.0
200,19,150.0,168.0,0.0,651.0,0.0
200,19,151.0,164.0,0.0,658.0,0.0
200,19,152.0,169.0,0.0,666.0,0.0
200,19,153.0,171.0,0.0,671.0,0.0
200,19,154.0,169.0,0.0,674.0,0.0
200,19,155.0,171.0,0.0,678.0,0.0
200,19,156.0,174.0,0.0,682.0,0.0
200,19,157.0,173.0,0.0,684.0,0.0
200,19,158.0,170.0,0.0,690.0,0.0
200,19,159.0,167.0,0.0,699.0,0.0
200,19,160.0,165.0,0.0,704.0,0.0
200,19,161.0,169.0,0.0,709.0,0.0
200,19,162.0,170.0,0.0,715.0,0.0
200,19,163.0,165.0,0.0,721.0,0.0
200,19,164.0,162.0,0.0,730.0,0.0
200,19,165.0,163.0,0.0,737.0,0.0
200,19,166.0,162.0,0.0,741.0,0.0
200,19,167.0,166.0,0.0,748.0,0.0
200,19,168.0,170.0,0.0,752.0,0.0
200,19,169.0,172.0,0.0,756.0,0.0
200,19,170.0,176.0,0.0,761.0,0.0
200,19,171.0,176.0,0.0,764.0,0.0
200,19,172.0,173.0,0.0,766.0,0.0
200,19,173.0,171.0,0.0,774.0,0.0
200,19,174.0,165.0,0.0,780.0,0.0
200,19,175.0,170.0,0.0,791.0,0.0
200,19,176.0,171.0,0.0,792.0,0.0
200,19,177.0,172.0,0.0,797.0,0.0
200,19,178.0,175.0,0.0,802.0,0.0
200,19,179.0,174.0,0.0,807.0,0.0
200,19,180.0,173.0,0.0,813.0,0.0
200,19,181.0,172.0,0.0,816.0,0.0
200,19,182.0,170.0,0.0,823.0,0.0
200,19,183.0,173.0,0.0,829.0,0.0
200,19,184.0,176.0,0.0,832.0,0.0
200,19,185.0,173.0,0.0,836.0,0.0
200,19,186.0,169.0,0.0,843.0,0.0
200,19,187.0,166.0,0.0,850.0,0.0
200,19,188.0,165.0,0.0,858.0,0.0
200,19,189.0,167.0,0.0,866.0,0.0
200,19,190.0,165.0,0.0,870.0,0.0
200,19,191.0,167.0,0.0,877.0,0.0
200,19,192.0,165.0,0.0,882.0,0.0
200,19,193.0,165.0,0.0,888.0,0.0
200,19,194.0,170.0,0.0,894.0,0.0
200,19,195.0,170.0,0.0,898.0,0.0
200,19,196.0,167.0,0.0,901.0,0.0
200,19,197.0,166.0,0.0,909.0,0.0
200,19,198.0,163.0,0.0,914.0,0.0
200,19,199.0,163.0,0.0,921.0,0.0
200,19,200.0,170.0,0.0,927.0,0.0
200,19,201.0,164.0,0.0,931.0,0.0
200,19,202.0,159.0,0.0,937.0,0.0
200,19,203.0,153.0,0.0,942.0,0.0
200,19,204.0,151.0,0.0,948.0,0.0
200,19,205.0,144.0,0.0,950.0,0.0
200,19,206.0,139.0,0.0,957.0,0.0
200,19,207.0,137.0,0.0,962.0,0.0
200,19,208.0,130.0,0.0,964.0,0.0
200,19,209.0,126.0,0.0,971.0,0.0
200,19,210.0,120.0,0.0,975.0,0.0
200,19,211.0,117.0,0.0,981.0,0.0
200,19,212.0,113.0,0.0,984.0,0.0
200,19,213.0,105.0,0.0,988.0,0.0
200,19,214.0,99.0,0.0,996.0,0.0
200,19,215.0,90.0,0.0,1002.0,0.0
200,19,216.0,85.0,0.0,1011.0,0.0
200,19,217.0,78.0,0.0,1016.0,0.0
200,19,218.0,74.0,0.0,1023.0,0.0
200,19,219.0,68.0,0.0,1027.0,0.0
200,19,220.0,64.0,0.0,1033.0,0.0
200,19,221.0,59.0,0.0,1037.0,0.0
200,19,222.0,53.0,0.0,1042.0,0.0
200,19,223.0,49.0,0.0,1048.0,0.0
200,19,224.0,46.0,0.0,1052.0,0.0
200,19,225.0,44.0,0.0,1055.0,0.0
200,19,226.0,38.0,0.0,1057.0,0.0
200,19,227.0,38.0,0.0,1063.0,0.0
200,19,228.0,34.0,0.0,1063.0,0.0
200,19,229.0,32.0,0.0,1067.0,0.0
200,19,230.0,29.0,0.0,1069.0,0.0
200,19,231.0,27.0,0.0,1072.0,0.0
200,19,232.0,25.0,0.0,1074.0,0.0
200,19,233.0,24.0,0.0,1076.0,0.0
200,19,234.0,22.0,0.0,1077.0,0.0
200,19,235.0,21.0,0.0,1079.0,0.0
200,19,236.0,21.0,0.0,1080.0,0.0
200,19,237.0,20.0,0.0,1080.0,0.0
200,19,238.0,17.0,0.0,1081.0,0.0
200,19,239.0,17.0,0.0,1084.0,0.0
200,19,240.0,17.0,0.0,1084.0,0.0
200,19,241.0,16.0,0.0,1084.0,0.0
200,19,242.0,14.0,0.0,1085.0,0.0
200,19,243.0,12.0,0.0,1087.0,0.0
200,19,244.0,11.0,0.0,1089.0,0.0
200,19,245.0,10.0,0.0,1090.0,0.0
200,19,246.0,10.0,0.0,1091.0,0.0
200,19,247.0,10.0,0.0,1091.0,0.0
200,19,248.0,9.0,0.0,1091.0,0.0
200,19,249.0,9.0,0.0,1092.0,0.0
200,19,250.0,9.0,0.0,1092.0,0.0
200,19,251.0,8.0,0.0,1092.0,0.0
200,19,252.0,8.0,0.0,1093.0,0.0
200,19,253.0,7.0,0.0,1093.0,0.0
200,19,254.0,4.0,0.0,1094.0,0.0
200,19,255.0,4.0,0.0,1097.0,0.0
200,19,256.0,2.0,0.0,1097.0,0.0
200,19,257.0,2.0,0.0,1099.0,0.0
200,19,258.0,2.0,0.0,1099.0,0.0
200,19,259.0,2.0,0.0,1099.0,0.0
200,19,260.0,2.0,0.0,1099.0,0.0
200,19,261.0,2.0,0.0,1099.0,0.0
200,19,262.0,1.0,0.0,1099.0,0.0
200,19,263.0,0.0,0.0,1100.0,0.0
200,19,264.0,0.0,0.0,1101.0,0.0
200,20,0.0,3.0,0.0,0.0,0.0
200,20,1.0,8.0,0.0,0.0,0.0
200,20,2.0,14.0,0.0,0.0,0.0
200,20,3.0,17.0,0.0,0.0,0.0
200,20,4.0,22.0,0.0,0.0,0.0
200,20,5.0,30.0,0.0,0.0,0.0
200,20,6.0,39.0,0.0,0.0,0.0
200,20,7.0,43.0,0.0,0.0,0.0
200,20,8.0,48.0,0.0,0.0,0.0
200,20,9.0,53.0,0.0,0.0,0.0
200,20,10.0,58.0,0.0,0.0,0.0
200,20,11.0,63.0,0.0,0.0,0.0
200,20,12.0,68.0,0.0,0.0,0.0
200,20,13.0,71.0,0.0,0.0,0.0
200,20,14.0,77.0,0.0,0.0,0.0
200,20,15.0,86.0,0.0,0.0,0.0
200,20,16.0,89.0,0.0,0.0,0.0
200,20,17.0,93.0,0.0,0.0,0.0
200,20,18.0,99.0,0.0,0.0,0.0
200,20,19.0,104.0,0.0,0.0,0.0
200,20,20.0,106.0,0.0,0.0,0.0
200,20,21.0,110.0,0.0,1.0,0.0
200,20,22.0,113.0,0.0,2.0,0.0
200,20,23.0,115.0,0.0,3.0,0.0
200,20,24.0,118.0,0.0,4.0,0.0
200,20,25.0,123.0,0.0,9.0,0.0
200,20,26.0,124.0,0.0,11.0,0.0
200,20,27.0,123.0,0.0,12.0,0.0
200,20,28.0,123.0,0.0,19.0,0.0
200,20,29.0,123.0,0.0,22.0,0.0
200,20,30.0,126.0,0.0,27.0,0.0
200,20,31.0,126.0,0.0,30.0,0.0
200,20,32.0,127.0,0.0,35.0,0.0
200,20,33.0,127.0,0.0,39.0,0.0
200,20,34.0,126.0,0.0,43.0,0.0
200,20,35.0,126.0,0.0,49.0,0.0
200,20,36.0,130.0,0.0,53.0,0.0
200,20,37.0,134.0,0.0,58.0,0.0
200,20,38.0,132.0,0.0,59.0,0.0
200,20,39.0,133.0,0.0,67.0,0.0
200,20,40.0,134.0,0.0,72.0,0.0
200,20,41.0,133.0,0.0,75.0,0.0
200,20,42.0,133.0,0.0,80.0,0.0
200,20,43.0,136.0,0.0,84.0,0.0
200,20,44.0,139.0,0.0,89.0,0.0
200,20,45.0,139.0,0.0,92.0,0.0
200,20,46.0,136.0,0.0,94.0,0.0
200,20,47.0,135.0,0.0,100.0,0.0
200,20,48.0,130.0,0.0,104.0,0.0
200,20,49.0,136.0,0.0,111.0,0.0
200,20,50.0,137.0,0.0,116.0,0.0
200,20,51.0,142.0,0.0,119.0,0.0
200,20,52.0,143.0,0.0,122.0,0.0
200,20,53.0,144.0,0.0,125.0,0.0
200,20,54.0,151.0,0.0,129.0,0.0
200,20,55.0,152.0,0.0,131.0,0.0
200,20,56.0,154.0,0.0,137.0,0.0
200,20,57.0,156.0,0.0,141.0,0.0
200,20,58.0,158.0,0.0,143.0,0.0
200,20,59.0,157.0,0.0,146.0,0.0
200,20,60.0,159.0,0.0,153.0,0.0
200,20,61.0,163.0,0.0,156.0,0.0
200,20,62.0,162.0,0.0,158.0,0.0
200,20,63.0,159.0,0.0,162.0,0.0
200,20,64.0,161.0,0.0,170.0,0.0
200,20,65.0,163.0,0.0,174.0,0.0
200,20,66.0,161.0,0.0,180.0,0.0
200,20,67.0,160.0,0.0,186.0,0.0
200,20,68.0,154.0,0.0,192.0,0.0
200,20,69.0,159.0,0.0,200.0,0.0
200,20,70.0,159.0,0.0,203.0,0.0
200,20,71.0,160.0,0.0,207.0,0.0
200,20,72.0,159.0,0.0,214.0,0.0
200,20,73.0,162.0,0.0,219.0,0.0
200,20,74.0,163.0,0.0,222.0,0.0
200,20,75.0,169.0,0.0,224.0,0.0
200,20,76.0,167.0,0.0,227.0,0.0
200,20,77.0,161.0,0.0,234.0,0.0
200,20,78.0,159.0,0.0,244.0,0.0
200,20,79.0,157.0,0.0,249.0,0.0
200,20,80.0,158.0,0.0,255.0,0.0
200,20,81.0,156.0,0.0,262.0,0.0
200,20,82.0,160.0,0.0,268.0,0.0
200,20,83.0,164.0,0.0,272.0,0.0
200,20,84.0,163.0,0.0,275.0,0.0
200,20,85.0,162.0,0.0,279.0,0.0
200,20,86.0,162.0,0.0,285.0,0.0
200,20,87.0,158.0,0.0,290.0,0.0
200,20,88.0,155.0,0.0,297.0,0.0
200,20,89.0,157.0,0.0,304.0,0.0
200,20,90.0,160.0,0.0,308.0,0.0
200,20,91.0,163.0,0.0,310.0,0.0
200,20,92.0,165.0,0.0,313.0,0.0
200,20,93.0,160.0,0.0,317.0,0.0
200,20,94.0,164.0,0.0,327.0,0.0
200,20,95.0,164.0,0.0,331.0,0.0
200,20,96.0,167.0,0.0,339.0,0.0
200,20,97.0,171.0,0.0,344.0,0.0
200,20,98.0,169.0,0.0,348.0,0.0
200,20,99.0,167.0,0.0,352.0,0.0
200,20,100.0,170.0,0.0,359.0,0.0
200,20,101.0,173.0,0.0,361.0,0.0
200,20,102.0,170.0,0.0,365.0,0.0
200,20,103.0,170.0,0.0,374.0,0.0
200,20,104.0,168.0,0.0,378.0,0.0
200,20,105.0,164.0,0.0,386.0,0.0
200,20,106.0,168.0,0.0,394.0,0.0
200,20,107.0,173.0,0.0,399.0,0.0
200,20,108.0,175.0,0.0,402.0,0.0
200,20,109.0,179.0,0.0,405.0,0.0
200,20,110.0,179.0,0.0,408.0,0.0
200,20,111.0,179.0,0.0,413.0,0.0
200,20,112.0,183.0,0.0,417.0,0.0
200,20,113.0,185.0,0.0,420.0,0.0
200,20,114.0,183.0,0.0,427.0,0.0
200,20,115.0,188.0,0.0,431.0,0.0
200,20,116.0,186.0,0.0,435.0,0.0
200,20,117.0,182.0,0.0,442.0,0.0
200,20,118.0,187.0,0.0,449.0,0.0
200,20,119.0,189.0,0.0,454.0,0.0
200,20,120.0,187.0,0.0,459.0,0.0
200,20,121.0,185.0,0.0,466.0,0.0
200,20,122.0,186.0,0.0,473.0,0.0
200,20,123.0,185.0,0.0,479.0,0.0
200,20,124.0,194.0,0.0,486.0,0.0
200,20,125.0,191.0,3.0,490.0,0.0
200,20,126.0,190.0,0.0,499.0,0.0
200,20,127.0,193.0,0.0,508.0,0.0
200,20,128.0,191.0,0.0,512.0,0.0
200,20,129.0,194.0,0.0,517.0,0.0
200,20,130.0,190.0,0.0,519.0,0.0
200,20,131.0,193.0,0.0,527.0,0.0
200,20,132.0,193.0,0.0,532.0,0.0
200,20,133.0,192.0,0.0,539.0,0.0
200,20,134.0,192.0,0.0,546.0,0.0
200,20,135.0,194.0,0.0,552.0,0.0
200,20,136.0,196.0,3.0,556.0,0.0
200,20,137.0,195.0,0.0,560.0,0.0
200,20,138.0,196.0,5.0,565.0,0.0
200,20,139.0,189.0,5.0,569.0,0.0
200,20,140.0,197.0,0.0,580.0,0.0
200,20,141.0,194.0,2.0,581.0,0.0
200,20,142.0,195.0,2.0,587.0,0.0
200,20,143.0,192.0,0.0,592.0,0.0
200,20,144.0,193.0,0.0,599.0,0.0
200,20,145.0,193.0,2.0,605.0,0.0
200,20,146.0,196.0,0.0,612.0,0.0
200,20,147.0,195.0,2.0,616.0,0.0
200,20,148.0,189.0,4.0,621.0,0.0
200,20,149.0,193.0,0.0,632.0,0.0
200,20,150.0,193.0,0.0,639.0,0.0
200,20,151.0,191.0,0.0,645.0,0.0
200,20,152.0,197.0,2.0,653.0,0.0
200,20,153.0,194.0,5.0,656.0,0.0
200,20,154.0,193.0,6.0,662.0,0.0
200,20,155.0,191.0,4.0,669.0,0.0
200,20,156.0,192.0,0.0,678.0,0.0
200,20,157.0,196.0,0.0,685.0,0.0
200,20,158.0,188.0,0.0,687.0,0.0
200,20,159.0,187.0,0.0,697.0,0.0
200,20,160.0,190.0,0.0,705.0,0.0
200,20,161.0,193.0,0.0,710.0,0.0
200,20,162.0,190.0,0.0,713.0,0.0
200,20,163.0,191.0,0.0,721.0,0.0
200,20,164.0,189.0,0.0,728.0,0.0
200,20,165.0,187.0,0.0,735.0,0.0
200,20,166.0,180.0,0.0,740.0,0.0
200,20,167.0,184.0,0.0,751.0,0.0
200,20,168.0,186.0,0.0,755.0,0.0
200,20,169.0,186.0,0.0,759.0,0.0
200,20,170.0,187.0,0.0,763.0,0.0
200,20,171.0,187.0,0.0,767.0,0.0
200,20,172.0,185.0,0.0,773.0,0.0
200,20,173.0,185.0,0.0,778.0,0.0
200,20,174.0,183.0,0.0,785.0,0.0
200,20,175.0,186.0,0.0,795.0,0.0
200,20,176.0,182.0,0.0,798.0,0.0
200,20,177.0,177.0,0.0,809.0,0.0
200,20,178.0,180.0,0.0,820.0,0.0
200,20,179.0,183.0,0.0,825.0,0.0
200,20,180.0,187.0,0.0,832.0,0.0
200,20,181.0,185.0,0.0,835.0,0.0
200,20,182.0,181.0,0.0,842.0,0.0
200,20,183.0,183.0,0.0,850.0,0.0
200,20,184.0,185.0,0.0,856.0,0.0
200,20,185.0,184.0,0.0,859.0,0.0
200,20,186.0,181.0,0.0,865.0,0.0
200,20,187.0,184.0,0.0,873.0,0.0
200,20,188.0,187.0,0.0,878.0,0.0
200,20,189.0,193.0,0.0,880.0,0.0
200,20,190.0,193.0,0.0,884.0,0.0
200,20,191.0,191.0,0.0,889.0,0.0
200,20,192.0,191.0,0.0,894.0,0.0
200,20,193.0,191.0,0.0,899.0,0.0
200,20,194.0,187.0,0.0,904.0,0.0
200,20,195.0,185.0,0.0,913.0,0.0
200,20,196.0,185.0,0.0,919.0,0.0
200,20,197.0,184.0,0.0,924.0,0.0
200,20,198.0,188.0,0.0,934.0,0.0
200,20,199.0,187.0,0.0,936.0,0.0
200,20,200.0,185.0,0.0,943.0,0.0
200,20,201.0,178.0,0.0,949.0,0.0
200,20,202.0,173.0,0.0,956.0,0.0
200,20,203.0,163.0,0.0,961.0,0.0
200,20,204.0,157.0,0.0,971.0,0.0
200,20,205.0,152.0,0.0,977.0,0.0
200,20,206.0,148.0,0.0,982.0,0.0
200,20,207.0,142.0,0.0,986.0,0.0
200,20,208.0,133.0,0.0,992.0,0.0
200,20,209.0,128.0,0.0,1001.0,0.0
200,20,210.0,123.0,0.0,1006.0,0.0
200,20,211.0,115.0,0.0,1011.0,0.0
200,20,212.0,108.0,0.0,1019.0,0.0
200,20,213.0,103.0,0.0,1026.0,0.0
200,20,214.0,97.0,0.0,1031.0,0.0
200,20,215.0,95.0,0.0,1037.0,0.0
200,20,216.0,92.0,0.0,1039.0,0.0
200,20,217.0,85.0,0.0,1042.0,0.0
200,20,218.0,78.0,0.0,1049.0,0.0
200,20,219.0,73.0,0.0,1056.0,0.0
200,20,220.0,70.0,0.0,1061.0,0.0
200,20,221.0,63.0,0.0,1064.0,0.0
200,20,222.0,56.0,0.0,1071.0,0.0
200,20,223.0,50.0,0.0,1078.0,0.0
200,20,224.0,48.0,0.0,1084.0,0.0
200,20,225.0,44.0,0.0,1086.0,0.0
200,20,226.0,43.0,0.0,1090.0,0.0
200,20,227.0,40.0,0.0,1091.0,0.0
200,20,228.0,38.0,0.0,1094.0,0.0
200,20,229.0,38.0,0.0,1096.0,0.0
200,20,230.0,38.0,0.0,1096.0,0.0
200,20,231.0,36.0,0.0,1096.0,0.0
200,20,232.0,34.0,0.0,1098.0,0.0
200,20,233.0,33.0,0.0,1100.0,0.0
200,20,234.0,32.0,0.0,1101.0,0.0
200,20,235.0,31.0,0.0,1102.0,0.0
200,20,236.0,30.0,0.0,1103.0,0.0
200,20,237.0,28.0,0.0,1104.0,0.0
200,20,238.0,26.0,0.0,1106.0,0.0
200,20,239.0,25.0,0.0,1108.0,0.0
200,20,240.0,25.0,0.0,1109.0,0.0
200,20,241.0,24.0,0.0,1109.0,0.0
200,20,242.0,24.0,0.0,1110.0,0.0
200,20,243.0,23.0,0.0,1110.0,0.0
200,20,244.0,21.0,0.0,1111.0,0.0
200,20,245.0,18.0,0.0,1113.0,0.0
200,20,246.0,17.0,0.0,1116.0,0.0
200,20,247.0,14.0,0.0,1117.0,0.0
200,20,248.0,12.0,0.0,1120.0,0.0
200,20,249.0,12.0,0.0,1122.0,0.0
200,20,250.0,9.0,0.0,1122.0,0.0
200,20,251.0,8.0,0.0,1125.0,0.0
200,20,252.0,6.0,0.0,1126.0,0.0
200,20,253.0,6.0,0.0,1128.0,0.0
200,20,254.0,6.0,0.0,1128.0,0.0
200,20,255.0,6.0,0.0,1128.0,0.0
200,20,256.0,5.0,0.0,1128.0,0.0
200,20,257.0,4.0,0.0,1129.0,0.0
200,20,258.0,3.0,0.0,1130.0,0.0
200,20,259.0,3.0,0.0,1131.0,0.0
200,20,260.0,2.0,0.0,1131.0,0.0
200,20,261.0,2.0,0.0,1132.0,0.0
200,20,262.0,2.0,0.0,1132.0,0.0
200,20,263.0,2.0,0.0,1132.0,0.0
200,20,264.0,1.0,0.0,1132.0,0.0
200,20,265.0,0.0,0.0,1133.0,0.0
200,20,266.0,0.0,0.0,1134.0,0.0
200,21,0.0,6.0,0.0,0.0,0.0
200,21,1.0,10.0,0.0,0.0,0.0
200,21,2.0,15.0,0.0,0.0,0.0
200,21,3.0,21.0,0.0,0.0,0.0
200,21,4.0,26.0,0.0,0.0,0.0
200,21,5.0,32.0,0.0,0.0,0.0
200,21,6.0,34.0,0.0,0.0,0.0
200,21,7.0,39.0,0.0,0.0,0.0
200,21,8.0,42.0,0.0,0.0,0.0
200,21,9.0,52.0,0.0,0.0,0.0
200,21,10.0,58.0,0.0,0.0,0.0
200,21,11.0,66.0,0.0,0.0,0.0
200,21,12.0,74.0,0.0,0.0,0.0
200,21,13.0,78.0,0.0,0.0,0.0
200,21,14.0,84.0,0.0,0.0,0.0
200,21,15.0,88.0,0.0,0.0,0.0
200,21,16.0,93.0,0.0,0.0,0.0
200,21,17.0,98.0,0.0,0.0,0.0
200,21,18.0,97.0,0.0,0.0,0.0
200,21,19.0,105.0,0.0,3.0,0.0
200,21,20.0,109.0,0.0,3.0,0.0
200,21,21.0,115.0,0.0,5.0,0.0
200,21,22.0,119.0,0.0,6.0,0.0
200,21,23.0,127.0,0.0,6.0,0.0
200,21,24.0,131.0,0.0,8.0,0.0
200,21,25.0,134.0,0.0,9.0,0.0
200,21,26.0,136.0,0.0,11.0,0.0
200,21,27.0,135.0,0.0,15.0,0.0
200,21,28.0,137.0,0.0,19.0,0.0
200,21,29.0,138.0,0.0,22.0,0.0
200,21,30.0,139.0,0.0,26.0,0.0
200,21,31.0,144.0,0.0,30.0,0.0
200,21,32.0,149.0,0.0,32.0,0.0
200,21,33.0,149.0,0.0,34.0,0.0
200,21,34.0,150.0,0.0,37.0,0.0
200,21,35.0,154.0,0.0,40.0,0.0
200,21,36.0,153.0,0.0,44.0,0.0
200,21,37.0,159.0,0.0,49.0,0.0
200,21,38.0,165.0,0.0,52.0,0.0
200,21,39.0,162.0,0.0,56.0,0.0
200,21,40.0,159.0,0.0,62.0,0.0
200,21,41.0,162.0,0.0,69.0,0.0
200,21,42.0,154.0,0.0,74.0,0.0
200,21,43.0,156.0,0.0,85.0,0.0
200,21,44.0,156.0,0.0,88.0,0.0
200,21,45.0,157.0,0.0,93.0,0.0
200,21,46.0,161.0,0.0,99.0,0.0
200,21,47.0,158.0,0.0,103.0,0.0
200,21,48.0,160.0,0.0,112.0,0.0
200,21,49.0,159.0,0.0,116.0,0.0
200,21,50.0,159.0,0.0,123.0,0.0
200,21,51.0,154.0,0.0,126.0,0.0
200,21,52.0,158.0,0.0,135.0,0.0
200,21,53.0,159.0,0.0,137.0,0.0
200,21,54.0,161.0,0.0,139.0,0.0
200,21,55.0,166.0,0.0,142.0,0.0
200,21,56.0,168.0,0.0,145.0,0.0
200,21,57.0,171.0,0.0,148.0,0.0
200,21,58.0,170.0,0.0,152.0,0.0
200,21,59.0,169.0,0.0,158.0,0.0
200,21,60.0,164.0,0.0,162.0,0.0
200,21,61.0,165.0,0.0,169.0,0.0
200,21,62.0,172.0,0.0,175.0,0.0
200,21,63.0,177.0,0.0,178.0,0.0
200,21,64.0,178.0,0.0,182.0,0.0
200,21,65.0,179.0,0.0,186.0,0.0
200,21,66.0,179.0,0.0,189.0,0.0
200,21,67.0,179.0,0.0,194.0,0.0
200,21,68.0,179.0,0.0,199.0,0.0
200,21,69.0,177.0,0.0,204.0,0.0
200,21,70.0,176.0,0.0,211.0,0.0
200,21,71.0,177.0,0.0,217.0,0.0
200,21,72.0,183.0,0.0,223.0,0.0
200,21,73.0,181.0,0.0,228.0,0.0
200,21,74.0,181.0,0.0,238.0,0.0
200,21,75.0,172.0,0.0,245.0,0.0
200,21,76.0,173.0,0.0,256.0,0.0
200,21,77.0,177.0,0.0,260.0,0.0
200,21,78.0,175.0,0.0,263.0,0.0
200,21,79.0,178.0,0.0,271.0,0.0
200,21,80.0,174.0,0.0,274.0,0.0
200,21,81.0,171.0,0.0,281.0,0.0
200,21,82.0,170.0,0.0,287.0,0.0
200,21,83.0,170.0,0.0,293.0,0.0
200,21,84.0,167.0,0.0,299.0,0.0
200,21,85.0,167.0,0.0,305.0,0.0
200,21,86.0,172.0,0.0,312.0,0.0
200,21,87.0,174.0,0.0,313.0,0.0
200,21,88.0,176.0,0.0,317.0,0.0
200,21,89.0,177.0,0.0,323.0,0.0
200,21,90.0,173.0,0.0,327.0,0.0
200,21,91.0,173.0,0.0,335.0,0.0
200,21,92.0,170.0,0.0,341.0,0.0
200,21,93.0,164.0,0.0,347.0,0.0
200,21,94.0,162.0,0.0,356.0,0.0
200,21,95.0,160.0,0.0,361.0,0.0
200,21,96.0,163.0,0.0,366.0,0.0
200,21,97.0,161.0,0.0,368.0,0.0
200,21,98.0,163.0,0.0,374.0,0.0
200,21,99.0,159.0,0.0,381.0,0.0
200,21,100.0,160.0,0.0,388.0,0.0
200,21,101.0,162.0,0.0,394.0,0.0
200,21,102.0,160.0,0.0,398.0,0.0
200,21,103.0,168.0,0.0,404.0,0.0
200,21,104.0,166.0,0.0,408.0,0.0
200,21,105.0,170.0,0.0,417.0,0.0
200,21,106.0,170.0,0.0,422.0,0.0
200,21,107.0,173.0,0.0,427.0,0.0
200,21,108.0,173.0,0.0,432.0,0.0
200,21,109.0,168.0,0.0,438.0,0.0
200,21,110.0,171.0,0.0,444.0,0.0
200,21,111.0,169.0,0.0,447.0,0.0
200,21,112.0,166.0,0.0,455.0,0.0
200,21,113.0,165.0,0.0,463.0,0.0
200,21,114.0,166.0,0.0,469.0,0.0
200,21,115.0,166.0,0.0,475.0,0.0
200,21,116.0,166.0,0.0,480.0,0.0
200,21,117.0,168.0,0.0,485.0,0.0
200,21,118.0,171.0,0.0,488.0,0.0
200,21,119.0,173.0,0.0,491.0,0.0
200,21,120.0,175.0,0.0,495.0,0.0
200,21,121.0,175.0,0.0,498.0,0.0
200,21,122.0,172.0,0.0,502.0,0.0
200,21,123.0,166.0,0.0,508.0,0.0
200,21,124.0,171.0,0.0,517.0,0.0
200,21,125.0,167.0,0.0,520.0,0.0
200,21,126.0,170.0,0.0,527.0,0.0
200,21,127.0,173.0,0.0,530.0,0.0
200,21,128.0,176.0,0.0,534.0,0.0
200,21,129.0,168.0,0.0,538.0,0.0
200,21,130.0,170.0,0.0,550.0,0.0
200,21,131.0,167.0,0.0,554.0,0.0
200,21,132.0,172.0,0.0,561.0,0.0
200,21,133.0,170.0,0.0,564.0,0.0
200,21,134.0,172.0,0.0,570.0,0.0
200,21,135.0,175.0,0.0,574.0,0.0
200,21,136.0,173.0,0.0,580.0,0.0
200,21,137.0,168.0,0.0,588.0,0.0
200,21,138.0,170.0,0.0,598.0,0.0
200,21,139.0,170.0,0.0,602.0,0.0
200,21,140.0,171.0,0.0,610.0,0.0
200,21,141.0,171.0,0.0,613.0,0.0
200,21,142.0,166.0,0.0,618.0,0.0
200,21,143.0,171.0,0.0,627.0,0.0
200,21,144.0,169.0,0.0,630.0,0.0
200,21,145.0,169.0,0.0,637.0,0.0
200,21,146.0,171.0,0.0,640.0,0.0
200,21,147.0,169.0,0.0,644.0,0.0
200,21,148.0,169.0,0.0,649.0,0.0
200,21,149.0,168.0,0.0,654.0,0.0
200,21,150.0,167.0,0.0,660.0,0.0
200,21,151.0,165.0,0.0,665.0,0.0
200,21,152.0,166.0,0.0,672.0,0.0
200,21,153.0,167.0,0.0,680.0,0.0
200,21,154.0,166.0,0.0,685.0,0.0
200,21,155.0,167.0,0.0,692.0,0.0
200,21,156.0,172.0,0.0,695.0,0.0
200,21,157.0,175.0,0.0,698.0,0.0
200,21,158.0,172.0,0.0,703.0,0.0
200,21,159.0,175.0,0.0,711.0,0.0
200,21,160.0,173.0,0.0,717.0,0.0
200,21,161.0,172.0,0.0,723.0,0.0
200,21,162.0,172.0,0.0,726.0,0.0
200,21,163.0,172.0,0.0,732.0,0.0
200,21,164.0,174.0,0.0,737.0,0.0
200,21,165.0,174.0,0.0,743.0,0.0
200,21,166.0,179.0,0.0,748.0,0.0
200,21,167.0,179.0,0.0,753.0,0.0
200,21,168.0,181.0,0.0,757.0,0.0
200,21,169.0,180.0,0.0,760.0,0.0
200,21,170.0,178.0,0.0,767.0,0.0
200,21,171.0,187.0,0.0,772.0,0.0
200,21,172.0,187.0,0.0,775.0,0.0
200,21,173.0,187.0,0.0,780.0,0.0
200,21,174.0,190.0,0.0,787.0,0.0
200,21,175.0,189.0,0.0,790.0,0.0
200,21,176.0,186.0,0.0,796.0,0.0
200,21,177.0,186.0,0.0,803.0,0.0
200,21,178.0,186.0,0.0,808.0,0.0
200,21,179.0,189.0,0.0,816.0,0.0
200,21,180.0,193.0,0.0,822.0,0.0
200,21,181.0,189.0,0.0,826.0,0.0
200,21,182.0,193.0,0.0,835.0,0.0
200,21,183.0,190.0,1.0,839.0,0.0
200,21,184.0,189.0,0.0,849.0,0.0
200,21,185.0,190.0,0.0,856.0,0.0
200,21,186.0,192.0,0.0,860.0,0.0
200,21,187.0,194.0,0.0,865.0,0.0
200,21,188.0,192.0,0.0,868.0,0.0
200,21,189.0,191.0,0.0,875.0,0.0
200,21,190.0,188.0,0.0,881.0,0.0
200,21,191.0,189.0,0.0,888.0,0.0
200,21,192.0,183.0,0.0,894.0,0.0
200,21,193.0,186.0,0.0,901.0,0.0
200,21,194.0,186.0,0.0,904.0,0.0
200,21,195.0,184.0,0.0,913.0,0.0
200,21,196.0,182.0,0.0,919.0,0.0
200,21,197.0,178.0,0.0,925.0,0.0
200,21,198.0,175.0,0.0,931.0,0.0
200,21,199.0,180.0,0.0,937.0,0.0
200,21,200.0,176.0,0.0,939.0,0.0
200,21,201.0,173.0,0.0,947.0,0.0
200,21,202.0,169.0,0.0,950.0,0.0
200,21,203.0,164.0,0.0,954.0,0.0
200,21,204.0,153.0,0.0,959.0,0.0
200,21,205.0,149.0,0.0,970.0,0.0
200,21,206.0,142.0,0.0,974.0,0.0
200,21,207.0,137.0,0.0,981.0,0.0
200,21,208.0,132.0,0.0,986.0,0.0
200,21,209.0,121.0,0.0,991.0,0.0
200,21,210.0,114.0,0.0,1002.0,0.0
200,21,211.0,104.0,0.0,1009.0,0.0
200,21,212.0,100.0,0.0,1019.0,0.0
200,21,213.0,96.0,0.0,1023.0,0.0
200,21,214.0,92.0,0.0,1027.0,0.0
200,21,215.0,89.0,0.0,1031.0,0.0
200,21,216.0,82.0,0.0,1034.0,0.0
200,21,217.0,80.0,0.0,1041.0,0.0
200,21,218.0,73.0,0.0,1043.0,0.0
200,21,219.0,70.0,0.0,1050.0,0.0
200,21,220.0,63.0,0.0,1053.0,0.0
200,21,221.0,57.0,0.0,1060.0,0.0
200,21,222.0,46.0,0.0,1066.0,0.0
200,21,223.0,43.0,0.0,1077.0,0.0
200,21,224.0,41.0,0.0,1080.0,0.0
200,21,225.0,37.0,0.0,1082.0,0.0
200,21,226.0,35.0,0.0,1086.0,0.0
200,21,227.0,34.0,0.0,1088.0,0.0
200,21,228.0,31.0,0.0,1089.0,0.0
200,21,229.0,29.0,0.0,1092.0,0.0
200,21,230.0,29.0,0.0,1094.0,0.0
200,21,231.0,27.0,0.0,1094.0,0.0
200,21,232.0,26.0,0.0,1096.0,0.0
200,21,233.0,26.0,0.0,1097.0,0.0
200,21,234.0,26.0,0.0,1097.0,0.0
200,21,235.0,25.0,0.0,1097.0,0.0
200,21,236.0,22.0,0.0,1098.0,0.0
200,21,237.0,18.0,0.0,1101.0,0.0
200,21,238.0,18.0,0.0,1105.0,0.0
200,21,239.0,17.0,0.0,1105.0,0.0
200,21,240.0,16.0,0.0,1106.0,0.0
200,21,241.0,16.0,0.0,1107.0,0.0
200,21,242.0,15.0,0.0,1107.0,0.0
200,21,243.0,13.0,0.0,1108.0,0.0
200,21,244.0,13.0,0.0,1110.0,0.0
200,21,245.0,12.0,0.0,1110.0,0.0
200,21,246.0,10.0,0.0,1111.0,0.0
200,21,247.0,9.0,0.0,1113.0,0.0
200,21,248.0,8.0,0.0,1114.0,0.0
200,21,249.0,8.0,0.0,1115.0,0.0
200,21,250.0,7.0,0.0,1115.0,0.0
200,21,251.0,7.0,0.0,1116.0,0.0
200,21,252.0,7.0,0.0,1116.0,0.0
200,21,253.0,6.0,0.0,1116.0,0.0
200,21,254.0,6.0,0.0,1117.0,0.0
200,21,255.0,6.0,0.0,1117.0,0.0
200,21,256.0,6.0,0.0,1117.0,0.0
200,21,257.0,6.0,0.0,1117.0,0.0
200,21,258.0,4.0,0.0,1117.0,0.0
200,21,259.0,3.0,0.0,1119.0,0.0
200,21,260.0,2.0,0.0,1120.0,0.0
200,21,261.0,2.0,0.0,1121.0,0.0
200,21,262.0,1.0,0.0,1121.0,0.0
200,21,263.0,0.0,0.0,1122.0,0.0
200,21,264.0,0.0,0.0,1123.0,0.0
200,22,0.0,12.0,0.0,0.0,0.0
200,22,1.0,18.0,0.0,0.0,0.0
200,22,2.0,22.0,0.0,0.0,0.0
200,22,3.0,25.0,0.0,0.0,0.0
200,22,4.0,32.0,0.0,0.0,0.0
200,22,5.0,37.0,0.0,0.0,0.0
200,22,6.0,41.0,0.0,1.0,0.0
200,22,7.0,45.0,0.0,1.0,0.0
200,22,8.0,52.0,0.0,1.0,0.0
200,22,9.0,61.0,0.0,1.0,0.0
200,22,10.0,67.0,0.0,1.0,0.0
200,22,11.0,70.0,0.0,1.0,0.0
200,22,12.0,76.0,0.0,1.0,0.0
200,22,13.0,79.0,0.0,1.0,0.0
200,22,14.0,78.0,0.0,1.0,0.0
200,22,15.0,82.0,0.0,4.0,0.0
200,22,16.0,91.0,0.0,4.0,0.0
200,22,17.0,97.0,0.0,4.0,0.0
200,22,18.0,106.0,0.0,4.0,0.0
200,22,19.0,106.0,0.0,4.0,0.0
200,22,20.0,109.0,0.0,6.0,0.0
200,22,21.0,114.0,0.0,7.0,0.0
200,22,22.0,120.0,0.0,7.0,0.0
200,22,23.0,126.0,0.0,7.0,0.0
200,22,24.0,130.0,0.0,7.0,0.0
200,22,25.0,137.0,0.0,10.0,0.0
200,22,26.0,137.0,0.0,13.0,0.0
200,22,27.0,140.0,0.0,17.0,0.0
200,22,28.0,141.0,0.0,20.0,0.0
200,22,29.0,142.0,0.0,24.0,0.0
200,22,30.0,143.0,0.0,27.0,0.0
200,22,31.0,146.0,0.0,34.0,0.0
200,22,32.0,149.0,0.0,39.0,0.0
200,22,33.0,153.0,0.0,41.0,0.0
200,22,34.0,156.0,0.0,44.0,0.0
200,22,35.0,160.0,0.0,47.0,0.0
200,22,36.0,165.0,0.0,50.0,0.0
200,22,37.0,168.0,0.0,51.0,0.0
200,22,38.0,167.0,0.0,53.0,0.0
200,22,39.0,169.0,0.0,57.0,0.0
200,22,40.0,170.0,0.0,60.0,0.0
200,22,41.0,176.0,0.0,66.0,0.0
200,22,42.0,174.0,0.0,69.0,0.0
200,22,43.0,170.0,0.0,74.0,0.0
200,22,44.0,171.0,0.0,82.0,0.0
200,22,45.0,173.0,0.0,85.0,0.0
200,22,46.0,175.0,0.0,89.0,0.0
200,22,47.0,178.0,0.0,95.0,0.0
200,22,48.0,174.0,0.0,98.0,0.0
200,22,49.0,175.0,0.0,106.0,0.0
200,22,50.0,180.0,0.0,110.0,0.0
200,22,51.0,181.0,0.0,114.0,0.0
200,22,52.0,186.0,0.0,120.0,0.0
200,22,53.0,186.0,0.0,124.0,0.0
200,22,54.0,185.0,0.0,132.0,0.0
200,22,55.0,181.0,0.0,135.0,0.0
200,22,56.0,179.0,0.0,144.0,0.0
200,22,57.0,175.0,0.0,153.0,0.0
200,22,58.0,179.0,0.0,162.0,0.0
200,22,59.0,180.0,0.0,167.0,0.0
200,22,60.0,179.0,0.0,174.0,0.0
200,22,61.0,181.0,0.0,180.0,0.0
200,22,62.0,182.0,0.0,183.0,0.0
200,22,63.0,180.0,0.0,188.0,0.0
200,22,64.0,178.0,0.0,195.0,0.0
200,22,65.0,179.0,0.0,201.0,0.0
200,22,66.0,185.0,0.0,204.0,0.0
200,22,67.0,178.0,0.0,206.0,0.0
200,22,68.0,179.0,0.0,220.0,0.0
200,22,69.0,179.0,0.0,223.0,0.0
200,22,70.0,178.0,0.0,227.0,0.0
200,22,71.0,180.0,0.0,234.0,0.0
200,22,72.0,184.0,0.0,238.0,0.0
200,22,73.0,182.0,0.0,241.0,0.0
200,22,74.0,182.0,0.0,247.0,0.0
200,22,75.0,179.0,0.0,252.0,0.0
200,22,76.0,173.0,0.0,258.0,0.0
200,22,77.0,177.0,0.0,268.0,0.0
200,22,78.0,180.0,0.0,271.0,0.0
200,22,79.0,177.0,0.0,279.0,0.0
200,22,80.0,176.0,0.0,287.0,0.0
200,22,81.0,174.0,0.0,294.0,0.0
200,22,82.0,175.0,0.0,299.0,0.0
200,22,83.0,174.0,0.0,303.0,0.0
200,22,84.0,174.0,0.0,307.0,0.0
200,22,85.0,166.0,0.0,312.0,0.0
200,22,86.0,165.0,0.0,326.0,0.0
200,22,87.0,167.0,0.0,330.0,0.0
200,22,88.0,171.0,0.0,334.0,0.0
200,22,89.0,173.0,0.0,338.0,0.0
200,22,90.0,175.0,0.0,342.0,0.0
200,22,91.0,173.0,0.0,346.0,0.0
200,22,92.0,174.0,0.0,351.0,0.0
200,22,93.0,174.0,0.0,359.0,0.0
200,22,94.0,169.0,0.0,366.0,0.0
200,22,95.0,169.0,0.0,377.0,0.0
200,22,96.0,168.0,0.0,380.0,0.0
200,22,97.0,167.0,0.0,387.0,0.0
200,22,98.0,167.0,0.0,391.0,0.0
200,22,99.0,171.0,0.0,394.0,0.0
200,22,100.0,172.0,0.0,397.0,0.0
200,22,101.0,173.0,0.0,404.0,0.0
200,22,102.0,172.0,0.0,407.0,0.0
200,22,103.0,173.0,0.0,416.0,0.0
200,22,104.0,173.0,0.0,417.0,0.0
200,22,105.0,171.0,0.0,424.0,0.0
200,22,106.0,169.0,0.0,433.0,0.0
200,22,107.0,170.0,0.0,441.0,0.0
200,22,108.0,169.0,0.0,443.0,0.0
200,22,109.0,169.0,0.0,447.0,0.0
200,22,110.0,163.0,0.0,453.0,0.0
200,22,111.0,163.0,0.0,462.0,0.0
200,22,112.0,162.0,0.0,465.0,0.0
200,22,113.0,161.0,0.0,469.0,0.0
200,22,114.0,164.0,0.0,476.0,0.0
200,22,115.0,168.0,0.0,480.0,0.0
200,22,116.0,161.0,0.0,484.0,0.0
200,22,117.0,159.0,0.0,492.0,0.0
200,22,118.0,158.0,0.0,499.0,0.0
200,22,119.0,155.0,0.0,505.0,0.0
200,22,120.0,160.0,0.0,514.0,0.0
200,22,121.0,162.0,0.0,521.0,0.0
200,22,122.0,161.0,0.0,525.0,0.0
200,22,123.0,162.0,0.0,529.0,0.0
200,22,124.0,164.0,0.0,534.0,0.0
200,22,125.0,163.0,0.0,535.0,0.0
200,22,126.0,166.0,0.0,542.0,0.0
200,22,127.0,168.0,0.0,547.0,0.0
200,22,128.0,170.0,0.0,551.0,0.0
200,22,129.0,175.0,0.0,554.0,0.0
200,22,130.0,177.0,0.0,559.0,0.0
200,22,131.0,177.0,0.0,561.0,0.0
200,22,132.0,171.0,0.0,566.0,0.0
200,22,133.0,177.0,0.0,575.0,0.0
200,22,134.0,178.0,0.0,577.0,0.0
200,22,135.0,181.0,0.0,581.0,0.0
200,22,136.0,186.0,0.0,585.0,0.0
200,22,137.0,186.0,0.0,587.0,0.0
200,22,138.0,181.0,0.0,594.0,0.0
200,22,139.0,175.0,0.0,603.0,0.0
200,22,140.0,178.0,0.0,612.0,0.0
200,22,141.0,182.0,0.0,616.0,0.0
200,22,142.0,185.0,0.0,618.0,0.0
200,22,143.0,186.0,0.0,620.0,0.0
200,22,144.0,186.0,0.0,623.0,0.0
200,22,145.0,188.0,0.0,629.0,0.0
200,22,146.0,186.0,0.0,634.0,0.0
200,22,147.0,183.0,0.0,640.0,0.0
200,22,148.0,182.0,0.0,647.0,0.0
200,22,149.0,179.0,0.0,650.0,0.0
200,22,150.0,186.0,0.0,656.0,0.0
200,22,151.0,187.0,0.0,662.0,0.0
200,22,152.0,184.0,0.0,667.0,0.0
200,22,153.0,184.0,0.0,674.0,0.0
200,22,154.0,178.0,0.0,681.0,0.0
200,22,155.0,176.0,0.0,692.0,0.0
200,22,156.0,178.0,0.0,696.0,0.0
200,22,157.0,179.0,0.0,700.0,0.0
200,22,158.0,179.0,0.0,702.0,0.0
200,22,159.0,177.0,0.0,710.0,0.0
200,22,160.0,169.0,0.0,714.0,0.0
200,22,161.0,170.0,0.0,725.0,0.0
200,22,162.0,168.0,0.0,730.0,0.0
200,22,163.0,166.0,0.0,736.0,0.0
200,22,164.0,163.0,0.0,743.0,0.0
200,22,165.0,164.0,0.0,749.0,0.0
200,22,166.0,166.0,0.0,754.0,0.0
200,22,167.0,164.0,0.0,756.0,0.0
200,22,168.0,160.0,0.0,762.0,0.0
200,22,169.0,159.0,0.0,769.0,0.0
200,22,170.0,156.0,0.0,777.0,0.0
200,22,171.0,157.0,0.0,783.0,0.0
200,22,172.0,158.0,0.0,789.0,0.0
200,22,173.0,160.0,0.0,795.0,0.0
200,22,174.0,161.0,0.0,800.0,0.0
200,22,175.0,158.0,0.0,805.0,0.0
200,22,176.0,161.0,0.0,814.0,0.0
200,22,177.0,162.0,0.0,819.0,0.0
200,22,178.0,163.0,0.0,824.0,0.0
200,22,179.0,159.0,0.0,832.0,0.0
200,22,180.0,156.0,0.0,841.0,0.0
200,22,181.0,154.0,0.0,848.0,0.0
200,22,182.0,151.0,0.0,855.0,0.0
200,22,183.0,152.0,0.0,861.0,0.0
200,22,184.0,153.0,0.0,864.0,0.0
200,22,185.0,158.0,0.0,867.0,0.0
200,22,186.0,160.0,0.0,871.0,0.0
200,22,187.0,160.0,0.0,873.0,0.0
200,22,188.0,162.0,0.0,877.0,0.0
200,22,189.0,162.0,0.0,881.0,0.0
200,22,190.0,164.0,0.0,887.0,0.0
200,22,191.0,158.0,0.0,892.0,0.0
200,22,192.0,162.0,0.0,903.0,0.0
200,22,193.0,163.0,0.0,907.0,0.0
200,22,194.0,166.0,0.0,912.0,0.0
200,22,195.0,165.0,0.0,915.0,0.0
200,22,196.0,168.0,0.0,917.0,0.0
200,22,197.0,169.0,0.0,920.0,0.0
200,22,198.0,164.0,0.0,925.0,0.0
200,22,199.0,160.0,0.0,935.0,0.0
200,22,200.0,163.0,0.0,941.0,0.0
200,22,201.0,160.0,0.0,944.0,0.0
200,22,202.0,156.0,0.0,947.0,0.0
200,22,203.0,152.0,0.0,951.0,0.0
200,22,204.0,143.0,0.0,955.0,0.0
200,22,205.0,134.0,0.0,964.0,0.0
200,22,206.0,129.0,0.0,973.0,0.0
200,22,207.0,121.0,0.0,978.0,0.0
200,22,208.0,116.0,0.0,986.0,0.0
200,22,209.0,113.0,0.0,991.0,0.0
200,22,210.0,110.0,0.0,994.0,0.0
200,22,211.0,104.0,0.0,997.0,0.0
200,22,212.0,100.0,0.0,1003.0,0.0
200,22,213.0,93.0,0.0,1007.0,0.0
200,22,214.0,89.0,0.0,1014.0,0.0
200,22,215.0,84.0,0.0,1018.0,0.0
200,22,216.0,79.0,0.0,1023.0,0.0
200,22,217.0,72.0,0.0,1028.0,0.0
200,22,218.0,64.0,0.0,1035.0,0.0
200,22,219.0,57.0,0.0,1043.0,0.0
200,22,220.0,51.0,0.0,1050.0,0.0
200,22,221.0,46.0,0.0,1056.0,0.0
200,22,222.0,43.0,0.0,1061.0,0.0
200,22,223.0,38.0,0.0,1064.0,0.0
200,22,224.0,34.0,0.0,1069.0,0.0
200,22,225.0,32.0,0.0,1073.0,0.0
200,22,226.0,31.0,0.0,1075.0,0.0
200,22,227.0,29.0,0.0,1076.0,0.0
200,22,228.0,27.0,0.0,1078.0,0.0
200,22,229.0,26.0,0.0,1080.0,0.0
200,22,230.0,26.0,0.0,1081.0,0.0
200,22,231.0,26.0,0.0,1081.0,0.0
200,22,232.0,25.0,0.0,1081.0,0.0
200,22,233.0,22.0,0.0,1082.0,0.0
200,22,234.0,22.0,0.0,1085.0,0.0
200,22,235.0,20.0,0.0,1085.0,0.0
200,22,236.0,18.0,0.0,1087.0,0.0
200,22,237.0,18.0,0.0,1089.0,0.0
200,22,238.0,18.0,0.0,1089.0,0.0
200,22,239.0,16.0,0.0,1089.0,0.0
200,22,240.0,16.0,0.0,1091.0,0.0
200,22,241.0,14.0,0.0,1091.0,0.0
200,22,242.0,12.0,0.0,1093.0,0.0
200,22,243.0,12.0,0.0,1095.0,0.0
200,22,244.0,12.0,0.0,1095.0,0.0
200,22,245.0,10.0,0.0,1095.0,0.0
200,22,246.0,9.0,0.0,1097.0,0.0
200,22,247.0,7.0,0.0,1098.0,0.0
200,22,248.0,7.0,0.0,1100.0,0.0
200,22,249.0,7.0,0.0,1100.0,0.0
200,22,250.0,6.0,0.0,1100.0,0.0
200,22,251.0,4.0,0.0,1101.0,0.0
200,22,252.0,4.0,0.0,1103.0,0.0
200,22,253.0,4.0,0.0,1103.0,0.0
200,22,254.0,2.0,0.0,1103.0,0.0
200,22,255.0,2.0,0.0,1105.0,0.0
200,22,256.0,2.0,0.0,1105.0,0.0
200,22,257.0,2.0,0.0,1105.0,0.0
200,22,258.0,2.0,0.0,1105.0,0.0
200,22,259.0,2.0,0.0,1105.0,0.0
200,22,260.0,2.0,0.0,1105.0,0.0
200,22,261.0,2.0,0.0,1105.0,0.0
200,22,262.0,1.0,0.0,1105.0,0.0
200,22,263.0,1.0,0.0,1106.0,0.0
200,22,264.0,1.0,0.0,1106.0,0.0
200,22,265.0,0.0,0.0,1106.0,0.0
200,22,266.0,0.0,0.0,1107.0,0.0
200,23,0.0,6.0,0.0,0.0,0.0
200,23,1.0,13.0,0.0,0.0,0.0
200,23,2.0,17.0,0.0,0.0,0.0
200,23,3.0,23.0,0.0,0.0,0.0
200,23,4.0,28.0,0.0,0.0,0.0
200,23,5.0,32.0,0.0,0.0,0.0
200,23,6.0,37.0,0.0,0.0,0.0
200,23,7.0,40.0,0.0,0.0,0.0
200,23,8.0,44.0,0.0,0.0,0.0
200,23,9.0,51.0,0.0,0.0,0.0
200,23,10.0,55.0,0.0,0.0,0.0
200,23,11.0,62.0,0.0,0.0,0.0
200,23,12.0,66.0,0.0,0.0,0.0
200,23,13.0,73.0,0.0,0.0,0.0
200,23,14.0,78.0,0.0,0.0,0.0
200,23,15.0,83.0,0.0,0.0,0.0
200,23,16.0,89.0,0.0,0.0,0.0
200,23,17.0,95.0,0.0,0.0,0.0
200,23,18.0,99.0,0.0,0.0,0.0
200,23,19.0,104.0,0.0,0.0,0.0
200,23,20.0,106.0,0.0,1.0,0.0
200,23,21.0,107.0,0.0,1.0,0.0
200,23,22.0,111.0,0.0,2.0,0.0
200,23,23.0,113.0,0.0,3.0,0.0
200,23,24.0,114.0,0.0,3.0,0.0
200,23,25.0,116.0,0.0,6.0,0.0
200,23,26.0,119.0,0.0,9.0,0.0
200,23,27.0,115.0,0.0,12.0,0.0
200,23,28.0,123.0,0.0,20.0,0.0
200,23,29.0,120.0,0.0,24.0,0.0
200,23,30.0,123.0,0.0,29.0,0.0
200,23,31.0,128.0,0.0,31.0,0.0
200,23,32.0,133.0,0.0,34.0,0.0
200,23,33.0,137.0,0.0,35.0,0.0
200,23,34.0,141.0,0.0,37.0,0.0
200,23,35.0,141.0,0.0,45.0,0.0
200,23,36.0,144.0,0.0,49.0,0.0
200,23,37.0,148.0,0.0,53.0,0.0
200,23,38.0,152.0,0.0,56.0,0.0
200,23,39.0,151.0,0.0,58.0,0.0
200,23,40.0,151.0,0.0,64.0,0.0
200,23,41.0,153.0,0.0,67.0,0.0
200,23,42.0,151.0,0.0,72.0,0.0
200,23,43.0,153.0,0.0,78.0,0.0
200,23,44.0,160.0,0.0,81.0,0.0
200,23,45.0,159.0,0.0,85.0,0.0
200,23,46.0,158.0,0.0,92.0,0.0
200,23,47.0,157.0,0.0,96.0,0.0
200,23,48.0,156.0,0.0,100.0,0.0
200,23,49.0,160.0,0.0,107.0,0.0
200,23,50.0,167.0,0.0,110.0,0.0
200,23,51.0,165.0,0.0,113.0,0.0
200,23,52.0,165.0,0.0,119.0,0.0
200,23,53.0,167.0,0.0,126.0,0.0
200,23,54.0,166.0,0.0,129.0,0.0
200,23,55.0,165.0,0.0,136.0,0.0
200,23,56.0,169.0,0.0,142.0,0.0
200,23,57.0,168.0,0.0,144.0,0.0
200,23,58.0,168.0,0.0,150.0,0.0
200,23,59.0,162.0,0.0,156.0,0.0
200,23,60.0,162.0,0.0,164.0,0.0
200,23,61.0,164.0,0.0,169.0,0.0
200,23,62.0,165.0,0.0,173.0,0.0
200,23,63.0,166.0,0.0,176.0,0.0
200,23,64.0,171.0,0.0,181.0,0.0
200,23,65.0,176.0,0.0,186.0,0.0
200,23,66.0,170.0,0.0,193.0,0.0
200,23,67.0,169.0,0.0,200.0,0.0
200,23,68.0,171.0,0.0,206.0,0.0
200,23,69.0,174.0,0.0,209.0,0.0
200,23,70.0,173.0,0.0,212.0,0.0
200,23,71.0,168.0,0.0,217.0,0.0
200,23,72.0,168.0,0.0,227.0,0.0
200,23,73.0,169.0,0.0,232.0,0.0
200,23,74.0,171.0,0.0,237.0,0.0
200,23,75.0,172.0,0.0,241.0,0.0
200,23,76.0,173.0,0.0,245.0,0.0
200,23,77.0,175.0,0.0,249.0,0.0
200,23,78.0,173.0,0.0,252.0,0.0
200,23,79.0,173.0,0.0,258.0,0.0
200,23,80.0,171.0,0.0,264.0,0.0
200,23,81.0,168.0,0.0,269.0,0.0
200,23,82.0,169.0,0.0,277.0,0.0
200,23,83.0,170.0,0.0,279.0,0.0
200,23,84.0,169.0,0.0,284.0,0.0
200,23,85.0,167.0,0.0,290.0,0.0
200,23,86.0,166.0,0.0,298.0,0.0
200,23,87.0,166.0,0.0,303.0,0.0
200,23,88.0,166.0,0.0,306.0,0.0
200,23,89.0,167.0,0.0,310.0,0.0
200,23,90.0,164.0,0.0,313.0,0.0
200,23,91.0,162.0,0.0,319.0,0.0
200,23,92.0,160.0,0.0,326.0,0.0
200,23,93.0,157.0,0.0,333.0,0.0
200,23,94.0,158.0,0.0,341.0,0.0
200,23,95.0,156.0,0.0,349.0,0.0
200,23,96.0,158.0,0.0,357.0,0.0
200,23,97.0,161.0,0.0,361.0,0.0
200,23,98.0,160.0,0.0,363.0,0.0
200,23,99.0,158.0,0.0,368.0,0.0
200,23,100.0,158.0,0.0,375.0,0.0
200,23,101.0,157.0,0.0,382.0,0.0
200,23,102.0,160.0,0.0,389.0,0.0
200,23,103.0,166.0,0.0,391.0,0.0
200,23,104.0,170.0,0.0,393.0,0.0
200,23,105.0,172.0,0.0,396.0,0.0
200,23,106.0,173.0,0.0,402.0,0.0
200,23,107.0,172.0,0.0,407.0,0.0
200,23,108.0,174.0,0.0,413.0,0.0
200,23,109.0,176.0,0.0,417.0,0.0
200,23,110.0,172.0,0.0,419.0,0.0
200,23,111.0,173.0,0.0,425.0,0.0
200,23,112.0,180.0,0.0,433.0,0.0
200,23,113.0,178.0,0.0,434.0,0.0
200,23,114.0,178.0,0.0,440.0,0.0
200,23,115.0,180.0,0.0,445.0,0.0
200,23,116.0,176.0,0.0,450.0,0.0
200,23,117.0,179.0,0.0,461.0,0.0
200,23,118.0,177.0,0.0,464.0,0.0
200,23,119.0,177.0,0.0,469.0,0.0
200,23,120.0,175.0,0.0,472.0,0.0
200,23,121.0,175.0,0.0,479.0,0.0
200,23,122.0,177.0,0.0,486.0,0.0
200,23,123.0,170.0,0.0,492.0,0.0
200,23,124.0,169.0,0.0,500.0,0.0
200,23,125.0,167.0,0.0,506.0,0.0
200,23,126.0,164.0,0.0,513.0,0.0
200,23,127.0,159.0,0.0,520.0,0.0
200,23,128.0,160.0,0.0,528.0,0.0
200,23,129.0,162.0,0.0,535.0,0.0
200,23,130.0,161.0,0.0,540.0,0.0
200,23,131.0,161.0,0.0,545.0,0.0
200,23,132.0,167.0,0.0,552.0,0.0
200,23,133.0,168.0,0.0,556.0,0.0
200,23,134.0,168.0,0.0,561.0,0.0
200,23,135.0,168.0,0.0,567.0,0.0
200,23,136.0,166.0,0.0,569.0,0.0
200,23,137.0,168.0,0.0,574.0,0.0
200,23,138.0,168.0,0.0,578.0,0.0
200,23,139.0,167.0,0.0,581.0,0.0
200,23,140.0,164.0,0.0,589.0,0.0
200,23,141.0,165.0,0.0,595.0,0.0
200,23,142.0,165.0,0.0,598.0,0.0
200,23,143.0,159.0,0.0,604.0,0.0
200,23,144.0,163.0,0.0,613.0,0.0
200,23,145.0,163.0,0.0,616.0,0.0
200,23,146.0,163.0,0.0,622.0,0.0
200,23,147.0,162.0,0.0,628.0,0.0
200,23,148.0,158.0,0.0,633.0,0.0
200,23,149.0,161.0,0.0,640.0,0.0
200,23,150.0,160.0,0.0,644.0,0.0
200,23,151.0,160.0,0.0,649.0,0.0
200,23,152.0,160.0,0.0,656.0,0.0
200,23,153.0,162.0,0.0,662.0,0.0
200,23,154.0,160.0,0.0,666.0,0.0
200,23,155.0,156.0,0.0,671.0,0.0
200,23,156.0,151.0,0.0,679.0,0.0
200,23,157.0,152.0,0.0,687.0,0.0
200,23,158.0,155.0,0.0,692.0,0.0
200,23,159.0,159.0,0.0,693.0,0.0
200,23,160.0,161.0,0.0,698.0,0.0
200,23,161.0,166.0,0.0,705.0,0.0
200,23,162.0,166.0,0.0,711.0,0.0
200,23,163.0,167.0,0.0,716.0,0.0
200,23,164.0,165.0,0.0,722.0,0.0
200,23,165.0,169.0,0.0,729.0,0.0
200,23,166.0,171.0,0.0,735.0,0.0
200,23,167.0,169.0,0.0,738.0,0.0
200,23,168.0,173.0,0.0,746.0,0.0
200,23,169.0,175.0,0.0,748.0,0.0
200,23,170.0,173.0,0.0,753.0,0.0
200,23,171.0,172.0,0.0,757.0,0.0
200,23,172.0,174.0,0.0,764.0,0.0
200,23,173.0,175.0,0.0,767.0,0.0
200,23,174.0,174.0,0.0,771.0,0.0
200,23,175.0,180.0,0.0,776.0,0.0
200,23,176.0,175.0,0.0,782.0,0.0
200,23,177.0,175.0,0.0,790.0,0.0
200,23,178.0,170.0,0.0,796.0,0.0
200,23,179.0,170.0,0.0,807.0,0.0
200,23,180.0,168.0,0.0,810.0,0.0
200,23,181.0,167.0,0.0,816.0,0.0
200,23,182.0,162.0,0.0,821.0,0.0
200,23,183.0,160.0,0.0,830.0,0.0
200,23,184.0,159.0,0.0,836.0,0.0
200,23,185.0,162.0,0.0,840.0,0.0
200,23,186.0,164.0,0.0,843.0,0.0
200,23,187.0,165.0,0.0,849.0,0.0
200,23,188.0,166.0,0.0,852.0,0.0
200,23,189.0,164.0,0.0,856.0,0.0
200,23,190.0,162.0,0.0,860.0,0.0
200,23,191.0,164.0,0.0,867.0,0.0
200,23,192.0,158.0,0.0,871.0,0.0
200,23,193.0,155.0,0.0,883.0,0.0
200,23,194.0,157.0,0.0,892.0,0.0
200,23,195.0,160.0,0.0,896.0,0.0
200,23,196.0,160.0,0.0,899.0,0.0
200,23,197.0,163.0,0.0,903.0,0.0
200,23,198.0,161.0,0.0,908.0,0.0
200,23,199.0,161.0,0.0,913.0,0.0
200,23,200.0,161.0,0.0,920.0,0.0
200,23,201.0,155.0,0.0,924.0,0.0
200,23,202.0,148.0,0.0,930.0,0.0
200,23,203.0,144.0,0.0,937.0,0.0
200,23,204.0,140.0,0.0,941.0,0.0
200,23,205.0,136.0,0.0,945.0,0.0
200,23,206.0,134.0,0.0,949.0,0.0
200,23,207.0,129.0,0.0,951.0,0.0
200,23,208.0,124.0,0.0,956.0,0.0
200,23,209.0,118.0,0.0,961.0,0.0
200,23,210.0,113.0,0.0,967.0,0.0
200,23,211.0,111.0,0.0,972.0,0.0
200,23,212.0,107.0,0.0,974.0,0.0
200,23,213.0,101.0,0.0,978.0,0.0
200,23,214.0,95.0,0.0,984.0,0.0
200,23,215.0,90.0,0.0,990.0,0.0
200,23,216.0,83.0,0.0,995.0,0.0
200,23,217.0,75.0,0.0,1002.0,0.0
200,23,218.0,69.0,0.0,1010.0,0.0
200,23,219.0,65.0,0.0,1016.0,0.0
200,23,220.0,60.0,0.0,1020.0,0.0
200,23,221.0,56.0,0.0,1025.0,0.0
200,23,222.0,52.0,0.0,1029.0,0.0
200,23,223.0,49.0,0.0,1033.0,0.0
200,23,224.0,46.0,0.0,1036.0,0.0
200,23,225.0,45.0,0.0,1039.0,0.0
200,23,226.0,43.0,0.0,1040.0,0.0
200,23,227.0,39.0,0.0,1042.0,0.0
200,23,228.0,37.0,0.0,1046.0,0.0
200,23,229.0,35.0,0.0,1048.0,0.0
200,23,230.0,34.0,0.0,1050.0,0.0
200,23,231.0,31.0,0.0,1051.0,0.0
200,23,232.0,30.0,0.0,1054.0,0.0
200,23,233.0,30.0,0.0,1055.0,0.0
200,23,234.0,26.0,0.0,1055.0,0.0
200,23,235.0,25.0,0.0,1059.0,0.0
200,23,236.0,23.0,0.0,1060.0,0.0
200,23,237.0,22.0,0.0,1062.0,0.0
200,23,238.0,21.0,0.0,1063.0,0.0
200,23,239.0,20.0,0.0,1064.0,0.0
200,23,240.0,18.0,0.0,1065.0,0.0
200,23,241.0,15.0,0.0,1067.0,0.0
200,23,242.0,14.0,0.0,1070.0,0.0
200,23,243.0,14.0,0.0,1071.0,0.0
200,23,244.0,14.0,0.0,1071.0,0.0
200,23,245.0,14.0,0.0,1071.0,0.0
200,23,246.0,14.0,0.0,1071.0,0.0
200,23,247.0,13.0,0.0,1071.0,0.0
200,23,248.0,13.0,0.0,1072.0,0.0
200,23,249.0,12.0,0.0,1072.0,0.0
200,23,250.0,9.0,0.0,1073.0,0.0
200,23,251.0,8.0,0.0,1076.0,0.0
200,23,252.0,7.0,0.0,1077.0,0.0
200,23,253.0,6.0,0.0,1078.0,0.0
200,23,254.0,6.0,0.0,1079.0,0.0
200,23,255.0,5.0,0.0,1079.0,0.0
200,23,256.0,3.0,0.0,1080.0,0.0
200,23,257.0,3.0,0.0,1082.0,0.0
200,23,258.0,3.0,0.0,1082.0,0.0
200,23,259.0,3.0,0.0,1082.0,0.0
200,23,260.0,3.0,0.0,1082.0,0.0
200,23,261.0,1.0,0.0,1082.0,0.0
200,23,262.0,1.0,0.0,1084.0,0.0
200,23,263.0,0.0,0.0,1084.0,0.0
200,23,264.0,0.0,0.0,1085.0,0.0
200,24,0.0,6.0,0.0,0.0,0.0
200,24,1.0,14.0,0.0,0.0,0.0
200,24,2.0,17.0,0.0,0.0,0.0
200,24,3.0,25.0,0.0,0.0,0.0
200,24,4.0,31.0,0.0,0.0,0.0
200,24,5.0,40.0,0.0,0.0,0.0
200,24,6.0,43.0,0.0,0.0,0.0
200,24,7.0,49.0,0.0,0.0,0.0
200,24,8.0,51.0,0.0,0.0,0.0
200,24,9.0,56.0,0.0,0.0,0.0
200,24,10.0,61.0,0.0,0.0,0.0
200,24,11.0,67.0,0.0,0.0,0.0
200,24,12.0,74.0,0.0,0.0,0.0
200,24,13.0,81.0,0.0,0.0,0.0
200,24,14.0,86.0,0.0,0.0,0.0
200,24,15.0,90.0,0.0,0.0,0.0
200,24,16.0,98.0,0.0,0.0,0.0
200,24,17.0,103.0,0.0,0.0,0.0
200,24,18.0,108.0,0.0,1.0,0.0
200,24,19.0,114.0,0.0,2.0,0.0
200,24,20.0,118.0,0.0,3.0,0.0
200,24,21.0,122.0,0.0,5.0,0.0
200,24,22.0,127.0,0.0,6.0,0.0
200,24,23.0,133.0,0.0,9.0,0.0
200,24,24.0,134.0,0.0,10.0,0.0
200,24,25.0,137.0,0.0,11.0,0.0
200,24,26.0,144.0,0.0,13.0,0.0
200,24,27.0,145.0,0.0,14.0,0.0
200,24,28.0,146.0,0.0,17.0,0.0
200,24,29.0,149.0,0.0,20.0,0.0
200,24,30.0,154.0,0.0,23.0,0.0
200,24,31.0,154.0,0.0,25.0,0.0
200,24,32.0,153.0,0.0,29.0,0.0
200,24,33.0,155.0,0.0,34.0,0.0
200,24,34.0,158.0,0.0,36.0,0.0
200,24,35.0,155.0,0.0,39.0,0.0
200,24,36.0,153.0,0.0,45.0,0.0
200,24,37.0,153.0,0.0,50.0,0.0
200,24,38.0,155.0,0.0,54.0,0.0
200,24,39.0,155.0,0.0,58.0,0.0
200,24,40.0,155.0,0.0,63.0,0.0
200,24,41.0,155.0,0.0,69.0,0.0
200,24,42.0,153.0,0.0,74.0,0.0
200,24,43.0,152.0,0.0,80.0,0.0
200,24,44.0,154.0,0.0,85.0,0.0
200,24,45.0,153.0,0.0,89.0,0.0
200,24,46.0,155.0,0.0,92.0,0.0
200,24,47.0,158.0,0.0,97.0,0.0
200,24,48.0,160.0,0.0,101.0,0.0
200,24,49.0,164.0,0.0,104.0,0.0
200,24,50.0,168.0,0.0,108.0,0.0
200,24,51.0,165.0,0.0,111.0,0.0
200,24,52.0,161.0,0.0,118.0,0.0
200,24,53.0,163.0,0.0,125.0,0.0
200,24,54.0,160.0,0.0,130.0,0.0
200,24,55.0,162.0,0.0,137.0,0.0
200,24,56.0,165.0,0.0,141.0,0.0
200,24,57.0,170.0,0.0,144.0,0.0
200,24,58.0,172.0,0.0,148.0,0.0
200,24,59.0,172.0,0.0,154.0,0.0
200,24,60.0,172.0,0.0,159.0,0.0
200,24,61.0,172.0,0.0,163.0,0.0
200,24,62.0,169.0,0.0,168.0,0.0
200,24,63.0,168.0,0.0,176.0,0.0
200,24,64.0,171.0,0.0,181.0,0.0
200,24,65.0,171.0,0.0,186.0,0.0
200,24,66.0,172.0,0.0,190.0,0.0
200,24,67.0,170.0,0.0,194.0,0.0
200,24,68.0,173.0,0.0,202.0,0.0
200,24,69.0,170.0,0.0,206.0,0.0
200,24,70.0,165.0,0.0,212.0,0.0
200,24,71.0,167.0,0.0,221.0,0.0
200,24,72.0,171.0,0.0,226.0,0.0
200,24,73.0,171.0,0.0,229.0,0.0
200,24,74.0,172.0,0.0,235.0,0.0
200,24,75.0,171.0,0.0,238.0,0.0
200,24,76.0,172.0,0.0,243.0,0.0
200,24,77.0,173.0,0.0,247.0,0.0
200,24,78.0,179.0,0.0,249.0,0.0
200,24,79.0,177.0,0.0,252.0,0.0
200,24,80.0,178.0,0.0,260.0,0.0
200,24,81.0,175.0,0.0,265.0,0.0
200,24,82.0,175.0,0.0,272.0,0.0
200,24,83.0,173.0,0.0,277.0,0.0
200,24,84.0,172.0,0.0,284.0,0.0
200,24,85.0,170.0,0.0,292.0,0.0
200,24,86.0,173.0,0.0,299.0,0.0
200,24,87.0,173.0,0.0,304.0,0.0
200,24,88.0,170.0,0.0,309.0,0.0
200,24,89.0,171.0,0.0,315.0,0.0
200,24,90.0,169.0,0.0,324.0,0.0
200,24,91.0,173.0,0.0,332.0,0.0
200,24,92.0,176.0,0.0,335.0,0.0
200,24,93.0,179.0,0.0,337.0,0.0
200,24,94.0,180.0,0.0,341.0,0.0
200,24,95.0,177.0,0.0,346.0,0.0
200,24,96.0,181.0,0.0,351.0,0.0
200,24,97.0,175.0,0.0,354.0,0.0
200,24,98.0,174.0,0.0,362.0,0.0
200,24,99.0,172.0,0.0,369.0,0.0
200,24,100.0,169.0,0.0,376.0,0.0
200,24,101.0,166.0,0.0,382.0,0.0
200,24,102.0,166.0,0.0,389.0,0.0
200,24,103.0,167.0,0.0,393.0,0.0
200,24,104.0,170.0,0.0,400.0,0.0
200,24,105.0,170.0,0.0,403.0,0.0
200,24,106.0,166.0,0.0,408.0,0.0
200,24,107.0,166.0,0.0,417.0,0.0
200,24,108.0,167.0,0.0,420.0,0.0
200,24,109.0,173.0,0.0,426.0,0.0
200,24,110.0,171.0,0.0,431.0,0.0
200,24,111.0,169.0,0.0,436.0,0.0
200,24,112.0,166.0,0.0,442.0,0.0
200,24,113.0,167.0,0.0,448.0,0.0
200,24,114.0,168.0,0.0,452.0,0.0
200,24,115.0,166.0,0.0,456.0,0.0
200,24,116.0,168.0,0.0,461.0,0.0
200,24,117.0,167.0,0.0,467.0,0.0
200,24,118.0,167.0,0.0,472.0,0.0
200,24,119.0,163.0,0.0,478.0,0.0
200,24,120.0,159.0,0.0,487.0,0.0
200,24,121.0,156.0,0.0,494.0,0.0
200,24,122.0,157.0,0.0,503.0,0.0
200,24,123.0,152.0,0.0,507.0,0.0
200,24,124.0,150.0,0.0,515.0,0.0
200,24,125.0,154.0,0.0,522.0,0.0
200,24,126.0,156.0,0.0,526.0,0.0
200,24,127.0,157.0,0.0,532.0,0.0
200,24,128.0,154.0,0.0,538.0,0.0
200,24,129.0,151.0,0.0,545.0,0.0
200,24,130.0,154.0,0.0,550.0,0.0
200,24,131.0,155.0,0.0,553.0,0.0
200,24,132.0,157.0,0.0,556.0,0.0
200,24,133.0,160.0,0.0,561.0,0.0
200,24,134.0,161.0,0.0,563.0,0.0
200,24,135.0,160.0,0.0,567.0,0.0
200,24,136.0,162.0,0.0,572.0,0.0
200,24,137.0,163.0,0.0,578.0,0.0
200,24,138.0,158.0,0.0,581.0,0.0
200,24,139.0,162.0,0.0,589.0,0.0
200,24,140.0,157.0,0.0,594.0,0.0
200,24,141.0,159.0,0.0,603.0,0.0
200,24,142.0,156.0,0.0,608.0,0.0
200,24,143.0,152.0,0.0,615.0,0.0
200,24,144.0,150.0,0.0,621.0,0.0
200,24,145.0,153.0,0.0,627.0,0.0
200,24,146.0,152.0,0.0,630.0,0.0
200,24,147.0,156.0,0.0,637.0,0.0
200,24,148.0,154.0,0.0,641.0,0.0
200,24,149.0,153.0,0.0,646.0,0.0
200,24,150.0,153.0,0.0,653.0,0.0
200,24,151.0,157.0,0.0,658.0,0.0
200,24,152.0,157.0,0.0,663.0,0.0
200,24,153.0,159.0,0.0,668.0,0.0
200,24,154.0,157.0,0.0,671.0,0.0
200,24,155.0,158.0,0.0,678.0,0.0
200,24,156.0,158.0,0.0,683.0,0.0
200,24,157.0,154.0,0.0,685.0,0.0
200,24,158.0,157.0,0.0,694.0,0.0
200,24,159.0,158.0,0.0,697.0,0.0
200,24,160.0,157.0,0.0,701.0,0.0
200,24,161.0,158.0,0.0,708.0,0.0
200,24,162.0,152.0,0.0,713.0,0.0
200,24,163.0,151.0,0.0,720.0,0.0
200,24,164.0,155.0,0.0,727.0,0.0
200,24,165.0,156.0,0.0,731.0,0.0
200,24,166.0,157.0,0.0,736.0,0.0
200,24,167.0,153.0,0.0,739.0,0.0
200,24,168.0,158.0,0.0,746.0,0.0
200,24,169.0,162.0,0.0,750.0,0.0
200,24,170.0,163.0,0.0,755.0,0.0
200,24,171.0,164.0,0.0,758.0,0.0
200,24,172.0,163.0,0.0,762.0,0.0
200,24,173.0,164.0,0.0,770.0,0.0
200,24,174.0,160.0,0.0,772.0,0.0
200,24,175.0,159.0,0.0,778.0,0.0
200,24,176.0,158.0,0.0,785.0,0.0
200,24,177.0,157.0,0.0,790.0,0.0
200,24,178.0,157.0,0.0,796.0,0.0
200,24,179.0,158.0,0.0,803.0,0.0
200,24,180.0,161.0,0.0,807.0,0.0
200,24,181.0,161.0,0.0,811.0,0.0
200,24,182.0,161.0,0.0,818.0,0.0
200,24,183.0,157.0,0.0,820.0,0.0
200,24,184.0,160.0,0.0,831.0,0.0
200,24,185.0,165.0,0.0,833.0,0.0
200,24,186.0,167.0,0.0,834.0,0.0
200,24,187.0,167.0,0.0,837.0,0.0
200,24,188.0,162.0,0.0,842.0,0.0
200,24,189.0,171.0,0.0,850.0,0.0
200,24,190.0,171.0,0.0,853.0,0.0
200,24,191.0,170.0,0.0,860.0,0.0
200,24,192.0,176.0,0.0,867.0,0.0
200,24,193.0,176.0,0.0,870.0,0.0
200,24,194.0,176.0,0.0,875.0,0.0
200,24,195.0,180.0,0.0,883.0,0.0
200,24,196.0,178.0,0.0,885.0,0.0
200,24,197.0,181.0,0.0,891.0,0.0
200,24,198.0,182.0,0.0,895.0,0.0
200,24,199.0,186.0,0.0,900.0,0.0
200,24,200.0,188.0,0.0,905.0,0.0
200,24,201.0,184.0,0.0,908.0,0.0
200,24,202.0,175.0,0.0,912.0,0.0
200,24,203.0,169.0,0.0,921.0,0.0
200,24,204.0,158.0,0.0,927.0,0.0
200,24,205.0,150.0,0.0,938.0,0.0
200,24,206.0,146.0,0.0,946.0,0.0
200,24,207.0,141.0,0.0,950.0,0.0
200,24,208.0,133.0,0.0,955.0,0.0
200,24,209.0,127.0,0.0,963.0,0.0
200,24,210.0,125.0,0.0,969.0,0.0
200,24,211.0,118.0,0.0,971.0,0.0
200,24,212.0,112.0,0.0,978.0,0.0
200,24,213.0,102.0,0.0,984.0,0.0
200,24,214.0,96.0,0.0,994.0,0.0
200,24,215.0,94.0,0.0,1000.0,0.0
200,24,216.0,91.0,0.0,1002.0,0.0
200,24,217.0,86.0,0.0,1005.0,0.0
200,24,218.0,81.0,0.0,1010.0,0.0
200,24,219.0,70.0,0.0,1015.0,0.0
200,24,220.0,63.0,0.0,1026.0,0.0
200,24,221.0,55.0,0.0,1033.0,0.0
200,24,222.0,51.0,0.0,1041.0,0.0
200,24,223.0,46.0,0.0,1045.0,0.0
200,24,224.0,38.0,0.0,1050.0,0.0
200,24,225.0,34.0,0.0,1058.0,0.0
200,24,226.0,33.0,0.0,1062.0,0.0
200,24,227.0,32.0,0.0,1063.0,0.0
200,24,228.0,31.0,0.0,1064.0,0.0
200,24,229.0,28.0,0.0,1065.0,0.0
200,24,230.0,26.0,0.0,1068.0,0.0
200,24,231.0,25.0,0.0,1070.0,0.0
200,24,232.0,23.0,0.0,1071.0,0.0
200,24,233.0,23.0,0.0,1073.0,0.0
200,24,234.0,23.0,0.0,1073.0,0.0
200,24,235.0,22.0,0.0,1073.0,0.0
200,24,236.0,20.0,0.0,1074.0,0.0
200,24,237.0,18.0,0.0,1076.0,0.0
200,24,238.0,18.0,0.0,1078.0,0.0
200,24,239.0,18.0,0.0,1078.0,0.0
200,24,240.0,18.0,0.0,1078.0,0.0
200,24,241.0,18.0,0.0,1078.0,0.0
200,24,242.0,17.0,0.0,1078.0,0.0
200,24,243.0,16.0,0.0,1079.0,0.0
200,24,244.0,13.0,0.0,1080.0,0.0
200,24,245.0,12.0,0.0,1083.0,0.0
200,24,246.0,11.0,0.0,1084.0,0.0
200,24,247.0,10.0,0.0,1085.0,0.0
200,24,248.0,10.0,0.0,1086.0,0.0
200,24,249.0,10.0,0.0,1086.0,0.0
200,24,250.0,9.0,0.0,1086.0,0.0
200,24,251.0,9.0,0.0,1087.0,0.0
200,24,252.0,7.0,0.0,1087.0,0.0
200,24,253.0,7.0,0.0,1089.0,0.0
200,24,254.0,7.0,0.0,1089.0,0.0
200,24,255.0,5.0,0.0,1089.0,0.0
200,24,256.0,5.0,0.0,1091.0,0.0
200,24,257.0,5.0,0.0,1091.0,0.0
200,24,258.0,5.0,0.0,1091.0,0.0
200,24,259.0,2.0,0.0,1091.0,0.0
200,24,260.0,2.0,0.0,1094.0,0.0
200,24,261.0,1.0,0.0,1094.0,0.0
200,24,262.0,1.0,0.0,1095.0,0.0
200,24,263.0,1.0,0.0,1095.0,0.0
200,24,264.0,1.0,0.0,1095.0,0.0
200,24,265.0,0.0,0.0,1095.0,0.0
200,24,266.0,0.0,0.0,1096.0,0.0
205,25,0.0,1.0,0.0,0.0,0.0
205,25,1.0,5.0,0.0,0.0,0.0
205,25,2.0,9.0,0.0,0.0,0.0
205,25,3.0,14.0,0.0,0.0,0.0
205,25,4.0,21.0,0.0,0.0,0.0
205,25,5.0,24.0,0.0,0.0,0.0
205,25,6.0,30.0,0.0,0.0,0.0
205,25,7.0,35.0,0.0,0.0,0.0
205,25,8.0,41.0,0.0,0.0,0.0
205,25,9.0,49.0,0.0,0.0,0.0
205,25,10.0,55.0,0.0,0.0,0.0
205,25,11.0,57.0,0.0,0.0,0.0
205,25,12.0,66.0,0.0,0.0,0.0
205,25,13.0,74.0,0.0,0.0,0.0
205,25,14.0,81.0,0.0,0.0,0.0
205,25,15.0,87.0,0.0,0.0,0.0
205,25,16.0,92.0,0.0,0.0,0.0
205,25,17.0,97.0,0.0,0.0,0.0
205,25,18.0,101.0,0.0,0.0,0.0
205,25,19.0,110.0,0.0,0.0,0.0
205,25,20.0,116.0,0.0,0.0,0.0
205,25,21.0,125.0,0.0,0.0,0.0
205,25,22.0,129.0,0.0,1.0,0.0
205,25,23.0,133.0,0.0,3.0,0.0
205,25,24.0,135.0,0.0,4.0,0.0
205,25,25.0,140.0,0.0,6.0,0.0
205,25,26.0,144.0,0.0,8.0,0.0
205,25,27.0,148.0,0.0,9.0,0.0
205,25,28.0,149.0,0.0,12.0,0.0
205,25,29.0,146.0,0.0,15.0,0.0
205,25,30.0,148.0,0.0,20.0,0.0
205,25,31.0,147.0,0.0,24.0,0.0
205,25,32.0,148.0,0.0,28.0,0.0
205,25,33.0,147.0,0.0,32.0,0.0
205,25,34.0,147.0,0.0,39.0,0.0
205,25,35.0,149.0,0.0,43.0,0.0
205,25,36.0,158.0,0.0,45.0,0.0
205,25,37.0,154.0,0.0,47.0,0.0
205,25,38.0,158.0,0.0,55.0,0.0
205,25,39.0,157.0,0.0,59.0,0.0
205,25,40.0,157.0,0.0,64.0,0.0
205,25,41.0,154.0,0.0,69.0,0.0
205,25,42.0,154.0,0.0,75.0,0.0
205,25,43.0,154.0,0.0,80.0,0.0
205,25,44.0,157.0,0.0,84.0,0.0
205,25,45.0,158.0,0.0,87.0,0.0
205,25,46.0,162.0,0.0,93.0,0.0
205,25,47.0,167.0,0.0,96.0,0.0
205,25,48.0,165.0,0.0,98.0,0.0
205,25,49.0,161.0,0.0,107.0,0.0
205,25,50.0,162.0,0.0,114.0,0.0
205,25,51.0,161.0,0.0,118.0,0.0
205,25,52.0,163.0,0.0,127.0,0.0
205,25,53.0,165.0,0.0,131.0,0.0
205,25,54.0,164.0,0.0,135.0,0.0
205,25,55.0,166.0,0.0,142.0,0.0
205,25,56.0,167.0,0.0,146.0,0.0
205,25,57.0,167.0,0.0,150.0,0.0
205,25,58.0,168.0,0.0,155.0,0.0
205,25,59.0,169.0,0.0,158.0,0.0
205,25,60.0,170.0,0.0,162.0,0.0
205,25,61.0,166.0,0.0,166.0,0.0
205,25,62.0,168.0,0.0,174.0,0.0
205,25,63.0,167.0,0.0,178.0,0.0
205,25,64.0,168.0,0.0,182.0,0.0
205,25,65.0,169.0,0.0,185.0,0.0
205,25,66.0,174.0,0.0,188.0,0.0
205,25,67.0,176.0,0.0,191.0,0.0
205,25,68.0,177.0,0.0,196.0,0.0
205,25,69.0,174.0,0.0,201.0,0.0
205,25,70.0,168.0,0.0,208.0,0.0
205,25,71.0,170.0,0.0,218.0,0.0
205,25,72.0,172.0,0.0,222.0,0.0
205,25,73.0,170.0,0.0,228.0,0.0
205,25,74.0,169.0,0.0,234.0,0.0
205,25,75.0,176.0,0.0,243.0,0.0
205,25,76.0,179.0,0.0,248.0,0.0
205,25,77.0,177.0,0.0,250.0,0.0
205,25,78.0,176.0,0.0,257.0,0.0
205,25,79.0,181.0,0.0,262.0,0.0
205,25,80.0,182.0,0.0,264.0,0.0
205,25,81.0,179.0,0.0,270.0,0.0
205,25,82.0,181.0,0.0,278.0,0.0
205,25,83.0,179.0,0.0,283.0,0.0
205,25,84.0,181.0,0.0,288.0,0.0
205,25,85.0,181.0,0.0,292.0,0.0
205,25,86.0,181.0,0.0,296.0,0.0
205,25,87.0,179.0,0.0,302.0,0.0
205,25,88.0,180.0,0.0,311.0,0.0
205,25,89.0,178.0,0.0,318.0,0.0
205,25,90.0,180.0,0.0,325.0,0.0
205,25,91.0,188.0,0.0,330.0,0.0
205,25,92.0,192.0,0.0,333.0,0.0
205,25,93.0,188.0,0.0,338.0,0.0
205,25,94.0,192.0,0.0,347.0,0.0
205,25,95.0,187.0,0.0,350.0,0.0
205,25,96.0,189.0,0.0,358.0,0.0
205,25,97.0,184.0,0.0,359.0,0.0
205,25,98.0,183.0,0.0,366.0,0.0
205,25,99.0,185.0,0.0,375.0,0.0
205,25,100.0,182.0,0.0,379.0,0.0
205,25,101.0,180.0,0.0,390.0,0.0
205,25,102.0,179.0,0.0,398.0,0.0
205,25,103.0,182.0,0.0,406.0,0.0
205,25,104.0,184.0,0.0,410.0,0.0
205,25,105.0,182.0,0.0,417.0,0.0
205,25,106.0,180.0,0.0,423.0,0.0
205,25,107.0,180.0,0.0,427.0,0.0
205,25,108.0,178.0,0.0,432.0,0.0
205,25,109.0,177.0,0.0,437.0,0.0
205,25,110.0,178.0,0.0,444.0,0.0
205,25,111.0,178.0,0.0,450.0,0.0
205,25,112.0,183.0,0.0,458.0,0.0
205,25,113.0,182.0,0.0,463.0,0.0
205,25,114.0,185.0,0.0,467.0,0.0
205,25,115.0,186.0,0.0,471.0,0.0
205,25,116.0,186.0,0.0,476.0,0.0
205,25,117.0,190.0,0.0,482.0,0.0
205,25,118.0,190.0,0.0,484.0,0.0
205,25,119.0,192.0,0.0,491.0,0.0
205,25,120.0,190.0,0.0,494.0,0.0
205,25,121.0,188.0,0.0,499.0,0.0
205,25,122.0,183.0,0.0,506.0,0.0
205,25,123.0,184.0,0.0,516.0,0.0
205,25,124.0,181.0,0.0,521.0,0.0
205,25,125.0,185.0,0.0,528.0,0.0
205,25,126.0,184.0,0.0,531.0,0.0
205,25,127.0,180.0,0.0,540.0,0.0
205,25,128.0,181.0,0.0,548.0,0.0
205,25,129.0,180.0,0.0,554.0,0.0
205,25,130.0,181.0,0.0,559.0,0.0
205,25,131.0,183.0,0.0,563.0,0.0
205,25,132.0,185.0,0.0,568.0,0.0
205,25,133.0,186.0,0.0,573.0,0.0
205,25,134.0,182.0,0.0,579.0,0.0
205,25,135.0,183.0,0.0,589.0,0.0
205,25,136.0,179.0,0.0,593.0,0.0
205,25,137.0,183.0,0.0,600.0,0.0
205,25,138.0,184.0,0.0,605.0,0.0
205,25,139.0,185.0,0.0,609.0,0.0
205,25,140.0,181.0,0.0,615.0,0.0
205,25,141.0,181.0,0.0,623.0,0.0
205,25,142.0,180.0,0.0,630.0,0.0
205,25,143.0,180.0,0.0,634.0,0.0
205,25,144.0,179.0,0.0,639.0,0.0
205,25,145.0,180.0,0.0,644.0,0.0
205,25,146.0,175.0,0.0,647.0,0.0
205,25,147.0,173.0,0.0,656.0,0.0
205,25,148.0,173.0,0.0,662.0,0.0
205,25,149.0,174.0,0.0,667.0,0.0
205,25,150.0,174.0,0.0,673.0,0.0
205,25,151.0,170.0,0.0,683.0,0.0
205,25,152.0,166.0,0.0,693.0,0.0
205,25,153.0,168.0,0.0,702.0,0.0
205,25,154.0,169.0,0.0,704.0,0.0
205,25,155.0,171.0,0.0,706.0,0.0
205,25,156.0,169.0,0.0,710.0,0.0
205,25,157.0,172.0,0.0,715.0,0.0
205,25,158.0,177.0,0.0,722.0,0.0
205,25,159.0,177.0,0.0,725.0,0.0
205,25,160.0,178.0,0.0,728.0,0.0
205,25,161.0,179.0,0.0,734.0,0.0
205,25,162.0,176.0,0.0,738.0,0.0
205,25,163.0,174.0,0.0,745.0,0.0
205,25,164.0,173.0,0.0,755.0,0.0
205,25,165.0,171.0,0.0,760.0,0.0
205,25,166.0,168.0,0.0,766.0,0.0
205,25,167.0,165.0,0.0,773.0,0.0
205,25,168.0,164.0,0.0,782.0,0.0
205,25,169.0,168.0,0.0,787.0,0.0
205,25,170.0,166.0,0.0,791.0,0.0
205,25,171.0,164.0,0.0,796.0,0.0
205,25,172.0,159.0,0.0,802.0,0.0
205,25,173.0,159.0,0.0,810.0,0.0
205,25,174.0,158.0,0.0,815.0,0.0
205,25,175.0,164.0,0.0,819.0,0.0
205,25,176.0,164.0,0.0,825.0,0.0
205,25,177.0,167.0,0.0,833.0,0.0
205,25,178.0,165.0,0.0,840.0,0.0
205,25,179.0,166.0,0.0,848.0,0.0
205,25,180.0,161.0,0.0,852.0,0.0
205,25,181.0,157.0,0.0,859.0,0.0
205,25,182.0,156.0,0.0,864.0,0.0
205,25,183.0,158.0,0.0,871.0,0.0
205,25,184.0,159.0,0.0,875.0,0.0
205,25,185.0,159.0,0.0,882.0,0.0
205,25,186.0,162.0,0.0,886.0,0.0
205,25,187.0,165.0,0.0,889.0,0.0
205,25,188.0,165.0,0.0,894.0,0.0
205,25,189.0,165.0,0.0,899.0,0.0
205,25,190.0,167.0,0.0,905.0,0.0
205,25,191.0,163.0,0.0,909.0,0.0
205,25,192.0,162.0,0.0,918.0,0.0
205,25,193.0,162.0,0.0,922.0,0.0
205,25,194.0,165.0,0.0,928.0,0.0
205,25,195.0,166.0,0.0,932.0,0.0
205,25,196.0,167.0,0.0,936.0,0.0
205,25,197.0,169.0,0.0,941.0,0.0
205,25,198.0,170.0,0.0,946.0,0.0
205,25,199.0,168.0,0.0,951.0,0.0
205,25,200.0,166.0,0.0,956.0,0.0
205,25,201.0,163.0,0.0,962.0,0.0
205,25,202.0,155.0,0.0,965.0,0.0
205,25,203.0,150.0,0.0,973.0,0.0
205,25,204.0,146.0,0.0,978.0,0.0
205,25,205.0,140.0,0.0,982.0,0.0
205,25,206.0,134.0,0.0,988.0,0.0
205,25,207.0,129.0,0.0,994.0,0.0
205,25,208.0,123.0,0.0,999.0,0.0
205,25,209.0,118.0,0.0,1005.0,0.0
205,25,210.0,114.0,0.0,1010.0,0.0
205,25,211.0,110.0,0.0,1014.0,0.0
205,25,212.0,104.0,0.0,1018.0,0.0
205,25,213.0,94.0,0.0,1024.0,0.0
205,25,214.0,88.0,0.0,1034.0,0.0
205,25,215.0,82.0,0.0,1040.0,0.0
205,25,216.0,75.0,0.0,1046.0,0.0
205,25,217.0,70.0,0.0,1053.0,0.0
205,25,218.0,66.0,0.0,1058.0,0.0
205,25,219.0,62.0,0.0,1062.0,0.0
205,25,220.0,59.0,0.0,1066.0,0.0
205,25,221.0,58.0,0.0,1069.0,0.0
205,25,222.0,49.0,0.0,1070.0,0.0
205,25,223.0,40.0,0.0,1079.0,0.0
205,25,224.0,38.0,0.0,1088.0,0.0
205,25,225.0,36.0,0.0,1090.0,0.0
205,25,226.0,35.0,0.0,1092.0,0.0
205,25,227.0,32.0,0.0,1093.0,0.0
205,25,228.0,29.0,0.0,1096.0,0.0
205,25,229.0,27.0,0.0,1099.0,0.0
205,25,230.0,25.0,0.0,1101.0,0.0
205,25,231.0,23.0,0.0,1103.0,0.0
205,25,232.0,22.0,0.0,1105.0,0.0
205,25,233.0,22.0,0.0,1106.0,0.0
205,25,234.0,19.0,0.0,1106.0,0.0
205,25,235.0,17.0,0.0,1109.0,0.0
205,25,236.0,13.0,0.0,1111.0,0.0
205,25,237.0,11.0,0.0,1115.0,0.0
205,25,238.0,9.0,0.0,1117.0,0.0
205,25,239.0,7.0,0.0,1119.0,0.0
205,25,240.0,7.0,0.0,1121.0,0.0
205,25,241.0,7.0,0.0,1121.0,0.0
205,25,242.0,7.0,0.0,1121.0,0.0
205,25,243.0,6.0,0.0,1121.0,0.0
205,25,244.0,6.0,0.0,1122.0,0.0
205,25,245.0,6.0,0.0,1122.0,0.0
205,25,246.0,6.0,0.0,1122.0,0.0
205,25,247.0,6.0,0.0,1122.0,0.0
205,25,248.0,5.0,0.0,1122.0,0.0
205,25,249.0,4.0,0.0,1123.0,0.0
205,25,250.0,4.0,0.0,1124.0,0.0
205,25,251.0,4.0,0.0,1124.0,0.0
205,25,252.0,4.0,0.0,1124.0,0.0
205,25,253.0,4.0,0.0,1124.0,0.0
205,25,254.0,3.0,0.0,1124.0,0.0
205,25,255.0,3.0,0.0,1125.0,0.0
205,25,256.0,3.0,0.0,1125.0,0.0
205,25,257.0,3.0,0.0,1125.0,0.0
205,25,258.0,1.0,0.0,1125.0,0.0
205,25,259.0,1.0,0.0,1127.0,0.0
205,25,260.0,1.0,0.0,1127.0,0.0
205,25,261.0,1.0,0.0,1127.0,0.0
205,25,262.0,1.0,0.0,1127.0,0.0
205,25,263.0,1.0,0.0,1127.0,0.0
205,25,264.0,0.0,0.0,1127.0,0.0
205,25,265.0,0.0,0.0,1128.0,0.0
205,26,0.0,4.0,0.0,0.0,0.0
205,26,1.0,11.0,0.0,0.0,0.0
205,26,2.0,16.0,0.0,0.0,0.0
205,26,3.0,20.0,0.0,0.0,0.0
205,26,4.0,26.0,0.0,0.0,0.0
205,26,5.0,33.0,0.0,0.0,0.0
205,26,6.0,37.0,0.0,0.0,0.0
205,26,7.0,41.0,0.0,0.0,0.0
205,26,8.0,49.0,0.0,0.0,0.0
205,26,9.0,54.0,0.0,0.0,0.0
205,26,10.0,59.0,0.0,0.0,0.0
205,26,11.0,62.0,0.0,0.0,0.0
205,26,12.0,66.0,0.0,0.0,0.0
205,26,13.0,71.0,0.0,0.0,0.0
205,26,14.0,76.0,0.0,0.0,0.0
205,26,15.0,80.0,0.0,0.0,0.0
205,26,16.0,91.0,0.0,0.0,0.0
205,26,17.0,97.0,0.0,0.0,0.0
205,26,18.0,99.0,0.0,0.0,0.0
205,26,19.0,104.0,0.0,2.0,0.0
205,26,20.0,106.0,0.0,2.0,0.0
205,26,21.0,107.0,0.0,4.0,0.0
205,26,22.0,112.0,0.0,6.0,0.0
205,26,23.0,117.0,0.0,7.0,0.0
205,26,24.0,122.0,0.0,7.0,0.0
205,26,25.0,124.0,0.0,8.0,0.0
205,26,26.0,130.0,0.0,9.0,0.0
205,26,27.0,130.0,0.0,10.0,0.0
205,26,28.0,131.0,0.0,13.0,0.0
205,26,29.0,134.0,0.0,17.0,0.0
205,26,30.0,135.0,0.0,22.0,0.0
205,26,31.0,143.0,0.0,29.0,0.0
205,26,32.0,150.0,0.0,30.0,0.0
205,26,33.0,153.0,0.0,32.0,0.0
205,26,34.0,153.0,0.0,38.0,0.0
205,26,35.0,159.0,0.0,43.0,0.0
205,26,36.0,163.0,0.0,46.0,0.0
205,26,37.0,162.0,0.0,49.0,0.0
205,26,38.0,162.0,0.0,56.0,0.0
205,26,39.0,163.0,0.0,60.0,0.0
205,26,40.0,163.0,0.0,65.0,0.0
205,26,41.0,165.0,0.0,71.0,0.0
205,26,42.0,166.0,0.0,75.0,0.0
205,26,43.0,164.0,0.0,80.0,0.0
205,26,44.0,164.0,0.0,86.0,0.0
205,26,45.0,161.0,0.0,91.0,0.0
205,26,46.0,165.0,0.0,96.0,0.0
205,26,47.0,169.0,0.0,98.0,0.0
205,26,48.0,172.0,0.0,100.0,0.0
205,26,49.0,173.0,0.0,105.0,0.0
205,26,50.0,172.0,0.0,109.0,0.0
205,26,51.0,169.0,0.0,114.0,0.0
205,26,52.0,169.0,0.0,119.0,0.0
205,26,53.0,170.0,0.0,125.0,0.0
205,26,54.0,174.0,0.0,130.0,0.0
205,26,55.0,177.0,0.0,134.0,0.0
205,26,56.0,178.0,0.0,138.0,0.0
205,26,57.0,177.0,0.0,141.0,0.0
205,26,58.0,173.0,0.0,145.0,0.0
205,26,59.0,171.0,0.0,152.0,0.0
205,26,60.0,169.0,0.0,157.0,0.0
205,26,61.0,168.0,0.0,162.0,0.0
205,26,62.0,168.0,0.0,168.0,0.0
205,26,63.0,167.0,0.0,173.0,0.0
205,26,64.0,167.0,0.0,178.0,0.0
205,26,65.0,177.0,0.0,184.0,0.0
205,26,66.0,180.0,0.0,186.0,0.0
205,26,67.0,176.0,0.0,189.0,0.0
205,26,68.0,176.0,0.0,195.0,0.0
205,26,69.0,176.0,0.0,201.0,0.0
205,26,70.0,181.0,0.0,207.0,0.0
205,26,71.0,179.0,0.0,211.0,0.0
205,26,72.0,182.0,0.0,217.0,0.0
205,26,73.0,184.0,0.0,219.0,0.0
205,26,74.0,180.0,0.0,227.0,0.0
205,26,75.0,177.0,0.0,234.0,0.0
205,26,76.0,174.0,0.0,241.0,0.0
205,26,77.0,178.0,0.0,250.0,0.0
205,26,78.0,181.0,0.0,254.0,0.0
205,26,79.0,176.0,0.0,261.0,0.0
205,26,80.0,177.0,0.0,270.0,0.0
205,26,81.0,172.0,0.0,276.0,0.0
205,26,82.0,172.0,0.0,285.0,0.0
205,26,83.0,168.0,0.0,289.0,0.0
205,26,84.0,166.0,0.0,297.0,0.0
205,26,85.0,168.0,0.0,303.0,0.0
205,26,86.0,171.0,0.0,309.0,0.0
205,26,87.0,174.0,0.0,316.0,0.0
205,26,88.0,173.0,0.0,320.0,0.0
205,26,89.0,174.0,0.0,325.0,0.0
205,26,90.0,175.0,0.0,331.0,0.0
205,26,91.0,171.0,0.0,337.0,0.0
205,26,92.0,175.0,0.0,344.0,0.0
205,26,93.0,177.0,0.0,349.0,0.0
205,26,94.0,175.0,0.0,351.0,0.0
205,26,95.0,178.0,0.0,357.0,0.0
205,26,96.0,176.0,0.0,359.0,0.0
205,26,97.0,171.0,0.0,365.0,0.0
205,26,98.0,172.0,0.0,373.0,0.0
205,26,99.0,174.0,0.0,377.0,0.0
205,26,100.0,175.0,0.0,383.0,0.0
205,26,101.0,177.0,0.0,388.0,0.0
205,26,102.0,175.0,0.0,391.0,0.0
205,26,103.0,174.0,0.0,396.0,0.0
205,26,104.0,178.0,0.0,404.0,0.0
205,26,105.0,176.0,0.0,408.0,0.0
205,26,106.0,171.0,0.0,416.0,0.0
205,26,107.0,173.0,0.0,424.0,0.0
205,26,108.0,173.0,0.0,428.0,0.0
205,26,109.0,174.0,0.0,436.0,0.0
205,26,110.0,177.0,0.0,443.0,0.0
205,26,111.0,172.0,0.0,445.0,0.0
205,26,112.0,166.0,0.0,452.0,0.0
205,26,113.0,166.0,0.0,461.0,0.0
205,26,114.0,170.0,0.0,469.0,0.0
205,26,115.0,170.0,0.0,472.0,0.0
205,26,116.0,169.0,0.0,479.0,0.0
205,26,117.0,167.0,0.0,486.0,0.0
205,26,118.0,166.0,0.0,496.0,0.0
205,26,119.0,166.0,0.0,502.0,0.0
205,26,120.0,167.0,0.0,507.0,0.0
205,26,121.0,167.0,0.0,514.0,0.0
205,26,122.0,171.0,0.0,518.0,0.0
205,26,123.0,171.0,0.0,521.0,0.0
205,26,124.0,175.0,0.0,526.0,0.0
205,26,125.0,175.0,0.0,531.0,0.0
205,26,126.0,180.0,0.0,537.0,0.0
205,26,127.0,180.0,0.0,542.0,0.0
205,26,128.0,183.0,0.0,546.0,0.0
205,26,129.0,179.0,0.0,550.0,0.0
205,26,130.0,178.0,0.0,557.0,0.0
205,26,131.0,177.0,0.0,563.0,0.0
205,26,132.0,176.0,0.0,568.0,0.0
205,26,133.0,177.0,0.0,573.0,0.0
205,26,134.0,177.0,0.0,577.0,0.0
205,26,135.0,176.0,0.0,580.0,0.0
205,26,136.0,178.0,0.0,587.0,0.0
205,26,137.0,179.0,0.0,592.0,0.0
205,26,138.0,179.0,0.0,595.0,0.0
205,26,139.0,184.0,0.0,601.0,0.0
205,26,140.0,182.0,0.0,604.0,0.0
205,26,141.0,180.0,0.0,613.0,0.0
205,26,142.0,178.0,0.0,619.0,0.0
205,26,143.0,174.0,0.0,624.0,0.0
205,26,144.0,171.0,0.0,633.0,0.0
205,26,145.0,168.0,0.0,640.0,0.0
205,26,146.0,162.0,0.0,646.0,0.0
205,26,147.0,165.0,0.0,656.0,0.0
205,26,148.0,168.0,0.0,659.0,0.0
205,26,149.0,169.0,0.0,664.0,0.0
205,26,150.0,173.0,0.0,670.0,0.0
205,26,151.0,176.0,0.0,672.0,0.0
205,26,152.0,172.0,0.0,676.0,0.0
205,26,153.0,173.0,0.0,684.0,0.0
205,26,154.0,170.0,0.0,690.0,0.0
205,26,155.0,170.0,0.0,699.0,0.0
205,26,156.0,170.0,0.0,705.0,0.0
205,26,157.0,173.0,0.0,710.0,0.0
205,26,158.0,174.0,0.0,713.0,0.0
205,26,159.0,177.0,0.0,715.0,0.0
205,26,160.0,179.0,0.0,716.0,0.0
205,26,161.0,172.0,0.0,719.0,0.0
205,26,162.0,181.0,0.0,731.0,0.0
205,26,163.0,179.0,0.0,737.0,0.0
205,26,164.0,181.0,0.0,743.0,0.0
205,26,165.0,187.0,0.0,749.0,0.0
205,26,166.0,183.0,0.0,751.0,0.0
205,26,167.0,181.0,0.0,758.0,0.0
205,26,168.0,178.0,0.0,763.0,0.0
205,26,169.0,177.0,0.0,769.0,0.0
205,26,170.0,172.0,0.0,777.0,0.0
205,26,171.0,168.0,0.0,788.0,0.0
205,26,172.0,162.0,0.0,794.0,0.0
205,26,173.0,159.0,0.0,805.0,0.0
205,26,174.0,158.0,0.0,812.0,0.0
205,26,175.0,155.0,0.0,816.0,0.0
205,26,176.0,152.0,0.0,821.0,0.0
205,26,177.0,153.0,0.0,829.0,0.0
205,26,178.0,154.0,0.0,832.0,0.0
205,26,179.0,154.0,0.0,835.0,0.0
205,26,180.0,155.0,0.0,840.0,0.0
205,26,181.0,158.0,0.0,847.0,0.0
205,26,182.0,159.0,0.0,849.0,0.0
205,26,183.0,161.0,0.0,855.0,0.0
205,26,184.0,158.0,0.0,860.0,0.0
205,26,185.0,157.0,0.0,866.0,0.0
205,26,186.0,158.0,0.0,873.0,0.0
205,26,187.0,160.0,0.0,878.0,0.0
205,26,188.0,158.0,0.0,881.0,0.0
205,26,189.0,162.0,0.0,887.0,0.0
205,26,190.0,162.0,0.0,891.0,0.0
205,26,191.0,164.0,0.0,896.0,0.0
205,26,192.0,162.0,0.0,898.0,0.0
205,26,193.0,165.0,0.0,906.0,0.0
205,26,194.0,163.0,0.0,909.0,0.0
205,26,195.0,170.0,0.0,916.0,0.0
205,26,196.0,168.0,0.0,918.0,0.0
205,26,197.0,171.0,0.0,923.0,0.0
205,26,198.0,171.0,0.0,925.0,0.0
205,26,199.0,171.0,0.0,931.0,0.0
205,26,200.0,168.0,0.0,936.0,0.0
205,26,201.0,161.0,0.0,944.0,0.0
205,26,202.0,157.0,0.0,951.0,0.0
205,26,203.0,149.0,0.0,955.0,0.0
205,26,204.0,144.0,0.0,963.0,0.0
205,26,205.0,141.0,0.0,968.0,0.0
205,26,206.0,137.0,0.0,971.0,0.0
205,26,207.0,126.0,0.0,975.0,0.0
205,26,208.0,120.0,0.0,986.0,0.0
205,26,209.0,116.0,0.0,992.0,0.0
205,26,210.0,115.0,0.0,996.0,0.0
205,26,211.0,108.0,0.0,997.0,0.0
205,26,212.0,100.0,0.0,1004.0,0.0
205,26,213.0,93.0,0.0,1012.0,0.0
205,26,214.0,87.0,0.0,1019.0,0.0
205,26,215.0,84.0,0.0,1025.0,0.0
205,26,216.0,77.0,0.0,1028.0,0.0
205,26,217.0,73.0,0.0,1035.0,0.0
205,26,218.0,69.0,0.0,1039.0,0.0
205,26,219.0,65.0,0.0,1043.0,0.0
205,26,220.0,62.0,0.0,1047.0,0.0
205,26,221.0,58.0,0.0,1050.0,0.0
205,26,222.0,55.0,0.0,1054.0,0.0
205,26,223.0,53.0,0.0,1057.0,0.0
205,26,224.0,50.0,0.0,1059.0,0.0
205,26,225.0,46.0,0.0,1062.0,0.0
205,26,226.0,45.0,0.0,1066.0,0.0
205,26,227.0,41.0,0.0,1067.0,0.0
205,26,228.0,40.0,0.0,1071.0,0.0
205,26,229.0,37.0,0.0,1072.0,0.0
205,26,230.0,33.0,0.0,1075.0,0.0
205,26,231.0,30.0,0.0,1079.0,0.0
205,26,232.0,28.0,0.0,1082.0,0.0
205,26,233.0,28.0,0.0,1084.0,0.0
205,26,234.0,24.0,0.0,1084.0,0.0
205,26,235.0,20.0,0.0,1088.0,0.0
205,26,236.0,19.0,0.0,1092.0,0.0
205,26,237.0,19.0,0.0,1093.0,0.0
205,26,238.0,19.0,0.0,1093.0,0.0
205,26,239.0,18.0,0.0,1093.0,0.0
205,26,240.0,16.0,0.0,1094.0,0.0
205,26,241.0,16.0,0.0,1096.0,0.0
205,26,242.0,16.0,0.0,1096.0,0.0
205,26,243.0,14.0,0.0,1096.0,0.0
205,26,244.0,14.0,0.0,1098.0,0.0
205,26,245.0,13.0,0.0,1098.0,0.0
205,26,246.0,13.0,0.0,1099.0,0.0
205,26,247.0,12.0,0.0,1099.0,0.0
205,26,248.0,11.0,0.0,1100.0,0.0
205,26,249.0,11.0,0.0,1101.0,0.0
205,26,250.0,11.0,0.0,1101.0,0.0
205,26,251.0,7.0,0.0,1101.0,0.0
205,26,252.0,7.0,0.0,1105.0,0.0
205,26,253.0,6.0,0.0,1105.0,0.0
205,26,254.0,5.0,0.0,1106.0,0.0
205,26,255.0,4.0,0.0,1107.0,0.0
205,26,256.0,4.0,0.0,1108.0,0.0
205,26,257.0,4.0,0.0,1108.0,0.0
205,26,258.0,3.0,0.0,1108.0,0.0
205,26,259.0,2.0,0.0,1109.0,0.0
205,26,260.0,2.0,0.0,1110.0,0.0
205,26,261.0,2.0,0.0,1110.0,0.0
205,26,262.0,1.0,0.0,1110.0,0.0
205,26,263.0,1.0,0.0,1111.0,0.0
205,26,264.0,1.0,0.0,1111.0,0.0
205,26,265.0,1.0,0.0,1111.0,0.0
205,26,266.0,1.0,0.0,1111.0,0.0
205,26,267.0,1.0,0.0,1111.0,0.0
205,26,268.0,1.0,0.0,1111.0,0.0
205,26,269.0,0.0,0.0,1111.0,0.0
205,26,270.0,0.0,0.0,1112.0,0.0
205,27,0.0,7.0,0.0,0.0,0.0
205,27,1.0,12.0,0.0,0.0,0.0
205,27,2.0,16.0,0.0,0.0,0.0
205,27,3.0,24.0,0.0,0.0,0.0
205,27,4.0,30.0,0.0,0.0,0.0
205,27,5.0,38.0,0.0,0.0,0.0
205,27,6.0,43.0,0.0,0.0,0.0
205,27,7.0,45.0,0.0,0.0,0.0
205,27,8.0,51.0,0.0,0.0,0.0
205,27,9.0,60.0,0.0,0.0,0.0
205,27,10.0,62.0,0.0,0.0,0.0
205,27,11.0,68.0,0.0,1.0,0.0
205,27,12.0,73.0,0.0,1.0,0.0
205,27,13.0,79.0,0.0,1.0,0.0
205,27,14.0,83.0,0.0,2.0,0.0
205,27,15.0,87.0,0.0,2.0,0.0
205,27,16.0,92.0,0.0,4.0,0.0
205,27,17.0,96.0,0.0,4.0,0.0
205,27,18.0,104.0,0.0,4.0,0.0
205,27,19.0,106.0,0.0,4.0,0.0
205,27,20.0,112.0,0.0,5.0,0.0
205,27,21.0,114.0,0.0,6.0,0.0
205,27,22.0,118.0,0.0,8.0,0.0
205,27,23.0,120.0,0.0,9.0,0.0
205,27,24.0,122.0,0.0,9.0,0.0
205,27,25.0,128.0,0.0,11.0,0.0
205,27,26.0,136.0,0.0,12.0,0.0
205,27,27.0,141.0,0.0,13.0,0.0
205,27,28.0,141.0,0.0,16.0,0.0
205,27,29.0,145.0,0.0,21.0,0.0
205,27,30.0,142.0,0.0,23.0,0.0
205,27,31.0,143.0,0.0,30.0,0.0
205,27,32.0,144.0,0.0,34.0,0.0
205,27,33.0,147.0,0.0,38.0,0.0
205,27,34.0,148.0,0.0,44.0,0.0
205,27,35.0,149.0,0.0,48.0,0.0
205,27,36.0,150.0,0.0,54.0,0.0
205,27,37.0,153.0,0.0,58.0,0.0
205,27,38.0,153.0,0.0,60.0,0.0
205,27,39.0,158.0,0.0,64.0,0.0
205,27,40.0,157.0,0.0,67.0,0.0
205,27,41.0,155.0,0.0,72.0,0.0
205,27,42.0,159.0,0.0,78.0,0.0
205,27,43.0,161.0,0.0,81.0,0.0
205,27,44.0,164.0,0.0,84.0,0.0
205,27,45.0,164.0,0.0,89.0,0.0
205,27,46.0,167.0,0.0,93.0,0.0
205,27,47.0,168.0,0.0,96.0,0.0
205,27,48.0,169.0,0.0,98.0,0.0
205,27,49.0,174.0,0.0,103.0,0.0
205,27,50.0,175.0,0.0,108.0,0.0
205,27,51.0,175.0,0.0,113.0,0.0
205,27,52.0,178.0,0.0,119.0,0.0
205,27,53.0,180.0,0.0,126.0,0.0
205,27,54.0,176.0,0.0,133.0,0.0
205,27,55.0,178.0,0.0,143.0,0.0
205,27,56.0,180.0,0.0,149.0,0.0
205,27,57.0,181.0,0.0,155.0,0.0
205,27,58.0,181.0,0.0,158.0,0.0
205,27,59.0,186.0,0.0,162.0,0.0
205,27,60.0,184.0,0.0,167.0,0.0
205,27,61.0,187.0,0.0,173.0,0.0
205,27,62.0,190.0,0.0,176.0,0.0
205,27,63.0,194.0,0.0,179.0,0.0
205,27,64.0,193.0,0.0,185.0,0.0
205,27,65.0,189.0,0.0,190.0,0.0
205,27,66.0,189.0,0.0,197.0,0.0
205,27,67.0,190.0,0.0,201.0,0.0
205,27,68.0,194.0,0.0,205.0,0.0
205,27,69.0,191.0,0.0,208.0,0.0
205,27,70.0,189.0,0.0,214.0,0.0
205,27,71.0,181.0,0.0,221.0,0.0
205,27,72.0,178.0,0.0,234.0,0.0
205,27,73.0,175.0,0.0,243.0,0.0
205,27,74.0,174.0,0.0,251.0,0.0
205,27,75.0,176.0,0.0,258.0,0.0
205,27,76.0,172.0,0.0,264.0,0.0
205,27,77.0,179.0,0.0,272.0,0.0
205,27,78.0,180.0,0.0,275.0,0.0
205,27,79.0,176.0,0.0,278.0,0.0
205,27,80.0,176.0,0.0,285.0,0.0
205,27,81.0,180.0,0.0,292.0,0.0
205,27,82.0,179.0,0.0,297.0,0.0
205,27,83.0,178.0,0.0,303.0,0.0
205,27,84.0,178.0,0.0,308.0,0.0
205,27,85.0,177.0,0.0,314.0,0.0
205,27,86.0,175.0,0.0,323.0,0.0
205,27,87.0,172.0,0.0,333.0,0.0
205,27,88.0,167.0,0.0,341.0,0.0
205,27,89.0,168.0,0.0,352.0,0.0
205,27,90.0,172.0,0.0,356.0,0.0
205,27,91.0,173.0,0.0,359.0,0.0
205,27,92.0,171.0,0.0,363.0,0.0
205,27,93.0,169.0,0.0,369.0,0.0
205,27,94.0,174.0,0.0,374.0,0.0
205,27,95.0,175.0,0.0,376.0,0.0
205,27,96.0,175.0,0.0,381.0,0.0
205,27,97.0,174.0,0.0,385.0,0.0
205,27,98.0,176.0,0.0,390.0,0.0
205,27,99.0,168.0,0.0,393.0,0.0
205,27,100.0,168.0,0.0,403.0,0.0
205,27,101.0,168.0,0.0,408.0,0.0
205,27,102.0,175.0,0.0,414.0,0.0
205,27,103.0,174.0,0.0,417.0,0.0
205,27,104.0,172.0,0.0,424.0,0.0
205,27,105.0,172.0,0.0,432.0,0.0
205,27,106.0,177.0,0.0,439.0,0.0
205,27,107.0,178.0,0.0,442.0,0.0
205,27,108.0,180.0,0.0,448.0,0.0
205,27,109.0,183.0,0.0,454.0,0.0
205,27,110.0,180.0,0.0,455.0,0.0
205,27,111.0,179.0,0.0,462.0,0.0
205,27,112.0,175.0,0.0,469.0,0.0
205,27,113.0,173.0,0.0,476.0,0.0
205,27,114.0,173.0,0.0,484.0,0.0
205,27,115.0,170.0,0.0,489.0,0.0
205,27,116.0,171.0,0.0,497.0,0.0
205,27,117.0,175.0,0.0,503.0,0.0
205,27,118.0,171.0,0.0,506.0,0.0
205,27,119.0,171.0,0.0,513.0,0.0
205,27,120.0,172.0,0.0,517.0,0.0
205,27,121.0,175.0,0.0,526.0,0.0
205,27,122.0,176.0,0.0,530.0,0.0
205,27,123.0,177.0,0.0,535.0,0.0
205,27,124.0,182.0,0.0,540.0,0.0
205,27,125.0,178.0,0.0,542.0,0.0
205,27,126.0,178.0,0.0,549.0,0.0
205,27,127.0,176.0,0.0,553.0,0.0
205,27,128.0,176.0,0.0,560.0,0.0
205,27,129.0,177.0,0.0,564.0,0.0
205,27,130.0,177.0,0.0,570.0,0.0
205,27,131.0,171.0,0.0,577.0,0.0
205,27,132.0,167.0,0.0,586.0,0.0
205,27,133.0,165.0,0.0,596.0,0.0
205,27,134.0,163.0,0.0,604.0,0.0
205,27,135.0,164.0,0.0,611.0,0.0
205,27,136.0,159.0,0.0,616.0,0.0
205,27,137.0,163.0,0.0,624.0,0.0
205,27,138.0,165.0,0.0,629.0,0.0
205,27,139.0,170.0,0.0,632.0,0.0
205,27,140.0,169.0,0.0,637.0,0.0
205,27,141.0,169.0,0.0,642.0,0.0
205,27,142.0,176.0,0.0,647.0,0.0
205,27,143.0,174.0,0.0,651.0,0.0
205,27,144.0,175.0,0.0,658.0,0.0
205,27,145.0,174.0,0.0,663.0,0.0
205,27,146.0,175.0,0.0,670.0,0.0
205,27,147.0,179.0,0.0,675.0,0.0
205,27,148.0,177.0,0.0,678.0,0.0
205,27,149.0,175.0,0.0,684.0,0.0
205,27,150.0,177.0,0.0,690.0,0.0
205,27,151.0,175.0,0.0,696.0,0.0
205,27,152.0,173.0,0.0,701.0,0.0
205,27,153.0,170.0,0.0,705.0,0.0
205,27,154.0,171.0,0.0,712.0,0.0
205,27,155.0,174.0,0.0,718.0,0.0
205,27,156.0,172.0,0.0,721.0,0.0
205,27,157.0,170.0,0.0,727.0,0.0
205,27,158.0,171.0,0.0,734.0,0.0
205,27,159.0,171.0,0.0,739.0,0.0
205,27,160.0,176.0,0.0,745.0,0.0
205,27,161.0,172.0,0.0,747.0,0.0
205,27,162.0,168.0,0.0,757.0,0.0
205,27,163.0,168.0,0.0,763.0,0.0
205,27,164.0,171.0,0.0,769.0,0.0
205,27,165.0,172.0,0.0,772.0,0.0
205,27,166.0,168.0,0.0,779.0,0.0
205,27,167.0,170.0,0.0,785.0,0.0
205,27,168.0,167.0,0.0,790.0,0.0
205,27,169.0,167.0,0.0,798.0,0.0
205,27,170.0,167.0,0.0,805.0,0.0
205,27,171.0,168.0,0.0,813.0,0.0
205,27,172.0,166.0,0.0,817.0,0.0
205,27,173.0,171.0,0.0,825.0,0.0
205,27,174.0,170.0,0.0,827.0,0.0
205,27,175.0,168.0,0.0,832.0,0.0
205,27,176.0,165.0,0.0,838.0,0.0
205,27,177.0,166.0,0.0,843.0,0.0
205,27,178.0,164.0,0.0,848.0,0.0
205,27,179.0,165.0,0.0,856.0,0.0
205,27,180.0,170.0,0.0,862.0,0.0
205,27,181.0,176.0,0.0,865.0,0.0
205,27,182.0,173.0,0.0,868.0,0.0
205,27,183.0,180.0,0.0,874.0,0.0
205,27,184.0,180.0,0.0,878.0,0.0
205,27,185.0,177.0,0.0,882.0,0.0
205,27,186.0,176.0,0.0,889.0,0.0
205,27,187.0,174.0,0.0,893.0,0.0
205,27,188.0,176.0,0.0,897.0,0.0
205,27,189.0,182.0,0.0,901.0,0.0
205,27,190.0,184.0,0.0,905.0,0.0
205,27,191.0,182.0,0.0,909.0,0.0
205,27,192.0,179.0,0.0,917.0,0.0
205,27,193.0,177.0,0.0,922.0,0.0
205,27,194.0,177.0,0.0,929.0,0.0
205,27,195.0,178.0,0.0,935.0,0.0
205,27,196.0,183.0,0.0,940.0,0.0
205,27,197.0,180.0,0.0,943.0,0.0
205,27,198.0,174.0,0.0,950.0,0.0
205,27,199.0,171.0,0.0,960.0,0.0
205,27,200.0,171.0,0.0,966.0,0.0
205,27,201.0,165.0,0.0,974.0,0.0
205,27,202.0,161.0,0.0,980.0,0.0
205,27,203.0,154.0,0.0,984.0,0.0
205,27,204.0,147.0,0.0,991.0,0.0
205,27,205.0,142.0,0.0,998.0,0.0
205,27,206.0,135.0,0.0,1003.0,0.0
205,27,207.0,129.0,0.0,1010.0,0.0
205,27,208.0,123.0,0.0,1016.0,0.0
205,27,209.0,120.0,0.0,1022.0,0.0
205,27,210.0,115.0,0.0,1025.0,0.0
205,27,211.0,108.0,0.0,1030.0,0.0
205,27,212.0,106.0,0.0,1037.0,0.0
205,27,213.0,101.0,0.0,1039.0,0.0
205,27,214.0,93.0,0.0,1044.0,0.0
205,27,215.0,85.0,0.0,1052.0,0.0
205,27,216.0,77.0,0.0,1060.0,0.0
205,27,217.0,69.0,0.0,1068.0,0.0
205,27,218.0,64.0,0.0,1076.0,0.0
205,27,219.0,59.0,0.0,1081.0,0.0
205,27,220.0,56.0,0.0,1086.0,0.0
205,27,221.0,52.0,0.0,1089.0,0.0
205,27,222.0,49.0,0.0,1093.0,0.0
205,27,223.0,44.0,0.0,1096.0,0.0
205,27,224.0,41.0,0.0,1101.0,0.0
205,27,225.0,39.0,0.0,1104.0,0.0
205,27,226.0,38.0,0.0,1106.0,0.0
205,27,227.0,37.0,0.0,1107.0,0.0
205,27,228.0,34.0,0.0,1108.0,0.0
205,27,229.0,31.0,0.0,1111.0,0.0
205,27,230.0,29.0,0.0,1114.0,0.0
205,27,231.0,26.0,0.0,1116.0,0.0
205,27,232.0,26.0,0.0,1119.0,0.0
205,27,233.0,25.0,0.0,1119.0,0.0
205,27,234.0,22.0,0.0,1120.0,0.0
205,27,235.0,20.0,0.0,1123.0,0.0
205,27,236.0,18.0,0.0,1125.0,0.0
205,27,237.0,17.0,0.0,1127.0,0.0
205,27,238.0,15.0,0.0,1128.0,0.0
205,27,239.0,14.0,0.0,1130.0,0.0
205,27,240.0,14.0,0.0,1131.0,0.0
205,27,241.0,12.0,0.0,1131.0,0.0
205,27,242.0,11.0,0.0,1133.0,0.0
205,27,243.0,10.0,0.0,1134.0,0.0
205,27,244.0,9.0,0.0,1135.0,0.0
205,27,245.0,9.0,0.0,1136.0,0.0
205,27,246.0,9.0,0.0,1136.0,0.0
205,27,247.0,9.0,0.0,1136.0,0.0
205,27,248.0,9.0,0.0,1136.0,0.0
205,27,249.0,8.0,0.0,1136.0,0.0
205,27,250.0,8.0,0.0,1137.0,0.0
205,27,251.0,7.0,0.0,1137.0,0.0
205,27,252.0,7.0,0.0,1138.0,0.0
205,27,253.0,6.0,0.0,1138.0,0.0
205,27,254.0,6.0,0.0,1139.0,0.0
205,27,255.0,6.0,0.0,1139.0,0.0
205,27,256.0,6.0,0.0,1139.0,0.0
205,27,257.0,6.0,0.0,1139.0,0.0
205,27,258.0,6.0,0.0,1139.0,0.0
205,27,259.0,3.0,0.0,1139.0,0.0
205,27,260.0,2.0,0.0,1142.0,0.0
205,27,261.0,1.0,0.0,1143.0,0.0
205,27,262.0,1.0,0.0,1144.0,0.0
205,27,263.0,1.0,0.0,1144.0,0.0
205,27,264.0,1.0,0.0,1144.0,0.0
205,27,265.0,0.0,0.0,1144.0,0.0
205,27,266.0,0.0,0.0,1145.0,0.0
205,28,0.0,3.0,0.0,0.0,0.0
205,28,1.0,10.0,0.0,0.0,0.0
205,28,2.0,14.0,0.0,0.0,0.0
205,28,3.0,19.0,0.0,0.0,0.0
205,28,4.0,22.0,0.0,0.0,0.0
205,28,5.0,27.0,0.0,0.0,0.0
205,28,6.0,32.0,0.0,0.0,0.0
205,28,7.0,38.0,0.0,0.0,0.0
205,28,8.0,43.0,0.0,0.0,0.0
205,28,9.0,49.0,0.0,0.0,0.0
205,28,10.0,56.0,0.0,0.0,0.0
205,28,11.0,64.0,0.0,0.0,0.0
205,28,12.0,69.0,0.0,0.0,0.0
205,28,13.0,73.0,0.0,1.0,0.0
205,28,14.0,78.0,0.0,1.0,0.0
205,28,15.0,83.0,0.0,2.0,0.0
205,28,16.0,91.0,0.0,2.0,0.0
205,28,17.0,94.0,0.0,2.0,0.0
205,28,18.0,98.0,0.0,3.0,0.0
205,28,19.0,101.0,0.0,5.0,0.0
205,28,20.0,110.0,0.0,5.0,0.0
205,28,21.0,116.0,0.0,5.0,0.0
205,28,22.0,121.0,0.0,5.0,0.0
205,28,23.0,126.0,0.0,5.0,0.0
205,28,24.0,131.0,0.0,5.0,0.0
205,28,25.0,134.0,0.0,7.0,0.0
205,28,26.0,132.0,0.0,10.0,0.0
205,28,27.0,135.0,0.0,15.0,0.0
205,28,28.0,137.0,0.0,19.0,0.0
205,28,29.0,135.0,0.0,21.0,0.0
205,28,30.0,138.0,0.0,27.0,0.0
205,28,31.0,142.0,0.0,29.0,0.0
205,28,32.0,144.0,0.0,30.0,0.0
205,28,33.0,147.0,0.0,33.0,0.0
205,28,34.0,147.0,0.0,36.0,0.0
205,28,35.0,152.0,0.0,43.0,0.0
205,28,36.0,152.0,0.0,46.0,0.0
205,28,37.0,152.0,0.0,52.0,0.0
205,28,38.0,148.0,0.0,55.0,0.0
205,28,39.0,150.0,0.0,62.0,0.0
205,28,40.0,153.0,0.0,67.0,0.0
205,28,41.0,151.0,0.0,71.0,0.0
205,28,42.0,147.0,0.0,77.0,0.0
205,28,43.0,149.0,0.0,84.0,0.0
205,28,44.0,149.0,0.0,87.0,0.0
205,28,45.0,144.0,0.0,92.0,0.0
205,28,46.0,146.0,0.0,101.0,0.0
205,28,47.0,142.0,0.0,105.0,0.0
205,28,48.0,140.0,0.0,112.0,0.0
205,28,49.0,146.0,0.0,118.0,0.0
205,28,50.0,148.0,0.0,119.0,0.0
205,28,51.0,149.0,0.0,122.0,0.0
205,28,52.0,152.0,0.0,126.0,0.0
205,28,53.0,155.0,0.0,132.0,0.0
205,28,54.0,158.0,0.0,135.0,0.0
205,28,55.0,159.0,0.0,139.0,0.0
205,28,56.0,157.0,0.0,146.0,0.0
205,28,57.0,160.0,0.0,152.0,0.0
205,28,58.0,161.0,0.0,155.0,0.0
205,28,59.0,160.0,0.0,160.0,0.0
205,28,60.0,159.0,0.0,165.0,0.0
205,28,61.0,160.0,0.0,172.0,0.0
205,28,62.0,166.0,0.0,176.0,0.0
205,28,63.0,172.0,0.0,178.0,0.0
205,28,64.0,173.0,0.0,181.0,0.0
205,28,65.0,177.0,0.0,187.0,0.0
205,28,66.0,181.0,0.0,191.0,0.0
205,28,67.0,183.0,0.0,193.0,0.0
205,28,68.0,181.0,0.0,198.0,0.0
205,28,69.0,180.0,0.0,204.0,0.0
205,28,70.0,181.0,0.0,211.0,0.0
205,28,71.0,182.0,0.0,218.0,0.0
205,28,72.0,178.0,0.0,222.0,0.0
205,28,73.0,181.0,0.0,231.0,0.0
205,28,74.0,181.0,0.0,233.0,0.0
205,28,75.0,178.0,0.0,240.0,0.0
205,28,76.0,177.0,0.0,245.0,0.0
205,28,77.0,176.0,0.0,250.0,0.0
205,28,78.0,172.0,0.0,257.0,0.0
205,28,79.0,174.0,0.0,266.0,0.0
205,28,80.0,174.0,0.0,269.0,0.0
205,28,81.0,175.0,0.0,277.0,0.0
205,28,82.0,169.0,0.0,284.0,0.0
205,28,83.0,166.0,0.0,294.0,0.0
205,28,84.0,168.0,0.0,299.0,0.0
205,28,85.0,168.0,0.0,304.0,0.0
205,28,86.0,171.0,0.0,307.0,0.0
205,28,87.0,167.0,0.0,312.0,0.0
205,28,88.0,168.0,0.0,320.0,0.0
205,28,89.0,164.0,0.0,325.0,0.0
205,28,90.0,165.0,0.0,332.0,0.0
205,28,91.0,170.0,0.0,338.0,0.0
205,28,92.0,170.0,0.0,342.0,0.0
205,28,93.0,170.0,0.0,348.0,0.0
205,28,94.0,169.0,0.0,355.0,0.0
205,28,95.0,170.0,0.0,361.0,0.0
205,28,96.0,168.0,0.0,365.0,0.0
205,28,97.0,166.0,0.0,377.0,0.0
205,28,98.0,164.0,0.0,385.0,0.0
205,28,99.0,165.0,0.0,390.0,0.0
205,28,100.0,169.0,0.0,397.0,0.0
205,28,101.0,165.0,0.0,403.0,0.0
205,28,102.0,168.0,0.0,410.0,0.0
205,28,103.0,167.0,0.0,414.0,0.0
205,28,104.0,166.0,0.0,417.0,0.0
205,28,105.0,165.0,0.0,422.0,0.0
205,28,106.0,166.0,0.0,426.0,0.0
205,28,107.0,166.0,0.0,430.0,0.0
205,28,108.0,167.0,0.0,436.0,0.0
205,28,109.0,167.0,0.0,442.0,0.0
205,28,110.0,169.0,0.0,447.0,0.0
205,28,111.0,169.0,0.0,452.0,0.0
205,28,112.0,171.0,0.0,457.0,0.0
205,28,113.0,168.0,0.0,462.0,0.0
205,28,114.0,163.0,0.0,469.0,0.0
205,28,115.0,164.0,0.0,476.0,0.0
205,28,116.0,166.0,0.0,481.0,0.0
205,28,117.0,160.0,0.0,486.0,0.0
205,28,118.0,161.0,0.0,495.0,0.0
205,28,119.0,163.0,0.0,498.0,0.0
205,28,120.0,163.0,0.0,505.0,0.0
205,28,121.0,161.0,0.0,510.0,0.0
205,28,122.0,161.0,0.0,521.0,0.0
205,28,123.0,167.0,0.0,528.0,0.0
205,28,124.0,164.0,0.0,532.0,0.0
205,28,125.0,165.0,0.0,539.0,0.0
205,28,126.0,162.0,0.0,545.0,0.0
205,28,127.0,163.0,0.0,553.0,0.0
205,28,128.0,161.0,0.0,558.0,0.0
205,28,129.0,167.0,0.0,564.0,0.0
205,28,130.0,168.0,0.0,566.0,0.0
205,28,131.0,164.0,0.0,570.0,0.0
205,28,132.0,166.0,0.0,577.0,0.0
205,28,133.0,165.0,0.0,581.0,0.0
205,28,134.0,167.0,0.0,589.0,0.0
205,28,135.0,170.0,0.0,595.0,0.0
205,28,136.0,172.0,0.0,597.0,0.0
205,28,137.0,170.0,0.0,602.0,0.0
205,28,138.0,170.0,0.0,610.0,0.0
205,28,139.0,170.0,0.0,615.0,0.0
205,28,140.0,169.0,0.0,620.0,0.0
205,28,141.0,167.0,0.0,624.0,0.0
205,28,142.0,168.0,0.0,631.0,0.0
205,28,143.0,163.0,0.0,635.0,0.0
205,28,144.0,161.0,0.0,642.0,0.0
205,28,145.0,162.0,0.0,651.0,0.0
205,28,146.0,154.0,0.0,657.0,0.0
205,28,147.0,148.0,0.0,667.0,0.0
205,28,148.0,151.0,0.0,675.0,0.0
205,28,149.0,150.0,0.0,680.0,0.0
205,28,150.0,150.0,0.0,686.0,0.0
205,28,151.0,151.0,0.0,692.0,0.0
205,28,152.0,153.0,0.0,697.0,0.0
205,28,153.0,157.0,0.0,700.0,0.0
205,28,154.0,156.0,0.0,702.0,0.0
205,28,155.0,158.0,0.0,709.0,0.0
205,28,156.0,159.0,0.0,712.0,0.0
205,28,157.0,162.0,0.0,716.0,0.0
205,28,158.0,158.0,0.0,720.0,0.0
205,28,159.0,155.0,0.0,726.0,0.0
205,28,160.0,156.0,0.0,732.0,0.0
205,28,161.0,155.0,0.0,736.0,0.0
205,28,162.0,157.0,0.0,743.0,0.0
205,28,163.0,153.0,0.0,749.0,0.0
205,28,164.0,156.0,0.0,757.0,0.0
205,28,165.0,157.0,0.0,762.0,0.0
205,28,166.0,156.0,0.0,764.0,0.0
205,28,167.0,156.0,0.0,771.0,0.0
205,28,168.0,158.0,0.0,779.0,0.0
205,28,169.0,160.0,0.0,782.0,0.0
205,28,170.0,161.0,0.0,784.0,0.0
205,28,171.0,158.0,0.0,788.0,0.0
205,28,172.0,159.0,0.0,792.0,0.0
205,28,173.0,157.0,0.0,797.0,0.0
205,28,174.0,158.0,0.0,801.0,0.0
205,28,175.0,156.0,0.0,804.0,0.0
205,28,176.0,157.0,0.0,809.0,0.0
205,28,177.0,152.0,0.0,813.0,0.0
205,28,178.0,153.0,0.0,821.0,0.0
205,28,179.0,154.0,0.0,823.0,0.0
205,28,180.0,156.0,0.0,829.0,0.0
205,28,181.0,153.0,0.0,833.0,0.0
205,28,182.0,155.0,0.0,839.0,0.0
205,28,183.0,157.0,0.0,842.0,0.0
205,28,184.0,158.0,0.0,846.0,0.0
205,28,185.0,161.0,0.0,851.0,0.0
205,28,186.0,160.0,0.0,854.0,0.0
205,28,187.0,160.0,0.0,858.0,0.0
205,28,188.0,159.0,0.0,862.0,0.0
205,28,189.0,161.0,0.0,866.0,0.0
205,28,190.0,158.0,0.0,873.0,0.0
205,28,191.0,161.0,0.0,879.0,0.0
205,28,192.0,164.0,0.0,884.0,0.0
205,28,193.0,166.0,0.0,889.0,0.0
205,28,194.0,163.0,0.0,896.0,0.0
205,28,195.0,162.0,0.0,902.0,0.0
205,28,196.0,162.0,0.0,906.0,0.0
205,28,197.0,156.0,0.0,911.0,0.0
205,28,198.0,158.0,0.0,919.0,0.0
205,28,199.0,158.0,0.0,922.0,0.0
205,28,200.0,160.0,0.0,926.0,0.0
205,28,201.0,157.0,0.0,930.0,0.0
205,28,202.0,155.0,0.0,933.0,0.0
205,28,203.0,151.0,0.0,935.0,0.0
205,28,204.0,147.0,0.0,939.0,0.0
205,28,205.0,141.0,0.0,943.0,0.0
205,28,206.0,136.0,0.0,949.0,0.0
205,28,207.0,132.0,0.0,954.0,0.0
205,28,208.0,126.0,0.0,958.0,0.0
205,28,209.0,119.0,0.0,964.0,0.0
205,28,210.0,114.0,0.0,971.0,0.0
205,28,211.0,106.0,0.0,976.0,0.0
205,28,212.0,103.0,0.0,984.0,0.0
205,28,213.0,99.0,0.0,987.0,0.0
205,28,214.0,95.0,0.0,991.0,0.0
205,28,215.0,88.0,0.0,995.0,0.0
205,28,216.0,83.0,0.0,1002.0,0.0
205,28,217.0,78.0,0.0,1007.0,0.0
205,28,218.0,73.0,0.0,1012.0,0.0
205,28,219.0,67.0,0.0,1017.0,0.0
205,28,220.0,58.0,0.0,1023.0,0.0
205,28,221.0,56.0,0.0,1032.0,0.0
205,28,222.0,50.0,0.0,1034.0,0.0
205,28,223.0,45.0,0.0,1040.0,0.0
205,28,224.0,40.0,0.0,1045.0,0.0
205,28,225.0,33.0,0.0,1050.0,0.0
205,28,226.0,33.0,0.0,1057.0,0.0
205,28,227.0,29.0,0.0,1057.0,0.0
205,28,228.0,28.0,0.0,1061.0,0.0
205,28,229.0,27.0,0.0,1062.0,0.0
205,28,230.0,26.0,0.0,1063.0,0.0
205,28,231.0,25.0,0.0,1064.0,0.0
205,28,232.0,25.0,0.0,1065.0,0.0
205,28,233.0,22.0,0.0,1065.0,0.0
205,28,234.0,22.0,0.0,1068.0,0.0
205,28,235.0,19.0,0.0,1068.0,0.0
205,28,236.0,17.0,0.0,1071.0,0.0
205,28,237.0,16.0,0.0,1073.0,0.0
205,28,238.0,15.0,0.0,1074.0,0.0
205,28,239.0,14.0,0.0,1075.0,0.0
205,28,240.0,14.0,0.0,1076.0,0.0
205,28,241.0,12.0,0.0,1076.0,0.0
205,28,242.0,11.0,0.0,1078.0,0.0
205,28,243.0,9.0,0.0,1079.0,0.0
205,28,244.0,8.0,0.0,1081.0,0.0
205,28,245.0,6.0,0.0,1082.0,0.0
205,28,246.0,4.0,0.0,1084.0,0.0
205,28,247.0,4.0,0.0,1086.0,0.0
205,28,248.0,4.0,0.0,1086.0,0.0
205,28,249.0,4.0,0.0,1086.0,0.0
205,28,250.0,4.0,0.0,1086.0,0.0
205,28,251.0,4.0,0.0,1086.0,0.0
205,28,252.0,4.0,0.0,1086.0,0.0
205,28,253.0,4.0,0.0,1086.0,0.0
205,28,254.0,3.0,0.0,1086.0,0.0
205,28,255.0,3.0,0.0,1087.0,0.0
205,28,256.0,2.0,0.0,1087.0,0.0
205,28,257.0,2.0,0.0,1088.0,0.0
205,28,258.0,1.0,0.0,1088.0,0.0
205,28,259.0,1.0,0.0,1089.0,0.0
205,28,260.0,1.0,0.0,1089.0,0.0
205,28,261.0,0.0,0.0,1089.0,0.0
205,28,262.0,0.0,0.0,1090.0,0.0
205,29,0.0,3.0,0.0,0.0,0.0
205,29,1.0,10.0,0.0,0.0,0.0
205,29,2.0,15.0,0.0,0.0,0.0
205,29,3.0,24.0,0.0,0.0,0.0
205,29,4.0,29.0,0.0,0.0,0.0
205,29,5.0,35.0,0.0,0.0,0.0
205,29,6.0,39.0,0.0,0.0,0.0
205,29,7.0,42.0,0.0,0.0,0.0
205,29,8.0,44.0,0.0,0.0,0.0
205,29,9.0,52.0,0.0,0.0,0.0
205,29,10.0,57.0,0.0,0.0,0.0
205,29,11.0,64.0,0.0,0.0,0.0
205,29,12.0,70.0,0.0,0.0,0.0
205,29,13.0,74.0,0.0,0.0,0.0
205,29,14.0,77.0,0.0,0.0,0.0
205,29,15.0,82.0,0.0,0.0,0.0
205,29,16.0,86.0,0.0,1.0,0.0
205,29,17.0,92.0,0.0,2.0,0.0
205,29,18.0,97.0,0.0,2.0,0.0
205,29,19.0,105.0,0.0,2.0,0.0
205,29,20.0,113.0,0.0,3.0,0.0
205,29,21.0,115.0,0.0,3.0,0.0
205,29,22.0,121.0,0.0,4.0,0.0
205,29,23.0,123.0,0.0,5.0,0.0
205,29,24.0,122.0,0.0,5.0,0.0
205,29,25.0,126.0,0.0,10.0,0.0
205,29,26.0,127.0,0.0,11.0,0.0
205,29,27.0,125.0,0.0,13.0,0.0
205,29,28.0,128.0,0.0,19.0,0.0
205,29,29.0,131.0,0.0,22.0,0.0
205,29,30.0,132.0,0.0,24.0,0.0
205,29,31.0,136.0,0.0,27.0,0.0
205,29,32.0,133.0,0.0,29.0,0.0
205,29,33.0,132.0,0.0,34.0,0.0
205,29,34.0,128.0,0.0,39.0,0.0
205,29,35.0,130.0,0.0,46.0,0.0
205,29,36.0,129.0,0.0,49.0,0.0
205,29,37.0,132.0,0.0,54.0,0.0
205,29,38.0,135.0,0.0,59.0,0.0
205,29,39.0,139.0,0.0,65.0,0.0
205,29,40.0,137.0,0.0,68.0,0.0
205,29,41.0,138.0,0.0,72.0,0.0
205,29,42.0,144.0,0.0,76.0,0.0
205,29,43.0,147.0,0.0,78.0,0.0
205,29,44.0,150.0,0.0,81.0,0.0
205,29,45.0,148.0,0.0,87.0,0.0
205,29,46.0,151.0,0.0,93.0,0.0
205,29,47.0,152.0,0.0,96.0,0.0
205,29,48.0,153.0,0.0,99.0,0.0
205,29,49.0,156.0,0.0,104.0,0.0
205,29,50.0,155.0,0.0,107.0,0.0
205,29,51.0,159.0,0.0,114.0,0.0
205,29,52.0,160.0,0.0,119.0,0.0
205,29,53.0,165.0,0.0,126.0,0.0
205,29,54.0,169.0,0.0,130.0,0.0
205,29,55.0,166.0,0.0,132.0,0.0
205,29,56.0,167.0,0.0,138.0,0.0
205,29,57.0,166.0,0.0,140.0,0.0
205,29,58.0,169.0,0.0,145.0,0.0
205,29,59.0,172.0,0.0,148.0,0.0
205,29,60.0,177.0,0.0,151.0,0.0
205,29,61.0,177.0,0.0,154.0,0.0
205,29,62.0,178.0,0.0,159.0,0.0
205,29,63.0,177.0,0.0,163.0,0.0
205,29,64.0,177.0,0.0,169.0,0.0
205,29,65.0,178.0,0.0,173.0,0.0
205,29,66.0,179.0,0.0,181.0,0.0
205,29,67.0,180.0,0.0,187.0,0.0
205,29,68.0,180.0,0.0,192.0,0.0
205,29,69.0,181.0,0.0,196.0,0.0
205,29,70.0,179.0,0.0,202.0,0.0
205,29,71.0,179.0,0.0,210.0,0.0
205,29,72.0,183.0,0.0,217.0,0.0
205,29,73.0,176.0,0.0,221.0,0.0
205,29,74.0,174.0,0.0,232.0,0.0
205,29,75.0,166.0,0.0,237.0,0.0
205,29,76.0,166.0,0.0,246.0,0.0
205,29,77.0,163.0,0.0,250.0,0.0
205,29,78.0,167.0,0.0,255.0,0.0
205,29,79.0,163.0,0.0,260.0,0.0
205,29,80.0,160.0,0.0,266.0,0.0
205,29,81.0,158.0,0.0,271.0,0.0
205,29,82.0,157.0,0.0,278.0,0.0
205,29,83.0,154.0,0.0,285.0,0.0
205,29,84.0,157.0,0.0,293.0,0.0
205,29,85.0,156.0,0.0,298.0,0.0
205,29,86.0,158.0,0.0,304.0,0.0
205,29,87.0,160.0,0.0,305.0,0.0
205,29,88.0,158.0,0.0,309.0,0.0
205,29,89.0,156.0,0.0,314.0,0.0
205,29,90.0,160.0,0.0,320.0,0.0
205,29,91.0,161.0,0.0,324.0,0.0
205,29,92.0,161.0,0.0,327.0,0.0
205,29,93.0,155.0,0.0,336.0,0.0
205,29,94.0,155.0,0.0,343.0,0.0
205,29,95.0,155.0,0.0,350.0,0.0
205,29,96.0,155.0,0.0,356.0,0.0
205,29,97.0,151.0,0.0,362.0,0.0
205,29,98.0,151.0,0.0,370.0,0.0
205,29,99.0,154.0,0.0,373.0,0.0
205,29,100.0,157.0,0.0,375.0,0.0
205,29,101.0,160.0,0.0,380.0,0.0
205,29,102.0,163.0,0.0,383.0,0.0
205,29,103.0,160.0,0.0,384.0,0.0
205,29,104.0,162.0,0.0,392.0,0.0
205,29,105.0,160.0,0.0,395.0,0.0
205,29,106.0,159.0,0.0,399.0,0.0
205,29,107.0,160.0,0.0,404.0,0.0
205,29,108.0,160.0,0.0,409.0,0.0
205,29,109.0,161.0,0.0,415.0,0.0
205,29,110.0,162.0,0.0,419.0,0.0
205,29,111.0,159.0,0.0,424.0,0.0
205,29,112.0,161.0,0.0,430.0,0.0
205,29,113.0,165.0,0.0,435.0,0.0
205,29,114.0,163.0,0.0,440.0,0.0
205,29,115.0,163.0,0.0,448.0,0.0
205,29,116.0,162.0,0.0,455.0,0.0
205,29,117.0,160.0,0.0,459.0,0.0
205,29,118.0,159.0,0.0,465.0,0.0
205,29,119.0,155.0,0.0,471.0,0.0
205,29,120.0,163.0,0.0,477.0,0.0
205,29,121.0,167.0,0.0,481.0,0.0
205,29,122.0,171.0,0.0,483.0,0.0
205,29,123.0,159.0,0.0,485.0,0.0
205,29,124.0,159.0,0.0,500.0,0.0
205,29,125.0,157.0,0.0,504.0,0.0
205,29,126.0,162.0,0.0,511.0,0.0
205,29,127.0,167.0,0.0,514.0,0.0
205,29,128.0,167.0,0.0,517.0,0.0
205,29,129.0,165.0,0.0,524.0,0.0
205,29,130.0,168.0,0.0,528.0,0.0
205,29,131.0,171.0,0.0,531.0,0.0
205,29,132.0,169.0,0.0,536.0,0.0
205,29,133.0,165.0,0.0,542.0,0.0
205,29,134.0,164.0,0.0,548.0,0.0
205,29,135.0,168.0,0.0,553.0,0.0
205,29,136.0,164.0,0.0,555.0,0.0
205,29,137.0,167.0,0.0,562.0,0.0
205,29,138.0,168.0,0.0,567.0,0.0
205,29,139.0,169.0,0.0,571.0,0.0
205,29,140.0,167.0,0.0,575.0,0.0
205,29,141.0,168.0,0.0,579.0,0.0
205,29,142.0,168.0,0.0,581.0,0.0
205,29,143.0,169.0,0.0,586.0,0.0
205,29,144.0,171.0,0.0,591.0,0.0
205,29,145.0,166.0,0.0,598.0,0.0
205,29,146.0,164.0,0.0,606.0,0.0
205,29,147.0,160.0,0.0,612.0,0.0
205,29,148.0,154.0,0.0,622.0,0.0
205,29,149.0,150.0,0.0,632.0,0.0
205,29,150.0,147.0,0.0,641.0,0.0
205,29,151.0,150.0,0.0,649.0,0.0
205,29,152.0,155.0,0.0,652.0,0.0
205,29,153.0,152.0,0.0,655.0,0.0
205,29,154.0,154.0,0.0,662.0,0.0
205,29,155.0,153.0,0.0,666.0,0.0
205,29,156.0,155.0,0.0,669.0,0.0
205,29,157.0,156.0,0.0,674.0,0.0
205,29,158.0,153.0,0.0,680.0,0.0
205,29,159.0,152.0,0.0,690.0,0.0
205,29,160.0,153.0,0.0,695.0,0.0
205,29,161.0,155.0,0.0,697.0,0.0
205,29,162.0,158.0,0.0,700.0,0.0
205,29,163.0,156.0,0.0,703.0,0.0
205,29,164.0,158.0,0.0,707.0,0.0
205,29,165.0,155.0,0.0,712.0,0.0
205,29,166.0,161.0,0.0,717.0,0.0
205,29,167.0,164.0,0.0,720.0,0.0
205,29,168.0,162.0,0.0,723.0,0.0
205,29,169.0,164.0,0.0,729.0,0.0
205,29,170.0,162.0,0.0,735.0,0.0
205,29,171.0,163.0,0.0,739.0,0.0
205,29,172.0,165.0,0.0,745.0,0.0
205,29,173.0,166.0,0.0,751.0,0.0
205,29,174.0,168.0,0.0,757.0,0.0
205,29,175.0,166.0,0.0,762.0,0.0
205,29,176.0,168.0,0.0,769.0,0.0
205,29,177.0,160.0,0.0,774.0,0.0
205,29,178.0,160.0,0.0,785.0,0.0
205,29,179.0,161.0,0.0,789.0,0.0
205,29,180.0,168.0,0.0,793.0,0.0
205,29,181.0,170.0,0.0,796.0,0.0
205,29,182.0,173.0,0.0,799.0,0.0
205,29,183.0,173.0,0.0,803.0,0.0
205,29,184.0,174.0,0.0,810.0,0.0
205,29,185.0,170.0,0.0,815.0,0.0
205,29,186.0,175.0,0.0,823.0,0.0
205,29,187.0,176.0,0.0,826.0,0.0
205,29,188.0,176.0,0.0,829.0,0.0
205,29,189.0,180.0,0.0,835.0,0.0
205,29,190.0,180.0,0.0,838.0,0.0
205,29,191.0,185.0,0.0,845.0,0.0
205,29,192.0,178.0,0.0,848.0,0.0
205,29,193.0,177.0,0.0,860.0,0.0
205,29,194.0,177.0,0.0,865.0,0.0
205,29,195.0,178.0,0.0,870.0,0.0
205,29,196.0,183.0,0.0,875.0,0.0
205,29,197.0,187.0,0.0,877.0,0.0
205,29,198.0,188.0,0.0,878.0,0.0
205,29,199.0,187.0,0.0,884.0,0.0
205,29,200.0,182.0,0.0,890.0,0.0
205,29,201.0,178.0,0.0,899.0,0.0
205,29,202.0,170.0,0.0,903.0,0.0
205,29,203.0,166.0,0.0,911.0,0.0
205,29,204.0,161.0,0.0,915.0,0.0
205,29,205.0,154.0,0.0,920.0,0.0
205,29,206.0,152.0,0.0,927.0,0.0
205,29,207.0,147.0,0.0,929.0,0.0
205,29,208.0,143.0,0.0,934.0,0.0
205,29,209.0,138.0,0.0,938.0,0.0
205,29,210.0,135.0,0.0,943.0,0.0
205,29,211.0,128.0,0.0,946.0,0.0
205,29,212.0,122.0,0.0,953.0,0.0
205,29,213.0,119.0,0.0,959.0,0.0
205,29,214.0,110.0,0.0,962.0,0.0
205,29,215.0,104.0,0.0,971.0,0.0
205,29,216.0,98.0,0.0,977.0,0.0
205,29,217.0,89.0,0.0,983.0,0.0
205,29,218.0,82.0,0.0,992.0,0.0
205,29,219.0,77.0,0.0,999.0,0.0
205,29,220.0,72.0,0.0,1004.0,0.0
205,29,221.0,65.0,0.0,1009.0,0.0
205,29,222.0,60.0,0.0,1016.0,0.0
205,29,223.0,56.0,0.0,1021.0,0.0
205,29,224.0,45.0,0.0,1025.0,0.0
205,29,225.0,42.0,0.0,1036.0,0.0
205,29,226.0,41.0,0.0,1039.0,0.0
205,29,227.0,38.0,0.0,1040.0,0.0
205,29,228.0,37.0,0.0,1043.0,0.0
205,29,229.0,34.0,0.0,1044.0,0.0
205,29,230.0,31.0,0.0,1047.0,0.0
205,29,231.0,29.0,0.0,1050.0,0.0
205,29,232.0,26.0,0.0,1052.0,0.0
205,29,233.0,26.0,0.0,1055.0,0.0
205,29,234.0,24.0,0.0,1055.0,0.0
205,29,235.0,24.0,0.0,1057.0,0.0
205,29,236.0,24.0,0.0,1057.0,0.0
205,29,237.0,21.0,0.0,1057.0,0.0
205,29,238.0,18.0,0.0,1060.0,0.0
205,29,239.0,15.0,0.0,1063.0,0.0
205,29,240.0,15.0,0.0,1066.0,0.0
205,29,241.0,15.0,0.0,1066.0,0.0
205,29,242.0,14.0,0.0,1066.0,0.0
205,29,243.0,14.0,0.0,1067.0,0.0
205,29,244.0,13.0,0.0,1067.0,0.0
205,29,245.0,11.0,0.0,1068.0,0.0
205,29,246.0,10.0,0.0,1070.0,0.0
205,29,247.0,9.0,0.0,1071.0,0.0
205,29,248.0,8.0,0.0,1072.0,0.0
205,29,249.0,7.0,0.0,1073.0,0.0
205,29,250.0,7.0,0.0,1074.0,0.0
205,29,251.0,5.0,0.0,1074.0,0.0
205,29,252.0,5.0,0.0,1076.0,0.0
205,29,253.0,5.0,0.0,1076.0,0.0
205,29,254.0,5.0,0.0,1076.0,0.0
205,29,255.0,3.0,0.0,1076.0,0.0
205,29,256.0,1.0,0.0,1078.0,0.0
205,29,257.0,1.0,0.0,1080.0,0.0
205,29,258.0,1.0,0.0,1080.0,0.0
205,29,259.0,1.0,0.0,1080.0,0.0
205,29,260.0,1.0,0.0,1080.0,0.0
205,29,261.0,1.0,0.0,1080.0,0.0
205,29,262.0,1.0,0.0,1080.0,0.0
205,29,263.0,1.0,0.0,1080.0,0.0
205,29,264.0,1.0,0.0,1080.0,0.0
205,29,265.0,0.0,0.0,1080.0,0.0
205,29,266.0,0.0,0.0,1081.0,0.0
205,30,0.0,9.0,0.0,0.0,0.0
205,30,1.0,10.0,0.0,0.0,0.0
205,30,2.0,14.0,0.0,0.0,0.0
205,30,3.0,19.0,0.0,0.0,0.0
205,30,4.0,24.0,0.0,0.0,0.0
205,30,5.0,29.0,0.0,0.0,0.0
205,30,6.0,37.0,0.0,0.0,0.0
205,30,7.0,43.0,0.0,0.0,0.0
205,30,8.0,46.0,0.0,0.0,0.0
205,30,9.0,50.0,0.0,0.0,0.0
205,30,10.0,53.0,0.0,0.0,0.0
205,30,11.0,58.0,0.0,0.0,0.0
205,30,12.0,59.0,0.0,0.0,0.0
205,30,13.0,65.0,0.0,0.0,0.0
205,30,14.0,74.0,0.0,0.0,0.0
205,30,15.0,78.0,0.0,0.0,0.0
205,30,16.0,82.0,0.0,0.0,0.0
205,30,17.0,85.0,0.0,0.0,0.0
205,30,18.0,90.0,0.0,1.0,0.0
205,30,19.0,95.0,0.0,1.0,0.0
205,30,20.0,107.0,0.0,3.0,0.0
205,30,21.0,112.0,0.0,3.0,0.0
205,30,22.0,115.0,0.0,3.0,0.0
205,30,23.0,120.0,0.0,5.0,0.0
205,30,24.0,125.0,0.0,6.0,0.0
205,30,25.0,125.0,0.0,7.0,0.0
205,30,26.0,126.0,0.0,12.0,0.0
205,30,27.0,125.0,0.0,15.0,0.0
205,30,28.0,126.0,0.0,19.0,0.0
205,30,29.0,130.0,0.0,23.0,0.0
205,30,30.0,136.0,0.0,25.0,0.0
205,30,31.0,142.0,0.0,29.0,0.0
205,30,32.0,141.0,0.0,31.0,0.0
205,30,33.0,143.0,0.0,35.0,0.0
205,30,34.0,147.0,0.0,37.0,0.0
205,30,35.0,147.0,0.0,38.0,0.0
205,30,36.0,149.0,0.0,42.0,0.0
205,30,37.0,149.0,0.0,45.0,0.0
205,30,38.0,149.0,0.0,49.0,0.0
205,30,39.0,145.0,0.0,53.0,0.0
205,30,40.0,145.0,0.0,58.0,0.0
205,30,41.0,146.0,0.0,62.0,0.0
205,30,42.0,148.0,0.0,66.0,0.0
205,30,43.0,150.0,0.0,69.0,0.0
205,30,44.0,146.0,0.0,74.0,0.0
205,30,45.0,149.0,0.0,80.0,0.0
205,30,46.0,151.0,0.0,84.0,0.0
205,30,47.0,158.0,0.0,85.0,0.0
205,30,48.0,156.0,0.0,87.0,0.0
205,30,49.0,157.0,0.0,95.0,0.0
205,30,50.0,160.0,0.0,101.0,0.0
205,30,51.0,161.0,0.0,104.0,0.0
205,30,52.0,158.0,0.0,110.0,0.0
205,30,53.0,152.0,0.0,117.0,0.0
205,30,54.0,150.0,0.0,128.0,0.0
205,30,55.0,153.0,0.0,134.0,0.0
205,30,56.0,150.0,0.0,136.0,0.0
205,30,57.0,157.0,0.0,142.0,0.0
205,30,58.0,157.0,0.0,146.0,0.0
205,30,59.0,162.0,0.0,151.0,0.0
205,30,60.0,163.0,0.0,155.0,0.0
205,30,61.0,168.0,0.0,157.0,0.0
205,30,62.0,167.0,0.0,158.0,0.0
205,30,63.0,160.0,0.0,162.0,0.0
205,30,64.0,163.0,0.0,172.0,0.0
205,30,65.0,160.0,0.0,175.0,0.0
205,30,66.0,159.0,0.0,183.0,0.0
205,30,67.0,164.0,0.0,187.0,0.0
205,30,68.0,164.0,0.0,191.0,0.0
205,30,69.0,156.0,0.0,196.0,0.0
205,30,70.0,157.0,0.0,206.0,0.0
205,30,71.0,160.0,0.0,212.0,0.0
205,30,72.0,167.0,0.0,214.0,0.0
205,30,73.0,165.0,0.0,218.0,0.0
205,30,74.0,164.0,0.0,224.0,0.0
205,30,75.0,167.0,0.0,229.0,0.0
205,30,76.0,168.0,0.0,233.0,0.0
205,30,77.0,167.0,0.0,236.0,0.0
205,30,78.0,164.0,0.0,243.0,0.0
205,30,79.0,164.0,0.0,250.0,0.0
205,30,80.0,160.0,0.0,255.0,0.0
205,30,81.0,160.0,0.0,260.0,0.0
205,30,82.0,165.0,0.0,266.0,0.0
205,30,83.0,164.0,0.0,269.0,0.0
205,30,84.0,164.0,0.0,275.0,0.0
205,30,85.0,163.0,0.0,283.0,0.0
205,30,86.0,163.0,0.0,287.0,0.0
205,30,87.0,160.0,0.0,292.0,0.0
205,30,88.0,162.0,0.0,298.0,0.0
205,30,89.0,167.0,0.0,303.0,0.0
205,30,90.0,168.0,0.0,307.0,0.0
205,30,91.0,170.0,0.0,310.0,0.0
205,30,92.0,171.0,0.0,312.0,0.0
205,30,93.0,172.0,0.0,316.0,0.0
205,30,94.0,171.0,0.0,321.0,0.0
205,30,95.0,172.0,0.0,328.0,0.0
205,30,96.0,171.0,0.0,333.0,0.0
205,30,97.0,171.0,0.0,340.0,0.0
205,30,98.0,170.0,0.0,346.0,0.0
205,30,99.0,169.0,0.0,352.0,0.0
205,30,100.0,168.0,0.0,359.0,0.0
205,30,101.0,174.0,0.0,365.0,0.0
205,30,102.0,173.0,0.0,368.0,0.0
205,30,103.0,173.0,0.0,375.0,0.0
205,30,104.0,174.0,0.0,382.0,0.0
205,30,105.0,171.0,0.0,389.0,0.0
205,30,106.0,174.0,0.0,396.0,0.0
205,30,107.0,175.0,0.0,398.0,0.0
205,30,108.0,176.0,0.0,403.0,0.0
205,30,109.0,179.0,0.0,408.0,0.0
205,30,110.0,180.0,0.0,411.0,0.0
205,30,111.0,185.0,0.0,423.0,0.0
205,30,112.0,186.0,0.0,427.0,0.0
205,30,113.0,186.0,0.0,430.0,0.0
205,30,114.0,181.0,0.0,436.0,0.0
205,30,115.0,185.0,0.0,444.0,0.0
205,30,116.0,186.0,0.0,449.0,0.0
205,30,117.0,182.0,0.0,455.0,0.0
205,30,118.0,181.0,0.0,461.0,0.0
205,30,119.0,181.0,0.0,467.0,0.0
205,30,120.0,181.0,0.0,471.0,0.0
205,30,121.0,180.0,0.0,473.0,0.0
205,30,122.0,180.0,0.0,477.0,0.0
205,30,123.0,185.0,0.0,482.0,0.0
205,30,124.0,182.0,0.0,484.0,0.0
205,30,125.0,179.0,0.0,491.0,0.0
205,30,126.0,180.0,0.0,501.0,0.0
205,30,127.0,180.0,0.0,504.0,0.0
205,30,128.0,181.0,0.0,509.0,0.0
205,30,129.0,181.0,0.0,515.0,0.0
205,30,130.0,176.0,0.0,522.0,0.0
205,30,131.0,175.0,0.0,530.0,0.0
205,30,132.0,172.0,0.0,536.0,0.0
205,30,133.0,170.0,0.0,542.0,0.0
205,30,134.0,173.0,0.0,550.0,0.0
205,30,135.0,169.0,0.0,552.0,0.0
205,30,136.0,170.0,0.0,561.0,0.0
205,30,137.0,163.0,0.0,566.0,0.0
205,30,138.0,163.0,0.0,576.0,0.0
205,30,139.0,162.0,0.0,583.0,0.0
205,30,140.0,166.0,0.0,588.0,0.0
205,30,141.0,166.0,0.0,591.0,0.0
205,30,142.0,166.0,0.0,597.0,0.0
205,30,143.0,168.0,0.0,602.0,0.0
205,30,144.0,170.0,0.0,607.0,0.0
205,30,145.0,172.0,0.0,612.0,0.0
205,30,146.0,175.0,0.0,616.0,0.0
205,30,147.0,176.0,0.0,618.0,0.0
205,30,148.0,174.0,0.0,622.0,0.0
205,30,149.0,166.0,0.0,629.0,0.0
205,30,150.0,164.0,0.0,640.0,0.0
205,30,151.0,163.0,0.0,647.0,0.0
205,30,152.0,166.0,0.0,652.0,0.0
205,30,153.0,162.0,0.0,656.0,0.0
205,30,154.0,163.0,0.0,661.0,0.0
205,30,155.0,165.0,0.0,666.0,0.0
205,30,156.0,164.0,0.0,670.0,0.0
205,30,157.0,160.0,0.0,675.0,0.0
205,30,158.0,160.0,0.0,682.0,0.0
205,30,159.0,152.0,0.0,685.0,0.0
205,30,160.0,153.0,0.0,695.0,0.0
205,30,161.0,155.0,0.0,700.0,0.0
205,30,162.0,155.0,0.0,705.0,0.0
205,30,163.0,155.0,0.0,711.0,0.0
205,30,164.0,153.0,0.0,718.0,0.0
205,30,165.0,153.0,0.0,724.0,0.0
205,30,166.0,151.0,0.0,730.0,0.0
205,30,167.0,152.0,0.0,735.0,0.0
205,30,168.0,151.0,0.0,742.0,0.0
205,30,169.0,156.0,0.0,747.0,0.0
205,30,170.0,156.0,0.0,751.0,0.0
205,30,171.0,160.0,0.0,756.0,0.0
205,30,172.0,161.0,0.0,763.0,0.0
205,30,173.0,161.0,0.0,767.0,0.0
205,30,174.0,161.0,0.0,769.0,0.0
205,30,175.0,166.0,0.0,774.0,0.0
205,30,176.0,167.0,0.0,776.0,0.0
205,30,177.0,165.0,0.0,781.0,0.0
205,30,178.0,164.0,0.0,787.0,0.0
205,30,179.0,169.0,0.0,789.0,0.0
205,30,180.0,169.0,0.0,792.0,0.0
205,30,181.0,167.0,0.0,798.0,0.0
205,30,182.0,170.0,0.0,804.0,0.0
205,30,183.0,170.0,0.0,806.0,0.0
205,30,184.0,175.0,0.0,812.0,0.0
205,30,185.0,177.0,0.0,815.0,0.0
205,30,186.0,175.0,0.0,818.0,0.0
205,30,187.0,176.0,0.0,825.0,0.0
205,30,188.0,174.0,0.0,830.0,0.0
205,30,189.0,175.0,0.0,835.0,0.0
205,30,190.0,175.0,0.0,839.0,0.0
205,30,191.0,175.0,0.0,843.0,0.0
205,30,192.0,176.0,0.0,847.0,0.0
205,30,193.0,169.0,0.0,850.0,0.0
205,30,194.0,173.0,0.0,861.0,0.0
205,30,195.0,173.0,0.0,864.0,0.0
205,30,196.0,169.0,0.0,871.0,0.0
205,30,197.0,170.0,0.0,879.0,0.0
205,30,198.0,168.0,0.0,885.0,0.0
205,30,199.0,171.0,0.0,890.0,0.0
205,30,200.0,170.0,0.0,894.0,0.0
205,30,201.0,164.0,0.0,903.0,0.0
205,30,202.0,155.0,0.0,909.0,0.0
205,30,203.0,146.0,0.0,918.0,0.0
205,30,204.0,143.0,0.0,927.0,0.0
205,30,205.0,140.0,0.0,930.0,0.0
205,30,206.0,134.0,0.0,933.0,0.0
205,30,207.0,130.0,0.0,939.0,0.0
205,30,208.0,127.0,0.0,943.0,0.0
205,30,209.0,124.0,0.0,946.0,0.0
205,30,210.0,118.0,0.0,949.0,0.0
205,30,211.0,108.0,0.0,955.0,0.0
205,30,212.0,103.0,0.0,965.0,0.0
205,30,213.0,99.0,0.0,970.0,0.0
205,30,214.0,96.0,0.0,974.0,0.0
205,30,215.0,88.0,0.0,977.0,0.0
205,30,216.0,81.0,0.0,985.0,0.0
205,30,217.0,76.0,0.0,992.0,0.0
205,30,218.0,68.0,0.0,997.0,0.0
205,30,219.0,65.0,0.0,1005.0,0.0
205,30,220.0,61.0,0.0,1008.0,0.0
205,30,221.0,57.0,0.0,1012.0,0.0
205,30,222.0,49.0,0.0,1016.0,0.0
205,30,223.0,48.0,0.0,1024.0,0.0
205,30,224.0,44.0,0.0,1025.0,0.0
205,30,225.0,41.0,0.0,1029.0,0.0
205,30,226.0,40.0,0.0,1032.0,0.0
205,30,227.0,36.0,0.0,1033.0,0.0
205,30,228.0,32.0,0.0,1037.0,0.0
205,30,229.0,30.0,0.0,1041.0,0.0
205,30,230.0,28.0,0.0,1043.0,0.0
205,30,231.0,25.0,0.0,1045.0,0.0
205,30,232.0,23.0,0.0,1048.0,0.0
205,30,233.0,20.0,0.0,1050.0,0.0
205,30,234.0,19.0,0.0,1053.0,0.0
205,30,235.0,17.0,0.0,1054.0,0.0
205,30,236.0,17.0,0.0,1056.0,0.0
205,30,237.0,15.0,0.0,1056.0,0.0
205,30,238.0,15.0,0.0,1058.0,0.0
205,30,239.0,14.0,0.0,1058.0,0.0
205,30,240.0,14.0,0.0,1059.0,0.0
205,30,241.0,13.0,0.0,1059.0,0.0
205,30,242.0,13.0,0.0,1060.0,0.0
205,30,243.0,13.0,0.0,1060.0,0.0
205,30,244.0,13.0,0.0,1060.0,0.0
205,30,245.0,13.0,0.0,1060.0,0.0
205,30,246.0,12.0,0.0,1060.0,0.0
205,30,247.0,12.0,0.0,1061.0,0.0
205,30,248.0,12.0,0.0,1061.0,0.0
205,30,249.0,11.0,0.0,1061.0,0.0
205,30,250.0,11.0,0.0,1062.0,0.0
205,30,251.0,9.0,0.0,1062.0,0.0
205,30,252.0,8.0,0.0,1064.0,0.0
205,30,253.0,6.0,0.0,1065.0,0.0
205,30,254.0,6.0,0.0,1067.0,0.0
205,30,255.0,6.0,0.0,1067.0,0.0
205,30,256.0,5.0,0.0,1067.0,0.0
205,30,257.0,4.0,0.0,1068.0,0.0
205,30,258.0,3.0,0.0,1069.0,0.0
205,30,259.0,3.0,0.0,1070.0,0.0
205,30,260.0,2.0,0.0,1070.0,0.0
205,30,261.0,2.0,0.0,1071.0,0.0
205,30,262.0,2.0,0.0,1071.0,0.0
205,30,263.0,2.0,0.0,1071.0,0.0
205,30,264.0,2.0,0.0,1071.0,0.0
205,30,265.0,2.0,0.0,1071.0,0.0
205,30,266.0,2.0,0.0,1071.0,0.0
205,30,267.0,1.0,0.0,1071.0,0.0
205,30,268.0,0.0,0.0,1072.0,0.0
205,30,269.0,0.0,0.0,1073.0,0.0
205,31,0.0,4.0,0.0,0.0,0.0
205,31,1.0,9.0,0.0,0.0,0.0
205,31,2.0,18.0,0.0,0.0,0.0
205,31,3.0,24.0,0.0,0.0,0.0
205,31,4.0,29.0,0.0,0.0,0.0
205,31,5.0,34.0,0.0,0.0,0.0
205,31,6.0,43.0,0.0,0.0,0.0
205,31,7.0,49.0,0.0,0.0,0.0
205,31,8.0,54.0,0.0,0.0,0.0
205,31,9.0,60.0,0.0,0.0,0.0
205,31,10.0,62.0,0.0,0.0,0.0
205,31,11.0,70.0,0.0,0.0,0.0
205,31,12.0,75.0,0.0,0.0,0.0
205,31,13.0,81.0,0.0,0.0,0.0
205,31,14.0,90.0,0.0,0.0,0.0
205,31,15.0,91.0,0.0,0.0,0.0
205,31,16.0,98.0,0.0,1.0,0.0
205,31,17.0,101.0,0.0,1.0,0.0
205,31,18.0,105.0,0.0,1.0,0.0
205,31,19.0,107.0,0.0,2.0,0.0
205,31,20.0,112.0,0.0,2.0,0.0
205,31,21.0,118.0,0.0,3.0,0.0
205,31,22.0,121.0,0.0,4.0,0.0
205,31,23.0,127.0,0.0,5.0,0.0
205,31,24.0,136.0,0.0,5.0,0.0
205,31,25.0,137.0,0.0,7.0,0.0
205,31,26.0,141.0,0.0,9.0,0.0
205,31,27.0,146.0,0.0,12.0,0.0
205,31,28.0,146.0,0.0,14.0,0.0
205,31,29.0,151.0,0.0,19.0,0.0
205,31,30.0,152.0,0.0,22.0,0.0
205,31,31.0,154.0,0.0,25.0,0.0
205,31,32.0,160.0,0.0,30.0,0.0
205,31,33.0,158.0,0.0,31.0,0.0
205,31,34.0,158.0,0.0,39.0,0.0
205,31,35.0,164.0,0.0,44.0,0.0
205,31,36.0,163.0,0.0,47.0,0.0
205,31,37.0,166.0,0.0,52.0,0.0
205,31,38.0,166.0,0.0,57.0,0.0
205,31,39.0,169.0,0.0,63.0,0.0
205,31,40.0,166.0,0.0,68.0,0.0
205,31,41.0,170.0,0.0,77.0,0.0
205,31,42.0,170.0,0.0,81.0,0.0
205,31,43.0,169.0,0.0,87.0,0.0
205,31,44.0,173.0,0.0,91.0,0.0
205,31,45.0,174.0,0.0,94.0,0.0
205,31,46.0,176.0,0.0,98.0,0.0
205,31,47.0,172.0,0.0,102.0,0.0
205,31,48.0,174.0,0.0,110.0,0.0
205,31,49.0,175.0,0.0,115.0,0.0
205,31,50.0,174.0,0.0,117.0,0.0
205,31,51.0,171.0,0.0,122.0,0.0
205,31,52.0,170.0,0.0,128.0,0.0
205,31,53.0,171.0,0.0,135.0,0.0
205,31,54.0,174.0,0.0,138.0,0.0
205,31,55.0,173.0,0.0,140.0,0.0
205,31,56.0,175.0,0.0,148.0,0.0
205,31,57.0,171.0,0.0,154.0,0.0
205,31,58.0,174.0,0.0,163.0,0.0
205,31,59.0,174.0,0.0,165.0,0.0
205,31,60.0,173.0,0.0,171.0,0.0
205,31,61.0,172.0,0.0,177.0,0.0
205,31,62.0,170.0,0.0,183.0,0.0
205,31,63.0,168.0,0.0,190.0,0.0
205,31,64.0,168.0,0.0,194.0,0.0
205,31,65.0,172.0,0.0,203.0,0.0
205,31,66.0,172.0,0.0,207.0,0.0
205,31,67.0,174.0,0.0,211.0,0.0
205,31,68.0,176.0,0.0,216.0,0.0
205,31,69.0,176.0,0.0,220.0,0.0
205,31,70.0,177.0,0.0,229.0,0.0
205,31,71.0,176.0,0.0,237.0,0.0
205,31,72.0,179.0,0.0,242.0,0.0
205,31,73.0,181.0,0.0,246.0,0.0
205,31,74.0,181.0,0.0,250.0,0.0
205,31,75.0,184.0,0.0,256.0,0.0
205,31,76.0,181.0,0.0,260.0,0.0
205,31,77.0,186.0,0.0,269.0,0.0
205,31,78.0,190.0,0.0,273.0,0.0
205,31,79.0,189.0,0.0,276.0,0.0
205,31,80.0,191.0,0.0,283.0,0.0
205,31,81.0,187.0,0.0,287.0,0.0
205,31,82.0,186.0,0.0,295.0,0.0
205,31,83.0,187.0,0.0,300.0,0.0
205,31,84.0,187.0,0.0,304.0,0.0
205,31,85.0,186.0,0.0,309.0,0.0
205,31,86.0,186.0,0.0,315.0,0.0
205,31,87.0,181.0,0.0,319.0,0.0
205,31,88.0,183.0,0.0,329.0,0.0
205,31,89.0,179.0,0.0,333.0,0.0
205,31,90.0,179.0,0.0,340.0,0.0
205,31,91.0,173.0,0.0,346.0,0.0
205,31,92.0,173.0,0.0,355.0,0.0
205,31,93.0,172.0,0.0,362.0,0.0
205,31,94.0,178.0,0.0,368.0,0.0
205,31,95.0,181.0,0.0,371.0,0.0
205,31,96.0,174.0,0.0,375.0,0.0
205,31,97.0,176.0,0.0,385.0,0.0
205,31,98.0,176.0,0.0,392.0,0.0
205,31,99.0,173.0,0.0,399.0,0.0
205,31,100.0,168.0,0.0,404.0,0.0
205,31,101.0,166.0,0.0,411.0,0.0
205,31,102.0,169.0,0.0,418.0,0.0
205,31,103.0,165.0,0.0,422.0,0.0
205,31,104.0,172.0,0.0,431.0,0.0
205,31,105.0,169.0,0.0,433.0,0.0
205,31,106.0,170.0,0.0,440.0,0.0
205,31,107.0,168.0,0.0,447.0,0.0
205,31,108.0,164.0,0.0,453.0,0.0
205,31,109.0,170.0,0.0,461.0,0.0
205,31,110.0,172.0,0.0,464.0,0.0
205,31,111.0,173.0,0.0,469.0,0.0
205,31,112.0,173.0,0.0,473.0,0.0
205,31,113.0,177.0,0.0,476.0,0.0
205,31,114.0,181.0,0.0,480.0,0.0
205,31,115.0,183.0,0.0,485.0,0.0
205,31,116.0,179.0,0.0,489.0,0.0
205,31,117.0,175.0,0.0,498.0,0.0
205,31,118.0,173.0,0.0,505.0,0.0
205,31,119.0,167.0,0.0,510.0,0.0
205,31,120.0,167.0,0.0,520.0,0.0
205,31,121.0,168.0,0.0,527.0,0.0
205,31,122.0,167.0,0.0,531.0,0.0
205,31,123.0,168.0,0.0,537.0,0.0
205,31,124.0,169.0,0.0,541.0,0.0
205,31,125.0,164.0,0.0,547.0,0.0
205,31,126.0,164.0,0.0,556.0,0.0
205,31,127.0,164.0,0.0,562.0,0.0
205,31,128.0,163.0,0.0,566.0,0.0
205,31,129.0,164.0,0.0,571.0,0.0
205,31,130.0,163.0,0.0,575.0,0.0
205,31,131.0,167.0,0.0,580.0,0.0
205,31,132.0,169.0,0.0,585.0,0.0
205,31,133.0,171.0,0.0,593.0,0.0
205,31,134.0,170.0,0.0,600.0,0.0
205,31,135.0,170.0,0.0,609.0,0.0
205,31,136.0,164.0,0.0,612.0,0.0
205,31,137.0,163.0,0.0,622.0,0.0
205,31,138.0,167.0,0.0,629.0,0.0
205,31,139.0,164.0,0.0,630.0,0.0
205,31,140.0,163.0,0.0,637.0,0.0
205,31,141.0,166.0,0.0,641.0,0.0
205,31,142.0,163.0,0.0,644.0,0.0
205,31,143.0,169.0,0.0,652.0,0.0
205,31,144.0,170.0,0.0,655.0,0.0
205,31,145.0,168.0,0.0,660.0,0.0
205,31,146.0,171.0,0.0,665.0,0.0
205,31,147.0,170.0,0.0,667.0,0.0
205,31,148.0,173.0,0.0,674.0,0.0
205,31,149.0,176.0,0.0,679.0,0.0
205,31,150.0,176.0,0.0,683.0,0.0
205,31,151.0,177.0,0.0,688.0,0.0
205,31,152.0,170.0,0.0,692.0,0.0
205,31,153.0,168.0,0.0,702.0,0.0
205,31,154.0,169.0,0.0,707.0,0.0
205,31,155.0,174.0,0.0,711.0,0.0
205,31,156.0,172.0,0.0,713.0,0.0
205,31,157.0,168.0,0.0,718.0,0.0
205,31,158.0,165.0,0.0,725.0,0.0
205,31,159.0,161.0,0.0,734.0,0.0
205,31,160.0,158.0,0.0,741.0,0.0
205,31,161.0,155.0,0.0,748.0,0.0
205,31,162.0,158.0,0.0,754.0,0.0
205,31,163.0,158.0,0.0,757.0,0.0
205,31,164.0,156.0,0.0,762.0,0.0
205,31,165.0,155.0,0.0,768.0,0.0
205,31,166.0,154.0,0.0,773.0,0.0
205,31,167.0,153.0,0.0,779.0,0.0
205,31,168.0,152.0,0.0,785.0,0.0
205,31,169.0,152.0,0.0,793.0,0.0
205,31,170.0,152.0,0.0,801.0,0.0
205,31,171.0,151.0,0.0,806.0,0.0
205,31,172.0,156.0,0.0,813.0,0.0
205,31,173.0,154.0,0.0,815.0,0.0
205,31,174.0,156.0,0.0,820.0,0.0
205,31,175.0,154.0,0.0,825.0,0.0
205,31,176.0,158.0,0.0,831.0,0.0
205,31,177.0,160.0,0.0,833.0,0.0
205,31,178.0,157.0,0.0,836.0,0.0
205,31,179.0,156.0,0.0,842.0,0.0
205,31,180.0,153.0,0.0,848.0,0.0
205,31,181.0,154.0,0.0,855.0,0.0
205,31,182.0,155.0,0.0,858.0,0.0
205,31,183.0,156.0,0.0,863.0,0.0
205,31,184.0,162.0,0.0,869.0,0.0
205,31,185.0,162.0,0.0,873.0,0.0
205,31,186.0,168.0,0.0,878.0,0.0
205,31,187.0,170.0,0.0,880.0,0.0
205,31,188.0,170.0,0.0,884.0,0.0
205,31,189.0,174.0,0.0,888.0,0.0
205,31,190.0,177.0,0.0,894.0,0.0
205,31,191.0,173.0,0.0,898.0,0.0
205,31,192.0,171.0,0.0,907.0,0.0
205,31,193.0,172.0,0.0,913.0,0.0
205,31,194.0,176.0,0.0,916.0,0.0
205,31,195.0,181.0,0.0,920.0,0.0
205,31,196.0,185.0,0.0,922.0,0.0
205,31,197.0,181.0,0.0,924.0,0.0
205,31,198.0,182.0,0.0,933.0,0.0
205,31,199.0,182.0,0.0,938.0,0.0
205,31,200.0,180.0,0.0,942.0,0.0
205,31,201.0,174.0,0.0,947.0,0.0
205,31,202.0,168.0,0.0,953.0,0.0
205,31,203.0,160.0,0.0,959.0,0.0
205,31,204.0,157.0,0.0,967.0,0.0
205,31,205.0,153.0,0.0,970.0,0.0
205,31,206.0,148.0,0.0,974.0,0.0
205,31,207.0,143.0,0.0,979.0,0.0
205,31,208.0,134.0,0.0,984.0,0.0
205,31,209.0,127.0,0.0,993.0,0.0
205,31,210.0,123.0,0.0,1000.0,0.0
205,31,211.0,114.0,0.0,1004.0,0.0
205,31,212.0,109.0,0.0,1013.0,0.0
205,31,213.0,105.0,0.0,1018.0,0.0
205,31,214.0,101.0,0.0,1022.0,0.0
205,31,215.0,97.0,0.0,1026.0,0.0
205,31,216.0,88.0,0.0,1030.0,0.0
205,31,217.0,84.0,0.0,1039.0,0.0
205,31,218.0,80.0,0.0,1043.0,0.0
205,31,219.0,72.0,0.0,1047.0,0.0
205,31,220.0,66.0,0.0,1055.0,0.0
205,31,221.0,61.0,0.0,1061.0,0.0
205,31,222.0,58.0,0.0,1066.0,0.0
205,31,223.0,52.0,0.0,1069.0,0.0
205,31,224.0,48.0,0.0,1075.0,0.0
205,31,225.0,45.0,0.0,1079.0,0.0
205,31,226.0,41.0,0.0,1082.0,0.0
205,31,227.0,38.0,0.0,1086.0,0.0
205,31,228.0,35.0,0.0,1089.0,0.0
205,31,229.0,35.0,0.0,1092.0,0.0
205,31,230.0,32.0,0.0,1092.0,0.0
205,31,231.0,32.0,0.0,1095.0,0.0
205,31,232.0,30.0,0.0,1095.0,0.0
205,31,233.0,29.0,0.0,1097.0,0.0
205,31,234.0,27.0,0.0,1098.0,0.0
205,31,235.0,23.0,0.0,1100.0,0.0
205,31,236.0,21.0,0.0,1104.0,0.0
205,31,237.0,19.0,0.0,1106.0,0.0
205,31,238.0,18.0,0.0,1108.0,0.0
205,31,239.0,17.0,0.0,1109.0,0.0
205,31,240.0,17.0,0.0,1110.0,0.0
205,31,241.0,17.0,0.0,1110.0,0.0
205,31,242.0,15.0,0.0,1110.0,0.0
205,31,243.0,14.0,0.0,1112.0,0.0
205,31,244.0,12.0,0.0,1113.0,0.0
205,31,245.0,11.0,0.0,1115.0,0.0
205,31,246.0,11.0,0.0,1116.0,0.0
205,31,247.0,9.0,0.0,1116.0,0.0
205,31,248.0,9.0,0.0,1118.0,0.0
205,31,249.0,8.0,0.0,1118.0,0.0
205,31,250.0,7.0,0.0,1119.0,0.0
205,31,251.0,6.0,0.0,1120.0,0.0
205,31,252.0,6.0,0.0,1121.0,0.0
205,31,253.0,5.0,0.0,1121.0,0.0
205,31,254.0,5.0,0.0,1122.0,0.0
205,31,255.0,4.0,0.0,1122.0,0.0
205,31,256.0,3.0,0.0,1123.0,0.0
205,31,257.0,3.0,0.0,1124.0,0.0
205,31,258.0,3.0,0.0,1124.0,0.0
205,31,259.0,2.0,0.0,1124.0,0.0
205,31,260.0,2.0,0.0,1125.0,0.0
205,31,261.0,2.0,0.0,1125.0,0.0
205,31,262.0,1.0,0.0,1125.0,0.0
205,31,263.0,1.0,0.0,1126.0,0.0
205,31,264.0,1.0,0.0,1126.0,0.0
205,31,265.0,1.0,0.0,1126.0,0.0
205,31,266.0,1.0,0.0,1126.0,0.0
205,31,267.0,0.0,0.0,1126.0,0.0
205,31,268.0,0.0,0.0,1127.0,0.0
205,32,0.0,5.0,0.0,0.0,0.0
205,32,1.0,9.0,0.0,0.0,0.0
205,32,2.0,15.0,0.0,0.0,0.0
205,32,3.0,19.0,0.0,0.0,0.0
205,32,4.0,23.0,0.0,0.0,0.0
205,32,5.0,26.0,0.0,0.0,0.0
205,32,6.0,35.0,0.0,0.0,0.0
205,32,7.0,40.0,0.0,0.0,0.0
205,32,8.0,45.0,0.0,0.0,0.0
205,32,9.0,52.0,0.0,0.0,0.0
205,32,10.0,59.0,0.0,0.0,0.0
205,32,11.0,63.0,0.0,0.0,0.0
205,32,12.0,71.0,0.0,0.0,0.0
205,32,13.0,74.0,0.0,0.0,0.0
205,32,14.0,78.0,0.0,0.0,0.0
205,32,15.0,83.0,0.0,0.0,0.0
205,32,16.0,92.0,0.0,0.0,0.0
205,32,17.0,99.0,0.0,0.0,0.0
205,32,18.0,102.0,0.0,0.0,0.0
205,32,19.0,105.0,0.0,0.0,0.0
205,32,20.0,112.0,0.0,0.0,0.0
205,32,21.0,115.0,0.0,1.0,0.0
205,32,22.0,119.0,0.0,2.0,0.0
205,32,23.0,122.0,0.0,4.0,0.0
205,32,24.0,130.0,0.0,7.0,0.0
205,32,25.0,133.0,0.0,8.0,0.0
205,32,26.0,135.0,0.0,10.0,0.0
205,32,27.0,134.0,0.0,14.0,0.0
205,32,28.0,133.0,0.0,18.0,0.0
205,32,29.0,133.0,0.0,25.0,0.0
205,32,30.0,139.0,0.0,29.0,0.0
205,32,31.0,143.0,0.0,31.0,0.0
205,32,32.0,141.0,0.0,33.0,0.0
205,32,33.0,146.0,0.0,36.0,0.0
205,32,34.0,147.0,0.0,37.0,0.0
205,32,35.0,150.0,0.0,42.0,0.0
205,32,36.0,148.0,0.0,45.0,0.0
205,32,37.0,148.0,0.0,49.0,0.0
205,32,38.0,150.0,0.0,52.0,0.0
205,32,39.0,153.0,0.0,56.0,0.0
205,32,40.0,153.0,0.0,59.0,0.0
205,32,41.0,151.0,0.0,63.0,0.0
205,32,42.0,153.0,0.0,68.0,0.0
205,32,43.0,154.0,0.0,70.0,0.0
205,32,44.0,153.0,0.0,74.0,0.0
205,32,45.0,159.0,0.0,80.0,0.0
205,32,46.0,159.0,0.0,86.0,0.0
205,32,47.0,159.0,0.0,92.0,0.0
205,32,48.0,161.0,0.0,95.0,0.0
205,32,49.0,156.0,0.0,97.0,0.0
205,32,50.0,159.0,0.0,105.0,0.0
205,32,51.0,160.0,0.0,108.0,0.0
205,32,52.0,153.0,0.0,115.0,0.0
205,32,53.0,155.0,0.0,125.0,0.0
205,32,54.0,158.0,0.0,130.0,0.0
205,32,55.0,163.0,0.0,134.0,0.0
205,32,56.0,163.0,0.0,136.0,0.0
205,32,57.0,162.0,0.0,140.0,0.0
205,32,58.0,165.0,0.0,146.0,0.0
205,32,59.0,166.0,0.0,151.0,0.0
205,32,60.0,167.0,0.0,154.0,0.0
205,32,61.0,169.0,0.0,159.0,0.0
205,32,62.0,166.0,0.0,162.0,0.0
205,32,63.0,168.0,0.0,169.0,0.0
205,32,64.0,169.0,0.0,174.0,0.0
205,32,65.0,168.0,0.0,178.0,0.0
205,32,66.0,174.0,0.0,183.0,0.0
205,32,67.0,173.0,0.0,185.0,0.0
205,32,68.0,173.0,0.0,191.0,0.0
205,32,69.0,172.0,0.0,195.0,0.0
205,32,70.0,169.0,0.0,201.0,0.0
205,32,71.0,171.0,0.0,207.0,0.0
205,32,72.0,174.0,0.0,211.0,0.0
205,32,73.0,173.0,0.0,217.0,0.0
205,32,74.0,175.0,0.0,224.0,0.0
205,32,75.0,175.0,0.0,229.0,0.0
205,32,76.0,180.0,0.0,235.0,0.0
205,32,77.0,178.0,0.0,239.0,0.0
205,32,78.0,176.0,0.0,247.0,0.0
205,32,79.0,173.0,0.0,255.0,0.0
205,32,80.0,174.0,0.0,261.0,0.0
205,32,81.0,174.0,0.0,264.0,0.0
205,32,82.0,180.0,0.0,271.0,0.0
205,32,83.0,177.0,0.0,274.0,0.0
205,32,84.0,178.0,0.0,279.0,0.0
205,32,85.0,178.0,0.0,285.0,0.0
205,32,86.0,179.0,0.0,291.0,0.0
205,32,87.0,179.0,0.0,295.0,0.0
205,32,88.0,174.0,0.0,299.0,0.0
205,32,89.0,173.0,0.0,308.0,0.0
205,32,90.0,165.0,0.0,315.0,0.0
205,32,91.0,168.0,0.0,328.0,0.0
205,32,92.0,165.0,0.0,331.0,0.0
205,32,93.0,162.0,0.0,338.0,0.0
205,32,94.0,164.0,0.0,343.0,0.0
205,32,95.0,164.0,0.0,349.0,0.0
205,32,96.0,163.0,0.0,353.0,0.0
205,32,97.0,167.0,0.0,359.0,0.0
205,32,98.0,169.0,0.0,363.0,0.0
205,32,99.0,164.0,0.0,367.0,0.0
205,32,100.0,162.0,0.0,379.0,0.0
205,32,101.0,163.0,0.0,384.0,0.0
205,32,102.0,165.0,0.0,390.0,0.0
205,32,103.0,163.0,0.0,393.0,0.0
205,32,104.0,162.0,0.0,398.0,0.0
205,32,105.0,164.0,0.0,403.0,0.0
205,32,106.0,167.0,0.0,407.0,0.0
205,32,107.0,172.0,0.0,411.0,0.0
205,32,108.0,174.0,0.0,413.0,0.0
205,32,109.0,170.0,0.0,417.0,0.0
205,32,110.0,171.0,0.0,425.0,0.0
205,32,111.0,170.0,0.0,429.0,0.0
205,32,112.0,173.0,0.0,435.0,0.0
205,32,113.0,176.0,0.0,438.0,0.0
205,32,114.0,180.0,0.0,441.0,0.0
205,32,115.0,180.0,0.0,444.0,0.0
205,32,116.0,182.0,0.0,450.0,0.0
205,32,117.0,182.0,0.0,454.0,0.0
205,32,118.0,182.0,0.0,460.0,0.0
205,32,119.0,183.0,0.0,463.0,0.0
205,32,120.0,179.0,0.0,466.0,0.0
205,32,121.0,182.0,0.0,475.0,0.0
205,32,122.0,181.0,0.0,479.0,0.0
205,32,123.0,185.0,0.0,486.0,0.0
205,32,124.0,179.0,0.0,489.0,0.0
205,32,125.0,177.0,0.0,498.0,0.0
205,32,126.0,175.0,0.0,504.0,0.0
205,32,127.0,171.0,0.0,509.0,0.0
205,32,128.0,167.0,0.0,516.0,0.0
205,32,129.0,170.0,0.0,522.0,0.0
205,32,130.0,162.0,0.0,526.0,0.0
205,32,131.0,161.0,0.0,538.0,0.0
205,32,132.0,161.0,0.0,544.0,0.0
205,32,133.0,156.0,0.0,548.0,0.0
205,32,134.0,153.0,0.0,556.0,0.0
205,32,135.0,155.0,0.0,562.0,0.0
205,32,136.0,155.0,0.0,567.0,0.0
205,32,137.0,148.0,0.0,573.0,0.0
205,32,138.0,153.0,0.0,584.0,0.0
205,32,139.0,154.0,0.0,588.0,0.0
205,32,140.0,155.0,0.0,590.0,0.0
205,32,141.0,162.0,0.0,595.0,0.0
205,32,142.0,158.0,0.0,596.0,0.0
205,32,143.0,157.0,0.0,602.0,0.0
205,32,144.0,159.0,0.0,609.0,0.0
205,32,145.0,161.0,0.0,612.0,0.0
205,32,146.0,159.0,0.0,617.0,0.0
205,32,147.0,164.0,0.0,622.0,0.0
205,32,148.0,167.0,0.0,624.0,0.0
205,32,149.0,162.0,0.0,628.0,0.0
205,32,150.0,161.0,0.0,636.0,0.0
205,32,151.0,163.0,0.0,642.0,0.0
205,32,152.0,163.0,0.0,647.0,0.0
205,32,153.0,163.0,0.0,651.0,0.0
205,32,154.0,165.0,0.0,656.0,0.0
205,32,155.0,165.0,0.0,659.0,0.0
205,32,156.0,163.0,0.0,664.0,0.0
205,32,157.0,167.0,0.0,669.0,0.0
205,32,158.0,169.0,0.0,673.0,0.0
205,32,159.0,170.0,0.0,676.0,0.0
205,32,160.0,171.0,0.0,682.0,0.0
205,32,161.0,169.0,0.0,686.0,0.0
205,32,162.0,170.0,0.0,692.0,0.0
205,32,163.0,173.0,0.0,696.0,0.0
205,32,164.0,176.0,0.0,702.0,0.0
205,32,165.0,175.0,0.0,706.0,0.0
205,32,166.0,173.0,0.0,712.0,0.0
205,32,167.0,177.0,0.0,717.0,0.0
205,32,168.0,174.0,0.0,720.0,0.0
205,32,169.0,173.0,0.0,725.0,0.0
205,32,170.0,174.0,0.0,731.0,0.0
205,32,171.0,172.0,0.0,736.0,0.0
205,32,172.0,177.0,0.0,743.0,0.0
205,32,173.0,173.0,0.0,747.0,0.0
205,32,174.0,175.0,0.0,756.0,0.0
205,32,175.0,176.0,0.0,762.0,0.0
205,32,176.0,170.0,0.0,769.0,0.0
205,32,177.0,170.0,0.0,778.0,0.0
205,32,178.0,170.0,0.0,786.0,0.0
205,32,179.0,168.0,0.0,791.0,0.0
205,32,180.0,170.0,0.0,798.0,0.0
205,32,181.0,168.0,0.0,799.0,0.0
205,32,182.0,166.0,0.0,807.0,0.0
205,32,183.0,168.0,0.0,813.0,0.0
205,32,184.0,173.0,0.0,816.0,0.0
205,32,185.0,173.0,0.0,821.0,0.0
205,32,186.0,168.0,0.0,828.0,0.0
205,32,187.0,165.0,0.0,838.0,0.0
205,32,188.0,168.0,0.0,846.0,0.0
205,32,189.0,173.0,0.0,850.0,0.0
205,32,190.0,173.0,0.0,853.0,0.0
205,32,191.0,177.0,0.0,857.0,0.0
205,32,192.0,174.0,0.0,861.0,0.0
205,32,193.0,170.0,0.0,867.0,0.0
205,32,194.0,168.0,0.0,876.0,0.0
205,32,195.0,167.0,0.0,881.0,0.0
205,32,196.0,168.0,0.0,890.0,0.0
205,32,197.0,167.0,0.0,893.0,0.0
205,32,198.0,165.0,0.0,897.0,0.0
205,32,199.0,167.0,0.0,905.0,0.0
205,32,200.0,166.0,0.0,910.0,0.0
205,32,201.0,160.0,0.0,916.0,0.0
205,32,202.0,153.0,0.0,922.0,0.0
205,32,203.0,149.0,0.0,929.0,0.0
205,32,204.0,146.0,0.0,933.0,0.0
205,32,205.0,141.0,0.0,936.0,0.0
205,32,206.0,134.0,0.0,941.0,0.0
205,32,207.0,130.0,0.0,948.0,0.0
205,32,208.0,123.0,0.0,952.0,0.0
205,32,209.0,117.0,0.0,959.0,0.0
205,32,210.0,112.0,0.0,965.0,0.0
205,32,211.0,107.0,0.0,970.0,0.0
205,32,212.0,102.0,0.0,975.0,0.0
205,32,213.0,99.0,0.0,980.0,0.0
205,32,214.0,97.0,0.0,983.0,0.0
205,32,215.0,91.0,0.0,985.0,0.0
205,32,216.0,82.0,0.0,991.0,0.0
205,32,217.0,75.0,0.0,1000.0,0.0
205,32,218.0,73.0,0.0,1007.0,0.0
205,32,219.0,71.0,0.0,1009.0,0.0
205,32,220.0,67.0,0.0,1011.0,0.0
205,32,221.0,60.0,0.0,1015.0,0.0
205,32,222.0,59.0,0.0,1022.0,0.0
205,32,223.0,52.0,0.0,1023.0,0.0
205,32,224.0,50.0,0.0,1030.0,0.0
205,32,225.0,47.0,0.0,1032.0,0.0
205,32,226.0,44.0,0.0,1035.0,0.0
205,32,227.0,41.0,0.0,1038.0,0.0
205,32,228.0,38.0,0.0,1041.0,0.0
205,32,229.0,35.0,0.0,1044.0,0.0
205,32,230.0,31.0,0.0,1047.0,0.0
205,32,231.0,29.0,0.0,1051.0,0.0
205,32,232.0,28.0,0.0,1053.0,0.0
205,32,233.0,25.0,0.0,1054.0,0.0
205,32,234.0,23.0,0.0,1057.0,0.0
205,32,235.0,22.0,0.0,1059.0,0.0
205,32,236.0,21.0,0.0,1060.0,0.0
205,32,237.0,21.0,0.0,1061.0,0.0
205,32,238.0,19.0,0.0,1061.0,0.0
205,32,239.0,17.0,0.0,1063.0,0.0
205,32,240.0,15.0,0.0,1065.0,0.0
205,32,241.0,15.0,0.0,1067.0,0.0
205,32,242.0,14.0,0.0,1067.0,0.0
205,32,243.0,13.0,0.0,1068.0,0.0
205,32,244.0,11.0,0.0,1069.0,0.0
205,32,245.0,11.0,0.0,1071.0,0.0
205,32,246.0,10.0,0.0,1071.0,0.0
205,32,247.0,10.0,0.0,1072.0,0.0
205,32,248.0,9.0,0.0,1072.0,0.0
205,32,249.0,9.0,0.0,1073.0,0.0
205,32,250.0,8.0,0.0,1073.0,0.0
205,32,251.0,5.0,0.0,1074.0,0.0
205,32,252.0,5.0,0.0,1077.0,0.0
205,32,253.0,3.0,0.0,1077.0,0.0
205,32,254.0,3.0,0.0,1079.0,0.0
205,32,255.0,3.0,0.0,1079.0,0.0
205,32,256.0,3.0,0.0,1079.0,0.0
205,32,257.0,3.0,0.0,1079.0,0.0
205,32,258.0,3.0,0.0,1079.0,0.0
205,32,259.0,3.0,0.0,1079.0,0.0
205,32,260.0,2.0,0.0,1079.0,0.0
205,32,261.0,2.0,0.0,1080.0,0.0
205,32,262.0,2.0,0.0,1080.0,0.0
205,32,263.0,1.0,0.0,1080.0,0.0
205,32,264.0,1.0,0.0,1081.0,0.0
205,32,265.0,1.0,0.0,1081.0,0.0
205,32,266.0,0.0,0.0,1081.0,0.0
205,32,267.0,0.0,0.0,1082.0,0.0
205,33,0.0,5.0,0.0,0.0,0.0
205,33,1.0,10.0,0.0,0.0,0.0
205,33,2.0,12.0,0.0,0.0,0.0
205,33,3.0,18.0,0.0,0.0,0.0
205,33,4.0,22.0,0.0,0.0,0.0
205,33,5.0,29.0,0.0,0.0,0.0
205,33,6.0,38.0,0.0,0.0,0.0
205,33,7.0,42.0,0.0,0.0,0.0
205,33,8.0,47.0,0.0,0.0,0.0
205,33,9.0,50.0,0.0,0.0,0.0
205,33,10.0,53.0,0.0,0.0,0.0
205,33,11.0,62.0,0.0,0.0,0.0
205,33,12.0,67.0,0.0,0.0,0.0
205,33,13.0,73.0,0.0,0.0,0.0
205,33,14.0,81.0,0.0,0.0,0.0
205,33,15.0,85.0,0.0,0.0,0.0
205,33,16.0,90.0,0.0,0.0,0.0
205,33,17.0,97.0,0.0,0.0,0.0
205,33,18.0,100.0,0.0,0.0,0.0
205,33,19.0,107.0,0.0,0.0,0.0
205,33,20.0,114.0,0.0,1.0,0.0
205,33,21.0,124.0,0.0,1.0,0.0
205,33,22.0,132.0,0.0,1.0,0.0
205,33,23.0,138.0,0.0,1.0,0.0
205,33,24.0,139.0,0.0,3.0,0.0
205,33,25.0,142.0,0.0,5.0,0.0
205,33,26.0,146.0,0.0,6.0,0.0
205,33,27.0,147.0,0.0,10.0,0.0
205,33,28.0,150.0,0.0,13.0,0.0
205,33,29.0,152.0,0.0,17.0,0.0
205,33,30.0,154.0,0.0,20.0,0.0
205,33,31.0,149.0,0.0,23.0,0.0
205,33,32.0,148.0,0.0,32.0,0.0
205,33,33.0,151.0,0.0,36.0,0.0
205,33,34.0,148.0,0.0,38.0,0.0
205,33,35.0,148.0,0.0,44.0,0.0
205,33,36.0,148.0,0.0,48.0,0.0
205,33,37.0,151.0,0.0,50.0,0.0
205,33,38.0,158.0,0.0,54.0,0.0
205,33,39.0,158.0,0.0,57.0,0.0
205,33,40.0,156.0,0.0,63.0,0.0
205,33,41.0,155.0,0.0,70.0,0.0
205,33,42.0,155.0,0.0,78.0,0.0
205,33,43.0,160.0,0.0,82.0,0.0
205,33,44.0,160.0,0.0,86.0,0.0
205,33,45.0,161.0,0.0,91.0,0.0
205,33,46.0,161.0,0.0,95.0,0.0
205,33,47.0,161.0,0.0,100.0,0.0
205,33,48.0,164.0,0.0,104.0,0.0
205,33,49.0,166.0,0.0,108.0,0.0
205,33,50.0,166.0,0.0,113.0,0.0
205,33,51.0,167.0,0.0,118.0,0.0
205,33,52.0,167.0,0.0,124.0,0.0
205,33,53.0,167.0,0.0,130.0,0.0
205,33,54.0,167.0,0.0,137.0,0.0
205,33,55.0,164.0,0.0,142.0,0.0
205,33,56.0,165.0,0.0,149.0,0.0
205,33,57.0,168.0,0.0,155.0,0.0
205,33,58.0,168.0,0.0,159.0,0.0
205,33,59.0,169.0,0.0,163.0,0.0
205,33,60.0,172.0,0.0,168.0,0.0
205,33,61.0,173.0,0.0,171.0,0.0
205,33,62.0,173.0,0.0,175.0,0.0
205,33,63.0,172.0,0.0,179.0,0.0
205,33,64.0,173.0,0.0,184.0,0.0
205,33,65.0,177.0,0.0,188.0,0.0
205,33,66.0,180.0,0.0,191.0,0.0
205,33,67.0,180.0,0.0,194.0,0.0
205,33,68.0,177.0,0.0,202.0,0.0
205,33,69.0,179.0,0.0,208.0,0.0
205,33,70.0,183.0,0.0,212.0,0.0
205,33,71.0,186.0,0.0,217.0,0.0
205,33,72.0,188.0,0.0,222.0,0.0
205,33,73.0,187.0,0.0,226.0,0.0
205,33,74.0,183.0,0.0,231.0,0.0
205,33,75.0,184.0,0.0,239.0,0.0
205,33,76.0,179.0,0.0,245.0,0.0
205,33,77.0,175.0,0.0,253.0,0.0
205,33,78.0,177.0,0.0,262.0,0.0
205,33,79.0,174.0,0.0,265.0,0.0
205,33,80.0,168.0,0.0,273.0,0.0
205,33,81.0,171.0,0.0,282.0,0.0
205,33,82.0,174.0,0.0,284.0,0.0
205,33,83.0,171.0,0.0,290.0,0.0
205,33,84.0,173.0,0.0,297.0,0.0
205,33,85.0,168.0,0.0,301.0,0.0
205,33,86.0,172.0,0.0,311.0,0.0
205,33,87.0,171.0,0.0,316.0,0.0
205,33,88.0,169.0,0.0,321.0,0.0
205,33,89.0,167.0,0.0,328.0,0.0
205,33,90.0,163.0,0.0,333.0,0.0
205,33,91.0,165.0,0.0,340.0,0.0
205,33,92.0,167.0,0.0,344.0,0.0
205,33,93.0,169.0,0.0,347.0,0.0
205,33,94.0,172.0,0.0,354.0,0.0
205,33,95.0,172.0,0.0,356.0,0.0
205,33,96.0,172.0,0.0,362.0,0.0
205,33,97.0,171.0,0.0,368.0,0.0
205,33,98.0,171.0,0.0,375.0,0.0
205,33,99.0,167.0,0.0,379.0,0.0
205,33,100.0,166.0,0.0,388.0,0.0
205,33,101.0,162.0,0.0,396.0,0.0
205,33,102.0,163.0,0.0,404.0,0.0
205,33,103.0,162.0,0.0,410.0,0.0
205,33,104.0,166.0,0.0,414.0,0.0
205,33,105.0,162.0,0.0,417.0,0.0
205,33,106.0,164.0,0.0,424.0,0.0
205,33,107.0,163.0,0.0,428.0,0.0
205,33,108.0,164.0,0.0,433.0,0.0
205,33,109.0,164.0,0.0,437.0,0.0
205,33,110.0,163.0,0.0,443.0,0.0
205,33,111.0,163.0,0.0,447.0,0.0
205,33,112.0,164.0,0.0,451.0,0.0
205,33,113.0,165.0,0.0,455.0,0.0
205,33,114.0,162.0,0.0,461.0,0.0
205,33,115.0,168.0,0.0,467.0,0.0
205,33,116.0,167.0,0.0,471.0,0.0
205,33,117.0,168.0,0.0,476.0,0.0
205,33,118.0,166.0,0.0,480.0,0.0
205,33,119.0,166.0,0.0,485.0,0.0
205,33,120.0,160.0,0.0,490.0,0.0
205,33,121.0,158.0,0.0,497.0,0.0
205,33,122.0,157.0,0.0,503.0,0.0
205,33,123.0,164.0,0.0,507.0,0.0
205,33,124.0,168.0,0.0,510.0,0.0
205,33,125.0,170.0,0.0,513.0,0.0
205,33,126.0,166.0,0.0,518.0,0.0
205,33,127.0,168.0,0.0,525.0,0.0
205,33,128.0,168.0,0.0,531.0,0.0
205,33,129.0,164.0,0.0,536.0,0.0
205,33,130.0,169.0,0.0,544.0,0.0
205,33,131.0,172.0,0.0,549.0,0.0
205,33,132.0,175.0,0.0,553.0,0.0
205,33,133.0,178.0,0.0,556.0,0.0
205,33,134.0,183.0,0.0,562.0,0.0
205,33,135.0,187.0,0.0,566.0,0.0
205,33,136.0,181.0,0.0,569.0,0.0
205,33,137.0,173.0,0.0,579.0,0.0
205,33,138.0,174.0,0.0,590.0,0.0
205,33,139.0,177.0,0.0,593.0,0.0
205,33,140.0,183.0,0.0,600.0,0.0
205,33,141.0,186.0,0.0,603.0,0.0
205,33,142.0,189.0,0.0,607.0,0.0
205,33,143.0,186.0,0.0,612.0,0.0
205,33,144.0,183.0,0.0,617.0,0.0
205,33,145.0,186.0,0.0,625.0,0.0
205,33,146.0,181.0,0.0,627.0,0.0
205,33,147.0,178.0,0.0,637.0,0.0
205,33,148.0,181.0,0.0,642.0,0.0
205,33,149.0,184.0,0.0,644.0,0.0
205,33,150.0,185.0,0.0,647.0,0.0
205,33,151.0,187.0,0.0,653.0,0.0
205,33,152.0,183.0,0.0,660.0,0.0
205,33,153.0,185.0,0.0,669.0,0.0
205,33,154.0,185.0,0.0,675.0,0.0
205,33,155.0,183.0,0.0,679.0,0.0
205,33,156.0,181.0,0.0,686.0,0.0
205,33,157.0,183.0,0.0,694.0,0.0
205,33,158.0,181.0,0.0,698.0,0.0
205,33,159.0,186.0,0.0,707.0,0.0
205,33,160.0,184.0,0.0,710.0,0.0
205,33,161.0,184.0,0.0,715.0,0.0
205,33,162.0,183.0,0.0,720.0,0.0
205,33,163.0,184.0,0.0,726.0,0.0
205,33,164.0,186.0,0.0,730.0,0.0
205,33,165.0,185.0,0.0,736.0,0.0
205,33,166.0,184.0,0.0,743.0,0.0
205,33,167.0,185.0,0.0,748.0,0.0
205,33,168.0,182.0,0.0,758.0,0.0
205,33,169.0,181.0,0.0,766.0,0.0
205,33,170.0,179.0,0.0,775.0,0.0
205,33,171.0,178.0,0.0,781.0,0.0
205,33,172.0,183.0,0.0,788.0,0.0
205,33,173.0,181.0,0.0,793.0,0.0
205,33,174.0,186.0,0.0,798.0,0.0
205,33,175.0,190.0,0.0,802.0,0.0
205,33,176.0,193.0,0.0,808.0,0.0
205,33,177.0,195.0,0.0,811.0,0.0
205,33,178.0,201.0,0.0,815.0,0.0
205,33,179.0,199.0,0.0,819.0,0.0
205,33,180.0,199.0,1.0,825.0,0.0
205,33,181.0,199.0,0.0,831.0,0.0
205,33,182.0,198.0,0.0,837.0,0.0
205,33,183.0,197.0,0.0,842.0,0.0
205,33,184.0,195.0,0.0,849.0,0.0
205,33,185.0,192.0,0.0,855.0,0.0
205,33,186.0,189.0,0.0,865.0,0.0
205,33,187.0,191.0,0.0,870.0,0.0
205,33,188.0,190.0,0.0,878.0,0.0
205,33,189.0,187.0,0.0,885.0,0.0
205,33,190.0,188.0,0.0,893.0,0.0
205,33,191.0,189.0,0.0,897.0,0.0
205,33,192.0,183.0,0.0,901.0,0.0
205,33,193.0,183.0,0.0,912.0,0.0
205,33,194.0,184.0,0.0,920.0,0.0
205,33,195.0,185.0,0.0,925.0,0.0
205,33,196.0,181.0,0.0,933.0,0.0
205,33,197.0,181.0,0.0,942.0,0.0
205,33,198.0,183.0,0.0,948.0,0.0
205,33,199.0,186.0,0.0,952.0,0.0
205,33,200.0,189.0,0.0,958.0,0.0
205,33,201.0,183.0,0.0,965.0,0.0
205,33,202.0,178.0,0.0,971.0,0.0
205,33,203.0,173.0,0.0,976.0,0.0
205,33,204.0,171.0,0.0,981.0,0.0
205,33,205.0,165.0,0.0,983.0,0.0
205,33,206.0,157.0,0.0,989.0,0.0
205,33,207.0,153.0,0.0,997.0,0.0
205,33,208.0,142.0,0.0,1001.0,0.0
205,33,209.0,136.0,0.0,1012.0,0.0
205,33,210.0,131.0,0.0,1018.0,0.0
205,33,211.0,126.0,0.0,1023.0,0.0
205,33,212.0,123.0,0.0,1028.0,0.0
205,33,213.0,114.0,0.0,1031.0,0.0
205,33,214.0,108.0,0.0,1040.0,0.0
205,33,215.0,103.0,0.0,1046.0,0.0
205,33,216.0,95.0,0.0,1051.0,0.0
205,33,217.0,91.0,0.0,1059.0,0.0
205,33,218.0,84.0,0.0,1063.0,0.0
205,33,219.0,76.0,0.0,1070.0,0.0
205,33,220.0,72.0,0.0,1078.0,0.0
205,33,221.0,66.0,0.0,1082.0,0.0
205,33,222.0,63.0,0.0,1088.0,0.0
205,33,223.0,59.0,0.0,1091.0,0.0
205,33,224.0,54.0,0.0,1095.0,0.0
205,33,225.0,48.0,0.0,1100.0,0.0
205,33,226.0,45.0,0.0,1106.0,0.0
205,33,227.0,43.0,0.0,1109.0,0.0
205,33,228.0,43.0,0.0,1111.0,0.0
205,33,229.0,40.0,0.0,1111.0,0.0
205,33,230.0,38.0,0.0,1114.0,0.0
205,33,231.0,37.0,0.0,1116.0,0.0
205,33,232.0,36.0,0.0,1117.0,0.0
205,33,233.0,35.0,0.0,1118.0,0.0
205,33,234.0,35.0,0.0,1119.0,0.0
205,33,235.0,33.0,0.0,1119.0,0.0
205,33,236.0,31.0,0.0,1121.0,0.0
205,33,237.0,29.0,0.0,1123.0,0.0
205,33,238.0,28.0,0.0,1125.0,0.0
205,33,239.0,26.0,0.0,1126.0,0.0
205,33,240.0,25.0,0.0,1128.0,0.0
205,33,241.0,23.0,0.0,1129.0,0.0
205,33,242.0,23.0,0.0,1131.0,0.0
205,33,243.0,20.0,0.0,1131.0,0.0
205,33,244.0,19.0,0.0,1134.0,0.0
205,33,245.0,19.0,0.0,1135.0,0.0
205,33,246.0,17.0,0.0,1135.0,0.0
205,33,247.0,16.0,0.0,1137.0,0.0
205,33,248.0,13.0,0.0,1138.0,0.0
205,33,249.0,12.0,0.0,1141.0,0.0
205,33,250.0,11.0,0.0,1142.0,0.0
205,33,251.0,10.0,0.0,1143.0,0.0
205,33,252.0,9.0,0.0,1144.0,0.0
205,33,253.0,8.0,0.0,1145.0,0.0
205,33,254.0,8.0,0.0,1146.0,0.0
205,33,255.0,8.0,0.0,1146.0,0.0
205,33,256.0,7.0,0.0,1146.0,0.0
205,33,257.0,7.0,0.0,1147.0,0.0
205,33,258.0,6.0,0.0,1147.0,0.0
205,33,259.0,6.0,0.0,1148.0,0.0
205,33,260.0,6.0,0.0,1148.0,0.0
205,33,261.0,6.0,0.0,1148.0,0.0
205,33,262.0,4.0,0.0,1148.0,0.0
205,33,263.0,3.0,0.0,1150.0,0.0
205,33,264.0,2.0,0.0,1151.0,0.0
205,33,265.0,2.0,0.0,1152.0,0.0
205,33,266.0,2.0,0.0,1152.0,0.0
205,33,267.0,2.0,0.0,1152.0,0.0
205,33,268.0,2.0,0.0,1152.0,0.0
205,33,269.0,1.0,0.0,1152.0,0.0
205,33,270.0,1.0,0.0,1153.0,0.0
205,33,271.0,0.0,0.0,1153.0,0.0
205,33,272.0,0.0,0.0,1154.0,0.0
205,34,0.0,6.0,0.0,0.0,0.0
205,34,1.0,14.0,0.0,0.0,0.0
205,34,2.0,19.0,0.0,0.0,0.0
205,34,3.0,23.0,0.0,0.0,0.0
205,34,4.0,31.0,0.0,0.0,0.0
205,34,5.0,36.0,0.0,0.0,0.0
205,34,6.0,39.0,0.0,0.0,0.0
205,34,7.0,46.0,0.0,0.0,0.0
205,34,8.0,49.0,0.0,0.0,0.0
205,34,9.0,55.0,0.0,0.0,0.0
205,34,10.0,60.0,0.0,0.0,0.0
205,34,11.0,63.0,0.0,0.0,0.0
205,34,12.0,68.0,0.0,1.0,0.0
205,34,13.0,76.0,0.0,1.0,0.0
205,34,14.0,84.0,0.0,1.0,0.0
205,34,15.0,87.0,0.0,1.0,0.0
205,34,16.0,88.0,0.0,1.0,0.0
205,34,17.0,95.0,0.0,2.0,0.0
205,34,18.0,103.0,0.0,2.0,0.0
205,34,19.0,108.0,0.0,4.0,0.0
205,34,20.0,111.0,0.0,4.0,0.0
205,34,21.0,116.0,0.0,7.0,0.0
205,34,22.0,118.0,0.0,7.0,0.0
205,34,23.0,120.0,0.0,7.0,0.0
205,34,24.0,122.0,0.0,8.0,0.0
205,34,25.0,127.0,0.0,9.0,0.0
205,34,26.0,126.0,0.0,10.0,0.0
205,34,27.0,131.0,0.0,14.0,0.0
205,34,28.0,131.0,0.0,15.0,0.0
205,34,29.0,130.0,0.0,18.0,0.0
205,34,30.0,130.0,0.0,22.0,0.0
205,34,31.0,133.0,0.0,25.0,0.0
205,34,32.0,137.0,0.0,27.0,0.0
205,34,33.0,140.0,0.0,30.0,0.0
205,34,34.0,142.0,0.0,34.0,0.0
205,34,35.0,141.0,0.0,41.0,0.0
205,34,36.0,143.0,0.0,46.0,0.0
205,34,37.0,145.0,0.0,49.0,0.0
205,34,38.0,148.0,0.0,51.0,0.0
205,34,39.0,145.0,0.0,55.0,0.0
205,34,40.0,146.0,0.0,64.0,0.0
205,34,41.0,145.0,0.0,69.0,0.0
205,34,42.0,147.0,0.0,74.0,0.0
205,34,43.0,140.0,0.0,80.0,0.0
205,34,44.0,143.0,0.0,91.0,0.0
205,34,45.0,142.0,0.0,95.0,0.0
205,34,46.0,139.0,0.0,100.0,0.0
205,34,47.0,139.0,0.0,106.0,0.0
205,34,48.0,144.0,0.0,112.0,0.0
205,34,49.0,144.0,0.0,116.0,0.0
205,34,50.0,144.0,0.0,118.0,0.0
205,34,51.0,148.0,0.0,122.0,0.0
205,34,52.0,156.0,0.0,124.0,0.0
205,34,53.0,161.0,0.0,126.0,0.0
205,34,54.0,163.0,0.0,131.0,0.0
205,34,55.0,164.0,0.0,135.0,0.0
205,34,56.0,172.0,0.0,139.0,0.0
205,34,57.0,174.0,0.0,141.0,0.0
205,34,58.0,176.0,0.0,147.0,0.0
205,34,59.0,174.0,0.0,150.0,0.0
205,34,60.0,175.0,0.0,159.0,0.0
205,34,61.0,174.0,0.0,162.0,0.0
205,34,62.0,177.0,0.0,167.0,0.0
205,34,63.0,178.0,0.0,172.0,0.0
205,34,64.0,177.0,0.0,177.0,0.0
205,34,65.0,182.0,0.0,185.0,0.0
205,34,66.0,180.0,0.0,187.0,0.0
205,34,67.0,180.0,0.0,192.0,0.0
205,34,68.0,178.0,0.0,197.0,0.0
205,34,69.0,179.0,0.0,203.0,0.0
205,34,70.0,181.0,0.0,208.0,0.0
205,34,71.0,176.0,0.0,210.0,0.0
205,34,72.0,179.0,0.0,218.0,0.0
205,34,73.0,173.0,0.0,222.0,0.0
205,34,74.0,172.0,0.0,229.0,0.0
205,34,75.0,174.0,0.0,237.0,0.0
205,34,76.0,175.0,0.0,243.0,0.0
205,34,77.0,172.0,0.0,247.0,0.0
205,34,78.0,171.0,0.0,255.0,0.0
205,34,79.0,172.0,0.0,260.0,0.0
205,34,80.0,172.0,0.0,263.0,0.0
205,34,81.0,173.0,0.0,268.0,0.0
205,34,82.0,175.0,0.0,273.0,0.0
205,34,83.0,171.0,0.0,280.0,0.0
205,34,84.0,170.0,0.0,290.0,0.0
205,34,85.0,167.0,0.0,295.0,0.0
205,34,86.0,168.0,0.0,305.0,0.0
205,34,87.0,165.0,0.0,309.0,0.0
205,34,88.0,167.0,0.0,316.0,0.0
205,34,89.0,169.0,0.0,320.0,0.0
205,34,90.0,171.0,0.0,327.0,0.0
205,34,91.0,170.0,0.0,330.0,0.0
205,34,92.0,166.0,0.0,338.0,0.0
205,34,93.0,164.0,0.0,345.0,0.0
205,34,94.0,167.0,0.0,353.0,0.0
205,34,95.0,169.0,0.0,355.0,0.0
205,34,96.0,171.0,0.0,359.0,0.0
205,34,97.0,170.0,0.0,366.0,0.0
205,34,98.0,169.0,0.0,372.0,0.0
205,34,99.0,167.0,0.0,378.0,0.0
205,34,100.0,169.0,0.0,384.0,0.0
205,34,101.0,169.0,0.0,387.0,0.0
205,34,102.0,166.0,0.0,392.0,0.0
205,34,103.0,166.0,0.0,398.0,0.0
205,34,104.0,165.0,0.0,403.0,0.0
205,34,105.0,169.0,0.0,408.0,0.0
205,34,106.0,165.0,0.0,410.0,0.0
205,34,107.0,169.0,0.0,418.0,0.0
205,34,108.0,165.0,0.0,424.0,0.0
205,34,109.0,167.0,0.0,433.0,0.0
205,34,110.0,172.0,0.0,436.0,0.0
205,34,111.0,169.0,0.0,438.0,0.0
205,34,112.0,166.0,0.0,445.0,0.0
205,34,113.0,168.0,0.0,452.0,0.0
205,34,114.0,167.0,0.0,455.0,0.0
205,34,115.0,169.0,0.0,463.0,0.0
205,34,116.0,170.0,0.0,468.0,0.0
205,34,117.0,171.0,0.0,474.0,0.0
205,34,118.0,167.0,0.0,479.0,0.0
205,34,119.0,171.0,0.0,489.0,0.0
205,34,120.0,171.0,0.0,491.0,0.0
205,34,121.0,175.0,0.0,495.0,0.0
205,34,122.0,173.0,0.0,498.0,0.0
205,34,123.0,175.0,0.0,506.0,0.0
205,34,124.0,177.0,0.0,509.0,0.0
205,34,125.0,178.0,0.0,513.0,0.0
205,34,126.0,181.0,0.0,520.0,0.0
205,34,127.0,179.0,0.0,524.0,0.0
205,34,128.0,175.0,0.0,529.0,0.0
205,34,129.0,177.0,0.0,536.0,0.0
205,34,130.0,177.0,0.0,539.0,0.0
205,34,131.0,179.0,0.0,547.0,0.0
205,34,132.0,179.0,0.0,553.0,0.0
205,34,133.0,179.0,0.0,558.0,0.0
205,34,134.0,175.0,0.0,564.0,0.0
205,34,135.0,175.0,0.0,572.0,0.0
205,34,136.0,174.0,0.0,576.0,0.0
205,34,137.0,174.0,0.0,582.0,0.0
205,34,138.0,176.0,0.0,587.0,0.0
205,34,139.0,170.0,0.0,590.0,0.0
205,34,140.0,168.0,0.0,599.0,0.0
205,34,141.0,168.0,0.0,606.0,0.0
205,34,142.0,170.0,0.0,611.0,0.0
205,34,143.0,169.0,0.0,619.0,0.0
205,34,144.0,173.0,0.0,627.0,0.0
205,34,145.0,168.0,0.0,633.0,0.0
205,34,146.0,168.0,0.0,643.0,0.0
205,34,147.0,168.0,0.0,647.0,0.0
205,34,148.0,169.0,0.0,651.0,0.0
205,34,149.0,167.0,0.0,657.0,0.0
205,34,150.0,171.0,0.0,663.0,0.0
205,34,151.0,173.0,0.0,668.0,0.0
205,34,152.0,171.0,0.0,671.0,0.0
205,34,153.0,168.0,0.0,679.0,0.0
205,34,154.0,165.0,0.0,685.0,0.0
205,34,155.0,164.0,0.0,693.0,0.0
205,34,156.0,169.0,0.0,698.0,0.0
205,34,157.0,170.0,0.0,701.0,0.0
205,34,158.0,170.0,0.0,706.0,0.0
205,34,159.0,174.0,0.0,711.0,0.0
205,34,160.0,174.0,0.0,713.0,0.0
205,34,161.0,174.0,0.0,718.0,0.0
205,34,162.0,177.0,0.0,723.0,0.0
205,34,163.0,170.0,0.0,725.0,0.0
205,34,164.0,169.0,0.0,736.0,0.0
205,34,165.0,176.0,0.0,743.0,0.0
205,34,166.0,176.0,0.0,744.0,0.0
205,34,167.0,175.0,0.0,750.0,0.0
205,34,168.0,175.0,0.0,757.0,0.0
205,34,169.0,174.0,0.0,761.0,0.0
205,34,170.0,173.0,0.0,766.0,0.0
205,34,171.0,175.0,0.0,772.0,0.0
205,34,172.0,174.0,0.0,777.0,0.0
205,34,173.0,173.0,0.0,786.0,0.0
205,34,174.0,175.0,0.0,790.0,0.0
205,34,175.0,174.0,0.0,795.0,0.0
205,34,176.0,176.0,0.0,802.0,0.0
205,34,177.0,174.0,0.0,806.0,0.0
205,34,178.0,175.0,0.0,812.0,0.0
205,34,179.0,179.0,0.0,816.0,0.0
205,34,180.0,178.0,0.0,821.0,0.0
205,34,181.0,177.0,0.0,826.0,0.0
205,34,182.0,177.0,0.0,831.0,0.0
205,34,183.0,181.0,0.0,836.0,0.0
205,34,184.0,182.0,0.0,840.0,0.0
205,34,185.0,184.0,0.0,844.0,0.0
205,34,186.0,182.0,0.0,847.0,0.0
205,34,187.0,178.0,0.0,854.0,0.0
205,34,188.0,176.0,0.0,861.0,0.0
205,34,189.0,179.0,0.0,868.0,0.0
205,34,190.0,174.0,0.0,871.0,0.0
205,34,191.0,172.0,0.0,881.0,0.0
205,34,192.0,173.0,0.0,887.0,0.0
205,34,193.0,171.0,0.0,890.0,0.0
205,34,194.0,175.0,0.0,896.0,0.0
205,34,195.0,174.0,0.0,899.0,0.0
205,34,196.0,174.0,0.0,905.0,0.0
205,34,197.0,179.0,0.0,910.0,0.0
205,34,198.0,181.0,0.0,913.0,0.0
205,34,199.0,178.0,0.0,916.0,0.0
205,34,200.0,178.0,0.0,922.0,0.0
205,34,201.0,170.0,0.0,928.0,0.0
205,34,202.0,164.0,0.0,936.0,0.0
205,34,203.0,155.0,0.0,942.0,0.0
205,34,204.0,147.0,0.0,951.0,0.0
205,34,205.0,141.0,0.0,959.0,0.0
205,34,206.0,136.0,0.0,965.0,0.0
205,34,207.0,129.0,0.0,970.0,0.0
205,34,208.0,124.0,0.0,977.0,0.0
205,34,209.0,116.0,0.0,982.0,0.0
205,34,210.0,108.0,0.0,990.0,0.0
205,34,211.0,102.0,0.0,998.0,0.0
205,34,212.0,97.0,0.0,1004.0,0.0
205,34,213.0,90.0,0.0,1009.0,0.0
205,34,214.0,85.0,0.0,1016.0,0.0
205,34,215.0,80.0,0.0,1021.0,0.0
205,34,216.0,76.0,0.0,1026.0,0.0
205,34,217.0,73.0,0.0,1030.0,0.0
205,34,218.0,69.0,0.0,1033.0,0.0
205,34,219.0,65.0,0.0,1037.0,0.0
205,34,220.0,58.0,0.0,1041.0,0.0
205,34,221.0,46.0,0.0,1048.0,0.0
205,34,222.0,40.0,0.0,1060.0,0.0
205,34,223.0,36.0,0.0,1066.0,0.0
205,34,224.0,31.0,0.0,1070.0,0.0
205,34,225.0,31.0,0.0,1075.0,0.0
205,34,226.0,29.0,0.0,1075.0,0.0
205,34,227.0,26.0,0.0,1077.0,0.0
205,34,228.0,24.0,0.0,1080.0,0.0
205,34,229.0,19.0,0.0,1082.0,0.0
205,34,230.0,18.0,0.0,1087.0,0.0
205,34,231.0,17.0,0.0,1088.0,0.0
205,34,232.0,17.0,0.0,1089.0,0.0
205,34,233.0,17.0,0.0,1089.0,0.0
205,34,234.0,17.0,0.0,1089.0,0.0
205,34,235.0,17.0,0.0,1089.0,0.0
205,34,236.0,16.0,0.0,1089.0,0.0
205,34,237.0,15.0,0.0,1090.0,0.0
205,34,238.0,15.0,0.0,1091.0,0.0
205,34,239.0,15.0,0.0,1091.0,0.0
205,34,240.0,13.0,0.0,1091.0,0.0
205,34,241.0,12.0,0.0,1093.0,0.0
205,34,242.0,11.0,0.0,1094.0,0.0
205,34,243.0,11.0,0.0,1095.0,0.0
205,34,244.0,10.0,0.0,1095.0,0.0
205,34,245.0,10.0,0.0,1096.0,0.0
205,34,246.0,10.0,0.0,1096.0,0.0
205,34,247.0,10.0,0.0,1096.0,0.0
205,34,248.0,9.0,0.0,1096.0,0.0
205,34,249.0,8.0,0.0,1097.0,0.0
205,34,250.0,7.0,0.0,1098.0,0.0
205,34,251.0,5.0,0.0,1099.0,0.0
205,34,252.0,5.0,0.0,1101.0,0.0
205,34,253.0,5.0,0.0,1101.0,0.0
205,34,254.0,4.0,0.0,1101.0,0.0
205,34,255.0,4.0,0.0,1102.0,0.0
205,34,256.0,4.0,0.0,1102.0,0.0
205,34,257.0,4.0,0.0,1102.0,0.0
205,34,258.0,4.0,0.0,1102.0,0.0
205,34,259.0,4.0,0.0,1102.0,0.0
205,34,260.0,2.0,0.0,1102.0,0.0
205,34,261.0,2.0,0.0,1104.0,0.0
205,34,262.0,2.0,0.0,1104.0,0.0
205,34,263.0,2.0,0.0,1104.0,0.0
205,34,264.0,1.0,0.0,1104.0,0.0
205,34,265.0,0.0,0.0,1105.0,0.0
205,34,266.0,0.0,0.0,1106.0,0.0
205,35,0.0,8.0,0.0,0.0,0.0
205,35,1.0,13.0,0.0,0.0,0.0
205,35,2.0,17.0,0.0,0.0,0.0
205,35,3.0,21.0,0.0,0.0,0.0
205,35,4.0,27.0,0.0,0.0,0.0
205,35,5.0,31.0,0.0,0.0,0.0
205,35,6.0,38.0,0.0,0.0,0.0
205,35,7.0,43.0,0.0,0.0,0.0
205,35,8.0,48.0,0.0,0.0,0.0
205,35,9.0,52.0,0.0,0.0,0.0
205,35,10.0,61.0,0.0,0.0,0.0
205,35,11.0,69.0,0.0,0.0,0.0
205,35,12.0,75.0,0.0,0.0,0.0
205,35,13.0,81.0,0.0,0.0,0.0
205,35,14.0,86.0,0.0,0.0,0.0
205,35,15.0,92.0,0.0,1.0,0.0
205,35,16.0,97.0,0.0,1.0,0.0
205,35,17.0,102.0,0.0,1.0,0.0
205,35,18.0,109.0,0.0,1.0,0.0
205,35,19.0,117.0,0.0,2.0,0.0
205,35,20.0,123.0,0.0,3.0,0.0
205,35,21.0,126.0,0.0,4.0,0.0
205,35,22.0,129.0,0.0,4.0,0.0
205,35,23.0,128.0,0.0,5.0,0.0
205,35,24.0,130.0,0.0,7.0,0.0
205,35,25.0,133.0,0.0,10.0,0.0
205,35,26.0,138.0,0.0,13.0,0.0
205,35,27.0,140.0,0.0,16.0,0.0
205,35,28.0,142.0,0.0,21.0,0.0
205,35,29.0,144.0,0.0,24.0,0.0
205,35,30.0,146.0,0.0,29.0,0.0
205,35,31.0,149.0,0.0,32.0,0.0
205,35,32.0,154.0,0.0,36.0,0.0
205,35,33.0,160.0,0.0,39.0,0.0
205,35,34.0,159.0,0.0,41.0,0.0
205,35,35.0,162.0,0.0,44.0,0.0
205,35,36.0,158.0,0.0,46.0,0.0
205,35,37.0,160.0,0.0,53.0,0.0
205,35,38.0,162.0,0.0,57.0,0.0
205,35,39.0,162.0,0.0,64.0,0.0
205,35,40.0,165.0,0.0,69.0,0.0
205,35,41.0,163.0,0.0,73.0,0.0
205,35,42.0,165.0,0.0,78.0,0.0
205,35,43.0,167.0,0.0,83.0,0.0
205,35,44.0,165.0,0.0,87.0,0.0
205,35,45.0,168.0,0.0,92.0,0.0
205,35,46.0,172.0,0.0,94.0,0.0
205,35,47.0,172.0,0.0,97.0,0.0
205,35,48.0,171.0,0.0,102.0,0.0
205,35,49.0,172.0,0.0,107.0,0.0
205,35,50.0,175.0,0.0,111.0,0.0
205,35,51.0,172.0,0.0,119.0,0.0
205,35,52.0,173.0,0.0,124.0,0.0
205,35,53.0,171.0,0.0,128.0,0.0
205,35,54.0,174.0,0.0,137.0,0.0
205,35,55.0,172.0,0.0,143.0,0.0
205,35,56.0,171.0,0.0,149.0,0.0
205,35,57.0,174.0,0.0,155.0,0.0
205,35,58.0,177.0,0.0,157.0,0.0
205,35,59.0,180.0,0.0,158.0,0.0
205,35,60.0,179.0,0.0,162.0,0.0
205,35,61.0,182.0,0.0,167.0,0.0
205,35,62.0,184.0,0.0,174.0,0.0
205,35,63.0,184.0,0.0,178.0,0.0
205,35,64.0,186.0,0.0,182.0,0.0
205,35,65.0,186.0,0.0,187.0,0.0
205,35,66.0,180.0,0.0,192.0,0.0
205,35,67.0,181.0,0.0,202.0,0.0
205,35,68.0,177.0,0.0,207.0,0.0
205,35,69.0,182.0,0.0,215.0,0.0
205,35,70.0,185.0,0.0,219.0,0.0
205,35,71.0,186.0,0.0,225.0,0.0
205,35,72.0,180.0,0.0,231.0,0.0
205,35,73.0,182.0,0.0,243.0,0.0
205,35,74.0,180.0,0.0,247.0,0.0
205,35,75.0,181.0,0.0,253.0,0.0
205,35,76.0,179.0,0.0,258.0,0.0
205,35,77.0,175.0,0.0,264.0,0.0
205,35,78.0,173.0,0.0,273.0,0.0
205,35,79.0,173.0,0.0,278.0,0.0
205,35,80.0,175.0,0.0,283.0,0.0
205,35,81.0,179.0,0.0,289.0,0.0
205,35,82.0,176.0,0.0,291.0,0.0
205,35,83.0,173.0,0.0,300.0,0.0
205,35,84.0,173.0,0.0,306.0,0.0
205,35,85.0,174.0,0.0,313.0,0.0
205,35,86.0,176.0,0.0,317.0,0.0
205,35,87.0,179.0,0.0,324.0,0.0
205,35,88.0,181.0,0.0,329.0,0.0
205,35,89.0,185.0,0.0,332.0,0.0
205,35,90.0,191.0,0.0,337.0,0.0
205,35,91.0,187.0,0.0,339.0,0.0
205,35,92.0,179.0,0.0,350.0,0.0
205,35,93.0,178.0,0.0,360.0,0.0
205,35,94.0,176.0,0.0,365.0,0.0
205,35,95.0,175.0,0.0,371.0,0.0
205,35,96.0,172.0,0.0,377.0,0.0
205,35,97.0,172.0,0.0,383.0,0.0
205,35,98.0,175.0,0.0,388.0,0.0
205,35,99.0,176.0,0.0,392.0,0.0
205,35,100.0,174.0,0.0,397.0,0.0
205,35,101.0,177.0,0.0,404.0,0.0
205,35,102.0,179.0,0.0,408.0,0.0
205,35,103.0,184.0,0.0,413.0,0.0
205,35,104.0,184.0,0.0,415.0,0.0
205,35,105.0,182.0,0.0,420.0,0.0
205,35,106.0,183.0,0.0,426.0,0.0
205,35,107.0,179.0,0.0,431.0,0.0
205,35,108.0,177.0,0.0,440.0,0.0
205,35,109.0,173.0,0.0,445.0,0.0
205,35,110.0,178.0,0.0,451.0,0.0
205,35,111.0,173.0,0.0,454.0,0.0
205,35,112.0,173.0,0.0,464.0,0.0
205,35,113.0,176.0,0.0,469.0,0.0
205,35,114.0,173.0,0.0,474.0,0.0
205,35,115.0,172.0,0.0,480.0,0.0
205,35,116.0,173.0,0.0,487.0,0.0
205,35,117.0,167.0,0.0,491.0,0.0
205,35,118.0,168.0,0.0,501.0,0.0
205,35,119.0,167.0,0.0,507.0,0.0
205,35,120.0,165.0,0.0,511.0,0.0
205,35,121.0,164.0,0.0,517.0,0.0
205,35,122.0,165.0,0.0,523.0,0.0
205,35,123.0,158.0,0.0,529.0,0.0
205,35,124.0,158.0,0.0,539.0,0.0
205,35,125.0,157.0,0.0,543.0,0.0
205,35,126.0,160.0,0.0,549.0,0.0
205,35,127.0,160.0,0.0,551.0,0.0
205,35,128.0,159.0,0.0,555.0,0.0
205,35,129.0,161.0,0.0,561.0,0.0
205,35,130.0,166.0,0.0,566.0,0.0
205,35,131.0,163.0,0.0,570.0,0.0
205,35,132.0,165.0,0.0,579.0,0.0
205,35,133.0,164.0,0.0,583.0,0.0
205,35,134.0,165.0,0.0,587.0,0.0
205,35,135.0,167.0,0.0,593.0,0.0
205,35,136.0,165.0,0.0,597.0,0.0
205,35,137.0,167.0,0.0,602.0,0.0
205,35,138.0,169.0,0.0,606.0,0.0
205,35,139.0,171.0,0.0,610.0,0.0
205,35,140.0,176.0,0.0,614.0,0.0
205,35,141.0,176.0,0.0,616.0,0.0
205,35,142.0,180.0,0.0,624.0,0.0
205,35,143.0,181.0,0.0,627.0,0.0
205,35,144.0,180.0,0.0,633.0,0.0
205,35,145.0,182.0,0.0,640.0,0.0
205,35,146.0,182.0,0.0,643.0,0.0
205,35,147.0,181.0,0.0,649.0,0.0
205,35,148.0,179.0,0.0,657.0,0.0
205,35,149.0,176.0,0.0,664.0,0.0
205,35,150.0,177.0,0.0,671.0,0.0
205,35,151.0,180.0,0.0,674.0,0.0
205,35,152.0,180.0,0.0,679.0,0.0
205,35,153.0,181.0,0.0,686.0,0.0
205,35,154.0,181.0,0.0,688.0,0.0
205,35,155.0,180.0,0.0,694.0,0.0
205,35,156.0,178.0,0.0,701.0,0.0
205,35,157.0,177.0,0.0,707.0,0.0
205,35,158.0,180.0,0.0,714.0,0.0
205,35,159.0,177.0,0.0,720.0,0.0
205,35,160.0,180.0,0.0,726.0,0.0
205,35,161.0,180.0,0.0,733.0,0.0
205,35,162.0,183.0,0.0,735.0,0.0
205,35,163.0,184.0,0.0,739.0,0.0
205,35,164.0,191.0,0.0,746.0,0.0
205,35,165.0,192.0,0.0,748.0,0.0
205,35,166.0,192.0,0.0,752.0,0.0
205,35,167.0,190.0,0.0,757.0,0.0
205,35,168.0,190.0,0.0,764.0,0.0
205,35,169.0,194.0,0.0,771.0,0.0
205,35,170.0,194.0,0.0,776.0,0.0
205,35,171.0,194.0,0.0,783.0,0.0
205,35,172.0,192.0,0.0,790.0,0.0
205,35,173.0,196.0,0.0,796.0,0.0
205,35,174.0,188.0,0.0,798.0,0.0
205,35,175.0,185.0,0.0,809.0,0.0
205,35,176.0,187.0,0.0,817.0,0.0
205,35,177.0,183.0,0.0,823.0,0.0
205,35,178.0,186.0,0.0,830.0,0.0
205,35,179.0,183.0,0.0,835.0,0.0
205,35,180.0,183.0,0.0,843.0,0.0
205,35,181.0,184.0,0.0,849.0,0.0
205,35,182.0,181.0,0.0,854.0,0.0
205,35,183.0,181.0,0.0,863.0,0.0
205,35,184.0,177.0,0.0,868.0,0.0
205,35,185.0,177.0,0.0,877.0,0.0
205,35,186.0,172.0,0.0,884.0,0.0
205,35,187.0,172.0,0.0,892.0,0.0
205,35,188.0,170.0,0.0,899.0,0.0
205,35,189.0,172.0,0.0,904.0,0.0
205,35,190.0,172.0,0.0,910.0,0.0
205,35,191.0,170.0,0.0,916.0,0.0
205,35,192.0,172.0,0.0,924.0,0.0
205,35,193.0,167.0,0.0,925.0,0.0
205,35,194.0,166.0,0.0,933.0,0.0
205,35,195.0,164.0,0.0,940.0,0.0
205,35,196.0,164.0,0.0,946.0,0.0
205,35,197.0,166.0,0.0,952.0,0.0
205,35,198.0,164.0,0.0,954.0,0.0
205,35,199.0,162.0,0.0,958.0,0.0
205,35,200.0,165.0,0.0,964.0,0.0
205,35,201.0,162.0,0.0,968.0,0.0
205,35,202.0,155.0,0.0,971.0,0.0
205,35,203.0,146.0,0.0,978.0,0.0
205,35,204.0,138.0,0.0,987.0,0.0
205,35,205.0,136.0,0.0,995.0,0.0
205,35,206.0,133.0,0.0,997.0,0.0
205,35,207.0,126.0,0.0,1000.0,0.0
205,35,208.0,122.0,0.0,1007.0,0.0
205,35,209.0,117.0,0.0,1011.0,0.0
205,35,210.0,110.0,0.0,1016.0,0.0
205,35,211.0,107.0,0.0,1023.0,0.0
205,35,212.0,101.0,0.0,1026.0,0.0
205,35,213.0,95.0,0.0,1032.0,0.0
205,35,214.0,91.0,0.0,1038.0,0.0
205,35,215.0,88.0,0.0,1042.0,0.0
205,35,216.0,80.0,0.0,1045.0,0.0
205,35,217.0,76.0,0.0,1053.0,0.0
205,35,218.0,68.0,0.0,1057.0,0.0
205,35,219.0,66.0,0.0,1065.0,0.0
205,35,220.0,62.0,0.0,1067.0,0.0
205,35,221.0,55.0,0.0,1071.0,0.0
205,35,222.0,52.0,0.0,1078.0,0.0
205,35,223.0,50.0,0.0,1081.0,0.0
205,35,224.0,46.0,0.0,1083.0,0.0
205,35,225.0,44.0,0.0,1087.0,0.0
205,35,226.0,41.0,0.0,1089.0,0.0
205,35,227.0,36.0,0.0,1092.0,0.0
205,35,228.0,36.0,0.0,1097.0,0.0
205,35,229.0,33.0,0.0,1097.0,0.0
205,35,230.0,33.0,0.0,1100.0,0.0
205,35,231.0,31.0,0.0,1100.0,0.0
205,35,232.0,27.0,0.0,1102.0,0.0
205,35,233.0,27.0,0.0,1106.0,0.0
205,35,234.0,26.0,0.0,1106.0,0.0
205,35,235.0,25.0,0.0,1107.0,0.0
205,35,236.0,24.0,0.0,1108.0,0.0
205,35,237.0,24.0,0.0,1109.0,0.0
205,35,238.0,22.0,0.0,1109.0,0.0
205,35,239.0,22.0,0.0,1111.0,0.0
205,35,240.0,20.0,0.0,1111.0,0.0
205,35,241.0,18.0,0.0,1113.0,0.0
205,35,242.0,16.0,0.0,1115.0,0.0
205,35,243.0,14.0,0.0,1117.0,0.0
205,35,244.0,12.0,0.0,1119.0,0.0
205,35,245.0,11.0,0.0,1121.0,0.0
205,35,246.0,10.0,0.0,1122.0,0.0
205,35,247.0,8.0,0.0,1123.0,0.0
205,35,248.0,8.0,0.0,1125.0,0.0
205,35,249.0,7.0,0.0,1125.0,0.0
205,35,250.0,6.0,0.0,1126.0,0.0
205,35,251.0,6.0,0.0,1127.0,0.0
205,35,252.0,5.0,0.0,1127.0,0.0
205,35,253.0,5.0,0.0,1128.0,0.0
205,35,254.0,5.0,0.0,1128.0,0.0
205,35,255.0,5.0,0.0,1128.0,0.0
205,35,256.0,4.0,0.0,1128.0,0.0
205,35,257.0,4.0,0.0,1129.0,0.0
205,35,258.0,4.0,0.0,1129.0,0.0
205,35,259.0,3.0,0.0,1129.0,0.0
205,35,260.0,2.0,0.0,1130.0,0.0
205,35,261.0,2.0,0.0,1131.0,0.0
205,35,262.0,2.0,0.0,1131.0,0.0
205,35,263.0,1.0,0.0,1131.0,0.0
205,35,264.0,1.0,0.0,1132.0,0.0
205,35,265.0,1.0,0.0,1132.0,0.0
205,35,266.0,1.0,0.0,1132.0,0.0
205,35,267.0,1.0,0.0,1132.0,0.0
205,35,268.0,0.0,0.0,1132.0,0.0
205,35,269.0,0.0,0.0,1133.0,0.0
205,36,0.0,4.0,0.0,0.0,0.0
205,36,1.0,9.0,0.0,0.0,0.0
205,36,2.0,13.0,0.0,0.0,0.0
205,36,3.0,16.0,0.0,0.0,0.0
205,36,4.0,24.0,0.0,0.0,0.0
205,36,5.0,28.0,0.0,0.0,0.0
205,36,6.0,31.0,0.0,0.0,0.0
205,36,7.0,34.0,0.0,0.0,0.0
205,36,8.0,44.0,0.0,0.0,0.0
205,36,9.0,51.0,0.0,0.0,0.0
205,36,10.0,61.0,0.0,0.0,0.0
205,36,11.0,69.0,0.0,0.0,0.0
205,36,12.0,77.0,0.0,0.0,0.0
205,36,13.0,86.0,0.0,0.0,0.0
205,36,14.0,92.0,0.0,0.0,0.0
205,36,15.0,100.0,0.0,0.0,0.0
205,36,16.0,103.0,0.0,0.0,0.0
205,36,17.0,109.0,0.0,1.0,0.0
205,36,18.0,114.0,0.0,1.0,0.0
205,36,19.0,118.0,0.0,1.0,0.0
205,36,20.0,122.0,0.0,1.0,0.0
205,36,21.0,125.0,0.0,1.0,0.0
205,36,22.0,133.0,0.0,2.0,0.0
205,36,23.0,137.0,0.0,3.0,0.0
205,36,24.0,142.0,0.0,3.0,0.0
205,36,25.0,144.0,0.0,5.0,0.0
205,36,26.0,152.0,0.0,7.0,0.0
205,36,27.0,154.0,0.0,9.0,0.0
205,36,28.0,152.0,0.0,12.0,0.0
205,36,29.0,155.0,0.0,20.0,0.0
205,36,30.0,163.0,0.0,23.0,0.0
205,36,31.0,164.0,0.0,26.0,0.0
205,36,32.0,163.0,0.0,31.0,0.0
205,36,33.0,164.0,0.0,36.0,0.0
205,36,34.0,172.0,0.0,38.0,0.0
205,36,35.0,174.0,0.0,40.0,0.0
205,36,36.0,169.0,0.0,44.0,0.0
205,36,37.0,171.0,0.0,53.0,0.0
205,36,38.0,168.0,0.0,57.0,0.0
205,36,39.0,167.0,0.0,63.0,0.0
205,36,40.0,168.0,0.0,70.0,0.0
205,36,41.0,171.0,0.0,72.0,0.0
205,36,42.0,172.0,0.0,77.0,0.0
205,36,43.0,173.0,0.0,83.0,0.0
205,36,44.0,175.0,0.0,88.0,0.0
205,36,45.0,178.0,0.0,93.0,0.0
205,36,46.0,176.0,0.0,97.0,0.0
205,36,47.0,175.0,0.0,102.0,0.0
205,36,48.0,176.0,0.0,105.0,0.0
205,36,49.0,171.0,0.0,111.0,0.0
205,36,50.0,174.0,0.0,121.0,0.0
205,36,51.0,174.0,0.0,126.0,0.0
205,36,52.0,173.0,0.0,131.0,0.0
205,36,53.0,168.0,0.0,136.0,0.0
205,36,54.0,169.0,0.0,143.0,0.0
205,36,55.0,168.0,0.0,145.0,0.0
205,36,56.0,171.0,0.0,152.0,0.0
205,36,57.0,174.0,0.0,155.0,0.0
205,36,58.0,173.0,0.0,159.0,0.0
205,36,59.0,175.0,0.0,165.0,0.0
205,36,60.0,171.0,0.0,168.0,0.0
205,36,61.0,171.0,0.0,176.0,0.0
205,36,62.0,170.0,0.0,183.0,0.0
205,36,63.0,171.0,0.0,190.0,0.0
205,36,64.0,168.0,0.0,194.0,0.0
205,36,65.0,162.0,0.0,201.0,0.0
205,36,66.0,158.0,0.0,209.0,0.0
205,36,67.0,155.0,0.0,215.0,0.0
205,36,68.0,157.0,0.0,220.0,0.0
205,36,69.0,159.0,0.0,222.0,0.0
205,36,70.0,161.0,0.0,225.0,0.0
205,36,71.0,156.0,0.0,228.0,0.0
205,36,72.0,155.0,0.0,236.0,0.0
205,36,73.0,157.0,0.0,242.0,0.0
205,36,74.0,154.0,0.0,246.0,0.0
205,36,75.0,155.0,0.0,254.0,0.0
205,36,76.0,154.0,0.0,260.0,0.0
205,36,77.0,158.0,0.0,267.0,0.0
205,36,78.0,156.0,0.0,269.0,0.0
205,36,79.0,155.0,0.0,275.0,0.0
205,36,80.0,152.0,0.0,284.0,0.0
205,36,81.0,149.0,0.0,293.0,0.0
205,36,82.0,147.0,0.0,299.0,0.0
205,36,83.0,156.0,0.0,307.0,0.0
205,36,84.0,161.0,0.0,310.0,0.0
205,36,85.0,163.0,0.0,315.0,0.0
205,36,86.0,165.0,0.0,319.0,0.0
205,36,87.0,164.0,0.0,321.0,0.0
205,36,88.0,169.0,0.0,326.0,0.0
205,36,89.0,173.0,0.0,330.0,0.0
205,36,90.0,177.0,0.0,332.0,0.0
205,36,91.0,181.0,0.0,335.0,0.0
205,36,92.0,181.0,0.0,339.0,0.0
205,36,93.0,184.0,0.0,343.0,0.0
205,36,94.0,185.0,0.0,349.0,0.0
205,36,95.0,186.0,0.0,353.0,0.0
205,36,96.0,187.0,0.0,356.0,0.0
205,36,97.0,189.0,0.0,360.0,0.0
205,36,98.0,193.0,0.0,364.0,0.0
205,36,99.0,192.0,0.0,366.0,0.0
205,36,100.0,194.0,0.0,373.0,0.0
205,36,101.0,192.0,0.0,380.0,0.0
205,36,102.0,195.0,0.0,385.0,0.0
205,36,103.0,186.0,0.0,390.0,0.0
205,36,104.0,184.0,0.0,402.0,0.0
205,36,105.0,188.0,0.0,406.0,0.0
205,36,106.0,192.0,0.0,408.0,0.0
205,36,107.0,192.0,0.0,413.0,0.0
205,36,108.0,191.0,0.0,417.0,0.0
205,36,109.0,190.0,0.0,425.0,0.0
205,36,110.0,194.0,0.0,432.0,0.0
205,36,111.0,190.0,0.0,437.0,0.0
205,36,112.0,189.0,0.0,447.0,0.0
205,36,113.0,188.0,0.0,452.0,0.0
205,36,114.0,183.0,0.0,456.0,0.0
205,36,115.0,184.0,0.0,465.0,0.0
205,36,116.0,180.0,0.0,470.0,0.0
205,36,117.0,179.0,0.0,478.0,0.0
205,36,118.0,181.0,0.0,483.0,0.0
205,36,119.0,178.0,0.0,488.0,0.0
205,36,120.0,183.0,0.0,496.0,0.0
205,36,121.0,182.0,0.0,500.0,0.0
205,36,122.0,182.0,0.0,504.0,0.0
205,36,123.0,180.0,0.0,512.0,0.0
205,36,124.0,180.0,0.0,521.0,0.0
205,36,125.0,178.0,0.0,527.0,0.0
205,36,126.0,183.0,0.0,533.0,0.0
205,36,127.0,184.0,0.0,536.0,0.0
205,36,128.0,179.0,0.0,543.0,0.0
205,36,129.0,178.0,0.0,550.0,0.0
205,36,130.0,176.0,0.0,555.0,0.0
205,36,131.0,178.0,0.0,559.0,0.0
205,36,132.0,174.0,0.0,565.0,0.0
205,36,133.0,175.0,0.0,572.0,0.0
205,36,134.0,170.0,0.0,576.0,0.0
205,36,135.0,170.0,0.0,587.0,0.0
205,36,136.0,169.0,0.0,595.0,0.0
205,36,137.0,167.0,0.0,602.0,0.0
205,36,138.0,172.0,0.0,609.0,0.0
205,36,139.0,170.0,0.0,612.0,0.0
205,36,140.0,173.0,0.0,617.0,0.0
205,36,141.0,167.0,0.0,620.0,0.0
205,36,142.0,169.0,0.0,632.0,0.0
205,36,143.0,167.0,0.0,637.0,0.0
205,36,144.0,169.0,0.0,644.0,0.0
205,36,145.0,171.0,0.0,649.0,0.0
205,36,146.0,172.0,0.0,653.0,0.0
205,36,147.0,166.0,0.0,658.0,0.0
205,36,148.0,163.0,0.0,666.0,0.0
205,36,149.0,166.0,0.0,674.0,0.0
205,36,150.0,162.0,0.0,677.0,0.0
205,36,151.0,160.0,0.0,684.0,0.0
205,36,152.0,159.0,0.0,690.0,0.0
205,36,153.0,162.0,0.0,695.0,0.0
205,36,154.0,161.0,0.0,698.0,0.0
205,36,155.0,160.0,0.0,704.0,0.0
205,36,156.0,161.0,0.0,712.0,0.0
205,36,157.0,159.0,0.0,717.0,0.0
205,36,158.0,157.0,0.0,723.0,0.0
205,36,159.0,155.0,0.0,729.0,0.0
205,36,160.0,152.0,0.0,736.0,0.0
205,36,161.0,151.0,0.0,741.0,0.0
205,36,162.0,149.0,0.0,747.0,0.0
205,36,163.0,148.0,0.0,753.0,0.0
205,36,164.0,150.0,0.0,759.0,0.0
205,36,165.0,154.0,0.0,766.0,0.0
205,36,166.0,156.0,0.0,770.0,0.0
205,36,167.0,157.0,0.0,772.0,0.0
205,36,168.0,159.0,0.0,777.0,0.0
205,36,169.0,158.0,0.0,781.0,0.0
205,36,170.0,155.0,0.0,785.0,0.0
205,36,171.0,160.0,0.0,792.0,0.0
205,36,172.0,165.0,0.0,795.0,0.0
205,36,173.0,166.0,0.0,799.0,0.0
205,36,174.0,167.0,0.0,803.0,0.0
205,36,175.0,166.0,0.0,806.0,0.0
205,36,176.0,171.0,0.0,811.0,0.0
205,36,177.0,171.0,0.0,814.0,0.0
205,36,178.0,172.0,0.0,819.0,0.0
205,36,179.0,171.0,0.0,825.0,0.0
205,36,180.0,170.0,0.0,829.0,0.0
205,36,181.0,172.0,0.0,834.0,0.0
205,36,182.0,171.0,0.0,837.0,0.0
205,36,183.0,176.0,0.0,842.0,0.0
205,36,184.0,176.0,0.0,848.0,0.0
205,36,185.0,178.0,0.0,854.0,0.0
205,36,186.0,178.0,0.0,859.0,0.0
205,36,187.0,179.0,0.0,862.0,0.0
205,36,188.0,179.0,0.0,868.0,0.0
205,36,189.0,180.0,0.0,874.0,0.0
205,36,190.0,180.0,0.0,879.0,0.0
205,36,191.0,178.0,0.0,884.0,0.0
205,36,192.0,174.0,0.0,890.0,0.0
205,36,193.0,174.0,0.0,898.0,0.0
205,36,194.0,169.0,0.0,902.0,0.0
205,36,195.0,163.0,0.0,908.0,0.0
205,36,196.0,164.0,0.0,915.0,0.0
205,36,197.0,163.0,0.0,920.0,0.0
205,36,198.0,163.0,0.0,925.0,0.0
205,36,199.0,157.0,0.0,934.0,0.0
205,36,200.0,155.0,0.0,945.0,0.0
205,36,201.0,147.0,0.0,950.0,0.0
205,36,202.0,143.0,0.0,958.0,0.0
205,36,203.0,140.0,0.0,962.0,0.0
205,36,204.0,135.0,0.0,965.0,0.0
205,36,205.0,127.0,0.0,970.0,0.0
205,36,206.0,124.0,0.0,978.0,0.0
205,36,207.0,121.0,0.0,981.0,0.0
205,36,208.0,117.0,0.0,984.0,0.0
205,36,209.0,113.0,0.0,988.0,0.0
205,36,210.0,107.0,0.0,992.0,0.0
205,36,211.0,103.0,0.0,998.0,0.0
205,36,212.0,99.0,0.0,1002.0,0.0
205,36,213.0,93.0,0.0,1006.0,0.0
205,36,214.0,89.0,0.0,1012.0,0.0
205,36,215.0,87.0,0.0,1016.0,0.0
205,36,216.0,78.0,0.0,1018.0,0.0
205,36,217.0,72.0,0.0,1027.0,0.0
205,36,218.0,65.0,0.0,1033.0,0.0
205,36,219.0,57.0,0.0,1040.0,0.0
205,36,220.0,51.0,0.0,1048.0,0.0
205,36,221.0,48.0,0.0,1054.0,0.0
205,36,222.0,45.0,0.0,1057.0,0.0
205,36,223.0,44.0,0.0,1060.0,0.0
205,36,224.0,40.0,0.0,1061.0,0.0
205,36,225.0,34.0,0.0,1065.0,0.0
205,36,226.0,31.0,0.0,1071.0,0.0
205,36,227.0,31.0,0.0,1074.0,0.0
205,36,228.0,28.0,0.0,1074.0,0.0
205,36,229.0,25.0,0.0,1077.0,0.0
205,36,230.0,22.0,0.0,1080.0,0.0
205,36,231.0,20.0,0.0,1083.0,0.0
205,36,232.0,19.0,0.0,1085.0,0.0
205,36,233.0,18.0,0.0,1086.0,0.0
205,36,234.0,18.0,0.0,1087.0,0.0
205,36,235.0,18.0,0.0,1087.0,0.0
205,36,236.0,16.0,0.0,1087.0,0.0
205,36,237.0,16.0,0.0,1089.0,0.0
205,36,238.0,16.0,0.0,1089.0,0.0
205,36,239.0,14.0,0.0,1089.0,0.0
205,36,240.0,14.0,0.0,1091.0,0.0
205,36,241.0,14.0,0.0,1091.0,0.0
205,36,242.0,14.0,0.0,1091.0,0.0
205,36,243.0,14.0,0.0,1091.0,0.0
205,36,244.0,13.0,0.0,1091.0,0.0
205,36,245.0,11.0,0.0,1092.0,0.0
205,36,246.0,11.0,0.0,1094.0,0.0
205,36,247.0,9.0,0.0,1094.0,0.0
205,36,248.0,7.0,0.0,1096.0,0.0
205,36,249.0,7.0,0.0,1098.0,0.0
205,36,250.0,5.0,0.0,1098.0,0.0
205,36,251.0,5.0,0.0,1100.0,0.0
205,36,252.0,4.0,0.0,1100.0,0.0
205,36,253.0,3.0,0.0,1101.0,0.0
205,36,254.0,3.0,0.0,1102.0,0.0
205,36,255.0,3.0,0.0,1102.0,0.0
205,36,256.0,2.0,0.0,1102.0,0.0
205,36,257.0,2.0,0.0,1103.0,0.0
205,36,258.0,1.0,0.0,1103.0,0.0
205,36,259.0,1.0,0.0,1104.0,0.0
205,36,260.0,1.0,0.0,1104.0,0.0
205,36,261.0,1.0,0.0,1104.0,0.0
205,36,262.0,1.0,0.0,1104.0,0.0
205,36,263.0,1.0,0.0,1104.0,0.0
205,36,264.0,1.0,0.0,1104.0,0.0
205,36,265.0,1.0,0.0,1104.0,0.0
205,36,266.0,1.0,0.0,1104.0,0.0
205,36,267.0,0.0,0.0,1104.0,0.0
205,36,268.0,0.0,0.0,1105.0,0.0
205,37,0.0,5.0,0.0,0.0,0.0
205,37,1.0,14.0,0.0,0.0,0.0
205,37,2.0,21.0,0.0,0.0,0.0
205,37,3.0,28.0,0.0,0.0,0.0
205,37,4.0,33.0,0.0,0.0,0.0
205,37,5.0,38.0,0.0,0.0,0.0
205,37,6.0,48.0,0.0,0.0,0.0
205,37,7.0,56.0,0.0,0.0,0.0
205,37,8.0,60.0,0.0,0.0,0.0
205,37,9.0,70.0,0.0,0.0,0.0
205,37,10.0,74.0,0.0,0.0,0.0
205,37,11.0,85.0,0.0,0.0,0.0
205,37,12.0,94.0,0.0,0.0,0.0
205,37,13.0,97.0,0.0,0.0,0.0
205,37,14.0,104.0,0.0,0.0,0.0
205,37,15.0,111.0,0.0,0.0,0.0
205,37,16.0,121.0,0.0,0.0,0.0
205,37,17.0,122.0,0.0,0.0,0.0
205,37,18.0,127.0,0.0,1.0,0.0
205,37,19.0,134.0,0.0,1.0,0.0
205,37,20.0,139.0,0.0,1.0,0.0
205,37,21.0,143.0,0.0,2.0,0.0
205,37,22.0,147.0,0.0,4.0,0.0
205,37,23.0,151.0,0.0,6.0,0.0
205,37,24.0,151.0,0.0,8.0,0.0
205,37,25.0,152.0,0.0,14.0,0.0
205,37,26.0,149.0,0.0,20.0,0.0
205,37,27.0,156.0,0.0,26.0,0.0
205,37,28.0,157.0,0.0,28.0,0.0
205,37,29.0,162.0,0.0,32.0,0.0
205,37,30.0,166.0,0.0,34.0,0.0
205,37,31.0,165.0,0.0,37.0,0.0
205,37,32.0,167.0,0.0,43.0,0.0
205,37,33.0,169.0,0.0,46.0,0.0
205,37,34.0,168.0,0.0,49.0,0.0
205,37,35.0,167.0,0.0,53.0,0.0
205,37,36.0,168.0,0.0,60.0,0.0
205,37,37.0,168.0,0.0,64.0,0.0
205,37,38.0,165.0,0.0,69.0,0.0
205,37,39.0,165.0,0.0,79.0,0.0
205,37,40.0,167.0,0.0,83.0,0.0
205,37,41.0,175.0,0.0,90.0,0.0
205,37,42.0,172.0,0.0,94.0,0.0
205,37,43.0,169.0,0.0,103.0,0.0
205,37,44.0,171.0,0.0,108.0,0.0
205,37,45.0,169.0,0.0,115.0,0.0
205,37,46.0,168.0,0.0,122.0,0.0
205,37,47.0,167.0,0.0,127.0,0.0
205,37,48.0,167.0,0.0,133.0,0.0
205,37,49.0,170.0,0.0,139.0,0.0
205,37,50.0,174.0,0.0,143.0,0.0
205,37,51.0,177.0,0.0,145.0,0.0
205,37,52.0,181.0,0.0,149.0,0.0
205,37,53.0,172.0,0.0,152.0,0.0
205,37,54.0,171.0,0.0,164.0,0.0
205,37,55.0,175.0,0.0,170.0,0.0
205,37,56.0,179.0,0.0,173.0,0.0
205,37,57.0,181.0,0.0,177.0,0.0
205,37,58.0,182.0,0.0,180.0,0.0
205,37,59.0,182.0,0.0,185.0,0.0
205,37,60.0,186.0,0.0,190.0,0.0
205,37,61.0,185.0,0.0,193.0,0.0
205,37,62.0,184.0,0.0,198.0,0.0
205,37,63.0,182.0,0.0,202.0,0.0
205,37,64.0,182.0,0.0,209.0,0.0
205,37,65.0,177.0,0.0,213.0,0.0
205,37,66.0,177.0,0.0,222.0,0.0
205,37,67.0,182.0,0.0,228.0,0.0
205,37,68.0,181.0,0.0,230.0,0.0
205,37,69.0,178.0,0.0,238.0,0.0
205,37,70.0,170.0,0.0,245.0,0.0
205,37,71.0,173.0,0.0,255.0,0.0
205,37,72.0,173.0,0.0,258.0,0.0
205,37,73.0,173.0,0.0,262.0,0.0
205,37,74.0,169.0,0.0,269.0,0.0
205,37,75.0,174.0,0.0,278.0,0.0
205,37,76.0,175.0,0.0,282.0,0.0
205,37,77.0,170.0,0.0,287.0,0.0
205,37,78.0,168.0,0.0,295.0,0.0
205,37,79.0,165.0,0.0,305.0,0.0
205,37,80.0,165.0,0.0,311.0,0.0
205,37,81.0,166.0,0.0,314.0,0.0
205,37,82.0,170.0,0.0,319.0,0.0
205,37,83.0,169.0,0.0,322.0,0.0
205,37,84.0,169.0,0.0,329.0,0.0
205,37,85.0,173.0,0.0,337.0,0.0
205,37,86.0,172.0,0.0,343.0,0.0
205,37,87.0,168.0,0.0,350.0,0.0
205,37,88.0,169.0,0.0,358.0,0.0
205,37,89.0,168.0,0.0,361.0,0.0
205,37,90.0,169.0,0.0,367.0,0.0
205,37,91.0,167.0,0.0,371.0,0.0
205,37,92.0,170.0,0.0,378.0,0.0
205,37,93.0,169.0,0.0,384.0,0.0
205,37,94.0,173.0,0.0,389.0,0.0
205,37,95.0,168.0,0.0,394.0,0.0
205,37,96.0,163.0,0.0,401.0,0.0
205,37,97.0,168.0,0.0,408.0,0.0
205,37,98.0,166.0,0.0,412.0,0.0
205,37,99.0,166.0,0.0,418.0,0.0
205,37,100.0,170.0,0.0,425.0,0.0
205,37,101.0,167.0,0.0,430.0,0.0
205,37,102.0,173.0,0.0,438.0,0.0
205,37,103.0,175.0,0.0,446.0,0.0
205,37,104.0,176.0,0.0,450.0,0.0
205,37,105.0,173.0,0.0,454.0,0.0
205,37,106.0,173.0,0.0,459.0,0.0
205,37,107.0,173.0,0.0,466.0,0.0
205,37,108.0,180.0,0.0,471.0,0.0
205,37,109.0,179.0,0.0,472.0,0.0
205,37,110.0,181.0,0.0,477.0,0.0
205,37,111.0,180.0,0.0,481.0,0.0
205,37,112.0,181.0,0.0,488.0,0.0
205,37,113.0,179.0,0.0,492.0,0.0
205,37,114.0,178.0,0.0,501.0,0.0
205,37,115.0,177.0,0.0,508.0,0.0
205,37,116.0,181.0,0.0,513.0,0.0
205,37,117.0,182.0,0.0,516.0,0.0
205,37,118.0,179.0,0.0,520.0,0.0
205,37,119.0,174.0,0.0,527.0,0.0
205,37,120.0,175.0,0.0,534.0,0.0
205,37,121.0,178.0,0.0,538.0,0.0
205,37,122.0,176.0,0.0,543.0,0.0
205,37,123.0,176.0,0.0,547.0,0.0
205,37,124.0,170.0,0.0,554.0,0.0
205,37,125.0,169.0,0.0,563.0,0.0
205,37,126.0,170.0,0.0,570.0,0.0
205,37,127.0,170.0,0.0,574.0,0.0
205,37,128.0,174.0,0.0,580.0,0.0
205,37,129.0,172.0,0.0,582.0,0.0
205,37,130.0,167.0,0.0,589.0,0.0
205,37,131.0,168.0,0.0,597.0,0.0
205,37,132.0,164.0,0.0,604.0,0.0
205,37,133.0,172.0,0.0,612.0,0.0
205,37,134.0,172.0,0.0,615.0,0.0
205,37,135.0,172.0,0.0,619.0,0.0
205,37,136.0,176.0,0.0,623.0,0.0
205,37,137.0,173.0,0.0,628.0,0.0
205,37,138.0,169.0,0.0,634.0,0.0
205,37,139.0,176.0,0.0,642.0,0.0
205,37,140.0,175.0,0.0,644.0,0.0
205,37,141.0,176.0,0.0,649.0,0.0
205,37,142.0,176.0,0.0,652.0,0.0
205,37,143.0,175.0,0.0,655.0,0.0
205,37,144.0,170.0,0.0,660.0,0.0
205,37,145.0,171.0,0.0,671.0,0.0
205,37,146.0,170.0,0.0,675.0,0.0
205,37,147.0,171.0,0.0,682.0,0.0
205,37,148.0,173.0,0.0,688.0,0.0
205,37,149.0,171.0,0.0,692.0,0.0
205,37,150.0,170.0,0.0,697.0,0.0
205,37,151.0,170.0,0.0,702.0,0.0
205,37,152.0,170.0,0.0,707.0,0.0
205,37,153.0,167.0,0.0,714.0,0.0
205,37,154.0,165.0,0.0,721.0,0.0
205,37,155.0,170.0,0.0,726.0,0.0
205,37,156.0,160.0,0.0,729.0,0.0
205,37,157.0,158.0,0.0,741.0,0.0
205,37,158.0,160.0,0.0,750.0,0.0
205,37,159.0,161.0,0.0,753.0,0.0
205,37,160.0,164.0,0.0,756.0,0.0
205,37,161.0,161.0,0.0,760.0,0.0
205,37,162.0,160.0,0.0,766.0,0.0
205,37,163.0,162.0,0.0,772.0,0.0
205,37,164.0,160.0,0.0,775.0,0.0
205,37,165.0,169.0,0.0,781.0,0.0
205,37,166.0,165.0,0.0,783.0,0.0
205,37,167.0,163.0,0.0,790.0,0.0
205,37,168.0,162.0,0.0,797.0,0.0
205,37,169.0,160.0,0.0,804.0,0.0
205,37,170.0,157.0,0.0,811.0,0.0
205,37,171.0,154.0,0.0,818.0,0.0
205,37,172.0,156.0,0.0,823.0,0.0
205,37,173.0,156.0,0.0,828.0,0.0
205,37,174.0,156.0,0.0,834.0,0.0
205,37,175.0,157.0,0.0,839.0,0.0
205,37,176.0,155.0,0.0,843.0,0.0
205,37,177.0,154.0,0.0,848.0,0.0
205,37,178.0,151.0,0.0,855.0,0.0
205,37,179.0,154.0,0.0,861.0,0.0
205,37,180.0,157.0,0.0,863.0,0.0
205,37,181.0,157.0,0.0,866.0,0.0
205,37,182.0,161.0,0.0,870.0,0.0
205,37,183.0,166.0,0.0,872.0,0.0
205,37,184.0,169.0,0.0,876.0,0.0
205,37,185.0,171.0,0.0,882.0,0.0
205,37,186.0,169.0,0.0,886.0,0.0
205,37,187.0,165.0,0.0,893.0,0.0
205,37,188.0,166.0,0.0,902.0,0.0
205,37,189.0,167.0,0.0,906.0,0.0
205,37,190.0,169.0,0.0,910.0,0.0
205,37,191.0,166.0,0.0,914.0,0.0
205,37,192.0,170.0,0.0,923.0,0.0
205,37,193.0,175.0,0.0,929.0,0.0
205,37,194.0,177.0,0.0,934.0,0.0
205,37,195.0,174.0,0.0,937.0,0.0
205,37,196.0,175.0,0.0,944.0,0.0
205,37,197.0,175.0,0.0,947.0,0.0
205,37,198.0,177.0,0.0,951.0,0.0
205,37,199.0,178.0,0.0,956.0,0.0
205,37,200.0,181.0,0.0,961.0,0.0
205,37,201.0,169.0,0.0,965.0,0.0
205,37,202.0,164.0,0.0,977.0,0.0
205,37,203.0,162.0,0.0,982.0,0.0
205,37,204.0,156.0,0.0,984.0,0.0
205,37,205.0,149.0,0.0,990.0,0.0
205,37,206.0,142.0,0.0,997.0,0.0
205,37,207.0,133.0,0.0,1004.0,0.0
205,37,208.0,126.0,0.0,1013.0,0.0
205,37,209.0,120.0,0.0,1020.0,0.0
205,37,210.0,115.0,0.0,1026.0,0.0
205,37,211.0,110.0,0.0,1031.0,0.0
205,37,212.0,107.0,0.0,1036.0,0.0
205,37,213.0,98.0,0.0,1039.0,0.0
205,37,214.0,94.0,0.0,1048.0,0.0
205,37,215.0,91.0,0.0,1052.0,0.0
205,37,216.0,88.0,0.0,1055.0,0.0
205,37,217.0,84.0,0.0,1058.0,0.0
205,37,218.0,79.0,0.0,1062.0,0.0
205,37,219.0,78.0,0.0,1067.0,0.0
205,37,220.0,73.0,0.0,1068.0,0.0
205,37,221.0,66.0,0.0,1073.0,0.0
205,37,222.0,59.0,0.0,1080.0,0.0
205,37,223.0,54.0,0.0,1087.0,0.0
205,37,224.0,49.0,0.0,1092.0,0.0
205,37,225.0,48.0,0.0,1097.0,0.0
205,37,226.0,44.0,0.0,1098.0,0.0
205,37,227.0,40.0,0.0,1102.0,0.0
205,37,228.0,36.0,0.0,1106.0,0.0
205,37,229.0,35.0,0.0,1110.0,0.0
205,37,230.0,32.0,0.0,1111.0,0.0
205,37,231.0,29.0,0.0,1114.0,0.0
205,37,232.0,27.0,0.0,1117.0,0.0
205,37,233.0,25.0,0.0,1119.0,0.0
205,37,234.0,24.0,0.0,1121.0,0.0
205,37,235.0,19.0,0.0,1122.0,0.0
205,37,236.0,18.0,0.0,1127.0,0.0
205,37,237.0,17.0,0.0,1128.0,0.0
205,37,238.0,16.0,0.0,1129.0,0.0
205,37,239.0,15.0,0.0,1130.0,0.0
205,37,240.0,15.0,0.0,1131.0,0.0
205,37,241.0,15.0,0.0,1131.0,0.0
205,37,242.0,14.0,0.0,1131.0,0.0
205,37,243.0,12.0,0.0,1132.0,0.0
205,37,244.0,12.0,0.0,1134.0,0.0
205,37,245.0,12.0,0.0,1134.0,0.0
205,37,246.0,12.0,0.0,1134.0,0.0
205,37,247.0,12.0,0.0,1134.0,0.0
205,37,248.0,12.0,0.0,1134.0,0.0
205,37,249.0,10.0,0.0,1134.0,0.0
205,37,250.0,9.0,0.0,1136.0,0.0
205,37,251.0,5.0,0.0,1137.0,0.0
205,37,252.0,5.0,0.0,1141.0,0.0
205,37,253.0,4.0,0.0,1141.0,0.0
205,37,254.0,4.0,0.0,1142.0,0.0
205,37,255.0,4.0,0.0,1142.0,0.0
205,37,256.0,4.0,0.0,1142.0,0.0
205,37,257.0,4.0,0.0,1142.0,0.0
205,37,258.0,4.0,0.0,1142.0,0.0
205,37,259.0,4.0,0.0,1142.0,0.0
205,37,260.0,2.0,0.0,1142.0,0.0
205,37,261.0,2.0,0.0,1144.0,0.0
205,37,262.0,2.0,0.0,1144.0,0.0
205,37,263.0,1.0,0.0,1144.0,0.0
205,37,264.0,1.0,0.0,1145.0,0.0
205,37,265.0,1.0,0.0,1145.0,0.0
205,37,266.0,1.0,0.0,1145.0,0.0
205,37,267.0,0.0,0.0,1145.0,0.0
205,37,268.0,0.0,0.0,1146.0,0.0
205,38,0.0,7.0,0.0,0.0,0.0
205,38,1.0,10.0,0.0,0.0,0.0
205,38,2.0,15.0,0.0,0.0,0.0
205,38,3.0,19.0,0.0,0.0,0.0
205,38,4.0,23.0,0.0,0.0,0.0
205,38,5.0,26.0,0.0,0.0,0.0
205,38,6.0,28.0,0.0,0.0,0.0
205,38,7.0,33.0,0.0,0.0,0.0
205,38,8.0,39.0,0.0,0.0,0.0
205,38,9.0,45.0,0.0,0.0,0.0
205,38,10.0,54.0,0.0,0.0,0.0
205,38,11.0,63.0,0.0,0.0,0.0
205,38,12.0,70.0,0.0,0.0,0.0
205,38,13.0,76.0,0.0,1.0,0.0
205,38,14.0,81.0,0.0,1.0,0.0
205,38,15.0,85.0,0.0,1.0,0.0
205,38,16.0,94.0,0.0,1.0,0.0
205,38,17.0,99.0,0.0,2.0,0.0
205,38,18.0,102.0,0.0,2.0,0.0
205,38,19.0,107.0,0.0,3.0,0.0
205,38,20.0,109.0,0.0,4.0,0.0
205,38,21.0,115.0,0.0,6.0,0.0
205,38,22.0,119.0,0.0,6.0,0.0
205,38,23.0,124.0,0.0,8.0,0.0
205,38,24.0,126.0,0.0,9.0,0.0
205,38,25.0,129.0,0.0,11.0,0.0
205,38,26.0,130.0,0.0,14.0,0.0
205,38,27.0,131.0,0.0,16.0,0.0
205,38,28.0,131.0,0.0,19.0,0.0
205,38,29.0,133.0,0.0,23.0,0.0
205,38,30.0,134.0,0.0,25.0,0.0
205,38,31.0,133.0,0.0,31.0,0.0
205,38,32.0,130.0,0.0,35.0,0.0
205,38,33.0,130.0,0.0,43.0,0.0
205,38,34.0,129.0,0.0,49.0,0.0
205,38,35.0,126.0,0.0,56.0,0.0
205,38,36.0,126.0,0.0,62.0,0.0
205,38,37.0,125.0,0.0,66.0,0.0
205,38,38.0,126.0,0.0,72.0,0.0
205,38,39.0,129.0,0.0,77.0,0.0
205,38,40.0,132.0,0.0,81.0,0.0
205,38,41.0,134.0,0.0,85.0,0.0
205,38,42.0,142.0,0.0,88.0,0.0
205,38,43.0,145.0,0.0,90.0,0.0
205,38,44.0,146.0,0.0,95.0,0.0
205,38,45.0,149.0,0.0,98.0,0.0
205,38,46.0,148.0,0.0,100.0,0.0
205,38,47.0,151.0,0.0,105.0,0.0
205,38,48.0,151.0,0.0,110.0,0.0
205,38,49.0,149.0,0.0,114.0,0.0
205,38,50.0,151.0,0.0,119.0,0.0
205,38,51.0,152.0,0.0,122.0,0.0
205,38,52.0,153.0,0.0,126.0,0.0
205,38,53.0,156.0,0.0,131.0,0.0
205,38,54.0,154.0,0.0,132.0,0.0
205,38,55.0,153.0,0.0,138.0,0.0
205,38,56.0,155.0,0.0,143.0,0.0
205,38,57.0,156.0,0.0,147.0,0.0
205,38,58.0,152.0,0.0,152.0,0.0
205,38,59.0,153.0,0.0,159.0,0.0
205,38,60.0,157.0,0.0,163.0,0.0
205,38,61.0,158.0,0.0,166.0,0.0
205,38,62.0,157.0,0.0,171.0,0.0
205,38,63.0,155.0,0.0,178.0,0.0
205,38,64.0,159.0,0.0,184.0,0.0
205,38,65.0,158.0,0.0,187.0,0.0
205,38,66.0,152.0,0.0,193.0,0.0
205,38,67.0,151.0,0.0,202.0,0.0
205,38,68.0,153.0,0.0,209.0,0.0
205,38,69.0,153.0,0.0,213.0,0.0
205,38,70.0,158.0,0.0,219.0,0.0
205,38,71.0,159.0,0.0,221.0,0.0
205,38,72.0,163.0,0.0,223.0,0.0
205,38,73.0,164.0,0.0,226.0,0.0
205,38,74.0,164.0,0.0,228.0,0.0
205,38,75.0,166.0,0.0,232.0,0.0
205,38,76.0,165.0,0.0,237.0,0.0
205,38,77.0,167.0,0.0,244.0,0.0
205,38,78.0,171.0,0.0,249.0,0.0
205,38,79.0,166.0,0.0,250.0,0.0
205,38,80.0,167.0,0.0,259.0,0.0
205,38,81.0,170.0,0.0,264.0,0.0
205,38,82.0,169.0,0.0,268.0,0.0
205,38,83.0,171.0,0.0,271.0,0.0
205,38,84.0,171.0,0.0,277.0,0.0
205,38,85.0,173.0,0.0,281.0,0.0
205,38,86.0,173.0,0.0,285.0,0.0
205,38,87.0,176.0,0.0,292.0,0.0
205,38,88.0,176.0,0.0,295.0,0.0
205,38,89.0,174.0,0.0,302.0,0.0
205,38,90.0,182.0,0.0,308.0,0.0
205,38,91.0,179.0,0.0,309.0,0.0
205,38,92.0,179.0,0.0,317.0,0.0
205,38,93.0,174.0,0.0,323.0,0.0
205,38,94.0,178.0,0.0,332.0,0.0
205,38,95.0,175.0,0.0,338.0,0.0
205,38,96.0,175.0,0.0,345.0,0.0
205,38,97.0,172.0,0.0,350.0,0.0
205,38,98.0,176.0,0.0,357.0,0.0
205,38,99.0,183.0,0.0,361.0,0.0
205,38,100.0,180.0,0.0,363.0,0.0
205,38,101.0,179.0,0.0,370.0,0.0
205,38,102.0,179.0,0.0,378.0,0.0
205,38,103.0,175.0,0.0,381.0,0.0
205,38,104.0,173.0,0.0,390.0,0.0
205,38,105.0,176.0,0.0,396.0,0.0
205,38,106.0,174.0,0.0,401.0,0.0
205,38,107.0,176.0,0.0,406.0,0.0
205,38,108.0,175.0,0.0,410.0,0.0
205,38,109.0,175.0,0.0,417.0,0.0
205,38,110.0,175.0,0.0,424.0,0.0
205,38,111.0,174.0,0.0,430.0,0.0
205,38,112.0,173.0,0.0,436.0,0.0
205,38,113.0,169.0,0.0,439.0,0.0
205,38,114.0,170.0,0.0,446.0,0.0
205,38,115.0,165.0,0.0,449.0,0.0
205,38,116.0,167.0,0.0,456.0,0.0
205,38,117.0,169.0,0.0,461.0,0.0
205,38,118.0,167.0,0.0,466.0,0.0
205,38,119.0,164.0,0.0,473.0,0.0
205,38,120.0,169.0,0.0,481.0,0.0
205,38,121.0,172.0,0.0,485.0,0.0
205,38,122.0,170.0,0.0,491.0,0.0
205,38,123.0,170.0,0.0,499.0,0.0
205,38,124.0,167.0,0.0,505.0,0.0
205,38,125.0,171.0,0.0,514.0,0.0
205,38,126.0,170.0,0.0,517.0,0.0
205,38,127.0,172.0,0.0,522.0,0.0
205,38,128.0,170.0,0.0,524.0,0.0
205,38,129.0,169.0,0.0,531.0,0.0
205,38,130.0,166.0,0.0,535.0,0.0
205,38,131.0,165.0,0.0,544.0,0.0
205,38,132.0,164.0,0.0,549.0,0.0
205,38,133.0,166.0,0.0,553.0,0.0
205,38,134.0,168.0,0.0,559.0,0.0
205,38,135.0,167.0,0.0,565.0,0.0
205,38,136.0,164.0,0.0,569.0,0.0
205,38,137.0,168.0,0.0,576.0,0.0
205,38,138.0,171.0,0.0,580.0,0.0
205,38,139.0,168.0,0.0,584.0,0.0
205,38,140.0,169.0,0.0,593.0,0.0
205,38,141.0,168.0,0.0,597.0,0.0
205,38,142.0,166.0,0.0,600.0,0.0
205,38,143.0,169.0,0.0,605.0,0.0
205,38,144.0,172.0,0.0,608.0,0.0
205,38,145.0,169.0,0.0,612.0,0.0
205,38,146.0,172.0,0.0,622.0,0.0
205,38,147.0,172.0,0.0,626.0,0.0
205,38,148.0,167.0,0.0,633.0,0.0
205,38,149.0,170.0,0.0,641.0,0.0
205,38,150.0,169.0,0.0,646.0,0.0
205,38,151.0,172.0,0.0,654.0,0.0
205,38,152.0,178.0,0.0,657.0,0.0
205,38,153.0,185.0,0.0,658.0,0.0
205,38,154.0,180.0,0.0,662.0,0.0
205,38,155.0,185.0,0.0,671.0,0.0
205,38,156.0,192.0,0.0,675.0,0.0
205,38,157.0,189.0,0.0,677.0,0.0
205,38,158.0,186.0,0.0,683.0,0.0
205,38,159.0,185.0,0.0,690.0,0.0
205,38,160.0,191.0,0.0,695.0,0.0
205,38,161.0,189.0,0.0,697.0,0.0
205,38,162.0,182.0,0.0,703.0,0.0
205,38,163.0,182.0,0.0,713.0,0.0
205,38,164.0,183.0,0.0,719.0,0.0
205,38,165.0,185.0,0.0,725.0,0.0
205,38,166.0,180.0,0.0,728.0,0.0
205,38,167.0,177.0,0.0,736.0,0.0
205,38,168.0,170.0,0.0,743.0,0.0
205,38,169.0,167.0,0.0,753.0,0.0
205,38,170.0,165.0,0.0,759.0,0.0
205,38,171.0,167.0,0.0,765.0,0.0
205,38,172.0,168.0,0.0,770.0,0.0
205,38,173.0,165.0,0.0,774.0,0.0
205,38,174.0,166.0,0.0,780.0,0.0
205,38,175.0,164.0,0.0,784.0,0.0
205,38,176.0,169.0,0.0,792.0,0.0
205,38,177.0,168.0,0.0,795.0,0.0
205,38,178.0,170.0,0.0,801.0,0.0
205,38,179.0,170.0,0.0,806.0,0.0
205,38,180.0,171.0,0.0,814.0,0.0
205,38,181.0,168.0,0.0,819.0,0.0
205,38,182.0,171.0,0.0,827.0,0.0
205,38,183.0,171.0,0.0,831.0,0.0
205,38,184.0,167.0,0.0,836.0,0.0
205,38,185.0,164.0,0.0,844.0,0.0
205,38,186.0,164.0,0.0,852.0,0.0
205,38,187.0,164.0,0.0,858.0,0.0
205,38,188.0,167.0,0.0,862.0,0.0
205,38,189.0,163.0,0.0,866.0,0.0
205,38,190.0,164.0,0.0,872.0,0.0
205,38,191.0,167.0,0.0,878.0,0.0
205,38,192.0,167.0,0.0,882.0,0.0
205,38,193.0,160.0,0.0,886.0,0.0
205,38,194.0,160.0,0.0,895.0,0.0
205,38,195.0,157.0,0.0,899.0,0.0
205,38,196.0,154.0,0.0,906.0,0.0
205,38,197.0,155.0,0.0,911.0,0.0
205,38,198.0,155.0,0.0,917.0,0.0
205,38,199.0,153.0,0.0,922.0,0.0
205,38,200.0,152.0,0.0,929.0,0.0
205,38,201.0,145.0,0.0,934.0,0.0
205,38,202.0,142.0,0.0,941.0,0.0
205,38,203.0,134.0,0.0,944.0,0.0
205,38,204.0,128.0,0.0,952.0,0.0
205,38,205.0,117.0,0.0,958.0,0.0
205,38,206.0,112.0,0.0,969.0,0.0
205,38,207.0,105.0,0.0,974.0,0.0
205,38,208.0,102.0,0.0,981.0,0.0
205,38,209.0,100.0,0.0,984.0,0.0
205,38,210.0,96.0,0.0,986.0,0.0
205,38,211.0,91.0,0.0,990.0,0.0
205,38,212.0,85.0,0.0,995.0,0.0
205,38,213.0,80.0,0.0,1001.0,0.0
205,38,214.0,74.0,0.0,1006.0,0.0
205,38,215.0,68.0,0.0,1012.0,0.0
205,38,216.0,67.0,0.0,1018.0,0.0
205,38,217.0,64.0,0.0,1019.0,0.0
205,38,218.0,57.0,0.0,1022.0,0.0
205,38,219.0,56.0,0.0,1029.0,0.0
205,38,220.0,51.0,0.0,1030.0,0.0
205,38,221.0,47.0,0.0,1035.0,0.0
205,38,222.0,44.0,0.0,1039.0,0.0
205,38,223.0,40.0,0.0,1042.0,0.0
205,38,224.0,37.0,0.0,1046.0,0.0
205,38,225.0,35.0,0.0,1049.0,0.0
205,38,226.0,30.0,0.0,1051.0,0.0
205,38,227.0,28.0,0.0,1056.0,0.0
205,38,228.0,24.0,0.0,1058.0,0.0
205,38,229.0,23.0,0.0,1062.0,0.0
205,38,230.0,21.0,0.0,1063.0,0.0
205,38,231.0,21.0,0.0,1065.0,0.0
205,38,232.0,18.0,0.0,1065.0,0.0
205,38,233.0,17.0,0.0,1068.0,0.0
205,38,234.0,16.0,0.0,1069.0,0.0
205,38,235.0,15.0,0.0,1070.0,0.0
205,38,236.0,14.0,0.0,1071.0,0.0
205,38,237.0,13.0,0.0,1072.0,0.0
205,38,238.0,13.0,0.0,1073.0,0.0
205,38,239.0,11.0,0.0,1073.0,0.0
205,38,240.0,11.0,0.0,1075.0,0.0
205,38,241.0,11.0,0.0,1075.0,0.0
205,38,242.0,10.0,0.0,1075.0,0.0
205,38,243.0,10.0,0.0,1076.0,0.0
205,38,244.0,9.0,0.0,1076.0,0.0
205,38,245.0,9.0,0.0,1077.0,0.0
205,38,246.0,8.0,0.0,1077.0,0.0
205,38,247.0,8.0,0.0,1078.0,0.0
205,38,248.0,8.0,0.0,1078.0,0.0
205,38,249.0,7.0,0.0,1078.0,0.0
205,38,250.0,5.0,0.0,1079.0,0.0
205,38,251.0,5.0,0.0,1081.0,0.0
205,38,252.0,4.0,0.0,1081.0,0.0
205,38,253.0,3.0,0.0,1082.0,0.0
205,38,254.0,1.0,0.0,1083.0,0.0
205,38,255.0,1.0,0.0,1085.0,0.0
205,38,256.0,1.0,0.0,1085.0,0.0
205,38,257.0,0.0,0.0,1085.0,0.0
205,38,258.0,0.0,0.0,1086.0,0.0
205,39,0.0,6.0,0.0,0.0,0.0
205,39,1.0,9.0,0.0,0.0,0.0
205,39,2.0,13.0,0.0,0.0,0.0
205,39,3.0,22.0,0.0,0.0,0.0
205,39,4.0,29.0,0.0,0.0,0.0
205,39,5.0,33.0,0.0,0.0,0.0
205,39,6.0,38.0,0.0,0.0,0.0
205,39,7.0,43.0,0.0,0.0,0.0
205,39,8.0,55.0,0.0,0.0,0.0
205,39,9.0,64.0,0.0,0.0,0.0
205,39,10.0,69.0,0.0,0.0,0.0
205,39,11.0,74.0,0.0,0.0,0.0
205,39,12.0,75.0,0.0,0.0,0.0
205,39,13.0,78.0,0.0,0.0,0.0
205,39,14.0,82.0,0.0,0.0,0.0
205,39,15.0,88.0,0.0,0.0,0.0
205,39,16.0,95.0,0.0,0.0,0.0
205,39,17.0,99.0,0.0,0.0,0.0
205,39,18.0,103.0,0.0,0.0,0.0
205,39,19.0,109.0,0.0,1.0,0.0
205,39,20.0,119.0,0.0,1.0,0.0
205,39,21.0,121.0,0.0,2.0,0.0
205,39,22.0,124.0,0.0,4.0,0.0
205,39,23.0,132.0,0.0,4.0,0.0
205,39,24.0,138.0,0.0,4.0,0.0
205,39,25.0,140.0,0.0,5.0,0.0
205,39,26.0,143.0,0.0,10.0,0.0
205,39,27.0,148.0,0.0,12.0,0.0
205,39,28.0,152.0,0.0,15.0,0.0
205,39,29.0,153.0,0.0,18.0,0.0
205,39,30.0,157.0,0.0,22.0,0.0
205,39,31.0,160.0,0.0,27.0,0.0
205,39,32.0,163.0,0.0,31.0,0.0
205,39,33.0,160.0,0.0,33.0,0.0
205,39,34.0,162.0,0.0,40.0,0.0
205,39,35.0,168.0,0.0,46.0,0.0
205,39,36.0,165.0,0.0,51.0,0.0
205,39,37.0,166.0,0.0,58.0,0.0
205,39,38.0,172.0,0.0,63.0,0.0
205,39,39.0,171.0,0.0,65.0,0.0
205,39,40.0,172.0,0.0,70.0,0.0
205,39,41.0,168.0,0.0,77.0,0.0
205,39,42.0,167.0,0.0,84.0,0.0
205,39,43.0,170.0,0.0,90.0,0.0
205,39,44.0,168.0,0.0,94.0,0.0
205,39,45.0,169.0,0.0,98.0,0.0
205,39,46.0,165.0,0.0,103.0,0.0
205,39,47.0,162.0,0.0,111.0,0.0
205,39,48.0,162.0,0.0,118.0,0.0
205,39,49.0,165.0,0.0,121.0,0.0
205,39,50.0,168.0,0.0,124.0,0.0
205,39,51.0,167.0,0.0,128.0,0.0
205,39,52.0,171.0,0.0,135.0,0.0
205,39,53.0,172.0,0.0,138.0,0.0
205,39,54.0,179.0,0.0,143.0,0.0
205,39,55.0,179.0,0.0,144.0,0.0
205,39,56.0,176.0,0.0,148.0,0.0
205,39,57.0,177.0,0.0,155.0,0.0
205,39,58.0,178.0,0.0,162.0,0.0
205,39,59.0,176.0,0.0,166.0,0.0
205,39,60.0,183.0,0.0,173.0,0.0
205,39,61.0,185.0,0.0,176.0,0.0
205,39,62.0,185.0,0.0,177.0,0.0
205,39,63.0,192.0,0.0,183.0,0.0
205,39,64.0,191.0,0.0,184.0,0.0
205,39,65.0,187.0,0.0,189.0,0.0
205,39,66.0,185.0,0.0,197.0,0.0
205,39,67.0,178.0,0.0,203.0,0.0
205,39,68.0,178.0,0.0,212.0,0.0
205,39,69.0,175.0,0.0,219.0,0.0
205,39,70.0,177.0,0.0,226.0,0.0
205,39,71.0,177.0,0.0,230.0,0.0
205,39,72.0,179.0,0.0,235.0,0.0
205,39,73.0,179.0,0.0,238.0,0.0
205,39,74.0,180.0,0.0,242.0,0.0
205,39,75.0,181.0,0.0,245.0,0.0
205,39,76.0,176.0,0.0,252.0,0.0
205,39,77.0,176.0,0.0,261.0,0.0
205,39,78.0,175.0,0.0,268.0,0.0
205,39,79.0,178.0,0.0,275.0,0.0
205,39,80.0,179.0,0.0,277.0,0.0
205,39,81.0,179.0,0.0,282.0,0.0
205,39,82.0,178.0,0.0,291.0,0.0
205,39,83.0,182.0,0.0,298.0,0.0
205,39,84.0,181.0,0.0,302.0,0.0
205,39,85.0,181.0,0.0,308.0,0.0
205,39,86.0,181.0,0.0,312.0,0.0
205,39,87.0,183.0,0.0,316.0,0.0
205,39,88.0,182.0,0.0,320.0,0.0
205,39,89.0,180.0,0.0,324.0,0.0
205,39,90.0,182.0,0.0,332.0,0.0
205,39,91.0,184.0,0.0,337.0,0.0
205,39,92.0,188.0,0.0,342.0,0.0
205,39,93.0,187.0,0.0,346.0,0.0
205,39,94.0,188.0,0.0,352.0,0.0
205,39,95.0,189.0,0.0,354.0,0.0
205,39,96.0,190.0,0.0,358.0,0.0
205,39,97.0,187.0,0.0,365.0,0.0
205,39,98.0,183.0,0.0,373.0,0.0
205,39,99.0,187.0,0.0,381.0,0.0
205,39,100.0,188.0,0.0,385.0,0.0
205,39,101.0,187.0,0.0,389.0,0.0
205,39,102.0,188.0,0.0,398.0,0.0
205,39,103.0,184.0,0.0,402.0,0.0
205,39,104.0,184.0,0.0,410.0,0.0
205,39,105.0,183.0,0.0,417.0,0.0
205,39,106.0,181.0,0.0,423.0,0.0
205,39,107.0,182.0,0.0,432.0,0.0
205,39,108.0,181.0,0.0,436.0,0.0
205,39,109.0,183.0,0.0,444.0,0.0
205,39,110.0,185.0,0.0,449.0,0.0
205,39,111.0,185.0,0.0,451.0,0.0
205,39,112.0,184.0,0.0,459.0,0.0
205,39,113.0,180.0,0.0,467.0,0.0
205,39,114.0,178.0,0.0,474.0,0.0
205,39,115.0,181.0,0.0,482.0,0.0
205,39,116.0,178.0,0.0,485.0,0.0
205,39,117.0,178.0,0.0,492.0,0.0
205,39,118.0,178.0,0.0,498.0,0.0
205,39,119.0,178.0,0.0,503.0,0.0
205,39,120.0,179.0,0.0,509.0,0.0
205,39,121.0,175.0,0.0,515.0,0.0
205,39,122.0,171.0,0.0,523.0,0.0
205,39,123.0,171.0,0.0,531.0,0.0
205,39,124.0,173.0,0.0,535.0,0.0
205,39,125.0,171.0,0.0,541.0,0.0
205,39,126.0,172.0,0.0,546.0,0.0
205,39,127.0,173.0,0.0,552.0,0.0
205,39,128.0,176.0,0.0,558.0,0.0
205,39,129.0,180.0,0.0,560.0,0.0
205,39,130.0,184.0,0.0,565.0,0.0
205,39,131.0,184.0,0.0,568.0,0.0
205,39,132.0,181.0,0.0,576.0,0.0
205,39,133.0,185.0,0.0,584.0,0.0
205,39,134.0,183.0,0.0,587.0,0.0
205,39,135.0,183.0,0.0,593.0,0.0
205,39,136.0,178.0,0.0,600.0,0.0
205,39,137.0,174.0,0.0,609.0,0.0
205,39,138.0,178.0,0.0,615.0,0.0
205,39,139.0,182.0,0.0,618.0,0.0
205,39,140.0,183.0,0.0,619.0,0.0
205,39,141.0,188.0,0.0,626.0,0.0
205,39,142.0,185.0,0.0,629.0,0.0
205,39,143.0,185.0,0.0,637.0,0.0
205,39,144.0,180.0,0.0,643.0,0.0
205,39,145.0,181.0,0.0,653.0,0.0
205,39,146.0,179.0,0.0,658.0,0.0
205,39,147.0,177.0,0.0,663.0,0.0
205,39,148.0,178.0,0.0,668.0,0.0
205,39,149.0,182.0,0.0,675.0,0.0
205,39,150.0,185.0,0.0,679.0,0.0
205,39,151.0,186.0,0.0,680.0,0.0
205,39,152.0,187.0,0.0,684.0,0.0
205,39,153.0,183.0,0.0,691.0,0.0
205,39,154.0,183.0,0.0,699.0,0.0
205,39,155.0,182.0,0.0,706.0,0.0
205,39,156.0,182.0,0.0,710.0,0.0
205,39,157.0,185.0,0.0,715.0,0.0
205,39,158.0,180.0,0.0,718.0,0.0
205,39,159.0,180.0,0.0,726.0,0.0
205,39,160.0,183.0,0.0,730.0,0.0
205,39,161.0,180.0,0.0,736.0,0.0
205,39,162.0,174.0,0.0,743.0,0.0
205,39,163.0,177.0,0.0,752.0,0.0
205,39,164.0,178.0,0.0,758.0,0.0
205,39,165.0,176.0,0.0,766.0,0.0
205,39,166.0,173.0,0.0,772.0,0.0
205,39,167.0,175.0,0.0,777.0,0.0
205,39,168.0,176.0,0.0,781.0,0.0
205,39,169.0,173.0,0.0,785.0,0.0
205,39,170.0,173.0,0.0,792.0,0.0
205,39,171.0,169.0,0.0,799.0,0.0
205,39,172.0,165.0,0.0,807.0,0.0
205,39,173.0,166.0,0.0,815.0,0.0
205,39,174.0,167.0,0.0,819.0,0.0
205,39,175.0,170.0,0.0,824.0,0.0
205,39,176.0,172.0,0.0,829.0,0.0
205,39,177.0,169.0,0.0,835.0,0.0
205,39,178.0,167.0,0.0,843.0,0.0
205,39,179.0,171.0,0.0,849.0,0.0
205,39,180.0,167.0,0.0,853.0,0.0
205,39,181.0,169.0,0.0,861.0,0.0
205,39,182.0,174.0,0.0,868.0,0.0
205,39,183.0,177.0,0.0,871.0,0.0
205,39,184.0,174.0,0.0,877.0,0.0
205,39,185.0,176.0,0.0,883.0,0.0
205,39,186.0,181.0,0.0,887.0,0.0
205,39,187.0,182.0,0.0,890.0,0.0
205,39,188.0,184.0,0.0,895.0,0.0
205,39,189.0,186.0,0.0,900.0,0.0
205,39,190.0,184.0,0.0,904.0,0.0
205,39,191.0,187.0,0.0,910.0,0.0
205,39,192.0,189.0,0.0,914.0,0.0
205,39,193.0,189.0,0.0,917.0,0.0
205,39,194.0,194.0,0.0,923.0,0.0
205,39,195.0,189.0,0.0,926.0,0.0
205,39,196.0,181.0,0.0,932.0,0.0
205,39,197.0,178.0,0.0,943.0,0.0
205,39,198.0,183.0,0.0,950.0,0.0
205,39,199.0,181.0,0.0,954.0,0.0
205,39,200.0,182.0,0.0,959.0,0.0
205,39,201.0,176.0,0.0,964.0,0.0
205,39,202.0,167.0,0.0,970.0,0.0
205,39,203.0,156.0,0.0,979.0,0.0
205,39,204.0,151.0,0.0,990.0,0.0
205,39,205.0,144.0,0.0,995.0,0.0
205,39,206.0,135.0,0.0,1002.0,0.0
205,39,207.0,131.0,0.0,1011.0,0.0
205,39,208.0,125.0,0.0,1015.0,0.0
205,39,209.0,116.0,0.0,1021.0,0.0
205,39,210.0,112.0,0.0,1030.0,0.0
205,39,211.0,109.0,0.0,1034.0,0.0
205,39,212.0,101.0,0.0,1037.0,0.0
205,39,213.0,94.0,0.0,1045.0,0.0
205,39,214.0,86.0,0.0,1052.0,0.0
205,39,215.0,81.0,0.0,1060.0,0.0
205,39,216.0,74.0,0.0,1065.0,0.0
205,39,217.0,71.0,0.0,1072.0,0.0
205,39,218.0,68.0,0.0,1075.0,0.0
205,39,219.0,61.0,0.0,1078.0,0.0
205,39,220.0,58.0,0.0,1085.0,0.0
205,39,221.0,52.0,0.0,1088.0,0.0
205,39,222.0,43.0,0.0,1094.0,0.0
205,39,223.0,37.0,0.0,1103.0,0.0
205,39,224.0,34.0,0.0,1109.0,0.0
205,39,225.0,30.0,0.0,1112.0,0.0
205,39,226.0,29.0,0.0,1116.0,0.0
205,39,227.0,28.0,0.0,1117.0,0.0
205,39,228.0,26.0,0.0,1118.0,0.0
205,39,229.0,25.0,0.0,1120.0,0.0
205,39,230.0,25.0,0.0,1121.0,0.0
205,39,231.0,24.0,0.0,1121.0,0.0
205,39,232.0,24.0,0.0,1122.0,0.0
205,39,233.0,24.0,0.0,1122.0,0.0
205,39,234.0,21.0,0.0,1122.0,0.0
205,39,235.0,21.0,0.0,1125.0,0.0
205,39,236.0,21.0,0.0,1125.0,0.0
205,39,237.0,21.0,0.0,1125.0,0.0
205,39,238.0,20.0,0.0,1125.0,0.0
205,39,239.0,20.0,0.0,1126.0,0.0
205,39,240.0,20.0,0.0,1126.0,0.0
205,39,241.0,18.0,0.0,1126.0,0.0
205,39,242.0,17.0,0.0,1128.0,0.0
205,39,243.0,17.0,0.0,1129.0,0.0
205,39,244.0,15.0,0.0,1129.0,0.0
205,39,245.0,15.0,0.0,1131.0,0.0
205,39,246.0,15.0,0.0,1131.0,0.0
205,39,247.0,15.0,0.0,1131.0,0.0
205,39,248.0,12.0,0.0,1131.0,0.0
205,39,249.0,12.0,0.0,1134.0,0.0
205,39,250.0,10.0,0.0,1134.0,0.0
205,39,251.0,8.0,0.0,1136.0,0.0
205,39,252.0,7.0,0.0,1138.0,0.0
205,39,253.0,6.0,0.0,1139.0,0.0
205,39,254.0,5.0,0.0,1140.0,0.0
205,39,255.0,4.0,0.0,1141.0,0.0
205,39,256.0,4.0,0.0,1142.0,0.0
205,39,257.0,4.0,0.0,1142.0,0.0
205,39,258.0,3.0,0.0,1142.0,0.0
205,39,259.0,3.0,0.0,1143.0,0.0
205,39,260.0,3.0,0.0,1143.0,0.0
205,39,261.0,3.0,0.0,1143.0,0.0
205,39,262.0,2.0,0.0,1143.0,0.0
205,39,263.0,2.0,0.0,1144.0,0.0
205,39,264.0,1.0,0.0,1144.0,0.0
205,39,265.0,1.0,0.0,1145.0,0.0
205,39,266.0,1.0,0.0,1145.0,0.0
205,39,267.0,0.0,0.0,1145.0,0.0
205,39,268.0,0.0,0.0,1146.0,0.0
205,40,0.0,5.0,0.0,0.0,0.0
205,40,1.0,10.0,0.0,0.0,0.0
205,40,2.0,16.0,0.0,0.0,0.0
205,40,3.0,22.0,0.0,0.0,0.0
205,40,4.0,30.0,0.0,0.0,0.0
205,40,5.0,36.0,0.0,0.0,0.0
205,40,6.0,39.0,0.0,0.0,0.0
205,40,7.0,49.0,0.0,0.0,0.0
205,40,8.0,51.0,0.0,0.0,0.0
205,40,9.0,56.0,0.0,0.0,0.0
205,40,10.0,63.0,0.0,0.0,0.0
205,40,11.0,67.0,0.0,0.0,0.0
205,40,12.0,75.0,0.0,0.0,0.0
205,40,13.0,80.0,0.0,0.0,0.0
205,40,14.0,83.0,0.0,0.0,0.0
205,40,15.0,93.0,0.0,0.0,0.0
205,40,16.0,100.0,0.0,0.0,0.0
205,40,17.0,105.0,0.0,0.0,0.0
205,40,18.0,110.0,0.0,1.0,0.0
205,40,19.0,113.0,0.0,1.0,0.0
205,40,20.0,117.0,0.0,3.0,0.0
205,40,21.0,119.0,0.0,4.0,0.0
205,40,22.0,121.0,0.0,5.0,0.0
205,40,23.0,126.0,0.0,9.0,0.0
205,40,24.0,132.0,0.0,10.0,0.0
205,40,25.0,135.0,0.0,11.0,0.0
205,40,26.0,135.0,0.0,14.0,0.0
205,40,27.0,138.0,0.0,18.0,0.0
205,40,28.0,141.0,0.0,21.0,0.0
205,40,29.0,141.0,0.0,25.0,0.0
205,40,30.0,140.0,0.0,27.0,0.0
205,40,31.0,144.0,0.0,34.0,0.0
205,40,32.0,148.0,0.0,36.0,0.0
205,40,33.0,148.0,0.0,42.0,0.0
205,40,34.0,149.0,0.0,48.0,0.0
205,40,35.0,150.0,0.0,53.0,0.0
205,40,36.0,152.0,0.0,56.0,0.0
205,40,37.0,154.0,0.0,60.0,0.0
205,40,38.0,153.0,0.0,66.0,0.0
205,40,39.0,152.0,0.0,71.0,0.0
205,40,40.0,153.0,0.0,77.0,0.0
205,40,41.0,156.0,0.0,81.0,0.0
205,40,42.0,156.0,0.0,83.0,0.0
205,40,43.0,157.0,0.0,88.0,0.0
205,40,44.0,157.0,0.0,90.0,0.0
205,40,45.0,154.0,0.0,93.0,0.0
205,40,46.0,151.0,0.0,99.0,0.0
205,40,47.0,152.0,0.0,104.0,0.0
205,40,48.0,153.0,0.0,109.0,0.0
205,40,49.0,153.0,0.0,116.0,0.0
205,40,50.0,157.0,0.0,120.0,0.0
205,40,51.0,155.0,0.0,123.0,0.0
205,40,52.0,160.0,0.0,129.0,0.0
205,40,53.0,161.0,0.0,131.0,0.0
205,40,54.0,162.0,0.0,135.0,0.0
205,40,55.0,161.0,0.0,138.0,0.0
205,40,56.0,160.0,0.0,145.0,0.0
205,40,57.0,156.0,0.0,148.0,0.0
205,40,58.0,158.0,0.0,158.0,0.0
205,40,59.0,155.0,0.0,162.0,0.0
205,40,60.0,159.0,0.0,168.0,0.0
205,40,61.0,164.0,0.0,171.0,0.0
205,40,62.0,159.0,0.0,174.0,0.0
205,40,63.0,159.0,0.0,182.0,0.0
205,40,64.0,161.0,0.0,187.0,0.0
205,40,65.0,166.0,0.0,192.0,0.0
205,40,66.0,164.0,0.0,198.0,0.0
205,40,67.0,162.0,0.0,203.0,0.0
205,40,68.0,163.0,0.0,210.0,0.0
205,40,69.0,167.0,0.0,213.0,0.0
205,40,70.0,161.0,0.0,217.0,0.0
205,40,71.0,162.0,0.0,224.0,0.0
205,40,72.0,166.0,0.0,229.0,0.0
205,40,73.0,164.0,0.0,235.0,0.0
205,40,74.0,165.0,0.0,241.0,0.0
205,40,75.0,167.0,0.0,246.0,0.0
205,40,76.0,169.0,0.0,251.0,0.0
205,40,77.0,170.0,0.0,253.0,0.0
205,40,78.0,167.0,0.0,256.0,0.0
205,40,79.0,171.0,0.0,264.0,0.0
205,40,80.0,172.0,0.0,269.0,0.0
205,40,81.0,168.0,0.0,271.0,0.0
205,40,82.0,167.0,0.0,279.0,0.0
205,40,83.0,167.0,0.0,283.0,0.0
205,40,84.0,162.0,0.0,292.0,0.0
205,40,85.0,163.0,0.0,302.0,0.0
205,40,86.0,166.0,0.0,307.0,0.0
205,40,87.0,164.0,0.0,315.0,0.0
205,40,88.0,163.0,0.0,319.0,0.0
205,40,89.0,162.0,0.0,323.0,0.0
205,40,90.0,168.0,0.0,328.0,0.0
205,40,91.0,166.0,0.0,329.0,0.0
205,40,92.0,164.0,0.0,337.0,0.0
205,40,93.0,168.0,0.0,344.0,0.0
205,40,94.0,169.0,0.0,347.0,0.0
205,40,95.0,163.0,0.0,350.0,0.0
205,40,96.0,162.0,0.0,359.0,0.0
205,40,97.0,160.0,0.0,363.0,0.0
205,40,98.0,163.0,0.0,366.0,0.0
205,40,99.0,164.0,0.0,371.0,0.0
205,40,100.0,162.0,0.0,374.0,0.0
205,40,101.0,157.0,0.0,382.0,0.0
205,40,102.0,158.0,0.0,392.0,0.0
205,40,103.0,163.0,0.0,395.0,0.0
205,40,104.0,159.0,0.0,399.0,0.0
205,40,105.0,160.0,0.0,407.0,0.0
205,40,106.0,163.0,0.0,412.0,0.0
205,40,107.0,165.0,0.0,417.0,0.0
205,40,108.0,169.0,0.0,421.0,0.0
205,40,109.0,166.0,0.0,423.0,0.0
205,40,110.0,162.0,0.0,431.0,0.0
205,40,111.0,161.0,0.0,438.0,0.0
205,40,112.0,162.0,0.0,446.0,0.0
205,40,113.0,163.0,0.0,451.0,0.0
205,40,114.0,165.0,0.0,456.0,0.0
205,40,115.0,166.0,0.0,460.0,0.0
205,40,116.0,168.0,0.0,465.0,0.0
205,40,117.0,172.0,0.0,469.0,0.0
205,40,118.0,175.0,0.0,471.0,0.0
205,40,119.0,177.0,0.0,476.0,0.0
205,40,120.0,177.0,0.0,480.0,0.0
205,40,121.0,176.0,0.0,487.0,0.0
205,40,122.0,180.0,0.0,494.0,0.0
205,40,123.0,180.0,0.0,498.0,0.0
205,40,124.0,177.0,0.0,502.0,0.0
205,40,125.0,177.0,0.0,510.0,0.0
205,40,126.0,180.0,0.0,513.0,0.0
205,40,127.0,174.0,0.0,516.0,0.0
205,40,128.0,173.0,0.0,527.0,0.0
205,40,129.0,171.0,0.0,533.0,0.0
205,40,130.0,167.0,0.0,539.0,0.0
205,40,131.0,165.0,0.0,544.0,0.0
205,40,132.0,164.0,0.0,552.0,0.0
205,40,133.0,154.0,0.0,558.0,0.0
205,40,134.0,151.0,0.0,571.0,0.0
205,40,135.0,154.0,0.0,577.0,0.0
205,40,136.0,157.0,0.0,581.0,0.0
205,40,137.0,155.0,0.0,585.0,0.0
205,40,138.0,154.0,0.0,589.0,0.0
205,40,139.0,153.0,0.0,595.0,0.0
205,40,140.0,151.0,0.0,601.0,0.0
205,40,141.0,149.0,0.0,607.0,0.0
205,40,142.0,153.0,0.0,614.0,0.0
205,40,143.0,150.0,0.0,618.0,0.0
205,40,144.0,152.0,0.0,626.0,0.0
205,40,145.0,151.0,0.0,630.0,0.0
205,40,146.0,153.0,0.0,638.0,0.0
205,40,147.0,153.0,0.0,644.0,0.0
205,40,148.0,153.0,0.0,647.0,0.0
205,40,149.0,157.0,0.0,652.0,0.0
205,40,150.0,156.0,0.0,655.0,0.0
205,40,151.0,156.0,0.0,661.0,0.0
205,40,152.0,155.0,0.0,667.0,0.0
205,40,153.0,154.0,0.0,671.0,0.0
205,40,154.0,154.0,0.0,677.0,0.0
205,40,155.0,153.0,0.0,680.0,0.0
205,40,156.0,152.0,0.0,687.0,0.0
205,40,157.0,153.0,0.0,694.0,0.0
205,40,158.0,154.0,0.0,698.0,0.0
205,40,159.0,157.0,0.0,700.0,0.0
205,40,160.0,154.0,0.0,706.0,0.0
205,40,161.0,152.0,0.0,713.0,0.0
205,40,162.0,150.0,0.0,721.0,0.0
205,40,163.0,146.0,0.0,726.0,0.0
205,40,164.0,146.0,0.0,732.0,0.0
205,40,165.0,145.0,0.0,736.0,0.0
205,40,166.0,145.0,0.0,741.0,0.0
205,40,167.0,152.0,0.0,747.0,0.0
205,40,168.0,150.0,0.0,750.0,0.0
205,40,169.0,153.0,0.0,757.0,0.0
205,40,170.0,153.0,0.0,762.0,0.0
205,40,171.0,155.0,0.0,767.0,0.0
205,40,172.0,151.0,0.0,773.0,0.0
205,40,173.0,149.0,0.0,780.0,0.0
205,40,174.0,150.0,0.0,785.0,0.0
205,40,175.0,154.0,0.0,792.0,0.0
205,40,176.0,156.0,0.0,794.0,0.0
205,40,177.0,158.0,0.0,801.0,0.0
205,40,178.0,157.0,0.0,806.0,0.0
205,40,179.0,157.0,0.0,810.0,0.0
205,40,180.0,155.0,0.0,817.0,0.0
205,40,181.0,150.0,0.0,822.0,0.0
205,40,182.0,153.0,0.0,832.0,0.0
205,40,183.0,152.0,0.0,836.0,0.0
205,40,184.0,147.0,0.0,840.0,0.0
205,40,185.0,148.0,0.0,848.0,0.0
205,40,186.0,150.0,0.0,849.0,0.0
205,40,187.0,150.0,0.0,852.0,0.0
205,40,188.0,153.0,0.0,858.0,0.0
205,40,189.0,154.0,0.0,860.0,0.0
205,40,190.0,150.0,0.0,865.0,0.0
205,40,191.0,147.0,0.0,870.0,0.0
205,40,192.0,148.0,0.0,875.0,0.0
205,40,193.0,150.0,0.0,880.0,0.0
205,40,194.0,149.0,0.0,887.0,0.0
205,40,195.0,150.0,0.0,891.0,0.0
205,40,196.0,150.0,0.0,893.0,0.0
205,40,197.0,148.0,0.0,898.0,0.0
205,40,198.0,148.0,0.0,904.0,0.0
205,40,199.0,149.0,0.0,911.0,0.0
205,40,200.0,146.0,0.0,916.0,0.0
205,40,201.0,141.0,0.0,921.0,0.0
205,40,202.0,134.0,0.0,926.0,0.0
205,40,203.0,129.0,0.0,933.0,0.0
205,40,204.0,120.0,0.0,938.0,0.0
205,40,205.0,114.0,0.0,947.0,0.0
205,40,206.0,112.0,0.0,953.0,0.0
205,40,207.0,108.0,0.0,955.0,0.0
205,40,208.0,102.0,0.0,959.0,0.0
205,40,209.0,99.0,0.0,965.0,0.0
205,40,210.0,95.0,0.0,968.0,0.0
205,40,211.0,93.0,0.0,972.0,0.0
205,40,212.0,90.0,0.0,974.0,0.0
205,40,213.0,85.0,0.0,977.0,0.0
205,40,214.0,83.0,0.0,982.0,0.0
205,40,215.0,79.0,0.0,984.0,0.0
205,40,216.0,75.0,0.0,988.0,0.0
205,40,217.0,74.0,0.0,992.0,0.0
205,40,218.0,71.0,0.0,993.0,0.0
205,40,219.0,66.0,0.0,996.0,0.0
205,40,220.0,57.0,0.0,1001.0,0.0
205,40,221.0,53.0,0.0,1010.0,0.0
205,40,222.0,50.0,0.0,1014.0,0.0
205,40,223.0,46.0,0.0,1017.0,0.0
205,40,224.0,44.0,0.0,1021.0,0.0
205,40,225.0,42.0,0.0,1023.0,0.0
205,40,226.0,38.0,0.0,1025.0,0.0
205,40,227.0,34.0,0.0,1029.0,0.0
205,40,228.0,27.0,0.0,1033.0,0.0
205,40,229.0,27.0,0.0,1040.0,0.0
205,40,230.0,27.0,0.0,1040.0,0.0
205,40,231.0,26.0,0.0,1040.0,0.0
205,40,232.0,23.0,0.0,1041.0,0.0
205,40,233.0,21.0,0.0,1044.0,0.0
205,40,234.0,19.0,0.0,1046.0,0.0
205,40,235.0,18.0,0.0,1048.0,0.0
205,40,236.0,17.0,0.0,1049.0,0.0
205,40,237.0,17.0,0.0,1050.0,0.0
205,40,238.0,16.0,0.0,1050.0,0.0
205,40,239.0,13.0,0.0,1051.0,0.0
205,40,240.0,13.0,0.0,1054.0,0.0
205,40,241.0,13.0,0.0,1054.0,0.0
205,40,242.0,12.0,0.0,1054.0,0.0
205,40,243.0,12.0,0.0,1055.0,0.0
205,40,244.0,11.0,0.0,1055.0,0.0
205,40,245.0,11.0,0.0,1056.0,0.0
205,40,246.0,9.0,0.0,1056.0,0.0
205,40,247.0,9.0,0.0,1058.0,0.0
205,40,248.0,9.0,0.0,1058.0,0.0
205,40,249.0,7.0,0.0,1058.0,0.0
205,40,250.0,7.0,0.0,1060.0,0.0
205,40,251.0,7.0,0.0,1060.0,0.0
205,40,252.0,7.0,0.0,1060.0,0.0
205,40,253.0,7.0,0.0,1060.0,0.0
205,40,254.0,7.0,0.0,1060.0,0.0
205,40,255.0,5.0,0.0,1060.0,0.0
205,40,256.0,2.0,0.0,1062.0,0.0
205,40,257.0,1.0,0.0,1065.0,0.0
205,40,258.0,1.0,0.0,1066.0,0.0
205,40,259.0,1.0,0.0,1066.0,0.0
205,40,260.0,1.0,0.0,1066.0,0.0
205,40,261.0,1.0,0.0,1066.0,0.0
205,40,262.0,1.0,0.0,1066.0,0.0
205,40,263.0,1.0,0.0,1066.0,0.0
205,40,264.0,1.0,0.0,1066.0,0.0
205,40,265.0,1.0,0.0,1066.0,0.0
205,40,266.0,1.0,0.0,1066.0,0.0
205,40,267.0,1.0,0.0,1066.0,0.0
205,40,268.0,1.0,0.0,1066.0,0.0
205,40,269.0,0.0,0.0,1066.0,0.0
205,40,270.0,0.0,0.0,1067.0,0.0
205,41,0.0,8.0,0.0,0.0,0.0
205,41,1.0,14.0,0.0,0.0,0.0
205,41,2.0,18.0,0.0,0.0,0.0
205,41,3.0,24.0,0.0,0.0,0.0
205,41,4.0,29.0,0.0,0.0,0.0
205,41,5.0,35.0,0.0,0.0,0.0
205,41,6.0,40.0,0.0,0.0,0.0
205,41,7.0,44.0,0.0,0.0,0.0
205,41,8.0,54.0,0.0,0.0,0.0
205,41,9.0,57.0,0.0,0.0,0.0
205,41,10.0,63.0,0.0,0.0,0.0
205,41,11.0,67.0,0.0,0.0,0.0
205,41,12.0,71.0,0.0,0.0,0.0
205,41,13.0,77.0,0.0,0.0,0.0
205,41,14.0,83.0,0.0,0.0,0.0
205,41,15.0,90.0,0.0,0.0,0.0
205,41,16.0,95.0,0.0,0.0,0.0
205,41,17.0,99.0,0.0,0.0,0.0
205,41,18.0,100.0,0.0,2.0,0.0
205,41,19.0,104.0,0.0,4.0,0.0
205,41,20.0,107.0,0.0,4.0,0.0
205,41,21.0,111.0,0.0,5.0,0.0
205,41,22.0,113.0,0.0,5.0,0.0
205,41,23.0,117.0,0.0,8.0,0.0
205,41,24.0,122.0,0.0,9.0,0.0
205,41,25.0,121.0,0.0,10.0,0.0
205,41,26.0,126.0,0.0,13.0,0.0
205,41,27.0,127.0,0.0,14.0,0.0
205,41,28.0,130.0,0.0,17.0,0.0
205,41,29.0,131.0,0.0,19.0,0.0
205,41,30.0,129.0,0.0,23.0,0.0
205,41,31.0,129.0,0.0,30.0,0.0
205,41,32.0,129.0,0.0,35.0,0.0
205,41,33.0,132.0,0.0,39.0,0.0
205,41,34.0,135.0,0.0,45.0,0.0
205,41,35.0,139.0,0.0,49.0,0.0
205,41,36.0,139.0,0.0,52.0,0.0
205,41,37.0,138.0,0.0,58.0,0.0
205,41,38.0,137.0,0.0,63.0,0.0
205,41,39.0,137.0,0.0,67.0,0.0
205,41,40.0,139.0,0.0,69.0,0.0
205,41,41.0,138.0,0.0,72.0,0.0
205,41,42.0,140.0,0.0,80.0,0.0
205,41,43.0,139.0,0.0,85.0,0.0
205,41,44.0,143.0,0.0,89.0,0.0
205,41,45.0,143.0,0.0,91.0,0.0
205,41,46.0,138.0,0.0,94.0,0.0
205,41,47.0,139.0,0.0,102.0,0.0
205,41,48.0,137.0,0.0,105.0,0.0
205,41,49.0,141.0,0.0,109.0,0.0
205,41,50.0,146.0,0.0,110.0,0.0
205,41,51.0,146.0,0.0,114.0,0.0
205,41,52.0,150.0,0.0,120.0,0.0
205,41,53.0,150.0,0.0,122.0,0.0
205,41,54.0,148.0,0.0,127.0,0.0
205,41,55.0,149.0,0.0,131.0,0.0
205,41,56.0,143.0,0.0,134.0,0.0
205,41,57.0,144.0,0.0,144.0,0.0
205,41,58.0,151.0,0.0,149.0,0.0
205,41,59.0,154.0,0.0,150.0,0.0
205,41,60.0,159.0,0.0,154.0,0.0
205,41,61.0,157.0,0.0,157.0,0.0
205,41,62.0,155.0,0.0,164.0,0.0
205,41,63.0,157.0,0.0,168.0,0.0
205,41,64.0,155.0,0.0,174.0,0.0
205,41,65.0,154.0,0.0,179.0,0.0
205,41,66.0,151.0,0.0,183.0,0.0
205,41,67.0,153.0,0.0,190.0,0.0
205,41,68.0,153.0,0.0,196.0,0.0
205,41,69.0,152.0,0.0,201.0,0.0
205,41,70.0,153.0,0.0,205.0,0.0
205,41,71.0,148.0,0.0,211.0,0.0
205,41,72.0,151.0,0.0,220.0,0.0
205,41,73.0,152.0,0.0,223.0,0.0
205,41,74.0,155.0,0.0,228.0,0.0
205,41,75.0,159.0,0.0,232.0,0.0
205,41,76.0,158.0,0.0,237.0,0.0
205,41,77.0,161.0,0.0,243.0,0.0
205,41,78.0,163.0,0.0,248.0,0.0
205,41,79.0,162.0,0.0,253.0,0.0
205,41,80.0,158.0,0.0,259.0,0.0
205,41,81.0,160.0,0.0,266.0,0.0
205,41,82.0,159.0,0.0,269.0,0.0
205,41,83.0,158.0,0.0,273.0,0.0
205,41,84.0,158.0,0.0,279.0,0.0
205,41,85.0,153.0,0.0,284.0,0.0
205,41,86.0,155.0,0.0,296.0,0.0
205,41,87.0,158.0,0.0,301.0,0.0
205,41,88.0,161.0,0.0,303.0,0.0
205,41,89.0,163.0,0.0,308.0,0.0
205,41,90.0,165.0,0.0,311.0,0.0
205,41,91.0,166.0,0.0,315.0,0.0
205,41,92.0,163.0,0.0,319.0,0.0
205,41,93.0,163.0,0.0,326.0,0.0
205,41,94.0,162.0,0.0,330.0,0.0
205,41,95.0,162.0,0.0,336.0,0.0
205,41,96.0,164.0,0.0,341.0,0.0
205,41,97.0,169.0,0.0,345.0,0.0
205,41,98.0,172.0,0.0,348.0,0.0
205,41,99.0,172.0,0.0,353.0,0.0
205,41,100.0,176.0,0.0,357.0,0.0
205,41,101.0,177.0,0.0,361.0,0.0
205,41,102.0,180.0,0.0,365.0,0.0
205,41,103.0,178.0,0.0,367.0,0.0
205,41,104.0,181.0,0.0,373.0,0.0
205,41,105.0,183.0,0.0,377.0,0.0
205,41,106.0,184.0,0.0,380.0,0.0
205,41,107.0,190.0,0.0,384.0,0.0
205,41,108.0,184.0,0.0,386.0,0.0
205,41,109.0,183.0,0.0,394.0,0.0
205,41,110.0,184.0,0.0,400.0,0.0
205,41,111.0,188.0,0.0,405.0,0.0
205,41,112.0,190.0,0.0,408.0,0.0
205,41,113.0,192.0,0.0,413.0,0.0
205,41,114.0,195.0,0.0,419.0,0.0
205,41,115.0,197.0,0.0,425.0,0.0
205,41,116.0,197.0,0.0,430.0,0.0
205,41,117.0,197.0,0.0,438.0,0.0
205,41,118.0,193.0,0.0,443.0,0.0
205,41,119.0,192.0,0.0,452.0,0.0
205,41,120.0,189.0,0.0,457.0,0.0
205,41,121.0,193.0,0.0,465.0,0.0
205,41,122.0,194.0,0.0,468.0,0.0
205,41,123.0,198.0,0.0,474.0,0.0
205,41,124.0,200.0,1.0,477.0,0.0
205,41,125.0,197.0,1.0,482.0,0.0
205,41,126.0,196.0,0.0,490.0,0.0
205,41,127.0,192.0,0.0,495.0,0.0
205,41,128.0,195.0,0.0,501.0,0.0
205,41,129.0,190.0,0.0,504.0,0.0
205,41,130.0,186.0,0.0,512.0,0.0
205,41,131.0,189.0,0.0,521.0,0.0
205,41,132.0,187.0,0.0,523.0,0.0
205,41,133.0,192.0,0.0,532.0,0.0
205,41,134.0,188.0,0.0,536.0,0.0
205,41,135.0,185.0,0.0,545.0,0.0
205,41,136.0,180.0,0.0,557.0,0.0
205,41,137.0,180.0,0.0,566.0,0.0
205,41,138.0,177.0,0.0,572.0,0.0
205,41,139.0,174.0,0.0,581.0,0.0
205,41,140.0,172.0,0.0,588.0,0.0
205,41,141.0,169.0,0.0,593.0,0.0
205,41,142.0,167.0,0.0,599.0,0.0
205,41,143.0,170.0,0.0,604.0,0.0
205,41,144.0,176.0,0.0,606.0,0.0
205,41,145.0,174.0,0.0,610.0,0.0
205,41,146.0,173.0,0.0,616.0,0.0
205,41,147.0,173.0,0.0,621.0,0.0
205,41,148.0,169.0,0.0,626.0,0.0
205,41,149.0,170.0,0.0,633.0,0.0
205,41,150.0,171.0,0.0,639.0,0.0
205,41,151.0,173.0,0.0,643.0,0.0
205,41,152.0,172.0,0.0,647.0,0.0
205,41,153.0,168.0,0.0,654.0,0.0
205,41,154.0,168.0,0.0,664.0,0.0
205,41,155.0,165.0,0.0,669.0,0.0
205,41,156.0,167.0,0.0,676.0,0.0
205,41,157.0,165.0,0.0,685.0,0.0
205,41,158.0,164.0,0.0,690.0,0.0
205,41,159.0,162.0,0.0,694.0,0.0
205,41,160.0,169.0,0.0,699.0,0.0
205,41,161.0,167.0,0.0,703.0,0.0
205,41,162.0,173.0,0.0,710.0,0.0
205,41,163.0,174.0,0.0,712.0,0.0
205,41,164.0,174.0,0.0,715.0,0.0
205,41,165.0,177.0,0.0,720.0,0.0
205,41,166.0,179.0,0.0,725.0,0.0
205,41,167.0,173.0,0.0,728.0,0.0
205,41,168.0,173.0,0.0,740.0,0.0
205,41,169.0,174.0,0.0,744.0,0.0
205,41,170.0,183.0,0.0,748.0,0.0
205,41,171.0,181.0,0.0,752.0,0.0
205,41,172.0,177.0,0.0,757.0,0.0
205,41,173.0,181.0,0.0,763.0,0.0
205,41,174.0,181.0,0.0,765.0,0.0
205,41,175.0,180.0,0.0,770.0,0.0
205,41,176.0,180.0,0.0,775.0,0.0
205,41,177.0,175.0,0.0,781.0,0.0
205,41,178.0,171.0,0.0,789.0,0.0
205,41,179.0,170.0,0.0,798.0,0.0
205,41,180.0,158.0,0.0,804.0,0.0
205,41,181.0,157.0,0.0,819.0,0.0
205,41,182.0,158.0,0.0,825.0,0.0
205,41,183.0,157.0,0.0,831.0,0.0
205,41,184.0,156.0,0.0,835.0,0.0
205,41,185.0,152.0,0.0,839.0,0.0
205,41,186.0,152.0,0.0,847.0,0.0
205,41,187.0,148.0,0.0,851.0,0.0
205,41,188.0,146.0,0.0,860.0,0.0
205,41,189.0,144.0,0.0,868.0,0.0
205,41,190.0,143.0,0.0,872.0,0.0
205,41,191.0,140.0,0.0,879.0,0.0
205,41,192.0,138.0,0.0,886.0,0.0
205,41,193.0,139.0,0.0,892.0,0.0
205,41,194.0,144.0,0.0,894.0,0.0
205,41,195.0,145.0,0.0,895.0,0.0
205,41,196.0,142.0,0.0,900.0,0.0
205,41,197.0,141.0,0.0,909.0,0.0
205,41,198.0,143.0,0.0,917.0,0.0
205,41,199.0,144.0,0.0,921.0,0.0
205,41,200.0,143.0,0.0,928.0,0.0
205,41,201.0,134.0,0.0,933.0,0.0
205,41,202.0,127.0,0.0,942.0,0.0
205,41,203.0,124.0,0.0,949.0,0.0
205,41,204.0,120.0,0.0,952.0,0.0
205,41,205.0,116.0,0.0,956.0,0.0
205,41,206.0,111.0,0.0,960.0,0.0
205,41,207.0,108.0,0.0,965.0,0.0
205,41,208.0,105.0,0.0,968.0,0.0
205,41,209.0,102.0,0.0,971.0,0.0
205,41,210.0,97.0,0.0,974.0,0.0
205,41,211.0,93.0,0.0,979.0,0.0
205,41,212.0,88.0,0.0,983.0,0.0
205,41,213.0,85.0,0.0,988.0,0.0
205,41,214.0,81.0,0.0,991.0,0.0
205,41,215.0,78.0,0.0,995.0,0.0
205,41,216.0,74.0,0.0,998.0,0.0
205,41,217.0,71.0,0.0,1002.0,0.0
205,41,218.0,68.0,0.0,1005.0,0.0
205,41,219.0,64.0,0.0,1008.0,0.0
205,41,220.0,59.0,0.0,1012.0,0.0
205,41,221.0,55.0,0.0,1017.0,0.0
205,41,222.0,52.0,0.0,1021.0,0.0
205,41,223.0,44.0,0.0,1024.0,0.0
205,41,224.0,38.0,0.0,1032.0,0.0
205,41,225.0,36.0,0.0,1038.0,0.0
205,41,226.0,34.0,0.0,1040.0,0.0
205,41,227.0,32.0,0.0,1042.0,0.0
205,41,228.0,29.0,0.0,1044.0,0.0
205,41,229.0,27.0,0.0,1047.0,0.0
205,41,230.0,24.0,0.0,1049.0,0.0
205,41,231.0,24.0,0.0,1052.0,0.0
205,41,232.0,23.0,0.0,1052.0,0.0
205,41,233.0,19.0,0.0,1053.0,0.0
205,41,234.0,18.0,0.0,1057.0,0.0
205,41,235.0,18.0,0.0,1058.0,0.0
205,41,236.0,18.0,0.0,1058.0,0.0
205,41,237.0,17.0,0.0,1058.0,0.0
205,41,238.0,17.0,0.0,1059.0,0.0
205,41,239.0,15.0,0.0,1059.0,0.0
205,41,240.0,13.0,0.0,1061.0,0.0
205,41,241.0,12.0,0.0,1063.0,0.0
205,41,242.0,11.0,0.0,1064.0,0.0
205,41,243.0,10.0,0.0,1065.0,0.0
205,41,244.0,10.0,0.0,1066.0,0.0
205,41,245.0,10.0,0.0,1066.0,0.0
205,41,246.0,8.0,0.0,1066.0,0.0
205,41,247.0,7.0,0.0,1068.0,0.0
205,41,248.0,7.0,0.0,1069.0,0.0
205,41,249.0,7.0,0.0,1069.0,0.0
205,41,250.0,7.0,0.0,1069.0,0.0
205,41,251.0,4.0,0.0,1069.0,0.0
205,41,252.0,3.0,0.0,1072.0,0.0
205,41,253.0,2.0,0.0,1073.0,0.0
205,41,254.0,2.0,0.0,1074.0,0.0
205,41,255.0,1.0,0.0,1074.0,0.0
205,41,256.0,1.0,0.0,1075.0,0.0
205,41,257.0,1.0,0.0,1075.0,0.0
205,41,258.0,1.0,0.0,1075.0,0.0
205,41,259.0,1.0,0.0,1075.0,0.0
205,41,260.0,1.0,0.0,1075.0,0.0
205,41,261.0,1.0,0.0,1075.0,0.0
205,41,262.0,1.0,0.0,1075.0,0.0
205,41,263.0,1.0,0.0,1075.0,0.0
205,41,264.0,0.0,0.0,1075.0,0.0
205,41,265.0,0.0,0.0,1076.0,0.0
205,42,0.0,4.0,0.0,0.0,0.0
205,42,1.0,9.0,0.0,0.0,0.0
205,42,2.0,11.0,0.0,0.0,0.0
205,42,3.0,16.0,0.0,0.0,0.0
205,42,4.0,20.0,0.0,0.0,0.0
205,42,5.0,27.0,0.0,0.0,0.0
205,42,6.0,31.0,0.0,0.0,0.0
205,42,7.0,34.0,0.0,0.0,0.0
205,42,8.0,38.0,0.0,0.0,0.0
205,42,9.0,44.0,0.0,0.0,0.0
205,42,10.0,49.0,0.0,0.0,0.0
205,42,11.0,54.0,0.0,0.0,0.0
205,42,12.0,61.0,0.0,0.0,0.0
205,42,13.0,66.0,0.0,0.0,0.0
205,42,14.0,74.0,0.0,0.0,0.0
205,42,15.0,82.0,0.0,0.0,0.0
205,42,16.0,87.0,0.0,0.0,0.0
205,42,17.0,94.0,0.0,0.0,0.0
205,42,18.0,99.0,0.0,0.0,0.0
205,42,19.0,107.0,0.0,0.0,0.0
205,42,20.0,114.0,0.0,0.0,0.0
205,42,21.0,115.0,0.0,1.0,0.0
205,42,22.0,121.0,0.0,3.0,0.0
205,42,23.0,127.0,0.0,4.0,0.0
205,42,24.0,130.0,0.0,4.0,0.0
205,42,25.0,135.0,0.0,6.0,0.0
205,42,26.0,140.0,0.0,8.0,0.0
205,42,27.0,144.0,0.0,9.0,0.0
205,42,28.0,149.0,0.0,12.0,0.0
205,42,29.0,151.0,0.0,13.0,0.0
205,42,30.0,151.0,0.0,15.0,0.0
205,42,31.0,149.0,0.0,22.0,0.0
205,42,32.0,152.0,0.0,28.0,0.0
205,42,33.0,153.0,0.0,31.0,0.0
205,42,34.0,157.0,0.0,32.0,0.0
205,42,35.0,157.0,0.0,35.0,0.0
205,42,36.0,156.0,0.0,40.0,0.0
205,42,37.0,156.0,0.0,45.0,0.0
205,42,38.0,156.0,0.0,52.0,0.0
205,42,39.0,155.0,0.0,58.0,0.0
205,42,40.0,158.0,0.0,65.0,0.0
205,42,41.0,157.0,0.0,67.0,0.0
205,42,42.0,157.0,0.0,71.0,0.0
205,42,43.0,155.0,0.0,76.0,0.0
205,42,44.0,157.0,0.0,81.0,0.0
205,42,45.0,158.0,0.0,83.0,0.0
205,42,46.0,162.0,0.0,86.0,0.0
205,42,47.0,162.0,0.0,91.0,0.0
205,42,48.0,161.0,0.0,98.0,0.0
205,42,49.0,161.0,0.0,104.0,0.0
205,42,50.0,160.0,0.0,109.0,0.0
205,42,51.0,155.0,0.0,119.0,0.0
205,42,52.0,153.0,0.0,128.0,0.0
205,42,53.0,152.0,0.0,135.0,0.0
205,42,54.0,149.0,0.0,140.0,0.0
205,42,55.0,148.0,0.0,148.0,0.0
205,42,56.0,151.0,0.0,154.0,0.0
205,42,57.0,150.0,0.0,157.0,0.0
205,42,58.0,153.0,0.0,162.0,0.0
205,42,59.0,154.0,0.0,164.0,0.0
205,42,60.0,155.0,0.0,168.0,0.0
205,42,61.0,157.0,0.0,172.0,0.0
205,42,62.0,158.0,0.0,178.0,0.0
205,42,63.0,161.0,0.0,184.0,0.0
205,42,64.0,158.0,0.0,185.0,0.0
205,42,65.0,155.0,0.0,193.0,0.0
205,42,66.0,155.0,0.0,200.0,0.0
205,42,67.0,152.0,0.0,205.0,0.0
205,42,68.0,152.0,0.0,211.0,0.0
205,42,69.0,154.0,0.0,218.0,0.0
205,42,70.0,153.0,0.0,223.0,0.0
205,42,71.0,153.0,0.0,229.0,0.0
205,42,72.0,158.0,0.0,233.0,0.0
205,42,73.0,165.0,0.0,237.0,0.0
205,42,74.0,161.0,0.0,238.0,0.0
205,42,75.0,161.0,0.0,244.0,0.0
205,42,76.0,163.0,0.0,249.0,0.0
205,42,77.0,168.0,0.0,253.0,0.0
205,42,78.0,170.0,0.0,255.0,0.0
205,42,79.0,171.0,0.0,262.0,0.0
205,42,80.0,171.0,0.0,266.0,0.0
205,42,81.0,170.0,0.0,271.0,0.0
205,42,82.0,170.0,0.0,277.0,0.0
205,42,83.0,173.0,0.0,283.0,0.0
205,42,84.0,174.0,0.0,287.0,0.0
205,42,85.0,179.0,0.0,290.0,0.0
205,42,86.0,179.0,0.0,291.0,0.0
205,42,87.0,182.0,0.0,296.0,0.0
205,42,88.0,186.0,0.0,298.0,0.0
205,42,89.0,184.0,0.0,302.0,0.0
205,42,90.0,182.0,0.0,307.0,0.0
205,42,91.0,177.0,0.0,314.0,0.0
205,42,92.0,178.0,0.0,325.0,0.0
205,42,93.0,176.0,0.0,328.0,0.0
205,42,94.0,179.0,0.0,337.0,0.0
205,42,95.0,178.0,0.0,341.0,0.0
205,42,96.0,176.0,0.0,344.0,0.0
205,42,97.0,170.0,0.0,350.0,0.0
205,42,98.0,167.0,0.0,360.0,0.0
205,42,99.0,169.0,0.0,367.0,0.0
205,42,100.0,171.0,0.0,372.0,0.0
205,42,101.0,165.0,0.0,375.0,0.0
205,42,102.0,165.0,0.0,384.0,0.0
205,42,103.0,161.0,0.0,388.0,0.0
205,42,104.0,164.0,0.0,394.0,0.0
205,42,105.0,168.0,0.0,399.0,0.0
205,42,106.0,166.0,0.0,402.0,0.0
205,42,107.0,167.0,0.0,407.0,0.0
205,42,108.0,166.0,0.0,412.0,0.0
205,42,109.0,163.0,0.0,415.0,0.0
205,42,110.0,166.0,0.0,423.0,0.0
205,42,111.0,166.0,0.0,427.0,0.0
205,42,112.0,169.0,0.0,432.0,0.0
205,42,113.0,168.0,0.0,438.0,0.0
205,42,114.0,170.0,0.0,443.0,0.0
205,42,115.0,165.0,0.0,444.0,0.0
205,42,116.0,167.0,0.0,451.0,0.0
205,42,117.0,167.0,0.0,453.0,0.0
205,42,118.0,165.0,0.0,459.0,0.0
205,42,119.0,167.0,0.0,466.0,0.0
205,42,120.0,165.0,0.0,471.0,0.0
205,42,121.0,166.0,0.0,478.0,0.0
205,42,122.0,170.0,0.0,486.0,0.0
205,42,123.0,166.0,0.0,491.0,0.0
205,42,124.0,167.0,0.0,499.0,0.0
205,42,125.0,172.0,0.0,504.0,0.0
205,42,126.0,170.0,0.0,506.0,0.0
205,42,127.0,172.0,0.0,514.0,0.0
205,42,128.0,171.0,0.0,516.0,0.0
205,42,129.0,170.0,0.0,521.0,0.0
205,42,130.0,166.0,0.0,527.0,0.0
205,42,131.0,166.0,0.0,536.0,0.0
205,42,132.0,168.0,0.0,542.0,0.0
205,42,133.0,163.0,0.0,549.0,0.0
205,42,134.0,161.0,0.0,557.0,0.0
205,42,135.0,162.0,0.0,563.0,0.0
205,42,136.0,166.0,0.0,567.0,0.0
205,42,137.0,169.0,0.0,570.0,0.0
205,42,138.0,172.0,0.0,572.0,0.0
205,42,139.0,169.0,0.0,575.0,0.0
205,42,140.0,172.0,0.0,582.0,0.0
205,42,141.0,167.0,0.0,586.0,0.0
205,42,142.0,170.0,0.0,595.0,0.0
205,42,143.0,169.0,0.0,599.0,0.0
205,42,144.0,169.0,0.0,604.0,0.0
205,42,145.0,167.0,0.0,607.0,0.0
205,42,146.0,167.0,0.0,613.0,0.0
205,42,147.0,169.0,0.0,617.0,0.0
205,42,148.0,163.0,0.0,624.0,0.0
205,42,149.0,166.0,0.0,632.0,0.0
205,42,150.0,168.0,0.0,635.0,0.0
205,42,151.0,172.0,0.0,641.0,0.0
205,42,152.0,166.0,0.0,644.0,0.0
205,42,153.0,165.0,0.0,654.0,0.0
205,42,154.0,161.0,0.0,659.0,0.0
205,42,155.0,163.0,0.0,667.0,0.0
205,42,156.0,167.0,0.0,671.0,0.0
205,42,157.0,167.0,0.0,672.0,0.0
205,42,158.0,169.0,0.0,676.0,0.0
205,42,159.0,169.0,0.0,680.0,0.0
205,42,160.0,169.0,0.0,682.0,0.0
205,42,161.0,170.0,0.0,688.0,0.0
205,42,162.0,173.0,0.0,696.0,0.0
205,42,163.0,174.0,0.0,698.0,0.0
205,42,164.0,167.0,0.0,702.0,0.0
205,42,165.0,170.0,0.0,711.0,0.0
205,42,166.0,175.0,0.0,717.0,0.0
205,42,167.0,178.0,0.0,721.0,0.0
205,42,168.0,180.0,0.0,726.0,0.0
205,42,169.0,175.0,0.0,728.0,0.0
205,42,170.0,172.0,0.0,736.0,0.0
205,42,171.0,174.0,0.0,742.0,0.0
205,42,172.0,172.0,0.0,746.0,0.0
205,42,173.0,173.0,0.0,751.0,0.0
205,42,174.0,173.0,0.0,753.0,0.0
205,42,175.0,173.0,0.0,762.0,0.0
205,42,176.0,173.0,0.0,767.0,0.0
205,42,177.0,173.0,0.0,772.0,0.0
205,42,178.0,173.0,0.0,777.0,0.0
205,42,179.0,174.0,0.0,781.0,0.0
205,42,180.0,174.0,0.0,786.0,0.0
205,42,181.0,174.0,0.0,789.0,0.0
205,42,182.0,171.0,0.0,797.0,0.0
205,42,183.0,174.0,0.0,804.0,0.0
205,42,184.0,173.0,0.0,808.0,0.0
205,42,185.0,171.0,0.0,813.0,0.0
205,42,186.0,171.0,0.0,821.0,0.0
205,42,187.0,168.0,0.0,829.0,0.0
205,42,188.0,173.0,0.0,840.0,0.0
205,42,189.0,171.0,0.0,845.0,0.0
205,42,190.0,173.0,0.0,851.0,0.0
205,42,191.0,174.0,0.0,856.0,0.0
205,42,192.0,177.0,0.0,861.0,0.0
205,42,193.0,176.0,0.0,868.0,0.0
205,42,194.0,176.0,0.0,874.0,0.0
205,42,195.0,172.0,0.0,879.0,0.0
205,42,196.0,173.0,0.0,887.0,0.0
205,42,197.0,175.0,0.0,889.0,0.0
205,42,198.0,173.0,0.0,894.0,0.0
205,42,199.0,172.0,0.0,900.0,0.0
205,42,200.0,169.0,0.0,904.0,0.0
205,42,201.0,166.0,0.0,911.0,0.0
205,42,202.0,162.0,0.0,914.0,0.0
205,42,203.0,154.0,0.0,918.0,0.0
205,42,204.0,148.0,0.0,926.0,0.0
205,42,205.0,141.0,0.0,932.0,0.0
205,42,206.0,133.0,0.0,939.0,0.0
205,42,207.0,128.0,0.0,947.0,0.0
205,42,208.0,125.0,0.0,952.0,0.0
205,42,209.0,117.0,0.0,955.0,0.0
205,42,210.0,111.0,0.0,963.0,0.0
205,42,211.0,108.0,0.0,969.0,0.0
205,42,212.0,101.0,0.0,972.0,0.0
205,42,213.0,96.0,0.0,979.0,0.0
205,42,214.0,89.0,0.0,984.0,0.0
205,42,215.0,85.0,0.0,991.0,0.0
205,42,216.0,80.0,0.0,995.0,0.0
205,42,217.0,77.0,0.0,1000.0,0.0
205,42,218.0,73.0,0.0,1003.0,0.0
205,42,219.0,70.0,0.0,1007.0,0.0
205,42,220.0,63.0,0.0,1010.0,0.0
205,42,221.0,58.0,0.0,1017.0,0.0
205,42,222.0,52.0,0.0,1022.0,0.0
205,42,223.0,48.0,0.0,1028.0,0.0
205,42,224.0,43.0,0.0,1032.0,0.0
205,42,225.0,40.0,0.0,1037.0,0.0
205,42,226.0,38.0,0.0,1040.0,0.0
205,42,227.0,35.0,0.0,1042.0,0.0
205,42,228.0,32.0,0.0,1045.0,0.0
205,42,229.0,30.0,0.0,1048.0,0.0
205,42,230.0,28.0,0.0,1050.0,0.0
205,42,231.0,26.0,0.0,1052.0,0.0
205,42,232.0,26.0,0.0,1054.0,0.0
205,42,233.0,26.0,0.0,1054.0,0.0
205,42,234.0,25.0,0.0,1054.0,0.0
205,42,235.0,22.0,0.0,1055.0,0.0
205,42,236.0,22.0,0.0,1058.0,0.0
205,42,237.0,19.0,0.0,1058.0,0.0
205,42,238.0,18.0,0.0,1061.0,0.0
205,42,239.0,17.0,0.0,1062.0,0.0
205,42,240.0,17.0,0.0,1063.0,0.0
205,42,241.0,16.0,0.0,1063.0,0.0
205,42,242.0,15.0,0.0,1064.0,0.0
205,42,243.0,15.0,0.0,1065.0,0.0
205,42,244.0,15.0,0.0,1065.0,0.0
205,42,245.0,14.0,0.0,1065.0,0.0
205,42,246.0,14.0,0.0,1066.0,0.0
205,42,247.0,11.0,0.0,1066.0,0.0
205,42,248.0,10.0,0.0,1069.0,0.0
205,42,249.0,10.0,0.0,1070.0,0.0
205,42,250.0,9.0,0.0,1070.0,0.0
205,42,251.0,7.0,0.0,1071.0,0.0
205,42,252.0,7.0,0.0,1073.0,0.0
205,42,253.0,6.0,0.0,1073.0,0.0
205,42,254.0,3.0,0.0,1074.0,0.0
205,42,255.0,2.0,0.0,1077.0,0.0
205,42,256.0,2.0,0.0,1078.0,0.0
205,42,257.0,2.0,0.0,1078.0,0.0
205,42,258.0,1.0,0.0,1078.0,0.0
205,42,259.0,1.0,0.0,1079.0,0.0
205,42,260.0,1.0,0.0,1079.0,0.0
205,42,261.0,1.0,0.0,1079.0,0.0
205,42,262.0,1.0,0.0,1079.0,0.0
205,42,263.0,1.0,0.0,1079.0,0.0
205,42,264.0,1.0,0.0,1079.0,0.0
205,42,265.0,1.0,0.0,1079.0,0.0
205,42,266.0,1.0,0.0,1079.0,0.0
205,42,267.0,0.0,0.0,1079.0,0.0
205,42,268.0,0.0,0.0,1080.0,0.0
205,43,0.0,2.0,0.0,0.0,0.0
205,43,1.0,9.0,0.0,0.0,0.0
205,43,2.0,12.0,0.0,0.0,0.0
205,43,3.0,21.0,0.0,0.0,0.0
205,43,4.0,25.0,0.0,0.0,0.0
205,43,5.0,37.0,0.0,0.0,0.0
205,43,6.0,41.0,0.0,0.0,0.0
205,43,7.0,48.0,0.0,0.0,0.0
205,43,8.0,52.0,0.0,0.0,0.0
205,43,9.0,58.0,0.0,0.0,0.0
205,43,10.0,61.0,0.0,0.0,0.0
205,43,11.0,65.0,0.0,0.0,0.0
205,43,12.0,66.0,0.0,0.0,0.0
205,43,13.0,73.0,0.0,0.0,0.0
205,43,14.0,80.0,0.0,0.0,0.0
205,43,15.0,91.0,0.0,0.0,0.0
205,43,16.0,94.0,0.0,0.0,0.0
205,43,17.0,100.0,0.0,0.0,0.0
205,43,18.0,102.0,0.0,0.0,0.0
205,43,19.0,107.0,0.0,0.0,0.0
205,43,20.0,108.0,0.0,1.0,0.0
205,43,21.0,110.0,0.0,3.0,0.0
205,43,22.0,115.0,0.0,5.0,0.0
205,43,23.0,121.0,0.0,6.0,0.0
205,43,24.0,125.0,0.0,7.0,0.0
205,43,25.0,126.0,0.0,9.0,0.0
205,43,26.0,129.0,0.0,12.0,0.0
205,43,27.0,129.0,0.0,14.0,0.0
205,43,28.0,136.0,0.0,16.0,0.0
205,43,29.0,139.0,0.0,17.0,0.0
205,43,30.0,140.0,0.0,21.0,0.0
205,43,31.0,141.0,0.0,26.0,0.0
205,43,32.0,141.0,0.0,30.0,0.0
205,43,33.0,140.0,0.0,36.0,0.0
205,43,34.0,139.0,0.0,41.0,0.0
205,43,35.0,140.0,0.0,47.0,0.0
205,43,36.0,140.0,0.0,52.0,0.0
205,43,37.0,144.0,0.0,57.0,0.0
205,43,38.0,147.0,0.0,63.0,0.0
205,43,39.0,147.0,0.0,65.0,0.0
205,43,40.0,149.0,0.0,72.0,0.0
205,43,41.0,146.0,0.0,73.0,0.0
205,43,42.0,148.0,0.0,80.0,0.0
205,43,43.0,144.0,0.0,83.0,0.0
205,43,44.0,143.0,0.0,88.0,0.0
205,43,45.0,147.0,0.0,94.0,0.0
205,43,46.0,145.0,0.0,99.0,0.0
205,43,47.0,151.0,0.0,106.0,0.0
205,43,48.0,154.0,0.0,110.0,0.0
205,43,49.0,153.0,0.0,112.0,0.0
205,43,50.0,157.0,0.0,115.0,0.0
205,43,51.0,159.0,0.0,120.0,0.0
205,43,52.0,158.0,0.0,124.0,0.0
205,43,53.0,165.0,0.0,130.0,0.0
205,43,54.0,165.0,0.0,132.0,0.0
205,43,55.0,166.0,0.0,139.0,0.0
205,43,56.0,162.0,0.0,142.0,0.0
205,43,57.0,163.0,0.0,150.0,0.0
205,43,58.0,165.0,0.0,156.0,0.0
205,43,59.0,163.0,0.0,160.0,0.0
205,43,60.0,168.0,0.0,167.0,0.0
205,43,61.0,169.0,0.0,172.0,0.0
205,43,62.0,168.0,0.0,178.0,0.0
205,43,63.0,174.0,0.0,182.0,0.0
205,43,64.0,172.0,0.0,186.0,0.0
205,43,65.0,173.0,0.0,194.0,0.0
205,43,66.0,170.0,0.0,200.0,0.0
205,43,67.0,167.0,0.0,207.0,0.0
205,43,68.0,168.0,0.0,214.0,0.0
205,43,69.0,168.0,0.0,219.0,0.0
205,43,70.0,169.0,0.0,226.0,0.0
205,43,71.0,176.0,0.0,231.0,0.0
205,43,72.0,176.0,0.0,236.0,0.0
205,43,73.0,174.0,0.0,241.0,0.0
205,43,74.0,177.0,0.0,249.0,0.0
205,43,75.0,180.0,0.0,253.0,0.0
205,43,76.0,180.0,0.0,257.0,0.0
205,43,77.0,180.0,0.0,263.0,0.0
205,43,78.0,179.0,0.0,269.0,0.0
205,43,79.0,178.0,0.0,274.0,0.0
205,43,80.0,183.0,0.0,280.0,0.0
205,43,81.0,183.0,0.0,286.0,0.0
205,43,82.0,184.0,0.0,290.0,0.0
205,43,83.0,186.0,0.0,292.0,0.0
205,43,84.0,183.0,0.0,297.0,0.0
205,43,85.0,185.0,0.0,303.0,0.0
205,43,86.0,184.0,0.0,308.0,0.0
205,43,87.0,187.0,0.0,313.0,0.0
205,43,88.0,190.0,0.0,316.0,0.0
205,43,89.0,187.0,0.0,323.0,0.0
205,43,90.0,191.0,0.0,333.0,0.0
205,43,91.0,193.0,0.0,337.0,0.0
205,43,92.0,192.0,0.0,340.0,0.0
205,43,93.0,189.0,0.0,347.0,0.0
205,43,94.0,185.0,0.0,355.0,0.0
205,43,95.0,185.0,0.0,364.0,0.0
205,43,96.0,187.0,0.0,371.0,0.0
205,43,97.0,192.0,0.0,373.0,0.0
205,43,98.0,189.0,0.0,375.0,0.0
205,43,99.0,188.0,0.0,384.0,0.0
205,43,100.0,191.0,0.0,389.0,0.0
205,43,101.0,192.0,0.0,394.0,0.0
205,43,102.0,192.0,0.0,398.0,0.0
205,43,103.0,186.0,0.0,404.0,0.0
205,43,104.0,190.0,0.0,413.0,0.0
205,43,105.0,186.0,0.0,420.0,0.0
205,43,106.0,184.0,0.0,430.0,0.0
205,43,107.0,179.0,0.0,436.0,0.0
205,43,108.0,182.0,0.0,442.0,0.0
205,43,109.0,183.0,0.0,445.0,0.0
205,43,110.0,179.0,0.0,452.0,0.0
205,43,111.0,179.0,0.0,460.0,0.0
205,43,112.0,177.0,0.0,464.0,0.0
205,43,113.0,175.0,0.0,470.0,0.0
205,43,114.0,172.0,0.0,475.0,0.0
205,43,115.0,175.0,0.0,481.0,0.0
205,43,116.0,174.0,0.0,485.0,0.0
205,43,117.0,177.0,0.0,492.0,0.0
205,43,118.0,181.0,0.0,496.0,0.0
205,43,119.0,174.0,0.0,503.0,0.0
205,43,120.0,180.0,0.0,512.0,0.0
205,43,121.0,179.0,0.0,516.0,0.0
205,43,122.0,176.0,0.0,522.0,0.0
205,43,123.0,176.0,0.0,527.0,0.0
205,43,124.0,178.0,0.0,535.0,0.0
205,43,125.0,177.0,0.0,541.0,0.0
205,43,126.0,180.0,0.0,547.0,0.0
205,43,127.0,181.0,0.0,551.0,0.0
205,43,128.0,176.0,0.0,555.0,0.0
205,43,129.0,178.0,0.0,564.0,0.0
205,43,130.0,175.0,0.0,568.0,0.0
205,43,131.0,174.0,0.0,575.0,0.0
205,43,132.0,172.0,0.0,579.0,0.0
205,43,133.0,173.0,0.0,583.0,0.0
205,43,134.0,173.0,0.0,588.0,0.0
205,43,135.0,179.0,0.0,596.0,0.0
205,43,136.0,177.0,0.0,600.0,0.0
205,43,137.0,176.0,0.0,607.0,0.0
205,43,138.0,175.0,0.0,614.0,0.0
205,43,139.0,173.0,0.0,621.0,0.0
205,43,140.0,173.0,0.0,628.0,0.0
205,43,141.0,168.0,0.0,634.0,0.0
205,43,142.0,164.0,0.0,644.0,0.0
205,43,143.0,167.0,0.0,652.0,0.0
205,43,144.0,171.0,0.0,657.0,0.0
205,43,145.0,175.0,0.0,662.0,0.0
205,43,146.0,176.0,0.0,665.0,0.0
205,43,147.0,178.0,0.0,669.0,0.0
205,43,148.0,183.0,0.0,672.0,0.0
205,43,149.0,185.0,0.0,676.0,0.0
205,43,150.0,179.0,0.0,678.0,0.0
205,43,151.0,175.0,0.0,687.0,0.0
205,43,152.0,174.0,0.0,697.0,0.0
205,43,153.0,172.0,0.0,702.0,0.0
205,43,154.0,172.0,0.0,710.0,0.0
205,43,155.0,170.0,0.0,716.0,0.0
205,43,156.0,170.0,0.0,722.0,0.0
205,43,157.0,169.0,0.0,729.0,0.0
205,43,158.0,173.0,0.0,736.0,0.0
205,43,159.0,174.0,0.0,737.0,0.0
205,43,160.0,169.0,0.0,742.0,0.0
205,43,161.0,167.0,0.0,748.0,0.0
205,43,162.0,166.0,0.0,757.0,0.0
205,43,163.0,169.0,0.0,764.0,0.0
205,43,164.0,172.0,0.0,767.0,0.0
205,43,165.0,172.0,0.0,771.0,0.0
205,43,166.0,169.0,0.0,776.0,0.0
205,43,167.0,173.0,0.0,781.0,0.0
205,43,168.0,171.0,0.0,784.0,0.0
205,43,169.0,172.0,0.0,791.0,0.0
205,43,170.0,167.0,0.0,794.0,0.0
205,43,171.0,174.0,0.0,805.0,0.0
205,43,172.0,175.0,0.0,807.0,0.0
205,43,173.0,173.0,0.0,811.0,0.0
205,43,174.0,172.0,0.0,820.0,0.0
205,43,175.0,175.0,0.0,826.0,0.0
205,43,176.0,176.0,0.0,831.0,0.0
205,43,177.0,177.0,0.0,835.0,0.0
205,43,178.0,176.0,0.0,840.0,0.0
205,43,179.0,173.0,0.0,844.0,0.0
205,43,180.0,170.0,0.0,852.0,0.0
205,43,181.0,173.0,0.0,857.0,0.0
205,43,182.0,171.0,0.0,861.0,0.0
205,43,183.0,172.0,0.0,868.0,0.0
205,43,184.0,172.0,0.0,873.0,0.0
205,43,185.0,172.0,0.0,880.0,0.0
205,43,186.0,173.0,0.0,884.0,0.0
205,43,187.0,171.0,0.0,887.0,0.0
205,43,188.0,172.0,0.0,894.0,0.0
205,43,189.0,169.0,0.0,899.0,0.0
205,43,190.0,174.0,0.0,904.0,0.0
205,43,191.0,169.0,0.0,906.0,0.0
205,43,192.0,165.0,0.0,915.0,0.0
205,43,193.0,168.0,0.0,924.0,0.0
205,43,194.0,171.0,0.0,929.0,0.0
205,43,195.0,171.0,0.0,934.0,0.0
205,43,196.0,169.0,0.0,939.0,0.0
205,43,197.0,165.0,0.0,946.0,0.0
205,43,198.0,164.0,0.0,953.0,0.0
205,43,199.0,164.0,0.0,960.0,0.0
205,43,200.0,167.0,0.0,966.0,0.0
205,43,201.0,164.0,0.0,973.0,0.0
205,43,202.0,160.0,0.0,976.0,0.0
205,43,203.0,155.0,0.0,980.0,0.0
205,43,204.0,152.0,0.0,985.0,0.0
205,43,205.0,144.0,0.0,988.0,0.0
205,43,206.0,136.0,0.0,996.0,0.0
205,43,207.0,129.0,0.0,1004.0,0.0
205,43,208.0,127.0,0.0,1011.0,0.0
205,43,209.0,125.0,0.0,1013.0,0.0
205,43,210.0,119.0,0.0,1015.0,0.0
205,43,211.0,115.0,0.0,1021.0,0.0
205,43,212.0,109.0,0.0,1025.0,0.0
205,43,213.0,102.0,0.0,1031.0,0.0
205,43,214.0,98.0,0.0,1038.0,0.0
205,43,215.0,93.0,0.0,1042.0,0.0
205,43,216.0,87.0,0.0,1047.0,0.0
205,43,217.0,80.0,0.0,1053.0,0.0
205,43,218.0,74.0,0.0,1060.0,0.0
205,43,219.0,69.0,0.0,1066.0,0.0
205,43,220.0,64.0,0.0,1071.0,0.0
205,43,221.0,61.0,0.0,1076.0,0.0
205,43,222.0,55.0,0.0,1079.0,0.0
205,43,223.0,51.0,0.0,1085.0,0.0
205,43,224.0,49.0,0.0,1089.0,0.0
205,43,225.0,49.0,0.0,1091.0,0.0
205,43,226.0,47.0,0.0,1091.0,0.0
205,43,227.0,43.0,0.0,1093.0,0.0
205,43,228.0,42.0,0.0,1097.0,0.0
205,43,229.0,39.0,0.0,1098.0,0.0
205,43,230.0,34.0,0.0,1101.0,0.0
205,43,231.0,31.0,0.0,1106.0,0.0
205,43,232.0,29.0,0.0,1109.0,0.0
205,43,233.0,25.0,0.0,1111.0,0.0
205,43,234.0,23.0,0.0,1115.0,0.0
205,43,235.0,22.0,0.0,1117.0,0.0
205,43,236.0,21.0,0.0,1118.0,0.0
205,43,237.0,20.0,0.0,1119.0,0.0
205,43,238.0,18.0,0.0,1120.0,0.0
205,43,239.0,17.0,0.0,1122.0,0.0
205,43,240.0,16.0,0.0,1123.0,0.0
205,43,241.0,16.0,0.0,1124.0,0.0
205,43,242.0,16.0,0.0,1124.0,0.0
205,43,243.0,15.0,0.0,1124.0,0.0
205,43,244.0,14.0,0.0,1125.0,0.0
205,43,245.0,13.0,0.0,1126.0,0.0
205,43,246.0,13.0,0.0,1127.0,0.0
205,43,247.0,13.0,0.0,1127.0,0.0
205,43,248.0,12.0,0.0,1127.0,0.0
205,43,249.0,12.0,0.0,1128.0,0.0
205,43,250.0,8.0,0.0,1128.0,0.0
205,43,251.0,6.0,0.0,1132.0,0.0
205,43,252.0,6.0,0.0,1134.0,0.0
205,43,253.0,6.0,0.0,1134.0,0.0
205,43,254.0,6.0,0.0,1134.0,0.0
205,43,255.0,4.0,0.0,1134.0,0.0
205,43,256.0,4.0,0.0,1136.0,0.0
205,43,257.0,4.0,0.0,1136.0,0.0
205,43,258.0,4.0,0.0,1136.0,0.0
205,43,259.0,4.0,0.0,1136.0,0.0
205,43,260.0,4.0,0.0,1136.0,0.0
205,43,261.0,4.0,0.0,1136.0,0.0
205,43,262.0,4.0,0.0,1136.0,0.0
205,43,263.0,3.0,0.0,1136.0,0.0
205,43,264.0,1.0,0.0,1137.0,0.0
205,43,265.0,1.0,0.0,1139.0,0.0
205,43,266.0,1.0,0.0,1139.0,0.0
205,43,267.0,1.0,0.0,1139.0,0.0
205,43,268.0,1.0,0.0,1139.0,0.0
205,43,269.0,1.0,0.0,1139.0,0.0
205,43,270.0,1.0,0.0,1139.0,0.0
205,43,271.0,1.0,0.0,1139.0,0.0
205,43,272.0,0.0,0.0,1139.0,0.0
205,43,273.0,0.0,0.0,1140.0,0.0
205,44,0.0,5.0,0.0,0.0,0.0
205,44,1.0,13.0,0.0,0.0,0.0
205,44,2.0,19.0,0.0,0.0,0.0
205,44,3.0,22.0,0.0,0.0,0.0
205,44,4.0,29.0,0.0,0.0,0.0
205,44,5.0,41.0,0.0,0.0,0.0
205,44,6.0,46.0,0.0,0.0,0.0
205,44,7.0,50.0,0.0,0.0,0.0
205,44,8.0,53.0,0.0,0.0,0.0
205,44,9.0,59.0,0.0,0.0,0.0
205,44,10.0,64.0,0.0,0.0,0.0
205,44,11.0,69.0,0.0,0.0,0.0
205,44,12.0,72.0,0.0,0.0,0.0
205,44,13.0,77.0,0.0,0.0,0.0
205,44,14.0,81.0,0.0,0.0,0.0
205,44,15.0,86.0,0.0,0.0,0.0
205,44,16.0,93.0,0.0,0.0,0.0
205,44,17.0,99.0,0.0,0.0,0.0
205,44,18.0,105.0,0.0,0.0,0.0
205,44,19.0,109.0,0.0,1.0,0.0
205,44,20.0,112.0,0.0,1.0,0.0
205,44,21.0,119.0,0.0,1.0,0.0
205,44,22.0,122.0,0.0,2.0,0.0
205,44,23.0,125.0,0.0,4.0,0.0
205,44,24.0,127.0,0.0,6.0,0.0
205,44,25.0,130.0,0.0,8.0,0.0
205,44,26.0,134.0,0.0,12.0,0.0
205,44,27.0,135.0,0.0,16.0,0.0
205,44,28.0,138.0,0.0,18.0,0.0
205,44,29.0,136.0,0.0,21.0,0.0
205,44,30.0,135.0,0.0,25.0,0.0
205,44,31.0,140.0,0.0,30.0,0.0
205,44,32.0,137.0,0.0,34.0,0.0
205,44,33.0,141.0,0.0,41.0,0.0
205,44,34.0,141.0,0.0,46.0,0.0
205,44,35.0,148.0,0.0,51.0,0.0
205,44,36.0,148.0,0.0,52.0,0.0
205,44,37.0,150.0,0.0,58.0,0.0
205,44,38.0,151.0,0.0,60.0,0.0
205,44,39.0,156.0,0.0,64.0,0.0
205,44,40.0,157.0,0.0,66.0,0.0
205,44,41.0,155.0,0.0,71.0,0.0
205,44,42.0,157.0,0.0,76.0,0.0
205,44,43.0,163.0,0.0,81.0,0.0
205,44,44.0,165.0,0.0,83.0,0.0
205,44,45.0,171.0,0.0,87.0,0.0
205,44,46.0,175.0,0.0,91.0,0.0
205,44,47.0,175.0,0.0,94.0,0.0
205,44,48.0,179.0,0.0,99.0,0.0
205,44,49.0,183.0,0.0,102.0,0.0
205,44,50.0,180.0,0.0,105.0,0.0
205,44,51.0,182.0,0.0,112.0,0.0
205,44,52.0,176.0,0.0,115.0,0.0
205,44,53.0,175.0,0.0,124.0,0.0
205,44,54.0,174.0,0.0,128.0,0.0
205,44,55.0,174.0,0.0,136.0,0.0
205,44,56.0,173.0,0.0,140.0,0.0
205,44,57.0,173.0,0.0,146.0,0.0
205,44,58.0,174.0,0.0,155.0,0.0
205,44,59.0,174.0,0.0,159.0,0.0
205,44,60.0,174.0,0.0,164.0,0.0
205,44,61.0,181.0,0.0,169.0,0.0
205,44,62.0,180.0,0.0,174.0,0.0
205,44,63.0,178.0,0.0,181.0,0.0
205,44,64.0,177.0,0.0,187.0,0.0
205,44,65.0,176.0,0.0,193.0,0.0
205,44,66.0,178.0,0.0,199.0,0.0
205,44,67.0,176.0,0.0,205.0,0.0
205,44,68.0,176.0,0.0,213.0,0.0
205,44,69.0,176.0,0.0,218.0,0.0
205,44,70.0,173.0,0.0,225.0,0.0
205,44,71.0,178.0,0.0,230.0,0.0
205,44,72.0,184.0,0.0,237.0,0.0
205,44,73.0,186.0,0.0,241.0,0.0
205,44,74.0,188.0,0.0,246.0,0.0
205,44,75.0,185.0,0.0,251.0,0.0
205,44,76.0,181.0,0.0,258.0,0.0
205,44,77.0,179.0,0.0,264.0,0.0
205,44,78.0,176.0,0.0,268.0,0.0
205,44,79.0,176.0,0.0,277.0,0.0
205,44,80.0,179.0,0.0,285.0,0.0
205,44,81.0,176.0,0.0,288.0,0.0
205,44,82.0,177.0,0.0,295.0,0.0
205,44,83.0,179.0,0.0,300.0,0.0
205,44,84.0,179.0,0.0,304.0,0.0
205,44,85.0,179.0,0.0,309.0,0.0
205,44,86.0,180.0,0.0,314.0,0.0
205,44,87.0,182.0,0.0,316.0,0.0
205,44,88.0,181.0,0.0,320.0,0.0
205,44,89.0,180.0,0.0,327.0,0.0
205,44,90.0,175.0,0.0,332.0,0.0
205,44,91.0,175.0,0.0,342.0,0.0
205,44,92.0,175.0,0.0,349.0,0.0
205,44,93.0,179.0,0.0,355.0,0.0
205,44,94.0,178.0,0.0,357.0,0.0
205,44,95.0,177.0,0.0,364.0,0.0
205,44,96.0,177.0,0.0,370.0,0.0
205,44,97.0,174.0,0.0,375.0,0.0
205,44,98.0,171.0,0.0,382.0,0.0
205,44,99.0,174.0,0.0,390.0,0.0
205,44,100.0,172.0,0.0,395.0,0.0
205,44,101.0,172.0,0.0,405.0,0.0
205,44,102.0,172.0,0.0,412.0,0.0
205,44,103.0,167.0,0.0,417.0,0.0
205,44,104.0,167.0,0.0,426.0,0.0
205,44,105.0,168.0,0.0,430.0,0.0
205,44,106.0,167.0,0.0,437.0,0.0
205,44,107.0,169.0,0.0,440.0,0.0
205,44,108.0,172.0,0.0,443.0,0.0
205,44,109.0,167.0,0.0,446.0,0.0
205,44,110.0,165.0,0.0,456.0,0.0
205,44,111.0,163.0,0.0,461.0,0.0
205,44,112.0,164.0,0.0,465.0,0.0
205,44,113.0,156.0,0.0,469.0,0.0
205,44,114.0,156.0,0.0,480.0,0.0
205,44,115.0,160.0,0.0,485.0,0.0
205,44,116.0,159.0,0.0,490.0,0.0
205,44,117.0,162.0,0.0,496.0,0.0
205,44,118.0,160.0,0.0,499.0,0.0
205,44,119.0,154.0,0.0,504.0,0.0
205,44,120.0,153.0,0.0,512.0,0.0
205,44,121.0,156.0,0.0,519.0,0.0
205,44,122.0,154.0,0.0,523.0,0.0
205,44,123.0,155.0,0.0,528.0,0.0
205,44,124.0,154.0,0.0,530.0,0.0
205,44,125.0,153.0,0.0,534.0,0.0
205,44,126.0,152.0,0.0,539.0,0.0
205,44,127.0,149.0,0.0,545.0,0.0
205,44,128.0,144.0,0.0,551.0,0.0
205,44,129.0,148.0,0.0,559.0,0.0
205,44,130.0,146.0,0.0,565.0,0.0
205,44,131.0,150.0,0.0,572.0,0.0
205,44,132.0,151.0,0.0,577.0,0.0
205,44,133.0,152.0,0.0,581.0,0.0
205,44,134.0,153.0,0.0,586.0,0.0
205,44,135.0,152.0,0.0,589.0,0.0
205,44,136.0,159.0,0.0,593.0,0.0
205,44,137.0,160.0,0.0,596.0,0.0
205,44,138.0,166.0,0.0,602.0,0.0
205,44,139.0,166.0,0.0,607.0,0.0
205,44,140.0,170.0,0.0,610.0,0.0
205,44,141.0,166.0,0.0,614.0,0.0
205,44,142.0,168.0,0.0,621.0,0.0
205,44,143.0,171.0,0.0,623.0,0.0
205,44,144.0,177.0,0.0,627.0,0.0
205,44,145.0,178.0,0.0,631.0,0.0
205,44,146.0,180.0,0.0,635.0,0.0
205,44,147.0,180.0,0.0,640.0,0.0
205,44,148.0,184.0,0.0,645.0,0.0
205,44,149.0,176.0,0.0,648.0,0.0
205,44,150.0,173.0,0.0,659.0,0.0
205,44,151.0,171.0,0.0,665.0,0.0
205,44,152.0,169.0,0.0,674.0,0.0
205,44,153.0,165.0,0.0,678.0,0.0
205,44,154.0,164.0,0.0,683.0,0.0
205,44,155.0,167.0,0.0,692.0,0.0
205,44,156.0,164.0,0.0,694.0,0.0
205,44,157.0,166.0,0.0,703.0,0.0
205,44,158.0,166.0,0.0,705.0,0.0
205,44,159.0,166.0,0.0,709.0,0.0
205,44,160.0,165.0,0.0,713.0,0.0
205,44,161.0,168.0,0.0,721.0,0.0
205,44,162.0,167.0,0.0,727.0,0.0
205,44,163.0,165.0,0.0,735.0,0.0
205,44,164.0,170.0,0.0,742.0,0.0
205,44,165.0,171.0,0.0,745.0,0.0
205,44,166.0,168.0,0.0,752.0,0.0
205,44,167.0,169.0,0.0,761.0,0.0
205,44,168.0,171.0,0.0,765.0,0.0
205,44,169.0,173.0,0.0,772.0,0.0
205,44,170.0,171.0,0.0,778.0,0.0
205,44,171.0,170.0,0.0,783.0,0.0
205,44,172.0,174.0,0.0,789.0,0.0
205,44,173.0,176.0,0.0,792.0,0.0
205,44,174.0,174.0,0.0,799.0,0.0
205,44,175.0,177.0,0.0,805.0,0.0
205,44,176.0,176.0,0.0,809.0,0.0
205,44,177.0,177.0,0.0,814.0,0.0
205,44,178.0,178.0,0.0,819.0,0.0
205,44,179.0,179.0,0.0,822.0,0.0
205,44,180.0,182.0,0.0,827.0,0.0
205,44,181.0,181.0,0.0,832.0,0.0
205,44,182.0,184.0,0.0,836.0,0.0
205,44,183.0,179.0,0.0,840.0,0.0
205,44,184.0,174.0,0.0,849.0,0.0
205,44,185.0,176.0,0.0,856.0,0.0
205,44,186.0,173.0,0.0,861.0,0.0
205,44,187.0,173.0,0.0,869.0,0.0
205,44,188.0,171.0,0.0,878.0,0.0
205,44,189.0,172.0,0.0,884.0,0.0
205,44,190.0,173.0,0.0,889.0,0.0
205,44,191.0,173.0,0.0,894.0,0.0
205,44,192.0,172.0,0.0,899.0,0.0
205,44,193.0,172.0,0.0,905.0,0.0
205,44,194.0,173.0,0.0,913.0,0.0
205,44,195.0,173.0,0.0,920.0,0.0
205,44,196.0,170.0,0.0,925.0,0.0
205,44,197.0,171.0,0.0,935.0,0.0
205,44,198.0,174.0,0.0,940.0,0.0
205,44,199.0,176.0,0.0,944.0,0.0
205,44,200.0,181.0,0.0,947.0,0.0
205,44,201.0,173.0,0.0,951.0,0.0
205,44,202.0,167.0,0.0,959.0,0.0
205,44,203.0,159.0,0.0,965.0,0.0
205,44,204.0,155.0,0.0,973.0,0.0
205,44,205.0,150.0,0.0,977.0,0.0
205,44,206.0,146.0,0.0,982.0,0.0
205,44,207.0,142.0,0.0,986.0,0.0
205,44,208.0,139.0,0.0,990.0,0.0
205,44,209.0,132.0,0.0,993.0,0.0
205,44,210.0,128.0,0.0,1000.0,0.0
205,44,211.0,120.0,0.0,1004.0,0.0
205,44,212.0,114.0,0.0,1012.0,0.0
205,44,213.0,106.0,0.0,1018.0,0.0
205,44,214.0,101.0,0.0,1026.0,0.0
205,44,215.0,94.0,0.0,1031.0,0.0
205,44,216.0,91.0,0.0,1038.0,0.0
205,44,217.0,82.0,0.0,1041.0,0.0
205,44,218.0,75.0,0.0,1050.0,0.0
205,44,219.0,70.0,0.0,1057.0,0.0
205,44,220.0,65.0,0.0,1062.0,0.0
205,44,221.0,63.0,0.0,1067.0,0.0
205,44,222.0,60.0,0.0,1069.0,0.0
205,44,223.0,57.0,0.0,1072.0,0.0
205,44,224.0,53.0,0.0,1075.0,0.0
205,44,225.0,51.0,0.0,1079.0,0.0
205,44,226.0,49.0,0.0,1081.0,0.0
205,44,227.0,44.0,0.0,1083.0,0.0
205,44,228.0,42.0,0.0,1088.0,0.0
205,44,229.0,41.0,0.0,1090.0,0.0
205,44,230.0,38.0,0.0,1091.0,0.0
205,44,231.0,35.0,0.0,1094.0,0.0
205,44,232.0,33.0,0.0,1097.0,0.0
205,44,233.0,31.0,0.0,1099.0,0.0
205,44,234.0,30.0,0.0,1101.0,0.0
205,44,235.0,28.0,0.0,1102.0,0.0
205,44,236.0,26.0,0.0,1104.0,0.0
205,44,237.0,25.0,0.0,1106.0,0.0
205,44,238.0,25.0,0.0,1107.0,0.0
205,44,239.0,25.0,0.0,1107.0,0.0
205,44,240.0,23.0,0.0,1107.0,0.0
205,44,241.0,23.0,0.0,1109.0,0.0
205,44,242.0,22.0,0.0,1109.0,0.0
205,44,243.0,18.0,0.0,1110.0,0.0
205,44,244.0,16.0,0.0,1114.0,0.0
205,44,245.0,16.0,0.0,1116.0,0.0
205,44,246.0,15.0,0.0,1116.0,0.0
205,44,247.0,13.0,0.0,1117.0,0.0
205,44,248.0,13.0,0.0,1119.0,0.0
205,44,249.0,9.0,0.0,1119.0,0.0
205,44,250.0,8.0,0.0,1123.0,0.0
205,44,251.0,8.0,0.0,1124.0,0.0
205,44,252.0,7.0,0.0,1124.0,0.0
205,44,253.0,5.0,0.0,1125.0,0.0
205,44,254.0,4.0,0.0,1127.0,0.0
205,44,255.0,3.0,0.0,1128.0,0.0
205,44,256.0,3.0,0.0,1129.0,0.0
205,44,257.0,3.0,0.0,1129.0,0.0
205,44,258.0,1.0,0.0,1129.0,0.0
205,44,259.0,1.0,0.0,1131.0,0.0
205,44,260.0,1.0,0.0,1131.0,0.0
205,44,261.0,1.0,0.0,1131.0,0.0
205,44,262.0,0.0,0.0,1131.0,0.0
205,44,263.0,0.0,0.0,1132.0,0.0
205,45,0.0,5.0,0.0,0.0,0.0
205,45,1.0,10.0,0.0,0.0,0.0
205,45,2.0,14.0,0.0,0.0,0.0
205,45,3.0,21.0,0.0,0.0,0.0
205,45,4.0,25.0,0.0,0.0,0.0
205,45,5.0,31.0,0.0,0.0,0.0
205,45,6.0,37.0,0.0,0.0,0.0
205,45,7.0,44.0,0.0,0.0,0.0
205,45,8.0,51.0,0.0,0.0,0.0
205,45,9.0,56.0,0.0,0.0,0.0
205,45,10.0,64.0,0.0,0.0,0.0
205,45,11.0,68.0,0.0,0.0,0.0
205,45,12.0,78.0,0.0,0.0,0.0
205,45,13.0,85.0,0.0,0.0,0.0
205,45,14.0,90.0,0.0,0.0,0.0
205,45,15.0,96.0,0.0,0.0,0.0
205,45,16.0,102.0,0.0,1.0,0.0
205,45,17.0,107.0,0.0,1.0,0.0
205,45,18.0,112.0,0.0,1.0,0.0
205,45,19.0,119.0,0.0,1.0,0.0
205,45,20.0,124.0,0.0,1.0,0.0
205,45,21.0,128.0,0.0,1.0,0.0
205,45,22.0,133.0,0.0,2.0,0.0
205,45,23.0,134.0,0.0,2.0,0.0
205,45,24.0,132.0,0.0,4.0,0.0
205,45,25.0,133.0,0.0,8.0,0.0
205,45,26.0,136.0,0.0,11.0,0.0
205,45,27.0,139.0,0.0,14.0,0.0
205,45,28.0,137.0,0.0,18.0,0.0
205,45,29.0,138.0,0.0,22.0,0.0
205,45,30.0,140.0,0.0,27.0,0.0
205,45,31.0,143.0,0.0,30.0,0.0
205,45,32.0,139.0,0.0,33.0,0.0
205,45,33.0,138.0,0.0,38.0,0.0
205,45,34.0,134.0,0.0,45.0,0.0
205,45,35.0,135.0,0.0,51.0,0.0
205,45,36.0,138.0,0.0,56.0,0.0
205,45,37.0,139.0,0.0,59.0,0.0
205,45,38.0,140.0,0.0,61.0,0.0
205,45,39.0,141.0,0.0,66.0,0.0
205,45,40.0,144.0,0.0,70.0,0.0
205,45,41.0,148.0,0.0,76.0,0.0
205,45,42.0,149.0,0.0,80.0,0.0
205,45,43.0,150.0,0.0,85.0,0.0
205,45,44.0,152.0,0.0,89.0,0.0
205,45,45.0,153.0,0.0,94.0,0.0
205,45,46.0,157.0,0.0,98.0,0.0
205,45,47.0,155.0,0.0,103.0,0.0
205,45,48.0,149.0,0.0,108.0,0.0
205,45,49.0,152.0,0.0,116.0,0.0
205,45,50.0,154.0,0.0,118.0,0.0
205,45,51.0,155.0,0.0,121.0,0.0
205,45,52.0,159.0,0.0,124.0,0.0
205,45,53.0,158.0,0.0,127.0,0.0
205,45,54.0,162.0,0.0,133.0,0.0
205,45,55.0,165.0,0.0,137.0,0.0
205,45,56.0,166.0,0.0,140.0,0.0
205,45,57.0,171.0,0.0,143.0,0.0
205,45,58.0,165.0,0.0,145.0,0.0
205,45,59.0,165.0,0.0,153.0,0.0
205,45,60.0,164.0,0.0,154.0,0.0
205,45,61.0,164.0,0.0,158.0,0.0
205,45,62.0,166.0,0.0,165.0,0.0
205,45,63.0,163.0,0.0,169.0,0.0
205,45,64.0,162.0,0.0,176.0,0.0
205,45,65.0,157.0,0.0,181.0,0.0
205,45,66.0,162.0,0.0,190.0,0.0
205,45,67.0,161.0,0.0,192.0,0.0
205,45,68.0,161.0,0.0,201.0,0.0
205,45,69.0,157.0,0.0,207.0,0.0
205,45,70.0,155.0,0.0,212.0,0.0
205,45,71.0,153.0,0.0,219.0,0.0
205,45,72.0,144.0,0.0,226.0,0.0
205,45,73.0,141.0,0.0,237.0,0.0
205,45,74.0,148.0,0.0,243.0,0.0
205,45,75.0,152.0,0.0,245.0,0.0
205,45,76.0,149.0,0.0,249.0,0.0
205,45,77.0,152.0,0.0,256.0,0.0
205,45,78.0,151.0,0.0,259.0,0.0
205,45,79.0,153.0,0.0,265.0,0.0
205,45,80.0,150.0,0.0,268.0,0.0
205,45,81.0,151.0,0.0,274.0,0.0
205,45,82.0,148.0,0.0,278.0,0.0
205,45,83.0,145.0,0.0,286.0,0.0
205,45,84.0,148.0,0.0,292.0,0.0
205,45,85.0,151.0,0.0,294.0,0.0
205,45,86.0,148.0,0.0,296.0,0.0
205,45,87.0,145.0,0.0,302.0,0.0
205,45,88.0,150.0,0.0,308.0,0.0
205,45,89.0,153.0,0.0,311.0,0.0
205,45,90.0,154.0,0.0,314.0,0.0
205,45,91.0,154.0,0.0,318.0,0.0
205,45,92.0,152.0,0.0,323.0,0.0
205,45,93.0,155.0,0.0,328.0,0.0
205,45,94.0,161.0,0.0,332.0,0.0
205,45,95.0,164.0,0.0,335.0,0.0
205,45,96.0,163.0,0.0,340.0,0.0
205,45,97.0,159.0,0.0,344.0,0.0
205,45,98.0,156.0,0.0,352.0,0.0
205,45,99.0,157.0,0.0,359.0,0.0
205,45,100.0,158.0,0.0,360.0,0.0
205,45,101.0,162.0,0.0,364.0,0.0
205,45,102.0,162.0,0.0,368.0,0.0
205,45,103.0,163.0,0.0,372.0,0.0
205,45,104.0,165.0,0.0,379.0,0.0
205,45,105.0,171.0,0.0,382.0,0.0
205,45,106.0,170.0,0.0,386.0,0.0
205,45,107.0,171.0,0.0,393.0,0.0
205,45,108.0,174.0,0.0,399.0,0.0
205,45,109.0,173.0,0.0,404.0,0.0
205,45,110.0,175.0,0.0,411.0,0.0
205,45,111.0,177.0,0.0,416.0,0.0
205,45,112.0,185.0,0.0,420.0,0.0
205,45,113.0,183.0,0.0,421.0,0.0
205,45,114.0,182.0,0.0,425.0,0.0
205,45,115.0,179.0,0.0,431.0,0.0
205,45,116.0,182.0,0.0,438.0,0.0
205,45,117.0,182.0,0.0,441.0,0.0
205,45,118.0,185.0,0.0,447.0,0.0
205,45,119.0,182.0,0.0,453.0,0.0
205,45,120.0,180.0,0.0,459.0,0.0
205,45,121.0,181.0,0.0,467.0,0.0
205,45,122.0,176.0,0.0,473.0,0.0
205,45,123.0,172.0,0.0,483.0,0.0
205,45,124.0,170.0,0.0,490.0,0.0
205,45,125.0,165.0,0.0,496.0,0.0
205,45,126.0,166.0,0.0,503.0,0.0
205,45,127.0,166.0,0.0,510.0,0.0
205,45,128.0,166.0,0.0,517.0,0.0
205,45,129.0,165.0,0.0,521.0,0.0
205,45,130.0,171.0,0.0,527.0,0.0
205,45,131.0,169.0,0.0,529.0,0.0
205,45,132.0,167.0,0.0,536.0,0.0
205,45,133.0,168.0,0.0,541.0,0.0
205,45,134.0,168.0,0.0,545.0,0.0
205,45,135.0,170.0,0.0,550.0,0.0
205,45,136.0,169.0,0.0,554.0,0.0
205,45,137.0,167.0,0.0,560.0,0.0
205,45,138.0,169.0,0.0,565.0,0.0
205,45,139.0,172.0,0.0,569.0,0.0
205,45,140.0,170.0,0.0,572.0,0.0
205,45,141.0,161.0,0.0,578.0,0.0
205,45,142.0,161.0,0.0,590.0,0.0
205,45,143.0,164.0,0.0,597.0,0.0
205,45,144.0,162.0,0.0,601.0,0.0
205,45,145.0,159.0,0.0,610.0,0.0
205,45,146.0,165.0,0.0,617.0,0.0
205,45,147.0,164.0,0.0,620.0,0.0
205,45,148.0,167.0,0.0,626.0,0.0
205,45,149.0,166.0,0.0,630.0,0.0
205,45,150.0,163.0,0.0,633.0,0.0
205,45,151.0,167.0,0.0,641.0,0.0
205,45,152.0,168.0,0.0,643.0,0.0
205,45,153.0,169.0,0.0,647.0,0.0
205,45,154.0,172.0,0.0,654.0,0.0
205,45,155.0,168.0,0.0,658.0,0.0
205,45,156.0,168.0,0.0,664.0,0.0
205,45,157.0,169.0,0.0,668.0,0.0
205,45,158.0,173.0,0.0,672.0,0.0
205,45,159.0,171.0,0.0,676.0,0.0
205,45,160.0,167.0,0.0,681.0,0.0
205,45,161.0,169.0,0.0,688.0,0.0
205,45,162.0,171.0,0.0,693.0,0.0
205,45,163.0,168.0,0.0,697.0,0.0
205,45,164.0,163.0,0.0,704.0,0.0
205,45,165.0,161.0,0.0,713.0,0.0
205,45,166.0,161.0,0.0,720.0,0.0
205,45,167.0,161.0,0.0,728.0,0.0
205,45,168.0,161.0,0.0,734.0,0.0
205,45,169.0,160.0,0.0,737.0,0.0
205,45,170.0,160.0,0.0,745.0,0.0
205,45,171.0,162.0,0.0,752.0,0.0
205,45,172.0,164.0,0.0,755.0,0.0
205,45,173.0,165.0,0.0,760.0,0.0
205,45,174.0,163.0,0.0,761.0,0.0
205,45,175.0,163.0,0.0,768.0,0.0
205,45,176.0,162.0,0.0,774.0,0.0
205,45,177.0,160.0,0.0,778.0,0.0
205,45,178.0,159.0,0.0,784.0,0.0
205,45,179.0,156.0,0.0,790.0,0.0
205,45,180.0,157.0,0.0,797.0,0.0
205,45,181.0,157.0,0.0,804.0,0.0
205,45,182.0,157.0,0.0,809.0,0.0
205,45,183.0,154.0,0.0,813.0,0.0
205,45,184.0,156.0,0.0,819.0,0.0
205,45,185.0,155.0,0.0,824.0,0.0
205,45,186.0,154.0,0.0,828.0,0.0
205,45,187.0,157.0,0.0,835.0,0.0
205,45,188.0,155.0,0.0,839.0,0.0
205,45,189.0,155.0,0.0,845.0,0.0
205,45,190.0,154.0,0.0,850.0,0.0
205,45,191.0,154.0,0.0,856.0,0.0
205,45,192.0,154.0,0.0,860.0,0.0
205,45,193.0,155.0,0.0,864.0,0.0
205,45,194.0,154.0,0.0,869.0,0.0
205,45,195.0,153.0,0.0,876.0,0.0
205,45,196.0,152.0,0.0,883.0,0.0
205,45,197.0,156.0,0.0,890.0,0.0
205,45,198.0,160.0,0.0,892.0,0.0
205,45,199.0,160.0,0.0,895.0,0.0
205,45,200.0,163.0,0.0,900.0,0.0
205,45,201.0,155.0,0.0,903.0,0.0
205,45,202.0,151.0,0.0,911.0,0.0
205,45,203.0,146.0,0.0,915.0,0.0
205,45,204.0,136.0,0.0,920.0,0.0
205,45,205.0,133.0,0.0,930.0,0.0
205,45,206.0,127.0,0.0,933.0,0.0
205,45,207.0,123.0,0.0,939.0,0.0
205,45,208.0,119.0,0.0,943.0,0.0
205,45,209.0,114.0,0.0,947.0,0.0
205,45,210.0,111.0,0.0,952.0,0.0
205,45,211.0,104.0,0.0,955.0,0.0
205,45,212.0,99.0,0.0,962.0,0.0
205,45,213.0,92.0,0.0,967.0,0.0
205,45,214.0,86.0,0.0,974.0,0.0
205,45,215.0,84.0,0.0,980.0,0.0
205,45,216.0,79.0,0.0,982.0,0.0
205,45,217.0,76.0,0.0,987.0,0.0
205,45,218.0,73.0,0.0,990.0,0.0
205,45,219.0,70.0,0.0,993.0,0.0
205,45,220.0,66.0,0.0,996.0,0.0
205,45,221.0,63.0,0.0,1000.0,0.0
205,45,222.0,59.0,0.0,1003.0,0.0
205,45,223.0,53.0,0.0,1007.0,0.0
205,45,224.0,49.0,0.0,1013.0,0.0
205,45,225.0,46.0,0.0,1017.0,0.0
205,45,226.0,44.0,0.0,1020.0,0.0
205,45,227.0,39.0,0.0,1022.0,0.0
205,45,228.0,38.0,0.0,1027.0,0.0
205,45,229.0,34.0,0.0,1028.0,0.0
205,45,230.0,33.0,0.0,1032.0,0.0
205,45,231.0,30.0,0.0,1033.0,0.0
205,45,232.0,29.0,0.0,1036.0,0.0
205,45,233.0,28.0,0.0,1037.0,0.0
205,45,234.0,25.0,0.0,1038.0,0.0
205,45,235.0,24.0,0.0,1041.0,0.0
205,45,236.0,22.0,0.0,1042.0,0.0
205,45,237.0,21.0,0.0,1044.0,0.0
205,45,238.0,20.0,0.0,1045.0,0.0
205,45,239.0,19.0,0.0,1046.0,0.0
205,45,240.0,19.0,0.0,1047.0,0.0
205,45,241.0,18.0,0.0,1047.0,0.0
205,45,242.0,17.0,0.0,1048.0,0.0
205,45,243.0,16.0,0.0,1049.0,0.0
205,45,244.0,15.0,0.0,1050.0,0.0
205,45,245.0,14.0,0.0,1051.0,0.0
205,45,246.0,13.0,0.0,1052.0,0.0
205,45,247.0,12.0,0.0,1053.0,0.0
205,45,248.0,11.0,0.0,1054.0,0.0
205,45,249.0,11.0,0.0,1055.0,0.0
205,45,250.0,11.0,0.0,1055.0,0.0
205,45,251.0,11.0,0.0,1055.0,0.0
205,45,252.0,11.0,0.0,1055.0,0.0
205,45,253.0,11.0,0.0,1055.0,0.0
205,45,254.0,9.0,0.0,1055.0,0.0
205,45,255.0,7.0,0.0,1057.0,0.0
205,45,256.0,7.0,0.0,1059.0,0.0
205,45,257.0,7.0,0.0,1059.0,0.0
205,45,258.0,6.0,0.0,1059.0,0.0
205,45,259.0,5.0,0.0,1060.0,0.0
205,45,260.0,4.0,0.0,1061.0,0.0
205,45,261.0,4.0,0.0,1062.0,0.0
205,45,262.0,4.0,0.0,1062.0,0.0
205,45,263.0,4.0,0.0,1062.0,0.0
205,45,264.0,2.0,0.0,1062.0,0.0
205,45,265.0,1.0,0.0,1064.0,0.0
205,45,266.0,1.0,0.0,1065.0,0.0
205,45,267.0,0.0,0.0,1065.0,0.0
205,45,268.0,0.0,0.0,1066.0,0.0
205,46,0.0,6.0,0.0,0.0,0.0
205,46,1.0,10.0,0.0,0.0,0.0
205,46,2.0,15.0,0.0,0.0,0.0
205,46,3.0,24.0,0.0,0.0,0.0
205,46,4.0,31.0,0.0,0.0,0.0
205,46,5.0,37.0,0.0,0.0,0.0
205,46,6.0,44.0,0.0,0.0,0.0
205,46,7.0,48.0,0.0,0.0,0.0
205,46,8.0,56.0,0.0,0.0,0.0
205,46,9.0,60.0,0.0,0.0,0.0
205,46,10.0,66.0,0.0,1.0,0.0
205,46,11.0,71.0,0.0,1.0,0.0
205,46,12.0,75.0,0.0,1.0,0.0
205,46,13.0,82.0,0.0,1.0,0.0
205,46,14.0,93.0,0.0,1.0,0.0
205,46,15.0,97.0,0.0,1.0,0.0
205,46,16.0,101.0,0.0,2.0,0.0
205,46,17.0,108.0,0.0,3.0,0.0
205,46,18.0,112.0,0.0,3.0,0.0
205,46,19.0,114.0,0.0,4.0,0.0
205,46,20.0,119.0,0.0,6.0,0.0
205,46,21.0,122.0,0.0,6.0,0.0
205,46,22.0,127.0,0.0,10.0,0.0
205,46,23.0,132.0,0.0,10.0,0.0
205,46,24.0,137.0,0.0,10.0,0.0
205,46,25.0,142.0,0.0,12.0,0.0
205,46,26.0,142.0,0.0,15.0,0.0
205,46,27.0,140.0,0.0,18.0,0.0
205,46,28.0,147.0,0.0,22.0,0.0
205,46,29.0,145.0,0.0,23.0,0.0
205,46,30.0,143.0,0.0,28.0,0.0
205,46,31.0,142.0,0.0,32.0,0.0
205,46,32.0,144.0,0.0,35.0,0.0
205,46,33.0,146.0,0.0,41.0,0.0
205,46,34.0,149.0,0.0,46.0,0.0
205,46,35.0,152.0,0.0,49.0,0.0
205,46,36.0,154.0,0.0,53.0,0.0
205,46,37.0,149.0,0.0,57.0,0.0
205,46,38.0,150.0,0.0,66.0,0.0
205,46,39.0,150.0,0.0,70.0,0.0
205,46,40.0,150.0,0.0,75.0,0.0
205,46,41.0,148.0,0.0,79.0,0.0
205,46,42.0,150.0,0.0,86.0,0.0
205,46,43.0,152.0,0.0,92.0,0.0
205,46,44.0,151.0,0.0,96.0,0.0
205,46,45.0,151.0,0.0,102.0,0.0
205,46,46.0,156.0,0.0,107.0,0.0
205,46,47.0,155.0,0.0,109.0,0.0
205,46,48.0,161.0,0.0,114.0,0.0
205,46,49.0,161.0,0.0,117.0,0.0
205,46,50.0,161.0,0.0,121.0,0.0
205,46,51.0,162.0,0.0,125.0,0.0
205,46,52.0,165.0,0.0,129.0,0.0
205,46,53.0,164.0,0.0,132.0,0.0
205,46,54.0,164.0,0.0,136.0,0.0
205,46,55.0,169.0,0.0,140.0,0.0
205,46,56.0,166.0,0.0,146.0,0.0
205,46,57.0,172.0,0.0,152.0,0.0
205,46,58.0,174.0,0.0,154.0,0.0
205,46,59.0,165.0,0.0,160.0,0.0
205,46,60.0,167.0,0.0,171.0,0.0
205,46,61.0,170.0,0.0,176.0,0.0
205,46,62.0,169.0,0.0,178.0,0.0
205,46,63.0,163.0,0.0,186.0,0.0
205,46,64.0,159.0,0.0,195.0,0.0
205,46,65.0,159.0,0.0,203.0,0.0
205,46,66.0,156.0,0.0,207.0,0.0
205,46,67.0,159.0,0.0,214.0,0.0
205,46,68.0,154.0,0.0,216.0,0.0
205,46,69.0,156.0,0.0,223.0,0.0
205,46,70.0,154.0,0.0,227.0,0.0
205,46,71.0,151.0,0.0,232.0,0.0
205,46,72.0,152.0,0.0,242.0,0.0
205,46,73.0,154.0,0.0,244.0,0.0
205,46,74.0,159.0,0.0,250.0,0.0
205,46,75.0,161.0,0.0,253.0,0.0
205,46,76.0,158.0,0.0,256.0,0.0
205,46,77.0,159.0,0.0,265.0,0.0
205,46,78.0,157.0,0.0,269.0,0.0
205,46,79.0,158.0,0.0,276.0,0.0
205,46,80.0,163.0,0.0,281.0,0.0
205,46,81.0,167.0,0.0,283.0,0.0
205,46,82.0,169.0,0.0,286.0,0.0
205,46,83.0,168.0,0.0,292.0,0.0
205,46,84.0,171.0,0.0,299.0,0.0
205,46,85.0,170.0,0.0,303.0,0.0
205,46,86.0,169.0,0.0,312.0,0.0
205,46,87.0,170.0,0.0,318.0,0.0
205,46,88.0,170.0,0.0,324.0,0.0
205,46,89.0,172.0,0.0,329.0,0.0
205,46,90.0,172.0,0.0,335.0,0.0
205,46,91.0,171.0,0.0,339.0,0.0
205,46,92.0,174.0,0.0,347.0,0.0
205,46,93.0,178.0,0.0,349.0,0.0
205,46,94.0,182.0,0.0,351.0,0.0
205,46,95.0,179.0,0.0,354.0,0.0
205,46,96.0,178.0,0.0,363.0,0.0
205,46,97.0,177.0,0.0,367.0,0.0
205,46,98.0,177.0,0.0,370.0,0.0
205,46,99.0,178.0,0.0,374.0,0.0
205,46,100.0,177.0,0.0,378.0,0.0
205,46,101.0,180.0,0.0,384.0,0.0
205,46,102.0,185.0,0.0,387.0,0.0
205,46,103.0,184.0,0.0,391.0,0.0
205,46,104.0,187.0,0.0,397.0,0.0
205,46,105.0,186.0,0.0,403.0,0.0
205,46,106.0,181.0,0.0,408.0,0.0
205,46,107.0,178.0,0.0,416.0,0.0
205,46,108.0,179.0,0.0,424.0,0.0
205,46,109.0,181.0,0.0,430.0,0.0
205,46,110.0,181.0,0.0,435.0,0.0
205,46,111.0,181.0,0.0,441.0,0.0
205,46,112.0,177.0,0.0,447.0,0.0
205,46,113.0,176.0,0.0,455.0,0.0
205,46,114.0,173.0,0.0,460.0,0.0
205,46,115.0,175.0,0.0,465.0,0.0
205,46,116.0,171.0,0.0,468.0,0.0
205,46,117.0,175.0,0.0,477.0,0.0
205,46,118.0,177.0,0.0,480.0,0.0
205,46,119.0,175.0,0.0,486.0,0.0
205,46,120.0,172.0,0.0,492.0,0.0
205,46,121.0,172.0,0.0,499.0,0.0
205,46,122.0,171.0,0.0,501.0,0.0
205,46,123.0,172.0,0.0,505.0,0.0
205,46,124.0,175.0,0.0,510.0,0.0
205,46,125.0,176.0,0.0,514.0,0.0
205,46,126.0,174.0,0.0,523.0,0.0
205,46,127.0,176.0,0.0,529.0,0.0
205,46,128.0,179.0,0.0,534.0,0.0
205,46,129.0,175.0,0.0,537.0,0.0
205,46,130.0,176.0,0.0,547.0,0.0
205,46,131.0,172.0,0.0,554.0,0.0
205,46,132.0,170.0,0.0,562.0,0.0
205,46,133.0,170.0,0.0,568.0,0.0
205,46,134.0,172.0,0.0,575.0,0.0
205,46,135.0,173.0,0.0,579.0,0.0
205,46,136.0,176.0,0.0,584.0,0.0
205,46,137.0,178.0,0.0,587.0,0.0
205,46,138.0,179.0,0.0,592.0,0.0
205,46,139.0,182.0,0.0,598.0,0.0
205,46,140.0,180.0,0.0,600.0,0.0
205,46,141.0,181.0,0.0,607.0,0.0
205,46,142.0,180.0,0.0,610.0,0.0
205,46,143.0,183.0,0.0,616.0,0.0
205,46,144.0,184.0,0.0,620.0,0.0
205,46,145.0,180.0,0.0,623.0,0.0
205,46,146.0,178.0,0.0,631.0,0.0
205,46,147.0,178.0,0.0,636.0,0.0
205,46,148.0,168.0,0.0,642.0,0.0
205,46,149.0,168.0,0.0,654.0,0.0
205,46,150.0,167.0,0.0,657.0,0.0
205,46,151.0,168.0,0.0,663.0,0.0
205,46,152.0,161.0,0.0,669.0,0.0
205,46,153.0,165.0,0.0,679.0,0.0
205,46,154.0,164.0,0.0,683.0,0.0
205,46,155.0,158.0,0.0,688.0,0.0
205,46,156.0,159.0,0.0,700.0,0.0
205,46,157.0,154.0,0.0,704.0,0.0
205,46,158.0,159.0,0.0,713.0,0.0
205,46,159.0,162.0,0.0,716.0,0.0
205,46,160.0,167.0,0.0,723.0,0.0
205,46,161.0,169.0,0.0,727.0,0.0
205,46,162.0,173.0,0.0,731.0,0.0
205,46,163.0,173.0,0.0,736.0,0.0
205,46,164.0,173.0,0.0,742.0,0.0
205,46,165.0,175.0,0.0,747.0,0.0
205,46,166.0,172.0,0.0,751.0,0.0
205,46,167.0,169.0,0.0,756.0,0.0
205,46,168.0,172.0,0.0,764.0,0.0
205,46,169.0,174.0,0.0,768.0,0.0
205,46,170.0,171.0,0.0,770.0,0.0
205,46,171.0,172.0,0.0,781.0,0.0
205,46,172.0,172.0,0.0,788.0,0.0
205,46,173.0,173.0,0.0,792.0,0.0
205,46,174.0,171.0,0.0,797.0,0.0
205,46,175.0,173.0,0.0,803.0,0.0
205,46,176.0,178.0,0.0,805.0,0.0
205,46,177.0,177.0,0.0,807.0,0.0
205,46,178.0,174.0,0.0,815.0,0.0
205,46,179.0,175.0,0.0,822.0,0.0
205,46,180.0,175.0,0.0,827.0,0.0
205,46,181.0,176.0,0.0,830.0,0.0
205,46,182.0,173.0,0.0,835.0,0.0
205,46,183.0,172.0,0.0,844.0,0.0
205,46,184.0,172.0,0.0,849.0,0.0
205,46,185.0,169.0,0.0,854.0,0.0
205,46,186.0,167.0,0.0,860.0,0.0
205,46,187.0,170.0,0.0,865.0,0.0
205,46,188.0,175.0,0.0,872.0,0.0
205,46,189.0,174.0,0.0,876.0,0.0
205,46,190.0,177.0,0.0,882.0,0.0
205,46,191.0,174.0,0.0,885.0,0.0
205,46,192.0,174.0,0.0,892.0,0.0
205,46,193.0,180.0,0.0,897.0,0.0
205,46,194.0,180.0,0.0,900.0,0.0
205,46,195.0,182.0,0.0,907.0,0.0
205,46,196.0,181.0,0.0,911.0,0.0
205,46,197.0,183.0,0.0,918.0,0.0
205,46,198.0,185.0,0.0,923.0,0.0
205,46,199.0,187.0,0.0,926.0,0.0
205,46,200.0,190.0,0.0,931.0,0.0
205,46,201.0,183.0,0.0,935.0,0.0
205,46,202.0,179.0,0.0,942.0,0.0
205,46,203.0,169.0,0.0,946.0,0.0
205,46,204.0,164.0,0.0,956.0,0.0
205,46,205.0,160.0,0.0,961.0,0.0
205,46,206.0,157.0,0.0,965.0,0.0
205,46,207.0,147.0,0.0,968.0,0.0
205,46,208.0,141.0,0.0,978.0,0.0
205,46,209.0,136.0,0.0,984.0,0.0
205,46,210.0,126.0,0.0,989.0,0.0
205,46,211.0,120.0,0.0,999.0,0.0
205,46,212.0,113.0,0.0,1005.0,0.0
205,46,213.0,107.0,0.0,1012.0,0.0
205,46,214.0,100.0,0.0,1018.0,0.0
205,46,215.0,93.0,0.0,1025.0,0.0
205,46,216.0,90.0,0.0,1032.0,0.0
205,46,217.0,86.0,0.0,1035.0,0.0
205,46,218.0,81.0,0.0,1039.0,0.0
205,46,219.0,76.0,0.0,1044.0,0.0
205,46,220.0,72.0,0.0,1049.0,0.0
205,46,221.0,65.0,0.0,1053.0,0.0
205,46,222.0,58.0,0.0,1060.0,0.0
205,46,223.0,53.0,0.0,1067.0,0.0
205,46,224.0,51.0,0.0,1072.0,0.0
205,46,225.0,49.0,0.0,1074.0,0.0
205,46,226.0,46.0,0.0,1076.0,0.0
205,46,227.0,43.0,0.0,1079.0,0.0
205,46,228.0,41.0,0.0,1082.0,0.0
205,46,229.0,37.0,0.0,1084.0,0.0
205,46,230.0,32.0,0.0,1088.0,0.0
205,46,231.0,27.0,0.0,1093.0,0.0
205,46,232.0,25.0,0.0,1098.0,0.0
205,46,233.0,24.0,0.0,1100.0,0.0
205,46,234.0,20.0,0.0,1101.0,0.0
205,46,235.0,20.0,0.0,1105.0,0.0
205,46,236.0,20.0,0.0,1105.0,0.0
205,46,237.0,17.0,0.0,1105.0,0.0
205,46,238.0,15.0,0.0,1108.0,0.0
205,46,239.0,12.0,0.0,1110.0,0.0
205,46,240.0,11.0,0.0,1113.0,0.0
205,46,241.0,11.0,0.0,1114.0,0.0
205,46,242.0,9.0,0.0,1114.0,0.0
205,46,243.0,9.0,0.0,1116.0,0.0
205,46,244.0,9.0,0.0,1116.0,0.0
205,46,245.0,7.0,0.0,1116.0,0.0
205,46,246.0,7.0,0.0,1118.0,0.0
205,46,247.0,7.0,0.0,1118.0,0.0
205,46,248.0,7.0,0.0,1118.0,0.0
205,46,249.0,7.0,0.0,1118.0,0.0
205,46,250.0,6.0,0.0,1118.0,0.0
205,46,251.0,5.0,0.0,1119.0,0.0
205,46,252.0,5.0,0.0,1120.0,0.0
205,46,253.0,5.0,0.0,1120.0,0.0
205,46,254.0,5.0,0.0,1120.0,0.0
205,46,255.0,5.0,0.0,1120.0,0.0
205,46,256.0,5.0,0.0,1120.0,0.0
205,46,257.0,4.0,0.0,1120.0,0.0
205,46,258.0,3.0,0.0,1121.0,0.0
205,46,259.0,3.0,0.0,1122.0,0.0
205,46,260.0,3.0,0.0,1122.0,0.0
205,46,261.0,3.0,0.0,1122.0,0.0
205,46,262.0,3.0,0.0,1122.0,0.0
205,46,263.0,2.0,0.0,1122.0,0.0
205,46,264.0,2.0,0.0,1123.0,0.0
205,46,265.0,2.0,0.0,1123.0,0.0
205,46,266.0,1.0,0.0,1123.0,0.0
205,46,267.0,1.0,0.0,1124.0,0.0
205,46,268.0,0.0,0.0,1124.0,0.0
205,46,269.0,0.0,0.0,1125.0,0.0
205,47,0.0,5.0,0.0,0.0,0.0
205,47,1.0,12.0,0.0,0.0,0.0
205,47,2.0,17.0,0.0,0.0,0.0
205,47,3.0,23.0,0.0,0.0,0.0
205,47,4.0,29.0,0.0,0.0,0.0
205,47,5.0,33.0,0.0,0.0,0.0
205,47,6.0,37.0,0.0,0.0,0.0
205,47,7.0,43.0,0.0,0.0,0.0
205,47,8.0,47.0,0.0,0.0,0.0
205,47,9.0,58.0,0.0,0.0,0.0
205,47,10.0,63.0,0.0,0.0,0.0
205,47,11.0,67.0,0.0,0.0,0.0
205,47,12.0,73.0,0.0,0.0,0.0
205,47,13.0,80.0,0.0,0.0,0.0
205,47,14.0,85.0,0.0,0.0,0.0
205,47,15.0,89.0,0.0,0.0,0.0
205,47,16.0,93.0,0.0,0.0,0.0
205,47,17.0,100.0,0.0,0.0,0.0
205,47,18.0,103.0,0.0,2.0,0.0
205,47,19.0,106.0,0.0,2.0,0.0
205,47,20.0,111.0,0.0,2.0,0.0
205,47,21.0,117.0,0.0,3.0,0.0
205,47,22.0,124.0,0.0,4.0,0.0
205,47,23.0,132.0,0.0,4.0,0.0
205,47,24.0,141.0,0.0,5.0,0.0
205,47,25.0,145.0,0.0,7.0,0.0
205,47,26.0,144.0,0.0,9.0,0.0
205,47,27.0,152.0,0.0,13.0,0.0
205,47,28.0,155.0,0.0,16.0,0.0
205,47,29.0,157.0,0.0,21.0,0.0
205,47,30.0,161.0,0.0,26.0,0.0
205,47,31.0,163.0,0.0,28.0,0.0
205,47,32.0,166.0,0.0,32.0,0.0
205,47,33.0,168.0,0.0,34.0,0.0
205,47,34.0,164.0,0.0,38.0,0.0
205,47,35.0,162.0,0.0,45.0,0.0
205,47,36.0,163.0,0.0,53.0,0.0
205,47,37.0,164.0,0.0,57.0,0.0
205,47,38.0,164.0,0.0,62.0,0.0
205,47,39.0,167.0,0.0,66.0,0.0
205,47,40.0,171.0,0.0,69.0,0.0
205,47,41.0,174.0,0.0,74.0,0.0
205,47,42.0,177.0,0.0,79.0,0.0
205,47,43.0,177.0,0.0,84.0,0.0
205,47,44.0,181.0,0.0,89.0,0.0
205,47,45.0,183.0,0.0,91.0,0.0
205,47,46.0,186.0,0.0,96.0,0.0
205,47,47.0,184.0,0.0,98.0,0.0
205,47,48.0,184.0,0.0,107.0,0.0
205,47,49.0,186.0,0.0,111.0,0.0
205,47,50.0,182.0,0.0,113.0,0.0
205,47,51.0,187.0,0.0,122.0,0.0
205,47,52.0,188.0,0.0,126.0,0.0
205,47,53.0,184.0,0.0,131.0,0.0
205,47,54.0,182.0,0.0,139.0,0.0
205,47,55.0,183.0,0.0,147.0,0.0
205,47,56.0,180.0,0.0,152.0,0.0
205,47,57.0,183.0,0.0,157.0,0.0
205,47,58.0,181.0,0.0,160.0,0.0
205,47,59.0,176.0,0.0,165.0,0.0
205,47,60.0,178.0,0.0,173.0,0.0
205,47,61.0,178.0,0.0,178.0,0.0
205,47,62.0,177.0,0.0,183.0,0.0
205,47,63.0,172.0,0.0,191.0,0.0
205,47,64.0,171.0,0.0,198.0,0.0
205,47,65.0,171.0,0.0,207.0,0.0
205,47,66.0,170.0,0.0,210.0,0.0
205,47,67.0,169.0,0.0,214.0,0.0
205,47,68.0,169.0,0.0,219.0,0.0
205,47,69.0,165.0,0.0,224.0,0.0
205,47,70.0,165.0,0.0,233.0,0.0
205,47,71.0,165.0,0.0,239.0,0.0
205,47,72.0,166.0,0.0,245.0,0.0
205,47,73.0,169.0,0.0,250.0,0.0
205,47,74.0,169.0,0.0,255.0,0.0
205,47,75.0,169.0,0.0,260.0,0.0
205,47,76.0,167.0,0.0,268.0,0.0
205,47,77.0,165.0,0.0,275.0,0.0
205,47,78.0,162.0,0.0,282.0,0.0
205,47,79.0,157.0,0.0,288.0,0.0
205,47,80.0,157.0,0.0,296.0,0.0
205,47,81.0,157.0,0.0,300.0,0.0
205,47,82.0,156.0,0.0,303.0,0.0
205,47,83.0,157.0,0.0,310.0,0.0
205,47,84.0,159.0,0.0,314.0,0.0
205,47,85.0,162.0,0.0,317.0,0.0
205,47,86.0,160.0,0.0,319.0,0.0
205,47,87.0,161.0,0.0,326.0,0.0
205,47,88.0,161.0,0.0,329.0,0.0
205,47,89.0,163.0,0.0,334.0,0.0
205,47,90.0,161.0,0.0,337.0,0.0
205,47,91.0,163.0,0.0,343.0,0.0
205,47,92.0,166.0,0.0,346.0,0.0
205,47,93.0,165.0,0.0,348.0,0.0
205,47,94.0,164.0,0.0,353.0,0.0
205,47,95.0,160.0,0.0,362.0,0.0
205,47,96.0,158.0,0.0,370.0,0.0
205,47,97.0,153.0,0.0,376.0,0.0
205,47,98.0,149.0,0.0,387.0,0.0
205,47,99.0,149.0,0.0,394.0,0.0
205,47,100.0,150.0,0.0,397.0,0.0
205,47,101.0,151.0,0.0,401.0,0.0
205,47,102.0,153.0,0.0,405.0,0.0
205,47,103.0,147.0,0.0,409.0,0.0
205,47,104.0,148.0,0.0,419.0,0.0
205,47,105.0,150.0,0.0,424.0,0.0
205,47,106.0,150.0,0.0,428.0,0.0
205,47,107.0,150.0,0.0,434.0,0.0
205,47,108.0,153.0,0.0,438.0,0.0
205,47,109.0,149.0,0.0,441.0,0.0
205,47,110.0,156.0,0.0,450.0,0.0
205,47,111.0,155.0,0.0,452.0,0.0
205,47,112.0,148.0,0.0,458.0,0.0
205,47,113.0,151.0,0.0,468.0,0.0
205,47,114.0,151.0,0.0,473.0,0.0
205,47,115.0,154.0,0.0,475.0,0.0
205,47,116.0,148.0,0.0,479.0,0.0
205,47,117.0,150.0,0.0,486.0,0.0
205,47,118.0,149.0,0.0,490.0,0.0
205,47,119.0,148.0,0.0,493.0,0.0
205,47,120.0,149.0,0.0,495.0,0.0
205,47,121.0,151.0,0.0,498.0,0.0
205,47,122.0,146.0,0.0,503.0,0.0
205,47,123.0,153.0,0.0,512.0,0.0
205,47,124.0,149.0,0.0,515.0,0.0
205,47,125.0,149.0,0.0,522.0,0.0
205,47,126.0,150.0,0.0,525.0,0.0
205,47,127.0,152.0,0.0,527.0,0.0
205,47,128.0,147.0,0.0,530.0,0.0
205,47,129.0,143.0,0.0,539.0,0.0
205,47,130.0,143.0,0.0,546.0,0.0
205,47,131.0,148.0,0.0,551.0,0.0
205,47,132.0,151.0,0.0,556.0,0.0
205,47,133.0,151.0,0.0,561.0,0.0
205,47,134.0,146.0,0.0,566.0,0.0
205,47,135.0,148.0,0.0,574.0,0.0
205,47,136.0,146.0,0.0,576.0,0.0
205,47,137.0,146.0,0.0,582.0,0.0
205,47,138.0,147.0,0.0,586.0,0.0
205,47,139.0,147.0,0.0,589.0,0.0
205,47,140.0,149.0,0.0,596.0,0.0
205,47,141.0,150.0,0.0,599.0,0.0
205,47,142.0,154.0,0.0,604.0,0.0
205,47,143.0,155.0,0.0,607.0,0.0
205,47,144.0,156.0,0.0,612.0,0.0
205,47,145.0,158.0,0.0,617.0,0.0
205,47,146.0,158.0,0.0,622.0,0.0
205,47,147.0,159.0,0.0,626.0,0.0
205,47,148.0,159.0,0.0,631.0,0.0
205,47,149.0,161.0,0.0,637.0,0.0
205,47,150.0,161.0,0.0,644.0,0.0
205,47,151.0,161.0,0.0,647.0,0.0
205,47,152.0,163.0,0.0,651.0,0.0
205,47,153.0,167.0,0.0,654.0,0.0
205,47,154.0,166.0,0.0,658.0,0.0
205,47,155.0,163.0,0.0,661.0,0.0
205,47,156.0,161.0,0.0,670.0,0.0
205,47,157.0,162.0,0.0,676.0,0.0
205,47,158.0,160.0,0.0,679.0,0.0
205,47,159.0,160.0,0.0,685.0,0.0
205,47,160.0,158.0,0.0,689.0,0.0
205,47,161.0,161.0,0.0,696.0,0.0
205,47,162.0,161.0,0.0,700.0,0.0
205,47,163.0,163.0,0.0,705.0,0.0
205,47,164.0,161.0,0.0,709.0,0.0
205,47,165.0,159.0,0.0,714.0,0.0
205,47,166.0,160.0,0.0,719.0,0.0
205,47,167.0,157.0,0.0,724.0,0.0
205,47,168.0,154.0,0.0,730.0,0.0
205,47,169.0,154.0,0.0,738.0,0.0
205,47,170.0,155.0,0.0,744.0,0.0
205,47,171.0,158.0,0.0,749.0,0.0
205,47,172.0,162.0,0.0,752.0,0.0
205,47,173.0,165.0,0.0,754.0,0.0
205,47,174.0,162.0,0.0,757.0,0.0
205,47,175.0,161.0,0.0,766.0,0.0
205,47,176.0,162.0,0.0,772.0,0.0
205,47,177.0,160.0,0.0,776.0,0.0
205,47,178.0,158.0,0.0,783.0,0.0
205,47,179.0,157.0,0.0,790.0,0.0
205,47,180.0,157.0,0.0,798.0,0.0
205,47,181.0,158.0,0.0,804.0,0.0
205,47,182.0,157.0,0.0,808.0,0.0
205,47,183.0,159.0,0.0,814.0,0.0
205,47,184.0,165.0,0.0,817.0,0.0
205,47,185.0,166.0,0.0,821.0,0.0
205,47,186.0,166.0,0.0,824.0,0.0
205,47,187.0,167.0,0.0,829.0,0.0
205,47,188.0,167.0,0.0,833.0,0.0
205,47,189.0,168.0,0.0,838.0,0.0
205,47,190.0,169.0,0.0,844.0,0.0
205,47,191.0,170.0,0.0,848.0,0.0
205,47,192.0,168.0,0.0,854.0,0.0
205,47,193.0,167.0,0.0,862.0,0.0
205,47,194.0,171.0,0.0,867.0,0.0
205,47,195.0,166.0,0.0,871.0,0.0
205,47,196.0,169.0,0.0,878.0,0.0
205,47,197.0,171.0,0.0,881.0,0.0
205,47,198.0,172.0,0.0,884.0,0.0
205,47,199.0,172.0,0.0,887.0,0.0
205,47,200.0,175.0,0.0,893.0,0.0
205,47,201.0,168.0,0.0,895.0,0.0
205,47,202.0,161.0,0.0,902.0,0.0
205,47,203.0,155.0,0.0,909.0,0.0
205,47,204.0,147.0,0.0,915.0,0.0
205,47,205.0,144.0,0.0,923.0,0.0
205,47,206.0,137.0,0.0,926.0,0.0
205,47,207.0,132.0,0.0,933.0,0.0
205,47,208.0,123.0,0.0,938.0,0.0
205,47,209.0,116.0,0.0,947.0,0.0
205,47,210.0,111.0,0.0,954.0,0.0
205,47,211.0,104.0,0.0,959.0,0.0
205,47,212.0,98.0,0.0,966.0,0.0
205,47,213.0,93.0,0.0,972.0,0.0
205,47,214.0,88.0,0.0,977.0,0.0
205,47,215.0,80.0,0.0,982.0,0.0
205,47,216.0,77.0,0.0,990.0,0.0
205,47,217.0,73.0,0.0,993.0,0.0
205,47,218.0,70.0,0.0,997.0,0.0
205,47,219.0,65.0,0.0,1000.0,0.0
205,47,220.0,61.0,0.0,1005.0,0.0
205,47,221.0,55.0,0.0,1009.0,0.0
205,47,222.0,48.0,0.0,1015.0,0.0
205,47,223.0,44.0,0.0,1022.0,0.0
205,47,224.0,43.0,0.0,1026.0,0.0
205,47,225.0,39.0,0.0,1027.0,0.0
205,47,226.0,36.0,0.0,1031.0,0.0
205,47,227.0,36.0,0.0,1034.0,0.0
205,47,228.0,34.0,0.0,1034.0,0.0
205,47,229.0,33.0,0.0,1036.0,0.0
205,47,230.0,31.0,0.0,1037.0,0.0
205,47,231.0,29.0,0.0,1039.0,0.0
205,47,232.0,29.0,0.0,1041.0,0.0
205,47,233.0,26.0,0.0,1041.0,0.0
205,47,234.0,25.0,0.0,1044.0,0.0
205,47,235.0,21.0,0.0,1045.0,0.0
205,47,236.0,19.0,0.0,1049.0,0.0
205,47,237.0,19.0,0.0,1051.0,0.0
205,47,238.0,16.0,0.0,1051.0,0.0
205,47,239.0,16.0,0.0,1054.0,0.0
205,47,240.0,14.0,0.0,1054.0,0.0
205,47,241.0,14.0,0.0,1056.0,0.0
205,47,242.0,13.0,0.0,1056.0,0.0
205,47,243.0,13.0,0.0,1057.0,0.0
205,47,244.0,11.0,0.0,1057.0,0.0
205,47,245.0,11.0,0.0,1059.0,0.0
205,47,246.0,9.0,0.0,1059.0,0.0
205,47,247.0,9.0,0.0,1061.0,0.0
205,47,248.0,9.0,0.0,1061.0,0.0
205,47,249.0,9.0,0.0,1061.0,0.0
205,47,250.0,9.0,0.0,1061.0,0.0
205,47,251.0,7.0,0.0,1061.0,0.0
205,47,252.0,7.0,0.0,1063.0,0.0
205,47,253.0,6.0,0.0,1063.0,0.0
205,47,254.0,6.0,0.0,1064.0,0.0
205,47,255.0,5.0,0.0,1064.0,0.0
205,47,256.0,4.0,0.0,1065.0,0.0
205,47,257.0,4.0,0.0,1066.0,0.0
205,47,258.0,3.0,0.0,1066.0,0.0
205,47,259.0,2.0,0.0,1067.0,0.0
205,47,260.0,2.0,0.0,1068.0,0.0
205,47,261.0,1.0,0.0,1068.0,0.0
205,47,262.0,0.0,0.0,1069.0,0.0
205,47,263.0,0.0,0.0,1070.0,0.0
205,48,0.0,11.0,0.0,0.0,0.0
205,48,1.0,15.0,0.0,0.0,0.0
205,48,2.0,21.0,0.0,0.0,0.0
205,48,3.0,28.0,0.0,0.0,0.0
205,48,4.0,35.0,0.0,0.0,0.0
205,48,5.0,39.0,0.0,0.0,0.0
205,48,6.0,44.0,0.0,0.0,0.0
205,48,7.0,51.0,0.0,0.0,0.0
205,48,8.0,56.0,0.0,0.0,0.0
205,48,9.0,63.0,0.0,0.0,0.0
205,48,10.0,68.0,0.0,0.0,0.0
205,48,11.0,72.0,0.0,1.0,0.0
205,48,12.0,78.0,0.0,1.0,0.0
205,48,13.0,84.0,0.0,1.0,0.0
205,48,14.0,91.0,0.0,1.0,0.0
205,48,15.0,98.0,0.0,1.0,0.0
205,48,16.0,101.0,0.0,1.0,0.0
205,48,17.0,104.0,0.0,1.0,0.0
205,48,18.0,110.0,0.0,1.0,0.0
205,48,19.0,114.0,0.0,1.0,0.0
205,48,20.0,119.0,0.0,2.0,0.0
205,48,21.0,124.0,0.0,4.0,0.0
205,48,22.0,128.0,0.0,5.0,0.0
205,48,23.0,132.0,0.0,5.0,0.0
205,48,24.0,134.0,0.0,7.0,0.0
205,48,25.0,141.0,0.0,11.0,0.0
205,48,26.0,144.0,0.0,15.0,0.0
205,48,27.0,146.0,0.0,19.0,0.0
205,48,28.0,145.0,0.0,21.0,0.0
205,48,29.0,146.0,0.0,27.0,0.0
205,48,30.0,147.0,0.0,32.0,0.0
205,48,31.0,149.0,0.0,38.0,0.0
205,48,32.0,153.0,0.0,43.0,0.0
205,48,33.0,152.0,0.0,47.0,0.0
205,48,34.0,153.0,0.0,51.0,0.0
205,48,35.0,153.0,0.0,54.0,0.0
205,48,36.0,160.0,0.0,61.0,0.0
205,48,37.0,161.0,0.0,63.0,0.0
205,48,38.0,165.0,0.0,65.0,0.0
205,48,39.0,168.0,0.0,69.0,0.0
205,48,40.0,166.0,0.0,75.0,0.0
205,48,41.0,165.0,0.0,81.0,0.0
205,48,42.0,166.0,0.0,86.0,0.0
205,48,43.0,170.0,0.0,90.0,0.0
205,48,44.0,171.0,0.0,92.0,0.0
205,48,45.0,171.0,0.0,95.0,0.0
205,48,46.0,173.0,0.0,98.0,0.0
205,48,47.0,169.0,0.0,104.0,0.0
205,48,48.0,168.0,0.0,112.0,0.0
205,48,49.0,169.0,0.0,117.0,0.0
205,48,50.0,168.0,0.0,120.0,0.0
205,48,51.0,166.0,0.0,125.0,0.0
205,48,52.0,166.0,0.0,129.0,0.0
205,48,53.0,165.0,0.0,135.0,0.0
205,48,54.0,167.0,0.0,139.0,0.0
205,48,55.0,167.0,0.0,142.0,0.0
205,48,56.0,168.0,0.0,147.0,0.0
205,48,57.0,170.0,0.0,151.0,0.0
205,48,58.0,170.0,0.0,156.0,0.0
205,48,59.0,171.0,0.0,162.0,0.0
205,48,60.0,173.0,0.0,169.0,0.0
205,48,61.0,174.0,0.0,171.0,0.0
205,48,62.0,176.0,0.0,174.0,0.0
205,48,63.0,175.0,0.0,177.0,0.0
205,48,64.0,172.0,0.0,184.0,0.0
205,48,65.0,171.0,0.0,192.0,0.0
205,48,66.0,170.0,0.0,198.0,0.0
205,48,67.0,170.0,0.0,205.0,0.0
205,48,68.0,165.0,0.0,212.0,0.0
205,48,69.0,165.0,0.0,221.0,0.0
205,48,70.0,169.0,0.0,226.0,0.0
205,48,71.0,173.0,0.0,230.0,0.0
205,48,72.0,169.0,0.0,233.0,0.0
205,48,73.0,172.0,0.0,242.0,0.0
205,48,74.0,172.0,0.0,243.0,0.0
205,48,75.0,174.0,0.0,250.0,0.0
205,48,76.0,172.0,0.0,253.0,0.0
205,48,77.0,176.0,0.0,260.0,0.0
205,48,78.0,177.0,0.0,264.0,0.0
205,48,79.0,180.0,0.0,267.0,0.0
205,48,80.0,182.0,0.0,271.0,0.0
205,48,81.0,180.0,0.0,275.0,0.0
205,48,82.0,176.0,0.0,280.0,0.0
205,48,83.0,175.0,0.0,287.0,0.0
205,48,84.0,175.0,0.0,295.0,0.0
205,48,85.0,177.0,0.0,298.0,0.0
205,48,86.0,171.0,0.0,303.0,0.0
205,48,87.0,174.0,0.0,312.0,0.0
205,48,88.0,173.0,0.0,318.0,0.0
205,48,89.0,171.0,0.0,321.0,0.0
205,48,90.0,172.0,0.0,328.0,0.0
205,48,91.0,173.0,0.0,335.0,0.0
205,48,92.0,174.0,0.0,340.0,0.0
205,48,93.0,175.0,0.0,346.0,0.0
205,48,94.0,174.0,0.0,354.0,0.0
205,48,95.0,173.0,0.0,360.0,0.0
205,48,96.0,173.0,0.0,365.0,0.0
205,48,97.0,169.0,0.0,371.0,0.0
205,48,98.0,173.0,0.0,378.0,0.0
205,48,99.0,174.0,0.0,384.0,0.0
205,48,100.0,176.0,0.0,387.0,0.0
205,48,101.0,170.0,0.0,391.0,0.0
205,48,102.0,174.0,0.0,399.0,0.0
205,48,103.0,173.0,0.0,402.0,0.0
205,48,104.0,175.0,0.0,408.0,0.0
205,48,105.0,176.0,0.0,415.0,0.0
205,48,106.0,178.0,0.0,418.0,0.0
205,48,107.0,177.0,0.0,420.0,0.0
205,48,108.0,173.0,0.0,425.0,0.0
205,48,109.0,172.0,0.0,434.0,0.0
205,48,110.0,171.0,0.0,441.0,0.0
205,48,111.0,174.0,0.0,447.0,0.0
205,48,112.0,173.0,0.0,449.0,0.0
205,48,113.0,173.0,0.0,454.0,0.0
205,48,114.0,173.0,0.0,458.0,0.0
205,48,115.0,174.0,0.0,462.0,0.0
205,48,116.0,175.0,0.0,467.0,0.0
205,48,117.0,174.0,0.0,475.0,0.0
205,48,118.0,176.0,0.0,485.0,0.0
205,48,119.0,179.0,0.0,489.0,0.0
205,48,120.0,177.0,0.0,491.0,0.0
205,48,121.0,167.0,0.0,498.0,0.0
205,48,122.0,171.0,0.0,509.0,0.0
205,48,123.0,173.0,0.0,513.0,0.0
205,48,124.0,179.0,0.0,517.0,0.0
205,48,125.0,181.0,0.0,518.0,0.0
205,48,126.0,181.0,0.0,523.0,0.0
205,48,127.0,178.0,0.0,529.0,0.0
205,48,128.0,178.0,0.0,536.0,0.0
205,48,129.0,178.0,0.0,540.0,0.0
205,48,130.0,181.0,0.0,545.0,0.0
205,48,131.0,179.0,0.0,549.0,0.0
205,48,132.0,178.0,0.0,554.0,0.0
205,48,133.0,179.0,0.0,559.0,0.0
205,48,134.0,179.0,0.0,563.0,0.0
205,48,135.0,174.0,0.0,568.0,0.0
205,48,136.0,174.0,0.0,578.0,0.0
205,48,137.0,170.0,0.0,583.0,0.0
205,48,138.0,167.0,0.0,591.0,0.0
205,48,139.0,168.0,0.0,601.0,0.0
205,48,140.0,170.0,0.0,604.0,0.0
205,48,141.0,176.0,0.0,610.0,0.0
205,48,142.0,181.0,0.0,613.0,0.0
205,48,143.0,181.0,0.0,616.0,0.0
205,48,144.0,181.0,0.0,622.0,0.0
205,48,145.0,181.0,0.0,627.0,0.0
205,48,146.0,174.0,0.0,632.0,0.0
205,48,147.0,172.0,0.0,643.0,0.0
205,48,148.0,169.0,0.0,649.0,0.0
205,48,149.0,163.0,0.0,657.0,0.0
205,48,150.0,164.0,0.0,664.0,0.0
205,48,151.0,166.0,0.0,667.0,0.0
205,48,152.0,167.0,0.0,672.0,0.0
205,48,153.0,166.0,0.0,677.0,0.0
205,48,154.0,168.0,0.0,684.0,0.0
205,48,155.0,170.0,0.0,688.0,0.0
205,48,156.0,168.0,0.0,694.0,0.0
205,48,157.0,167.0,0.0,702.0,0.0
205,48,158.0,169.0,0.0,708.0,0.0
205,48,159.0,169.0,0.0,710.0,0.0
205,48,160.0,170.0,0.0,714.0,0.0
205,48,161.0,171.0,0.0,717.0,0.0
205,48,162.0,172.0,0.0,721.0,0.0
205,48,163.0,172.0,0.0,726.0,0.0
205,48,164.0,177.0,0.0,732.0,0.0
205,48,165.0,167.0,0.0,734.0,0.0
205,48,166.0,169.0,0.0,747.0,0.0
205,48,167.0,168.0,0.0,752.0,0.0
205,48,168.0,168.0,0.0,758.0,0.0
205,48,169.0,171.0,0.0,763.0,0.0
205,48,170.0,172.0,0.0,769.0,0.0
205,48,171.0,171.0,0.0,773.0,0.0
205,48,172.0,168.0,0.0,779.0,0.0
205,48,173.0,167.0,0.0,786.0,0.0
205,48,174.0,168.0,0.0,794.0,0.0
205,48,175.0,169.0,0.0,798.0,0.0
205,48,176.0,175.0,0.0,801.0,0.0
205,48,177.0,178.0,0.0,804.0,0.0
205,48,178.0,181.0,0.0,808.0,0.0
205,48,179.0,181.0,0.0,810.0,0.0
205,48,180.0,185.0,0.0,815.0,0.0
205,48,181.0,185.0,0.0,820.0,0.0
205,48,182.0,190.0,0.0,827.0,0.0
205,48,183.0,184.0,0.0,828.0,0.0
205,48,184.0,184.0,0.0,839.0,0.0
205,48,185.0,186.0,0.0,843.0,0.0
205,48,186.0,182.0,0.0,848.0,0.0
205,48,187.0,178.0,0.0,854.0,0.0
205,48,188.0,175.0,0.0,862.0,0.0
205,48,189.0,174.0,0.0,866.0,0.0
205,48,190.0,170.0,0.0,871.0,0.0
205,48,191.0,165.0,0.0,879.0,0.0
205,48,192.0,158.0,0.0,888.0,0.0
205,48,193.0,158.0,0.0,898.0,0.0
205,48,194.0,160.0,0.0,901.0,0.0
205,48,195.0,159.0,0.0,907.0,0.0
205,48,196.0,161.0,0.0,913.0,0.0
205,48,197.0,164.0,0.0,917.0,0.0
205,48,198.0,165.0,0.0,921.0,0.0
205,48,199.0,165.0,0.0,929.0,0.0
205,48,200.0,164.0,0.0,935.0,0.0
205,48,201.0,157.0,0.0,942.0,0.0
205,48,202.0,153.0,0.0,949.0,0.0
205,48,203.0,147.0,0.0,953.0,0.0
205,48,204.0,143.0,0.0,959.0,0.0
205,48,205.0,137.0,0.0,963.0,0.0
205,48,206.0,135.0,0.0,969.0,0.0
205,48,207.0,129.0,0.0,971.0,0.0
205,48,208.0,123.0,0.0,977.0,0.0
205,48,209.0,115.0,0.0,983.0,0.0
205,48,210.0,109.0,0.0,991.0,0.0
205,48,211.0,107.0,0.0,997.0,0.0
205,48,212.0,99.0,0.0,999.0,0.0
205,48,213.0,93.0,0.0,1007.0,0.0
205,48,214.0,90.0,0.0,1013.0,0.0
205,48,215.0,85.0,0.0,1016.0,0.0
205,48,216.0,81.0,0.0,1021.0,0.0
205,48,217.0,79.0,0.0,1025.0,0.0
205,48,218.0,74.0,0.0,1027.0,0.0
205,48,219.0,70.0,0.0,1032.0,0.0
205,48,220.0,63.0,0.0,1036.0,0.0
205,48,221.0,60.0,0.0,1043.0,0.0
205,48,222.0,55.0,0.0,1046.0,0.0
205,48,223.0,53.0,0.0,1051.0,0.0
205,48,224.0,44.0,0.0,1053.0,0.0
205,48,225.0,44.0,0.0,1062.0,0.0
205,48,226.0,40.0,0.0,1062.0,0.0
205,48,227.0,39.0,0.0,1066.0,0.0
205,48,228.0,34.0,0.0,1067.0,0.0
205,48,229.0,32.0,0.0,1072.0,0.0
205,48,230.0,28.0,0.0,1074.0,0.0
205,48,231.0,27.0,0.0,1078.0,0.0
205,48,232.0,27.0,0.0,1079.0,0.0
205,48,233.0,22.0,0.0,1079.0,0.0
205,48,234.0,21.0,0.0,1084.0,0.0
205,48,235.0,21.0,0.0,1085.0,0.0
205,48,236.0,19.0,0.0,1085.0,0.0
205,48,237.0,18.0,0.0,1087.0,0.0
205,48,238.0,15.0,0.0,1088.0,0.0
205,48,239.0,15.0,0.0,1091.0,0.0
205,48,240.0,15.0,0.0,1091.0,0.0
205,48,241.0,13.0,0.0,1091.0,0.0
205,48,242.0,10.0,0.0,1093.0,0.0
205,48,243.0,8.0,0.0,1096.0,0.0
205,48,244.0,7.0,0.0,1098.0,0.0
205,48,245.0,7.0,0.0,1099.0,0.0
205,48,246.0,6.0,0.0,1099.0,0.0
205,48,247.0,6.0,0.0,1100.0,0.0
205,48,248.0,6.0,0.0,1100.0,0.0
205,48,249.0,5.0,0.0,1100.0,0.0
205,48,250.0,5.0,0.0,1101.0,0.0
205,48,251.0,4.0,0.0,1101.0,0.0
205,48,252.0,4.0,0.0,1102.0,0.0
205,48,253.0,4.0,0.0,1102.0,0.0
205,48,254.0,4.0,0.0,1102.0,0.0
205,48,255.0,3.0,0.0,1102.0,0.0
205,48,256.0,2.0,0.0,1103.0,0.0
205,48,257.0,2.0,0.0,1104.0,0.0
205,48,258.0,2.0,0.0,1104.0,0.0
205,48,259.0,2.0,0.0,1104.0,0.0
205,48,260.0,2.0,0.0,1104.0,0.0
205,48,261.0,2.0,0.0,1104.0,0.0
205,48,262.0,2.0,0.0,1104.0,0.0
205,48,263.0,1.0,0.0,1104.0,0.0
205,48,264.0,1.0,0.0,1105.0,0.0
205,48,265.0,0.0,0.0,1105.0,0.0
205,48,266.0,0.0,0.0,1106.0,0.0
205,49,0.0,6.0,0.0,0.0,0.0
205,49,1.0,14.0,0.0,0.0,0.0
205,49,2.0,18.0,0.0,0.0,0.0
205,49,3.0,22.0,0.0,0.0,0.0
205,49,4.0,25.0,0.0,0.0,0.0
205,49,5.0,29.0,0.0,0.0,0.0
205,49,6.0,34.0,0.0,0.0,0.0
205,49,7.0,40.0,0.0,0.0,0.0
205,49,8.0,43.0,0.0,0.0,0.0
205,49,9.0,48.0,0.0,0.0,0.0
205,49,10.0,54.0,0.0,0.0,0.0
205,49,11.0,60.0,0.0,0.0,0.0
205,49,12.0,69.0,0.0,0.0,0.0
205,49,13.0,74.0,0.0,0.0,0.0
205,49,14.0,75.0,0.0,0.0,0.0
205,49,15.0,83.0,0.0,0.0,0.0
205,49,16.0,86.0,0.0,0.0,0.0
205,49,17.0,89.0,0.0,1.0,0.0
205,49,18.0,96.0,0.0,2.0,0.0
205,49,19.0,98.0,0.0,2.0,0.0
205,49,20.0,103.0,0.0,3.0,0.0
205,49,21.0,108.0,0.0,4.0,0.0
205,49,22.0,112.0,0.0,6.0,0.0
205,49,23.0,115.0,0.0,7.0,0.0
205,49,24.0,113.0,0.0,9.0,0.0
205,49,25.0,120.0,0.0,13.0,0.0
205,49,26.0,126.0,0.0,14.0,0.0
205,49,27.0,133.0,0.0,15.0,0.0
205,49,28.0,132.0,0.0,17.0,0.0
205,49,29.0,139.0,0.0,21.0,0.0
205,49,30.0,139.0,0.0,23.0,0.0
205,49,31.0,139.0,0.0,26.0,0.0
205,49,32.0,142.0,0.0,30.0,0.0
205,49,33.0,145.0,0.0,34.0,0.0
205,49,34.0,148.0,0.0,37.0,0.0
205,49,35.0,154.0,0.0,39.0,0.0
205,49,36.0,157.0,0.0,41.0,0.0
205,49,37.0,154.0,0.0,43.0,0.0
205,49,38.0,154.0,0.0,51.0,0.0
205,49,39.0,158.0,0.0,58.0,0.0
205,49,40.0,161.0,0.0,60.0,0.0
205,49,41.0,160.0,0.0,63.0,0.0
205,49,42.0,161.0,0.0,69.0,0.0
205,49,43.0,160.0,0.0,71.0,0.0
205,49,44.0,162.0,0.0,76.0,0.0
205,49,45.0,166.0,0.0,82.0,0.0
205,49,46.0,168.0,0.0,84.0,0.0
205,49,47.0,171.0,0.0,91.0,0.0
205,49,48.0,173.0,0.0,95.0,0.0
205,49,49.0,173.0,0.0,98.0,0.0
205,49,50.0,177.0,0.0,101.0,0.0
205,49,51.0,179.0,0.0,103.0,0.0
205,49,52.0,176.0,0.0,110.0,0.0
205,49,53.0,175.0,0.0,117.0,0.0
205,49,54.0,176.0,0.0,120.0,0.0
205,49,55.0,179.0,0.0,124.0,0.0
205,49,56.0,177.0,0.0,130.0,0.0
205,49,57.0,170.0,0.0,136.0,0.0
205,49,58.0,168.0,0.0,145.0,0.0
205,49,59.0,171.0,0.0,154.0,0.0
205,49,60.0,174.0,0.0,157.0,0.0
205,49,61.0,176.0,0.0,160.0,0.0
205,49,62.0,172.0,0.0,164.0,0.0
205,49,63.0,169.0,0.0,176.0,0.0
205,49,64.0,172.0,0.0,183.0,0.0
205,49,65.0,170.0,0.0,187.0,0.0
205,49,66.0,175.0,0.0,193.0,0.0
205,49,67.0,175.0,0.0,200.0,0.0
205,49,68.0,177.0,0.0,203.0,0.0
205,49,69.0,178.0,0.0,207.0,0.0
205,49,70.0,179.0,0.0,211.0,0.0
205,49,71.0,179.0,0.0,216.0,0.0
205,49,72.0,181.0,0.0,222.0,0.0
205,49,73.0,183.0,0.0,227.0,0.0
205,49,74.0,183.0,0.0,231.0,0.0
205,49,75.0,181.0,0.0,238.0,0.0
205,49,76.0,186.0,0.0,244.0,0.0
205,49,77.0,183.0,0.0,249.0,0.0
205,49,78.0,184.0,0.0,258.0,0.0
205,49,79.0,182.0,0.0,262.0,0.0
205,49,80.0,177.0,0.0,268.0,0.0
205,49,81.0,177.0,0.0,275.0,0.0
205,49,82.0,180.0,0.0,279.0,0.0
205,49,83.0,181.0,0.0,283.0,0.0
205,49,84.0,174.0,0.0,291.0,0.0
205,49,85.0,175.0,0.0,301.0,0.0
205,49,86.0,169.0,0.0,308.0,0.0
205,49,87.0,166.0,0.0,315.0,0.0
205,49,88.0,168.0,0.0,323.0,0.0
205,49,89.0,169.0,0.0,326.0,0.0
205,49,90.0,169.0,0.0,334.0,0.0
205,49,91.0,170.0,0.0,341.0,0.0
205,49,92.0,174.0,0.0,349.0,0.0
205,49,93.0,176.0,0.0,353.0,0.0
205,49,94.0,174.0,0.0,359.0,0.0
205,49,95.0,177.0,0.0,364.0,0.0
205,49,96.0,177.0,0.0,367.0,0.0
205,49,97.0,179.0,0.0,373.0,0.0
205,49,98.0,175.0,0.0,377.0,0.0
205,49,99.0,172.0,0.0,386.0,0.0
205,49,100.0,172.0,0.0,393.0,0.0
205,49,101.0,174.0,0.0,399.0,0.0
205,49,102.0,178.0,0.0,404.0,0.0
205,49,103.0,176.0,0.0,406.0,0.0
205,49,104.0,179.0,0.0,414.0,0.0
205,49,105.0,180.0,0.0,419.0,0.0
205,49,106.0,185.0,0.0,423.0,0.0
205,49,107.0,181.0,0.0,426.0,0.0
205,49,108.0,183.0,0.0,437.0,0.0
205,49,109.0,183.0,0.0,441.0,0.0
205,49,110.0,183.0,0.0,445.0,0.0
205,49,111.0,187.0,0.0,450.0,0.0
205,49,112.0,188.0,0.0,452.0,0.0
205,49,113.0,182.0,0.0,456.0,0.0
205,49,114.0,180.0,0.0,464.0,0.0
205,49,115.0,179.0,0.0,470.0,0.0
205,49,116.0,171.0,0.0,475.0,0.0
205,49,117.0,172.0,0.0,486.0,0.0
205,49,118.0,170.0,0.0,490.0,0.0
205,49,119.0,167.0,0.0,497.0,0.0
205,49,120.0,166.0,0.0,506.0,0.0
205,49,121.0,161.0,0.0,513.0,0.0
205,49,122.0,162.0,0.0,522.0,0.0
205,49,123.0,162.0,0.0,527.0,0.0
205,49,124.0,161.0,0.0,531.0,0.0
205,49,125.0,158.0,0.0,538.0,0.0
205,49,126.0,156.0,0.0,543.0,0.0
205,49,127.0,157.0,0.0,547.0,0.0
205,49,128.0,157.0,0.0,553.0,0.0
205,49,129.0,159.0,0.0,559.0,0.0
205,49,130.0,161.0,0.0,565.0,0.0
205,49,131.0,160.0,0.0,572.0,0.0
205,49,132.0,159.0,0.0,578.0,0.0
205,49,133.0,162.0,0.0,582.0,0.0
205,49,134.0,161.0,0.0,584.0,0.0
205,49,135.0,160.0,0.0,589.0,0.0
205,49,136.0,161.0,0.0,595.0,0.0
205,49,137.0,158.0,0.0,601.0,0.0
205,49,138.0,159.0,0.0,609.0,0.0
205,49,139.0,158.0,0.0,613.0,0.0
205,49,140.0,153.0,0.0,619.0,0.0
205,49,141.0,158.0,0.0,626.0,0.0
205,49,142.0,156.0,0.0,629.0,0.0
205,49,143.0,163.0,0.0,635.0,0.0
205,49,144.0,163.0,0.0,638.0,0.0
205,49,145.0,163.0,0.0,645.0,0.0
205,49,146.0,161.0,0.0,650.0,0.0
205,49,147.0,158.0,0.0,658.0,0.0
205,49,148.0,158.0,0.0,667.0,0.0
205,49,149.0,153.0,0.0,670.0,0.0
205,49,150.0,154.0,0.0,678.0,0.0
205,49,151.0,154.0,0.0,686.0,0.0
205,49,152.0,156.0,0.0,693.0,0.0
205,49,153.0,154.0,0.0,694.0,0.0
205,49,154.0,157.0,0.0,699.0,0.0
205,49,155.0,159.0,0.0,702.0,0.0
205,49,156.0,159.0,0.0,708.0,0.0
205,49,157.0,158.0,0.0,711.0,0.0
205,49,158.0,158.0,0.0,716.0,0.0
205,49,159.0,161.0,0.0,721.0,0.0
205,49,160.0,156.0,0.0,725.0,0.0
205,49,161.0,157.0,0.0,733.0,0.0
205,49,162.0,157.0,0.0,736.0,0.0
205,49,163.0,157.0,0.0,741.0,0.0
205,49,164.0,161.0,0.0,747.0,0.0
205,49,165.0,162.0,0.0,750.0,0.0
205,49,166.0,162.0,0.0,757.0,0.0
205,49,167.0,159.0,0.0,761.0,0.0
205,49,168.0,165.0,0.0,768.0,0.0
205,49,169.0,165.0,0.0,773.0,0.0
205,49,170.0,165.0,0.0,778.0,0.0
205,49,171.0,173.0,0.0,784.0,0.0
205,49,172.0,166.0,0.0,787.0,0.0
205,49,173.0,168.0,0.0,796.0,0.0
205,49,174.0,171.0,0.0,800.0,0.0
205,49,175.0,170.0,0.0,804.0,0.0
205,49,176.0,177.0,0.0,810.0,0.0
205,49,177.0,178.0,0.0,814.0,0.0
205,49,178.0,180.0,0.0,819.0,0.0
205,49,179.0,188.0,0.0,824.0,0.0
205,49,180.0,185.0,0.0,827.0,0.0
205,49,181.0,183.0,0.0,834.0,0.0
205,49,182.0,185.0,0.0,841.0,0.0
205,49,183.0,189.0,0.0,845.0,0.0
205,49,184.0,190.0,0.0,847.0,0.0
205,49,185.0,185.0,0.0,852.0,0.0
205,49,186.0,183.0,0.0,860.0,0.0
205,49,187.0,182.0,0.0,869.0,0.0
205,49,188.0,183.0,0.0,875.0,0.0
205,49,189.0,182.0,0.0,879.0,0.0
205,49,190.0,180.0,0.0,884.0,0.0
205,49,191.0,178.0,0.0,891.0,0.0
205,49,192.0,177.0,0.0,896.0,0.0
205,49,193.0,174.0,0.0,903.0,0.0
205,49,194.0,175.0,0.0,909.0,0.0
205,49,195.0,173.0,0.0,914.0,0.0
205,49,196.0,169.0,0.0,921.0,0.0
205,49,197.0,168.0,0.0,930.0,0.0
205,49,198.0,170.0,0.0,938.0,0.0
205,49,199.0,169.0,0.0,943.0,0.0
205,49,200.0,168.0,0.0,948.0,0.0
205,49,201.0,166.0,0.0,954.0,0.0
205,49,202.0,161.0,0.0,956.0,0.0
205,49,203.0,156.0,0.0,961.0,0.0
205,49,204.0,149.0,0.0,966.0,0.0
205,49,205.0,144.0,0.0,973.0,0.0
205,49,206.0,138.0,0.0,978.0,0.0
205,49,207.0,133.0,0.0,984.0,0.0
205,49,208.0,127.0,0.0,989.0,0.0
205,49,209.0,119.0,0.0,995.0,0.0
205,49,210.0,114.0,0.0,1003.0,0.0
205,49,211.0,111.0,0.0,1008.0,0.0
205,49,212.0,108.0,0.0,1011.0,0.0
205,49,213.0,105.0,0.0,1014.0,0.0
205,49,214.0,97.0,0.0,1017.0,0.0
205,49,215.0,90.0,0.0,1025.0,0.0
205,49,216.0,82.0,0.0,1032.0,0.0
205,49,217.0,77.0,0.0,1040.0,0.0
205,49,218.0,74.0,0.0,1045.0,0.0
205,49,219.0,70.0,0.0,1048.0,0.0
205,49,220.0,65.0,0.0,1052.0,0.0
205,49,221.0,57.0,0.0,1057.0,0.0
205,49,222.0,53.0,0.0,1065.0,0.0
205,49,223.0,48.0,0.0,1069.0,0.0
205,49,224.0,44.0,0.0,1074.0,0.0
205,49,225.0,44.0,0.0,1078.0,0.0
205,49,226.0,39.0,0.0,1078.0,0.0
205,49,227.0,36.0,0.0,1083.0,0.0
205,49,228.0,31.0,0.0,1086.0,0.0
205,49,229.0,29.0,0.0,1091.0,0.0
205,49,230.0,29.0,0.0,1093.0,0.0
205,49,231.0,27.0,0.0,1093.0,0.0
205,49,232.0,25.0,0.0,1095.0,0.0
205,49,233.0,23.0,0.0,1097.0,0.0
205,49,234.0,21.0,0.0,1099.0,0.0
205,49,235.0,19.0,0.0,1101.0,0.0
205,49,236.0,19.0,0.0,1103.0,0.0
205,49,237.0,19.0,0.0,1103.0,0.0
205,49,238.0,18.0,0.0,1103.0,0.0
205,49,239.0,17.0,0.0,1104.0,0.0
205,49,240.0,14.0,0.0,1105.0,0.0
205,49,241.0,14.0,0.0,1108.0,0.0
205,49,242.0,14.0,0.0,1108.0,0.0
205,49,243.0,12.0,0.0,1108.0,0.0
205,49,244.0,11.0,0.0,1110.0,0.0
205,49,245.0,11.0,0.0,1111.0,0.0
205,49,246.0,11.0,0.0,1111.0,0.0
205,49,247.0,10.0,0.0,1111.0,0.0
205,49,248.0,10.0,0.0,1112.0,0.0
205,49,249.0,9.0,0.0,1112.0,0.0
205,49,250.0,8.0,0.0,1113.0,0.0
205,49,251.0,7.0,0.0,1114.0,0.0
205,49,252.0,7.0,0.0,1115.0,0.0
205,49,253.0,7.0,0.0,1115.0,0.0
205,49,254.0,6.0,0.0,1115.0,0.0
205,49,255.0,6.0,0.0,1116.0,0.0
205,49,256.0,5.0,0.0,1116.0,0.0
205,49,257.0,4.0,0.0,1117.0,0.0
205,49,258.0,3.0,0.0,1118.0,0.0
205,49,259.0,2.0,0.0,1119.0,0.0
205,49,260.0,2.0,0.0,1120.0,0.0
205,49,261.0,2.0,0.0,1120.0,0.0
205,49,262.0,1.0,0.0,1120.0,0.0
205,49,263.0,1.0,0.0,1121.0,0.0
205,49,264.0,0.0,0.0,1121.0,0.0
205,49,265.0,0.0,0.0,1122.0,0.0
210,50,0.0,8.0,0.0,0.0,0.0
210,50,1.0,11.0,0.0,0.0,0.0
210,50,2.0,21.0,0.0,0.0,0.0
210,50,3.0,26.0,0.0,0.0,0.0
210,50,4.0,32.0,0.0,0.0,0.0
210,50,5.0,41.0,0.0,0.0,0.0
210,50,6.0,48.0,0.0,0.0,0.0
210,50,7.0,55.0,0.0,0.0,0.0
210,50,8.0,59.0,0.0,0.0,0.0
210,50,9.0,64.0,0.0,0.0,0.0
210,50,10.0,69.0,0.0,0.0,0.0
210,50,11.0,74.0,0.0,0.0,0.0
210,50,12.0,77.0,0.0,0.0,0.0
210,50,13.0,80.0,0.0,0.0,0.0
210,50,14.0,87.0,0.0,0.0,0.0
210,50,15.0,94.0,0.0,0.0,0.0
210,50,16.0,100.0,0.0,0.0,0.0
210,50,17.0,108.0,0.0,0.0,0.0
210,50,18.0,114.0,0.0,0.0,0.0
210,50,19.0,121.0,0.0,1.0,0.0
210,50,20.0,126.0,0.0,1.0,0.0
210,50,21.0,130.0,0.0,2.0,0.0
210,50,22.0,135.0,0.0,4.0,0.0
210,50,23.0,138.0,0.0,7.0,0.0
210,50,24.0,143.0,0.0,9.0,0.0
210,50,25.0,144.0,0.0,11.0,0.0
210,50,26.0,143.0,0.0,14.0,0.0
210,50,27.0,149.0,0.0,19.0,0.0
210,50,28.0,155.0,0.0,20.0,0.0
210,50,29.0,154.0,0.0,22.0,0.0
210,50,30.0,157.0,0.0,28.0,0.0
210,50,31.0,152.0,0.0,32.0,0.0
210,50,32.0,151.0,0.0,42.0,0.0
210,50,33.0,153.0,0.0,46.0,0.0
210,50,34.0,157.0,0.0,51.0,0.0
210,50,35.0,158.0,0.0,53.0,0.0
210,50,36.0,154.0,0.0,56.0,0.0
210,50,37.0,158.0,0.0,63.0,0.0
210,50,38.0,160.0,0.0,66.0,0.0
210,50,39.0,162.0,0.0,69.0,0.0
210,50,40.0,159.0,0.0,72.0,0.0
210,50,41.0,160.0,0.0,80.0,0.0
210,50,42.0,156.0,0.0,85.0,0.0
210,50,43.0,156.0,0.0,91.0,0.0
210,50,44.0,157.0,0.0,95.0,0.0
210,50,45.0,158.0,0.0,98.0,0.0
210,50,46.0,155.0,0.0,104.0,0.0
210,50,47.0,154.0,0.0,110.0,0.0
210,50,48.0,153.0,0.0,116.0,0.0
210,50,49.0,151.0,0.0,121.0,0.0
210,50,50.0,153.0,0.0,128.0,0.0
210,50,51.0,158.0,0.0,133.0,0.0
210,50,52.0,160.0,0.0,135.0,0.0
210,50,53.0,160.0,0.0,138.0,0.0
210,50,54.0,158.0,0.0,146.0,0.0
210,50,55.0,159.0,0.0,154.0,0.0
210,50,56.0,157.0,0.0,157.0,0.0
210,50,57.0,155.0,0.0,162.0,0.0
210,50,58.0,156.0,0.0,169.0,0.0
210,50,59.0,156.0,0.0,174.0,0.0
210,50,60.0,161.0,0.0,182.0,0.0
210,50,61.0,163.0,0.0,183.0,0.0
210,50,62.0,163.0,0.0,186.0,0.0
210,50,63.0,166.0,0.0,192.0,0.0
210,50,64.0,168.0,0.0,195.0,0.0
210,50,65.0,173.0,0.0,200.0,0.0
210,50,66.0,182.0,0.0,202.0,0.0
210,50,67.0,180.0,0.0,205.0,0.0
210,50,68.0,181.0,0.0,210.0,0.0
210,50,69.0,181.0,0.0,213.0,0.0
210,50,70.0,178.0,0.0,219.0,0.0
210,50,71.0,173.0,0.0,227.0,0.0
210,50,72.0,167.0,0.0,235.0,0.0
210,50,73.0,172.0,0.0,243.0,0.0
210,50,74.0,171.0,0.0,245.0,0.0
210,50,75.0,173.0,0.0,249.0,0.0
210,50,76.0,174.0,0.0,251.0,0.0
210,50,77.0,169.0,0.0,259.0,0.0
210,50,78.0,168.0,0.0,265.0,0.0
210,50,79.0,170.0,0.0,271.0,0.0
210,50,80.0,171.0,0.0,276.0,0.0
210,50,81.0,174.0,0.0,281.0,0.0
210,50,82.0,171.0,0.0,284.0,0.0
210,50,83.0,169.0,0.0,292.0,0.0
210,50,84.0,169.0,0.0,297.0,0.0
210,50,85.0,168.0,0.0,303.0,0.0
210,50,86.0,167.0,0.0,310.0,0.0
210,50,87.0,167.0,0.0,315.0,0.0
210,50,88.0,162.0,0.0,320.0,0.0
210,50,89.0,165.0,0.0,328.0,0.0
210,50,90.0,166.0,0.0,329.0,0.0
210,50,91.0,166.0,0.0,335.0,0.0
210,50,92.0,165.0,0.0,342.0,0.0
210,50,93.0,166.0,0.0,346.0,0.0
210,50,94.0,167.0,0.0,354.0,0.0
210,50,95.0,166.0,0.0,360.0,0.0
210,50,96.0,173.0,0.0,366.0,0.0
210,50,97.0,170.0,0.0,369.0,0.0
210,50,98.0,170.0,0.0,375.0,0.0
210,50,99.0,173.0,0.0,381.0,0.0
210,50,100.0,174.0,0.0,385.0,0.0
210,50,101.0,176.0,0.0,390.0,0.0
210,50,102.0,178.0,0.0,395.0,0.0
210,50,103.0,180.0,0.0,398.0,0.0
210,50,104.0,181.0,0.0,401.0,0.0
210,50,105.0,180.0,0.0,405.0,0.0
210,50,106.0,178.0,0.0,410.0,0.0
210,50,107.0,178.0,0.0,419.0,0.0
210,50,108.0,183.0,0.0,425.0,0.0
210,50,109.0,182.0,0.0,428.0,0.0
210,50,110.0,182.0,0.0,433.0,0.0
210,50,111.0,181.0,0.0,437.0,0.0
210,50,112.0,183.0,0.0,443.0,0.0
210,50,113.0,182.0,0.0,446.0,0.0
210,50,114.0,180.0,0.0,453.0,0.0
210,50,115.0,173.0,0.0,458.0,0.0
210,50,116.0,177.0,0.0,469.0,0.0
210,50,117.0,177.0,0.0,472.0,0.0
210,50,118.0,180.0,0.0,478.0,0.0
210,50,119.0,182.0,0.0,482.0,0.0
210,50,120.0,177.0,0.0,486.0,0.0
210,50,121.0,177.0,0.0,495.0,0.0
210,50,122.0,175.0,0.0,500.0,0.0
210,50,123.0,175.0,0.0,506.0,0.0
210,50,124.0,176.0,0.0,509.0,0.0
210,50,125.0,176.0,0.0,518.0,0.0
210,50,126.0,173.0,0.0,524.0,0.0
210,50,127.0,171.0,0.0,534.0,0.0
210,50,128.0,173.0,0.0,540.0,0.0
210,50,129.0,175.0,0.0,544.0,0.0
210,50,130.0,175.0,0.0,549.0,0.0
210,50,131.0,175.0,0.0,554.0,0.0
210,50,132.0,176.0,0.0,560.0,0.0
210,50,133.0,172.0,0.0,566.0,0.0
210,50,134.0,173.0,0.0,574.0,0.0
210,50,135.0,170.0,0.0,579.0,0.0
210,50,136.0,166.0,0.0,584.0,0.0
210,50,137.0,163.0,0.0,593.0,0.0
210,50,138.0,168.0,0.0,604.0,0.0
210,50,139.0,169.0,0.0,608.0,0.0
210,50,140.0,170.0,0.0,613.0,0.0
210,50,141.0,171.0,0.0,619.0,0.0
210,50,142.0,169.0,0.0,624.0,0.0
210,50,143.0,170.0,0.0,629.0,0.0
210,50,144.0,172.0,0.0,634.0,0.0
210,50,145.0,169.0,0.0,641.0,0.0
210,50,146.0,170.0,0.0,648.0,0.0
210,50,147.0,170.0,0.0,655.0,0.0
210,50,148.0,171.0,0.0,660.0,0.0
210,50,149.0,174.0,0.0,666.0,0.0
210,50,150.0,176.0,0.0,671.0,0.0
210,50,151.0,177.0,0.0,675.0,0.0
210,50,152.0,178.0,0.0,680.0,0.0
210,50,153.0,174.0,0.0,685.0,0.0
210,50,154.0,179.0,0.0,697.0,0.0
210,50,155.0,177.0,0.0,701.0,0.0
210,50,156.0,178.0,0.0,708.0,0.0
210,50,157.0,180.0,0.0,712.0,0.0
210,50,158.0,181.0,0.0,716.0,0.0
210,50,159.0,182.0,0.0,722.0,0.0
210,50,160.0,181.0,0.0,726.0,0.0
210,50,161.0,179.0,0.0,731.0,0.0
210,50,162.0,178.0,0.0,738.0,0.0
210,50,163.0,180.0,0.0,742.0,0.0
210,50,164.0,177.0,0.0,747.0,0.0
210,50,165.0,177.0,0.0,757.0,0.0
210,50,166.0,180.0,0.0,763.0,0.0
210,50,167.0,177.0,0.0,768.0,0.0
210,50,168.0,178.0,0.0,774.0,0.0
210,50,169.0,177.0,0.0,780.0,0.0
210,50,170.0,178.0,0.0,784.0,0.0
210,50,171.0,178.0,0.0,787.0,0.0
210,50,172.0,179.0,0.0,793.0,0.0
210,50,173.0,175.0,0.0,796.0,0.0
210,50,174.0,174.0,0.0,805.0,0.0
210,50,175.0,173.0,0.0,810.0,0.0
210,50,176.0,168.0,0.0,816.0,0.0
210,50,177.0,170.0,0.0,823.0,0.0
210,50,178.0,172.0,0.0,830.0,0.0
210,50,179.0,171.0,0.0,834.0,0.0
210,50,180.0,174.0,0.0,837.0,0.0
210,50,181.0,176.0,0.0,843.0,0.0
210,50,182.0,178.0,0.0,847.0,0.0
210,50,183.0,175.0,0.0,851.0,0.0
210,50,184.0,178.0,0.0,859.0,0.0
210,50,185.0,177.0,0.0,864.0,0.0
210,50,186.0,179.0,0.0,870.0,0.0
210,50,187.0,180.0,0.0,875.0,0.0
210,50,188.0,182.0,0.0,880.0,0.0
210,50,189.0,180.0,0.0,884.0,0.0
210,50,190.0,177.0,0.0,890.0,0.0
210,50,191.0,179.0,0.0,897.0,0.0
210,50,192.0,184.0,0.0,898.0,0.0
210,50,193.0,184.0,0.0,902.0,0.0
210,50,194.0,183.0,0.0,905.0,0.0
210,50,195.0,187.0,0.0,914.0,0.0
210,50,196.0,188.0,0.0,920.0,0.0
210,50,197.0,186.0,0.0,926.0,0.0
210,50,198.0,186.0,0.0,933.0,0.0
210,50,199.0,182.0,0.0,936.0,0.0
210,50,200.0,178.0,0.0,943.0,0.0
210,50,201.0,171.0,0.0,949.0,0.0
210,50,202.0,165.0,0.0,956.0,0.0
210,50,203.0,159.0,0.0,962.0,0.0
210,50,204.0,152.0,0.0,968.0,0.0
210,50,205.0,142.0,0.0,975.0,0.0
210,50,206.0,135.0,0.0,985.0,0.0
210,50,207.0,132.0,0.0,992.0,0.0
210,50,208.0,126.0,0.0,995.0,0.0
210,50,209.0,121.0,0.0,1001.0,0.0
210,50,210.0,112.0,0.0,1006.0,0.0
210,50,211.0,109.0,0.0,1015.0,0.0
210,50,212.0,98.0,0.0,1018.0,0.0
210,50,213.0,88.0,0.0,1029.0,0.0
210,50,214.0,83.0,0.0,1039.0,0.0
210,50,215.0,78.0,0.0,1044.0,0.0
210,50,216.0,74.0,0.0,1049.0,0.0
210,50,217.0,71.0,0.0,1053.0,0.0
210,50,218.0,63.0,0.0,1056.0,0.0
210,50,219.0,58.0,0.0,1064.0,0.0
210,50,220.0,53.0,0.0,1069.0,0.0
210,50,221.0,51.0,0.0,1074.0,0.0
210,50,222.0,47.0,0.0,1076.0,0.0
210,50,223.0,45.0,0.0,1080.0,0.0
210,50,224.0,43.0,0.0,1082.0,0.0
210,50,225.0,42.0,0.0,1084.0,0.0
210,50,226.0,39.0,0.0,1085.0,0.0
210,50,227.0,35.0,0.0,1088.0,0.0
210,50,228.0,34.0,0.0,1092.0,0.0
210,50,229.0,31.0,0.0,1093.0,0.0
210,50,230.0,31.0,0.0,1096.0,0.0
210,50,231.0,29.0,0.0,1096.0,0.0
210,50,232.0,26.0,0.0,1098.0,0.0
210,50,233.0,26.0,0.0,1101.0,0.0
210,50,234.0,24.0,0.0,1101.0,0.0
210,50,235.0,24.0,0.0,1103.0,0.0
210,50,236.0,22.0,0.0,1103.0,0.0
210,50,237.0,21.0,0.0,1105.0,0.0
210,50,238.0,21.0,0.0,1106.0,0.0
210,50,239.0,21.0,0.0,1106.0,0.0
210,50,240.0,19.0,0.0,1106.0,0.0
210,50,241.0,15.0,0.0,1108.0,0.0
210,50,242.0,14.0,0.0,1112.0,0.0
210,50,243.0,13.0,0.0,1113.0,0.0
210,50,244.0,12.0,0.0,1114.0,0.0
210,50,245.0,11.0,0.0,1115.0,0.0
210,50,246.0,10.0,0.0,1116.0,0.0
210,50,247.0,9.0,0.0,1117.0,0.0
210,50,248.0,6.0,0.0,1118.0,0.0
210,50,249.0,6.0,0.0,1121.0,0.0
210,50,250.0,6.0,0.0,1121.0,0.0
210,50,251.0,5.0,0.0,1121.0,0.0
210,50,252.0,5.0,0.0,1122.0,0.0
210,50,253.0,4.0,0.0,1122.0,0.0
210,50,254.0,4.0,0.0,1123.0,0.0
210,50,255.0,4.0,0.0,1123.0,0.0
210,50,256.0,3.0,0.0,1123.0,0.0
210,50,257.0,2.0,0.0,1124.0,0.0
210,50,258.0,2.0,0.0,1125.0,0.0
210,50,259.0,1.0,0.0,1125.0,0.0
210,50,260.0,1.0,0.0,1126.0,0.0
210,50,261.0,1.0,0.0,1126.0,0.0
210,50,262.0,1.0,0.0,1126.0,0.0
210,50,263.0,1.0,0.0,1126.0,0.0
210,50,264.0,0.0,0.0,1126.0,0.0
210,50,265.0,0.0,0.0,1127.0,0.0
210,51,0.0,4.0,0.0,0.0,0.0
210,51,1.0,8.0,0.0,0.0,0.0
210,51,2.0,11.0,0.0,0.0,0.0
210,51,3.0,17.0,0.0,0.0,0.0
210,51,4.0,23.0,0.0,0.0,0.0
210,51,5.0,29.0,0.0,0.0,0.0
210,51,6.0,35.0,0.0,0.0,0.0
210,51,7.0,43.0,0.0,0.0,0.0
210,51,8.0,53.0,0.0,0.0,0.0
210,51,9.0,56.0,0.0,0.0,0.0
210,51,10.0,63.0,0.0,0.0,0.0
210,51,11.0,65.0,0.0,0.0,0.0
210,51,12.0,70.0,0.0,0.0,0.0
210,51,13.0,74.0,0.0,0.0,0.0
210,51,14.0,76.0,0.0,0.0,0.0
210,51,15.0,82.0,0.0,0.0,0.0
210,51,16.0,88.0,0.0,0.0,0.0
210,51,17.0,93.0,0.0,0.0,0.0
210,51,18.0,96.0,0.0,0.0,0.0
210,51,19.0,101.0,0.0,0.0,0.0
210,51,20.0,106.0,0.0,0.0,0.0
210,51,21.0,109.0,0.0,0.0,0.0
210,51,22.0,108.0,0.0,1.0,0.0
210,51,23.0,113.0,0.0,3.0,0.0
210,51,24.0,117.0,0.0,5.0,0.0
210,51,25.0,119.0,0.0,6.0,0.0
210,51,26.0,124.0,0.0,9.0,0.0
210,51,27.0,126.0,0.0,13.0,0.0
210,51,28.0,126.0,0.0,17.0,0.0
210,51,29.0,128.0,0.0,21.0,0.0
210,51,30.0,134.0,0.0,24.0,0.0
210,51,31.0,138.0,0.0,27.0,0.0
210,51,32.0,139.0,0.0,32.0,0.0
210,51,33.0,142.0,0.0,35.0,0.0
210,51,34.0,142.0,0.0,38.0,0.0
210,51,35.0,146.0,0.0,42.0,0.0
210,51,36.0,149.0,0.0,46.0,0.0
210,51,37.0,150.0,0.0,49.0,0.0
210,51,38.0,154.0,0.0,56.0,0.0
210,51,39.0,152.0,0.0,59.0,0.0
210,51,40.0,156.0,0.0,66.0,0.0
210,51,41.0,154.0,0.0,68.0,0.0
210,51,42.0,156.0,0.0,74.0,0.0
210,51,43.0,158.0,0.0,77.0,0.0
210,51,44.0,164.0,0.0,83.0,0.0
210,51,45.0,165.0,0.0,87.0,0.0
210,51,46.0,170.0,0.0,94.0,0.0
210,51,47.0,170.0,0.0,96.0,0.0
210,51,48.0,170.0,0.0,101.0,0.0
210,51,49.0,172.0,0.0,106.0,0.0
210,51,50.0,174.0,0.0,112.0,0.0
210,51,51.0,178.0,0.0,115.0,0.0
210,51,52.0,179.0,0.0,117.0,0.0
210,51,53.0,181.0,0.0,122.0,0.0
210,51,54.0,179.0,0.0,127.0,0.0
210,51,55.0,177.0,0.0,132.0,0.0
210,51,56.0,181.0,0.0,137.0,0.0
210,51,57.0,179.0,0.0,141.0,0.0
210,51,58.0,176.0,0.0,146.0,0.0
210,51,59.0,176.0,0.0,153.0,0.0
210,51,60.0,174.0,0.0,158.0,0.0
210,51,61.0,167.0,0.0,166.0,0.0
210,51,62.0,167.0,0.0,176.0,0.0
210,51,63.0,165.0,0.0,179.0,0.0
210,51,64.0,169.0,0.0,185.0,0.0
210,51,65.0,164.0,0.0,189.0,0.0
210,51,66.0,164.0,0.0,198.0,0.0
210,51,67.0,163.0,0.0,205.0,0.0
210,51,68.0,165.0,0.0,209.0,0.0
210,51,69.0,173.0,0.0,212.0,0.0
210,51,70.0,177.0,0.0,215.0,0.0
210,51,71.0,177.0,0.0,219.0,0.0
210,51,72.0,171.0,0.0,224.0,0.0
210,51,73.0,170.0,0.0,233.0,0.0
210,51,74.0,167.0,0.0,238.0,0.0
210,51,75.0,165.0,0.0,244.0,0.0
210,51,76.0,168.0,0.0,248.0,0.0
210,51,77.0,168.0,0.0,252.0,0.0
210,51,78.0,168.0,0.0,260.0,0.0
210,51,79.0,170.0,0.0,267.0,0.0
210,51,80.0,174.0,0.0,270.0,0.0
210,51,81.0,170.0,0.0,274.0,0.0
210,51,82.0,167.0,0.0,281.0,0.0
210,51,83.0,167.0,0.0,290.0,0.0
210,51,84.0,164.0,0.0,294.0,0.0
210,51,85.0,169.0,0.0,303.0,0.0
210,51,86.0,170.0,0.0,306.0,0.0
210,51,87.0,173.0,0.0,311.0,0.0
210,51,88.0,173.0,0.0,317.0,0.0
210,51,89.0,172.0,0.0,321.0,0.0
210,51,90.0,174.0,0.0,328.0,0.0
210,51,91.0,172.0,0.0,332.0,0.0
210,51,92.0,171.0,0.0,338.0,0.0
210,51,93.0,169.0,0.0,343.0,0.0
210,51,94.0,165.0,0.0,350.0,0.0
210,51,95.0,165.0,0.0,357.0,0.0
210,51,96.0,164.0,0.0,363.0,0.0
210,51,97.0,164.0,0.0,369.0,0.0
210,51,98.0,163.0,0.0,373.0,0.0
210,51,99.0,165.0,0.0,381.0,0.0
210,51,100.0,170.0,0.0,383.0,0.0
210,51,101.0,170.0,0.0,387.0,0.0
210,51,102.0,171.0,0.0,390.0,0.0
210,51,103.0,171.0,0.0,395.0,0.0
210,51,104.0,173.0,0.0,401.0,0.0
210,51,105.0,172.0,0.0,406.0,0.0
210,51,106.0,171.0,0.0,412.0,0.0
210,51,107.0,173.0,0.0,422.0,0.0
210,51,108.0,176.0,0.0,431.0,0.0
210,51,109.0,171.0,0.0,435.0,0.0
210,51,110.0,172.0,0.0,443.0,0.0
210,51,111.0,167.0,0.0,447.0,0.0
210,51,112.0,168.0,0.0,455.0,0.0
210,51,113.0,168.0,0.0,458.0,0.0
210,51,114.0,167.0,0.0,464.0,0.0
210,51,115.0,173.0,0.0,470.0,0.0
210,51,116.0,169.0,0.0,473.0,0.0
210,51,117.0,168.0,0.0,481.0,0.0
210,51,118.0,170.0,0.0,486.0,0.0
210,51,119.0,175.0,0.0,490.0,0.0
210,51,120.0,175.0,0.0,493.0,0.0
210,51,121.0,177.0,0.0,496.0,0.0
210,51,122.0,175.0,0.0,497.0,0.0
210,51,123.0,179.0,0.0,502.0,0.0
210,51,124.0,175.0,0.0,508.0,0.0
210,51,125.0,178.0,0.0,516.0,0.0
210,51,126.0,174.0,0.0,520.0,0.0
210,51,127.0,175.0,0.0,529.0,0.0
210,51,128.0,178.0,0.0,535.0,0.0
210,51,129.0,178.0,0.0,541.0,0.0
210,51,130.0,175.0,0.0,545.0,0.0
210,51,131.0,181.0,0.0,552.0,0.0
210,51,132.0,181.0,0.0,558.0,0.0
210,51,133.0,180.0,0.0,563.0,0.0
210,51,134.0,180.0,0.0,568.0,0.0
210,51,135.0,176.0,0.0,573.0,0.0
210,51,136.0,172.0,0.0,580.0,0.0
210,51,137.0,172.0,0.0,590.0,0.0
210,51,138.0,176.0,0.0,596.0,0.0
210,51,139.0,178.0,0.0,599.0,0.0
210,51,140.0,174.0,0.0,604.0,0.0
210,51,141.0,173.0,0.0,612.0,0.0
210,51,142.0,170.0,0.0,619.0,0.0
210,51,143.0,169.0,0.0,628.0,0.0
210,51,144.0,168.0,0.0,637.0,0.0
210,51,145.0,171.0,0.0,645.0,0.0
210,51,146.0,167.0,0.0,648.0,0.0
210,51,147.0,165.0,0.0,657.0,0.0
210,51,148.0,165.0,0.0,663.0,0.0
210,51,149.0,165.0,0.0,669.0,0.0
210,51,150.0,167.0,0.0,674.0,0.0
210,51,151.0,172.0,0.0,677.0,0.0
210,51,152.0,170.0,0.0,681.0,0.0
210,51,153.0,172.0,0.0,687.0,0.0
210,51,154.0,171.0,0.0,692.0,0.0
210,51,155.0,169.0,0.0,698.0,0.0
210,51,156.0,171.0,0.0,704.0,0.0
210,51,157.0,175.0,0.0,709.0,0.0
210,51,158.0,173.0,0.0,711.0,0.0
210,51,159.0,176.0,0.0,716.0,0.0
210,51,160.0,175.0,0.0,720.0,0.0
210,51,161.0,174.0,0.0,726.0,0.0
210,51,162.0,178.0,0.0,731.0,0.0
210,51,163.0,173.0,0.0,734.0,0.0
210,51,164.0,173.0,0.0,742.0,0.0
210,51,165.0,173.0,0.0,746.0,0.0
210,51,166.0,176.0,0.0,749.0,0.0
210,51,167.0,177.0,0.0,752.0,0.0
210,51,168.0,173.0,0.0,757.0,0.0
210,51,169.0,176.0,0.0,765.0,0.0
210,51,170.0,176.0,0.0,768.0,0.0
210,51,171.0,176.0,0.0,776.0,0.0
210,51,172.0,180.0,0.0,781.0,0.0
210,51,173.0,179.0,0.0,784.0,0.0
210,51,174.0,178.0,0.0,791.0,0.0
210,51,175.0,174.0,0.0,795.0,0.0
210,51,176.0,177.0,0.0,800.0,0.0
210,51,177.0,172.0,0.0,805.0,0.0
210,51,178.0,174.0,0.0,815.0,0.0
210,51,179.0,174.0,0.0,820.0,0.0
210,51,180.0,172.0,0.0,828.0,0.0
210,51,181.0,174.0,0.0,832.0,0.0
210,51,182.0,172.0,0.0,835.0,0.0
210,51,183.0,171.0,0.0,842.0,0.0
210,51,184.0,166.0,0.0,848.0,0.0
210,51,185.0,165.0,0.0,856.0,0.0
210,51,186.0,164.0,0.0,860.0,0.0
210,51,187.0,165.0,0.0,866.0,0.0
210,51,188.0,166.0,0.0,872.0,0.0
210,51,189.0,172.0,0.0,875.0,0.0
210,51,190.0,175.0,0.0,878.0,0.0
210,51,191.0,175.0,0.0,884.0,0.0
210,51,192.0,177.0,0.0,889.0,0.0
210,51,193.0,179.0,0.0,892.0,0.0
210,51,194.0,181.0,0.0,896.0,0.0
210,51,195.0,180.0,0.0,899.0,0.0
210,51,196.0,177.0,0.0,904.0,0.0
210,51,197.0,176.0,0.0,911.0,0.0
210,51,198.0,181.0,0.0,920.0,0.0
210,51,199.0,181.0,0.0,924.0,0.0
210,51,200.0,176.0,0.0,929.0,0.0
210,51,201.0,164.0,0.0,935.0,0.0
210,51,202.0,157.0,0.0,947.0,0.0
210,51,203.0,152.0,0.0,954.0,0.0
210,51,204.0,146.0,0.0,959.0,0.0
210,51,205.0,139.0,0.0,965.0,0.0
210,51,206.0,135.0,0.0,972.0,0.0
210,51,207.0,131.0,0.0,976.0,0.0
210,51,208.0,127.0,0.0,980.0,0.0
210,51,209.0,122.0,0.0,984.0,0.0
210,51,210.0,115.0,0.0,989.0,0.0
210,51,211.0,110.0,0.0,996.0,0.0
210,51,212.0,105.0,0.0,1001.0,0.0
210,51,213.0,102.0,0.0,1006.0,0.0
210,51,214.0,96.0,0.0,1009.0,0.0
210,51,215.0,87.0,0.0,1015.0,0.0
210,51,216.0,84.0,0.0,1024.0,0.0
210,51,217.0,80.0,0.0,1027.0,0.0
210,51,218.0,74.0,0.0,1031.0,0.0
210,51,219.0,68.0,0.0,1037.0,0.0
210,51,220.0,59.0,0.0,1043.0,0.0
210,51,221.0,53.0,0.0,1052.0,0.0
210,51,222.0,48.0,0.0,1058.0,0.0
210,51,223.0,42.0,0.0,1063.0,0.0
210,51,224.0,37.0,0.0,1069.0,0.0
210,51,225.0,36.0,0.0,1074.0,0.0
210,51,226.0,36.0,0.0,1075.0,0.0
210,51,227.0,33.0,0.0,1075.0,0.0
210,51,228.0,32.0,0.0,1078.0,0.0
210,51,229.0,30.0,0.0,1079.0,0.0
210,51,230.0,29.0,0.0,1081.0,0.0
210,51,231.0,27.0,0.0,1082.0,0.0
210,51,232.0,26.0,0.0,1084.0,0.0
210,51,233.0,25.0,0.0,1085.0,0.0
210,51,234.0,24.0,0.0,1086.0,0.0
210,51,235.0,23.0,0.0,1087.0,0.0
210,51,236.0,22.0,0.0,1088.0,0.0
210,51,237.0,20.0,0.0,1089.0,0.0
210,51,238.0,18.0,0.0,1091.0,0.0
210,51,239.0,17.0,0.0,1093.0,0.0
210,51,240.0,16.0,0.0,1094.0,0.0
210,51,241.0,16.0,0.0,1095.0,0.0
210,51,242.0,16.0,0.0,1095.0,0.0
210,51,243.0,15.0,0.0,1095.0,0.0
210,51,244.0,15.0,0.0,1096.0,0.0
210,51,245.0,15.0,0.0,1096.0,0.0
210,51,246.0,14.0,0.0,1096.0,0.0
210,51,247.0,14.0,0.0,1097.0,0.0
210,51,248.0,12.0,0.0,1097.0,0.0
210,51,249.0,12.0,0.0,1099.0,0.0
210,51,250.0,11.0,0.0,1099.0,0.0
210,51,251.0,10.0,0.0,1100.0,0.0
210,51,252.0,8.0,0.0,1101.0,0.0
210,51,253.0,8.0,0.0,1103.0,0.0
210,51,254.0,7.0,0.0,1103.0,0.0
210,51,255.0,7.0,0.0,1104.0,0.0
210,51,256.0,7.0,0.0,1104.0,0.0
210,51,257.0,6.0,0.0,1104.0,0.0
210,51,258.0,6.0,0.0,1105.0,0.0
210,51,259.0,6.0,0.0,1105.0,0.0
210,51,260.0,5.0,0.0,1105.0,0.0
210,51,261.0,4.0,0.0,1106.0,0.0
210,51,262.0,4.0,0.0,1107.0,0.0
210,51,263.0,2.0,0.0,1107.0,0.0
210,51,264.0,2.0,0.0,1109.0,0.0
210,51,265.0,2.0,0.0,1109.0,0.0
210,51,266.0,2.0,0.0,1109.0,0.0
210,51,267.0,1.0,0.0,1109.0,0.0
210,51,268.0,0.0,0.0,1110.0,0.0
210,51,269.0,0.0,0.0,1111.0,0.0
210,52,0.0,8.0,0.0,0.0,0.0
210,52,1.0,16.0,0.0,0.0,0.0
210,52,2.0,22.0,0.0,0.0,0.0
210,52,3.0,24.0,0.0,0.0,0.0
210,52,4.0,29.0,0.0,0.0,0.0
210,52,5.0,37.0,0.0,0.0,0.0
210,52,6.0,43.0,0.0,0.0,0.0
210,52,7.0,47.0,0.0,0.0,0.0
210,52,8.0,52.0,0.0,0.0,0.0
210,52,9.0,59.0,0.0,0.0,0.0
210,52,10.0,63.0,0.0,0.0,0.0
210,52,11.0,66.0,0.0,0.0,0.0
210,52,12.0,74.0,0.0,0.0,0.0
210,52,13.0,78.0,0.0,0.0,0.0
210,52,14.0,81.0,0.0,0.0,0.0
210,52,15.0,83.0,0.0,1.0,0.0
210,52,16.0,91.0,0.0,3.0,0.0
210,52,17.0,100.0,0.0,3.0,0.0
210,52,18.0,107.0,0.0,3.0,0.0
210,52,19.0,113.0,0.0,3.0,0.0
210,52,20.0,117.0,0.0,3.0,0.0
210,52,21.0,121.0,0.0,4.0,0.0
210,52,22.0,124.0,0.0,6.0,0.0
210,52,23.0,128.0,0.0,7.0,0.0
210,52,24.0,131.0,0.0,8.0,0.0
210,52,25.0,129.0,0.0,10.0,0.0
210,52,26.0,134.0,0.0,16.0,0.0
210,52,27.0,134.0,0.0,17.0,0.0
210,52,28.0,135.0,0.0,21.0,0.0
210,52,29.0,138.0,0.0,25.0,0.0
210,52,30.0,140.0,0.0,26.0,0.0
210,52,31.0,143.0,0.0,31.0,0.0
210,52,32.0,143.0,0.0,34.0,0.0
210,52,33.0,147.0,0.0,40.0,0.0
210,52,34.0,152.0,0.0,43.0,0.0
210,52,35.0,157.0,0.0,45.0,0.0
210,52,36.0,162.0,0.0,48.0,0.0
210,52,37.0,163.0,0.0,51.0,0.0
210,52,38.0,160.0,0.0,54.0,0.0
210,52,39.0,166.0,0.0,62.0,0.0
210,52,40.0,163.0,0.0,63.0,0.0
210,52,41.0,167.0,0.0,73.0,0.0
210,52,42.0,167.0,0.0,77.0,0.0
210,52,43.0,159.0,0.0,82.0,0.0
210,52,44.0,159.0,0.0,91.0,0.0
210,52,45.0,160.0,0.0,97.0,0.0
210,52,46.0,161.0,0.0,102.0,0.0
210,52,47.0,163.0,0.0,106.0,0.0
210,52,48.0,168.0,0.0,111.0,0.0
210,52,49.0,169.0,0.0,114.0,0.0
210,52,50.0,169.0,0.0,118.0,0.0
210,52,51.0,167.0,0.0,122.0,0.0
210,52,52.0,168.0,0.0,127.0,0.0
210,52,53.0,167.0,0.0,133.0,0.0
210,52,54.0,170.0,0.0,139.0,0.0
210,52,55.0,172.0,0.0,142.0,0.0
210,52,56.0,171.0,0.0,144.0,0.0
210,52,57.0,169.0,0.0,150.0,0.0
210,52,58.0,167.0,0.0,154.0,0.0
210,52,59.0,168.0,0.0,159.0,0.0
210,52,60.0,166.0,0.0,162.0,0.0
210,52,61.0,163.0,0.0,171.0,0.0
210,52,62.0,160.0,0.0,178.0,0.0
210,52,63.0,157.0,0.0,189.0,0.0
210,52,64.0,157.0,0.0,197.0,0.0
210,52,65.0,155.0,0.0,203.0,0.0
210,52,66.0,152.0,0.0,209.0,0.0
210,52,67.0,151.0,0.0,215.0,0.0
210,52,68.0,152.0,0.0,220.0,0.0
210,52,69.0,147.0,0.0,225.0,0.0
210,52,70.0,148.0,0.0,234.0,0.0
210,52,71.0,149.0,0.0,236.0,0.0
210,52,72.0,155.0,0.0,239.0,0.0
210,52,73.0,151.0,0.0,242.0,0.0
210,52,74.0,154.0,0.0,249.0,0.0
210,52,75.0,156.0,0.0,251.0,0.0
210,52,76.0,156.0,0.0,254.0,0.0
210,52,77.0,153.0,0.0,260.0,0.0
210,52,78.0,155.0,0.0,266.0,0.0
210,52,79.0,158.0,0.0,272.0,0.0
210,52,80.0,155.0,0.0,274.0,0.0
210,52,81.0,149.0,0.0,280.0,0.0
210,52,82.0,152.0,0.0,287.0,0.0
210,52,83.0,150.0,0.0,289.0,0.0
210,52,84.0,151.0,0.0,296.0,0.0
210,52,85.0,149.0,0.0,301.0,0.0
210,52,86.0,150.0,0.0,307.0,0.0
210,52,87.0,156.0,0.0,311.0,0.0
210,52,88.0,157.0,0.0,314.0,0.0
210,52,89.0,158.0,0.0,317.0,0.0
210,52,90.0,155.0,0.0,321.0,0.0
210,52,91.0,151.0,0.0,327.0,0.0
210,52,92.0,152.0,0.0,335.0,0.0
210,52,93.0,156.0,0.0,343.0,0.0
210,52,94.0,157.0,0.0,347.0,0.0
210,52,95.0,158.0,0.0,352.0,0.0
210,52,96.0,157.0,0.0,356.0,0.0
210,52,97.0,156.0,0.0,362.0,0.0
210,52,98.0,163.0,0.0,368.0,0.0
210,52,99.0,161.0,0.0,371.0,0.0
210,52,100.0,162.0,0.0,379.0,0.0
210,52,101.0,168.0,0.0,385.0,0.0
210,52,102.0,172.0,0.0,387.0,0.0
210,52,103.0,170.0,0.0,389.0,0.0
210,52,104.0,171.0,0.0,397.0,0.0
210,52,105.0,175.0,0.0,402.0,0.0
210,52,106.0,179.0,0.0,406.0,0.0
210,52,107.0,179.0,0.0,410.0,0.0
210,52,108.0,175.0,0.0,416.0,0.0
210,52,109.0,171.0,0.0,421.0,0.0
210,52,110.0,173.0,0.0,427.0,0.0
210,52,111.0,172.0,0.0,431.0,0.0
210,52,112.0,174.0,0.0,437.0,0.0
210,52,113.0,177.0,0.0,439.0,0.0
210,52,114.0,171.0,0.0,445.0,0.0
210,52,115.0,174.0,0.0,453.0,0.0
210,52,116.0,174.0,0.0,456.0,0.0
210,52,117.0,173.0,0.0,460.0,0.0
210,52,118.0,179.0,0.0,466.0,0.0
210,52,119.0,178.0,0.0,472.0,0.0
210,52,120.0,179.0,0.0,477.0,0.0
210,52,121.0,182.0,0.0,483.0,0.0
210,52,122.0,181.0,0.0,486.0,0.0
210,52,123.0,179.0,0.0,489.0,0.0
210,52,124.0,179.0,0.0,495.0,0.0
210,52,125.0,177.0,0.0,500.0,0.0
210,52,126.0,175.0,0.0,506.0,0.0
210,52,127.0,175.0,0.0,513.0,0.0
210,52,128.0,179.0,0.0,520.0,0.0
210,52,129.0,178.0,0.0,522.0,0.0
210,52,130.0,180.0,0.0,529.0,0.0
210,52,131.0,180.0,0.0,532.0,0.0
210,52,132.0,182.0,0.0,537.0,0.0
210,52,133.0,182.0,0.0,541.0,0.0
210,52,134.0,182.0,0.0,547.0,0.0
210,52,135.0,177.0,0.0,554.0,0.0
210,52,136.0,181.0,0.0,564.0,0.0
210,52,137.0,179.0,0.0,567.0,0.0
210,52,138.0,183.0,0.0,574.0,0.0
210,52,139.0,185.0,0.0,579.0,0.0
210,52,140.0,186.0,0.0,583.0,0.0
210,52,141.0,184.0,0.0,589.0,0.0
210,52,142.0,177.0,0.0,596.0,0.0
210,52,143.0,179.0,0.0,609.0,0.0
210,52,144.0,174.0,0.0,616.0,0.0
210,52,145.0,173.0,0.0,622.0,0.0
210,52,146.0,176.0,0.0,628.0,0.0
210,52,147.0,176.0,0.0,634.0,0.0
210,52,148.0,175.0,0.0,640.0,0.0
210,52,149.0,180.0,0.0,647.0,0.0
210,52,150.0,180.0,0.0,649.0,0.0
210,52,151.0,184.0,0.0,655.0,0.0
210,52,152.0,188.0,0.0,659.0,0.0
210,52,153.0,189.0,0.0,662.0,0.0
210,52,154.0,187.0,0.0,668.0,0.0
210,52,155.0,187.0,0.0,678.0,0.0
210,52,156.0,184.0,0.0,682.0,0.0
210,52,157.0,180.0,0.0,688.0,0.0
210,52,158.0,178.0,0.0,697.0,0.0
210,52,159.0,175.0,0.0,703.0,0.0
210,52,160.0,175.0,0.0,709.0,0.0
210,52,161.0,172.0,0.0,713.0,0.0
210,52,162.0,173.0,0.0,720.0,0.0
210,52,163.0,169.0,0.0,727.0,0.0
210,52,164.0,172.0,0.0,736.0,0.0
210,52,165.0,170.0,0.0,740.0,0.0
210,52,166.0,166.0,0.0,747.0,0.0
210,52,167.0,176.0,0.0,754.0,0.0
210,52,168.0,172.0,0.0,757.0,0.0
210,52,169.0,172.0,0.0,763.0,0.0
210,52,170.0,174.0,0.0,768.0,0.0
210,52,171.0,175.0,0.0,774.0,0.0
210,52,172.0,178.0,0.0,779.0,0.0
210,52,173.0,185.0,0.0,782.0,0.0
210,52,174.0,187.0,0.0,785.0,0.0
210,52,175.0,188.0,0.0,788.0,0.0
210,52,176.0,191.0,0.0,792.0,0.0
210,52,177.0,194.0,0.0,795.0,0.0
210,52,178.0,189.0,0.0,800.0,0.0
210,52,179.0,183.0,0.0,810.0,0.0
210,52,180.0,185.0,0.0,820.0,0.0
210,52,181.0,179.0,0.0,827.0,0.0
210,52,182.0,179.0,0.0,835.0,0.0
210,52,183.0,176.0,0.0,839.0,0.0
210,52,184.0,178.0,0.0,845.0,0.0
210,52,185.0,180.0,0.0,848.0,0.0
210,52,186.0,183.0,0.0,851.0,0.0
210,52,187.0,183.0,0.0,853.0,0.0
210,52,188.0,182.0,0.0,856.0,0.0
210,52,189.0,180.0,0.0,864.0,0.0
210,52,190.0,175.0,0.0,869.0,0.0
210,52,191.0,173.0,0.0,876.0,0.0
210,52,192.0,176.0,0.0,881.0,0.0
210,52,193.0,176.0,0.0,883.0,0.0
210,52,194.0,176.0,0.0,888.0,0.0
210,52,195.0,174.0,0.0,893.0,0.0
210,52,196.0,173.0,0.0,900.0,0.0
210,52,197.0,174.0,0.0,904.0,0.0
210,52,198.0,176.0,0.0,911.0,0.0
210,52,199.0,178.0,0.0,915.0,0.0
210,52,200.0,175.0,0.0,922.0,0.0
210,52,201.0,173.0,0.0,929.0,0.0
210,52,202.0,167.0,0.0,931.0,0.0
210,52,203.0,159.0,0.0,937.0,0.0
210,52,204.0,151.0,0.0,945.0,0.0
210,52,205.0,148.0,0.0,953.0,0.0
210,52,206.0,139.0,0.0,956.0,0.0
210,52,207.0,134.0,0.0,965.0,0.0
210,52,208.0,126.0,0.0,970.0,0.0
210,52,209.0,124.0,0.0,978.0,0.0
210,52,210.0,121.0,0.0,980.0,0.0
210,52,211.0,117.0,0.0,983.0,0.0
210,52,212.0,111.0,0.0,987.0,0.0
210,52,213.0,107.0,0.0,993.0,0.0
210,52,214.0,99.0,0.0,997.0,0.0
210,52,215.0,94.0,0.0,1005.0,0.0
210,52,216.0,85.0,0.0,1010.0,0.0
210,52,217.0,82.0,0.0,1019.0,0.0
210,52,218.0,78.0,0.0,1022.0,0.0
210,52,219.0,74.0,0.0,1026.0,0.0
210,52,220.0,69.0,0.0,1030.0,0.0
210,52,221.0,61.0,0.0,1035.0,0.0
210,52,222.0,53.0,0.0,1043.0,0.0
210,52,223.0,46.0,0.0,1051.0,0.0
210,52,224.0,42.0,0.0,1058.0,0.0
210,52,225.0,38.0,0.0,1062.0,0.0
210,52,226.0,33.0,0.0,1066.0,0.0
210,52,227.0,32.0,0.0,1071.0,0.0
210,52,228.0,27.0,0.0,1072.0,0.0
210,52,229.0,24.0,0.0,1077.0,0.0
210,52,230.0,24.0,0.0,1080.0,0.0
210,52,231.0,23.0,0.0,1080.0,0.0
210,52,232.0,22.0,0.0,1081.0,0.0
210,52,233.0,22.0,0.0,1082.0,0.0
210,52,234.0,22.0,0.0,1082.0,0.0
210,52,235.0,22.0,0.0,1082.0,0.0
210,52,236.0,21.0,0.0,1082.0,0.0
210,52,237.0,18.0,0.0,1083.0,0.0
210,52,238.0,17.0,0.0,1086.0,0.0
210,52,239.0,15.0,0.0,1087.0,0.0
210,52,240.0,14.0,0.0,1089.0,0.0
210,52,241.0,14.0,0.0,1090.0,0.0
210,52,242.0,12.0,0.0,1090.0,0.0
210,52,243.0,11.0,0.0,1092.0,0.0
210,52,244.0,10.0,0.0,1093.0,0.0
210,52,245.0,10.0,0.0,1094.0,0.0
210,52,246.0,10.0,0.0,1094.0,0.0
210,52,247.0,9.0,0.0,1094.0,0.0
210,52,248.0,9.0,0.0,1095.0,0.0
210,52,249.0,7.0,0.0,1095.0,0.0
210,52,250.0,7.0,0.0,1097.0,0.0
210,52,251.0,7.0,0.0,1097.0,0.0
210,52,252.0,6.0,0.0,1097.0,0.0
210,52,253.0,6.0,0.0,1098.0,0.0
210,52,254.0,6.0,0.0,1098.0,0.0
210,52,255.0,4.0,0.0,1098.0,0.0
210,52,256.0,4.0,0.0,1100.0,0.0
210,52,257.0,4.0,0.0,1100.0,0.0
210,52,258.0,4.0,0.0,1100.0,0.0
210,52,259.0,4.0,0.0,1100.0,0.0
210,52,260.0,3.0,0.0,1100.0,0.0
210,52,261.0,3.0,0.0,1101.0,0.0
210,52,262.0,3.0,0.0,1101.0,0.0
210,52,263.0,3.0,0.0,1101.0,0.0
210,52,264.0,2.0,0.0,1101.0,0.0
210,52,265.0,2.0,0.0,1102.0,0.0
210,52,266.0,1.0,0.0,1102.0,0.0
210,52,267.0,1.0,0.0,1103.0,0.0
210,52,268.0,1.0,0.0,1103.0,0.0
210,52,269.0,1.0,0.0,1103.0,0.0
210,52,270.0,1.0,0.0,1103.0,0.0
210,52,271.0,0.0,0.0,1103.0,0.0
210,52,272.0,0.0,0.0,1104.0,0.0
210,53,0.0,5.0,0.0,0.0,0.0
210,53,1.0,9.0,0.0,0.0,0.0
210,53,2.0,19.0,0.0,0.0,0.0
210,53,3.0,24.0,0.0,0.0,0.0
210,53,4.0,27.0,0.0,0.0,0.0
210,53,5.0,32.0,0.0,0.0,0.0
210,53,6.0,38.0,0.0,0.0,0.0
210,53,7.0,41.0,0.0,0.0,0.0
210,53,8.0,46.0,0.0,0.0,0.0
210,53,9.0,48.0,0.0,0.0,0.0
210,53,10.0,52.0,0.0,0.0,0.0
210,53,11.0,58.0,0.0,0.0,0.0
210,53,12.0,67.0,0.0,0.0,0.0
210,53,13.0,69.0,0.0,0.0,0.0
210,53,14.0,75.0,0.0,0.0,0.0
210,53,15.0,78.0,0.0,0.0,0.0
210,53,16.0,84.0,0.0,0.0,0.0
210,53,17.0,85.0,0.0,0.0,0.0
210,53,18.0,89.0,0.0,0.0,0.0
210,53,19.0,92.0,0.0,0.0,0.0
210,53,20.0,95.0,0.0,0.0,0.0
210,53,21.0,99.0,0.0,1.0,0.0
210,53,22.0,104.0,0.0,2.0,0.0
210,53,23.0,108.0,0.0,2.0,0.0
210,53,24.0,109.0,0.0,3.0,0.0
210,53,25.0,116.0,0.0,6.0,0.0
210,53,26.0,116.0,0.0,7.0,0.0
210,53,27.0,117.0,0.0,12.0,0.0
210,53,28.0,118.0,0.0,17.0,0.0
210,53,29.0,118.0,0.0,21.0,0.0
210,53,30.0,120.0,0.0,26.0,0.0
210,53,31.0,123.0,0.0,30.0,0.0
210,53,32.0,128.0,0.0,32.0,0.0
210,53,33.0,134.0,0.0,33.0,0.0
210,53,34.0,131.0,0.0,34.0,0.0
210,53,35.0,130.0,0.0,42.0,0.0
210,53,36.0,134.0,0.0,46.0,0.0
210,53,37.0,132.0,0.0,49.0,0.0
210,53,38.0,135.0,0.0,53.0,0.0
210,53,39.0,134.0,0.0,56.0,0.0
210,53,40.0,139.0,0.0,60.0,0.0
210,53,41.0,143.0,0.0,63.0,0.0
210,53,42.0,148.0,0.0,66.0,0.0
210,53,43.0,150.0,0.0,67.0,0.0
210,53,44.0,146.0,0.0,71.0,0.0
210,53,45.0,149.0,0.0,78.0,0.0
210,53,46.0,148.0,0.0,82.0,0.0
210,53,47.0,151.0,0.0,88.0,0.0
210,53,48.0,154.0,0.0,91.0,0.0
210,53,49.0,158.0,0.0,94.0,0.0
210,53,50.0,159.0,0.0,95.0,0.0
210,53,51.0,163.0,0.0,99.0,0.0
210,53,52.0,164.0,0.0,104.0,0.0
210,53,53.0,166.0,0.0,107.0,0.0
210,53,54.0,165.0,0.0,112.0,0.0
210,53,55.0,166.0,0.0,116.0,0.0
210,53,56.0,171.0,0.0,121.0,0.0
210,53,57.0,173.0,0.0,125.0,0.0
210,53,58.0,172.0,0.0,130.0,0.0
210,53,59.0,167.0,0.0,137.0,0.0
210,53,60.0,168.0,0.0,146.0,0.0
210,53,61.0,170.0,0.0,150.0,0.0
210,53,62.0,173.0,0.0,155.0,0.0
210,53,63.0,170.0,0.0,158.0,0.0
210,53,64.0,167.0,0.0,163.0,0.0
210,53,65.0,167.0,0.0,170.0,0.0
210,53,66.0,168.0,0.0,177.0,0.0
210,53,67.0,167.0,0.0,182.0,0.0
210,53,68.0,171.0,0.0,190.0,0.0
210,53,69.0,169.0,0.0,192.0,0.0
210,53,70.0,169.0,0.0,198.0,0.0
210,53,71.0,170.0,0.0,202.0,0.0
210,53,72.0,173.0,0.0,206.0,0.0
210,53,73.0,173.0,0.0,212.0,0.0
210,53,74.0,171.0,0.0,219.0,0.0
210,53,75.0,166.0,0.0,226.0,0.0
210,53,76.0,164.0,0.0,232.0,0.0
210,53,77.0,161.0,0.0,239.0,0.0
210,53,78.0,164.0,0.0,243.0,0.0
210,53,79.0,164.0,0.0,247.0,0.0
210,53,80.0,164.0,0.0,256.0,0.0
210,53,81.0,166.0,0.0,262.0,0.0
210,53,82.0,167.0,0.0,265.0,0.0
210,53,83.0,169.0,0.0,271.0,0.0
210,53,84.0,176.0,0.0,273.0,0.0
210,53,85.0,173.0,0.0,277.0,0.0
210,53,86.0,172.0,0.0,284.0,0.0
210,53,87.0,172.0,0.0,290.0,0.0
210,53,88.0,166.0,0.0,296.0,0.0
210,53,89.0,167.0,0.0,306.0,0.0
210,53,90.0,166.0,0.0,311.0,0.0
210,53,91.0,164.0,0.0,317.0,0.0
210,53,92.0,169.0,0.0,321.0,0.0
210,53,93.0,167.0,0.0,322.0,0.0
210,53,94.0,165.0,0.0,329.0,0.0
210,53,95.0,172.0,0.0,334.0,0.0
210,53,96.0,176.0,0.0,337.0,0.0
210,53,97.0,179.0,0.0,341.0,0.0
210,53,98.0,181.0,0.0,345.0,0.0
210,53,99.0,179.0,0.0,350.0,0.0
210,53,100.0,182.0,0.0,357.0,0.0
210,53,101.0,179.0,0.0,362.0,0.0
210,53,102.0,182.0,0.0,368.0,0.0
210,53,103.0,185.0,0.0,372.0,0.0
210,53,104.0,190.0,0.0,375.0,0.0
210,53,105.0,193.0,0.0,378.0,0.0
210,53,106.0,184.0,0.0,382.0,0.0
210,53,107.0,186.0,0.0,394.0,0.0
210,53,108.0,186.0,0.0,401.0,0.0
210,53,109.0,184.0,0.0,408.0,0.0
210,53,110.0,184.0,0.0,415.0,0.0
210,53,111.0,184.0,0.0,421.0,0.0
210,53,112.0,188.0,0.0,424.0,0.0
210,53,113.0,191.0,0.0,429.0,0.0
210,53,114.0,190.0,0.0,431.0,0.0
210,53,115.0,188.0,0.0,438.0,0.0
210,53,116.0,182.0,0.0,444.0,0.0
210,53,117.0,186.0,0.0,453.0,0.0
210,53,118.0,185.0,0.0,456.0,0.0
210,53,119.0,182.0,0.0,460.0,0.0
210,53,120.0,182.0,0.0,467.0,0.0
210,53,121.0,181.0,0.0,472.0,0.0
210,53,122.0,181.0,0.0,478.0,0.0
210,53,123.0,182.0,0.0,483.0,0.0
210,53,124.0,184.0,0.0,487.0,0.0
210,53,125.0,187.0,0.0,492.0,0.0
210,53,126.0,188.0,0.0,497.0,0.0
210,53,127.0,187.0,0.0,502.0,0.0
210,53,128.0,184.0,0.0,509.0,0.0
210,53,129.0,180.0,0.0,517.0,0.0
210,53,130.0,181.0,0.0,524.0,0.0
210,53,131.0,180.0,0.0,531.0,0.0
210,53,132.0,182.0,0.0,539.0,0.0
210,53,133.0,180.0,0.0,542.0,0.0
210,53,134.0,179.0,0.0,550.0,0.0
210,53,135.0,181.0,0.0,559.0,0.0
210,53,136.0,187.0,0.0,566.0,0.0
210,53,137.0,189.0,0.0,568.0,0.0
210,53,138.0,186.0,0.0,576.0,0.0
210,53,139.0,182.0,0.0,583.0,0.0
210,53,140.0,180.0,0.0,589.0,0.0
210,53,141.0,180.0,0.0,595.0,0.0
210,53,142.0,180.0,0.0,601.0,0.0
210,53,143.0,184.0,0.0,608.0,0.0
210,53,144.0,181.0,0.0,612.0,0.0
210,53,145.0,182.0,0.0,618.0,0.0
210,53,146.0,185.0,0.0,624.0,0.0
210,53,147.0,181.0,0.0,626.0,0.0
210,53,148.0,183.0,0.0,633.0,0.0
210,53,149.0,185.0,0.0,640.0,0.0
210,53,150.0,184.0,0.0,646.0,0.0
210,53,151.0,182.0,0.0,650.0,0.0
210,53,152.0,184.0,0.0,654.0,0.0
210,53,153.0,183.0,0.0,659.0,0.0
210,53,154.0,180.0,0.0,665.0,0.0
210,53,155.0,175.0,0.0,673.0,0.0
210,53,156.0,174.0,0.0,682.0,0.0
210,53,157.0,173.0,0.0,687.0,0.0
210,53,158.0,175.0,0.0,694.0,0.0
210,53,159.0,175.0,0.0,697.0,0.0
210,53,160.0,174.0,0.0,701.0,0.0
210,53,161.0,172.0,0.0,709.0,0.0
210,53,162.0,168.0,0.0,718.0,0.0
210,53,163.0,167.0,0.0,725.0,0.0
210,53,164.0,165.0,0.0,728.0,0.0
210,53,165.0,166.0,0.0,734.0,0.0
210,53,166.0,169.0,0.0,738.0,0.0
210,53,167.0,165.0,0.0,741.0,0.0
210,53,168.0,167.0,0.0,751.0,0.0
210,53,169.0,170.0,0.0,756.0,0.0
210,53,170.0,169.0,0.0,761.0,0.0
210,53,171.0,164.0,0.0,771.0,0.0
210,53,172.0,165.0,0.0,780.0,0.0
210,53,173.0,164.0,0.0,787.0,0.0
210,53,174.0,161.0,0.0,792.0,0.0
210,53,175.0,160.0,0.0,800.0,0.0
210,53,176.0,159.0,0.0,805.0,0.0
210,53,177.0,161.0,0.0,810.0,0.0
210,53,178.0,158.0,0.0,813.0,0.0
210,53,179.0,159.0,0.0,819.0,0.0
210,53,180.0,156.0,0.0,826.0,0.0
210,53,181.0,162.0,0.0,832.0,0.0
210,53,182.0,165.0,0.0,834.0,0.0
210,53,183.0,166.0,0.0,839.0,0.0
210,53,184.0,169.0,0.0,843.0,0.0
210,53,185.0,169.0,0.0,847.0,0.0
210,53,186.0,168.0,0.0,851.0,0.0
210,53,187.0,166.0,0.0,856.0,0.0
210,53,188.0,168.0,0.0,864.0,0.0
210,53,189.0,166.0,0.0,868.0,0.0
210,53,190.0,165.0,0.0,876.0,0.0
210,53,191.0,163.0,0.0,881.0,0.0
210,53,192.0,160.0,0.0,887.0,0.0
210,53,193.0,161.0,0.0,896.0,0.0
210,53,194.0,161.0,0.0,899.0,0.0
210,53,195.0,159.0,0.0,906.0,0.0
210,53,196.0,156.0,0.0,913.0,0.0
210,53,197.0,156.0,0.0,921.0,0.0
210,53,198.0,162.0,0.0,926.0,0.0
210,53,199.0,160.0,0.0,929.0,0.0
210,53,200.0,163.0,0.0,935.0,0.0
210,53,201.0,158.0,0.0,939.0,0.0
210,53,202.0,155.0,0.0,944.0,0.0
210,53,203.0,152.0,0.0,947.0,0.0
210,53,204.0,145.0,0.0,950.0,0.0
210,53,205.0,137.0,0.0,957.0,0.0
210,53,206.0,134.0,0.0,965.0,0.0
210,53,207.0,128.0,0.0,968.0,0.0
210,53,208.0,123.0,0.0,974.0,0.0
210,53,209.0,118.0,0.0,979.0,0.0
210,53,210.0,110.0,0.0,984.0,0.0
210,53,211.0,107.0,0.0,992.0,0.0
210,53,212.0,101.0,0.0,995.0,0.0
210,53,213.0,93.0,0.0,1001.0,0.0
210,53,214.0,90.0,0.0,1009.0,0.0
210,53,215.0,86.0,0.0,1012.0,0.0
210,53,216.0,82.0,0.0,1016.0,0.0
210,53,217.0,77.0,0.0,1020.0,0.0
210,53,218.0,74.0,0.0,1025.0,0.0
210,53,219.0,69.0,0.0,1028.0,0.0
210,53,220.0,65.0,0.0,1033.0,0.0
210,53,221.0,59.0,0.0,1037.0,0.0
210,53,222.0,57.0,0.0,1043.0,0.0
210,53,223.0,53.0,0.0,1045.0,0.0
210,53,224.0,47.0,0.0,1049.0,0.0
210,53,225.0,43.0,0.0,1055.0,0.0
210,53,226.0,41.0,0.0,1059.0,0.0
210,53,227.0,38.0,0.0,1061.0,0.0
210,53,228.0,35.0,0.0,1064.0,0.0
210,53,229.0,34.0,0.0,1067.0,0.0
210,53,230.0,32.0,0.0,1068.0,0.0
210,53,231.0,31.0,0.0,1070.0,0.0
210,53,232.0,30.0,0.0,1071.0,0.0
210,53,233.0,27.0,0.0,1072.0,0.0
210,53,234.0,26.0,0.0,1075.0,0.0
210,53,235.0,19.0,0.0,1076.0,0.0
210,53,236.0,17.0,0.0,1083.0,0.0
210,53,237.0,16.0,0.0,1085.0,0.0
210,53,238.0,15.0,0.0,1086.0,0.0
210,53,239.0,14.0,0.0,1087.0,0.0
210,53,240.0,14.0,0.0,1088.0,0.0
210,53,241.0,12.0,0.0,1088.0,0.0
210,53,242.0,12.0,0.0,1090.0,0.0
210,53,243.0,10.0,0.0,1090.0,0.0
210,53,244.0,9.0,0.0,1092.0,0.0
210,53,245.0,8.0,0.0,1093.0,0.0
210,53,246.0,8.0,0.0,1094.0,0.0
210,53,247.0,8.0,0.0,1094.0,0.0
210,53,248.0,8.0,0.0,1094.0,0.0
210,53,249.0,7.0,0.0,1094.0,0.0
210,53,250.0,7.0,0.0,1095.0,0.0
210,53,251.0,6.0,0.0,1095.0,0.0
210,53,252.0,6.0,0.0,1096.0,0.0
210,53,253.0,5.0,0.0,1096.0,0.0
210,53,254.0,5.0,0.0,1097.0,0.0
210,53,255.0,4.0,0.0,1097.0,0.0
210,53,256.0,4.0,0.0,1098.0,0.0
210,53,257.0,4.0,0.0,1098.0,0.0
210,53,258.0,4.0,0.0,1098.0,0.0
210,53,259.0,3.0,0.0,1098.0,0.0
210,53,260.0,2.0,0.0,1099.0,0.0
210,53,261.0,2.0,0.0,1100.0,0.0
210,53,262.0,1.0,0.0,1100.0,0.0
210,53,263.0,1.0,0.0,1101.0,0.0
210,53,264.0,1.0,0.0,1101.0,0.0
210,53,265.0,1.0,0.0,1101.0,0.0
210,53,266.0,1.0,0.0,1101.0,0.0
210,53,267.0,0.0,0.0,1101.0,0.0
210,53,268.0,0.0,0.0,1102.0,0.0
210,54,0.0,5.0,0.0,0.0,0.0
210,54,1.0,8.0,0.0,0.0,0.0
210,54,2.0,15.0,0.0,0.0,0.0
210,54,3.0,20.0,0.0,0.0,0.0
210,54,4.0,29.0,0.0,0.0,0.0
210,54,5.0,36.0,0.0,0.0,0.0
210,54,6.0,41.0,0.0,0.0,0.0
210,54,7.0,43.0,0.0,0.0,0.0
210,54,8.0,49.0,0.0,0.0,0.0
210,54,9.0,57.0,0.0,1.0,0.0
210,54,10.0,65.0,0.0,1.0,0.0
210,54,11.0,70.0,0.0,1.0,0.0
210,54,12.0,75.0,0.0,1.0,0.0
210,54,13.0,86.0,0.0,1.0,0.0
210,54,14.0,91.0,0.0,1.0,0.0
210,54,15.0,94.0,0.0,1.0,0.0
210,54,16.0,96.0,0.0,1.0,0.0
210,54,17.0,102.0,0.0,1.0,0.0
210,54,18.0,108.0,0.0,2.0,0.0
210,54,19.0,115.0,0.0,2.0,0.0
210,54,20.0,119.0,0.0,2.0,0.0
210,54,21.0,124.0,0.0,2.0,0.0
210,54,22.0,127.0,0.0,2.0,0.0
210,54,23.0,136.0,0.0,3.0,0.0
210,54,24.0,141.0,0.0,4.0,0.0
210,54,25.0,145.0,0.0,5.0,0.0
210,54,26.0,147.0,0.0,8.0,0.0
210,54,27.0,146.0,0.0,11.0,0.0
210,54,28.0,149.0,0.0,16.0,0.0
210,54,29.0,151.0,0.0,19.0,0.0
210,54,30.0,150.0,0.0,20.0,0.0
210,54,31.0,149.0,0.0,26.0,0.0
210,54,32.0,146.0,0.0,32.0,0.0
210,54,33.0,148.0,0.0,39.0,0.0
210,54,34.0,149.0,0.0,42.0,0.0
210,54,35.0,151.0,0.0,45.0,0.0
210,54,36.0,147.0,0.0,49.0,0.0
210,54,37.0,143.0,0.0,55.0,0.0
210,54,38.0,143.0,0.0,65.0,0.0
210,54,39.0,142.0,0.0,70.0,0.0
210,54,40.0,147.0,0.0,75.0,0.0
210,54,41.0,150.0,0.0,77.0,0.0
210,54,42.0,149.0,0.0,79.0,0.0
210,54,43.0,149.0,0.0,86.0,0.0
210,54,44.0,154.0,0.0,90.0,0.0
210,54,45.0,157.0,0.0,92.0,0.0
210,54,46.0,161.0,0.0,94.0,0.0
210,54,47.0,161.0,0.0,98.0,0.0
210,54,48.0,161.0,0.0,105.0,0.0
210,54,49.0,165.0,0.0,107.0,0.0
210,54,50.0,164.0,0.0,113.0,0.0
210,54,51.0,166.0,0.0,118.0,0.0
210,54,52.0,167.0,0.0,121.0,0.0
210,54,53.0,165.0,0.0,124.0,0.0
210,54,54.0,166.0,0.0,131.0,0.0
210,54,55.0,163.0,0.0,139.0,0.0
210,54,56.0,160.0,0.0,148.0,0.0
210,54,57.0,163.0,0.0,153.0,0.0
210,54,58.0,159.0,0.0,157.0,0.0
210,54,59.0,164.0,0.0,163.0,0.0
210,54,60.0,164.0,0.0,165.0,0.0
210,54,61.0,162.0,0.0,172.0,0.0
210,54,62.0,163.0,0.0,177.0,0.0
210,54,63.0,164.0,0.0,182.0,0.0
210,54,64.0,164.0,0.0,186.0,0.0
210,54,65.0,166.0,0.0,192.0,0.0
210,54,66.0,165.0,0.0,197.0,0.0
210,54,67.0,165.0,0.0,205.0,0.0
210,54,68.0,166.0,0.0,208.0,0.0
210,54,69.0,166.0,0.0,211.0,0.0
210,54,70.0,165.0,0.0,218.0,0.0
210,54,71.0,168.0,0.0,223.0,0.0
210,54,72.0,169.0,0.0,226.0,0.0
210,54,73.0,169.0,0.0,230.0,0.0
210,54,74.0,168.0,0.0,234.0,0.0
210,54,75.0,166.0,0.0,241.0,0.0
210,54,76.0,168.0,0.0,248.0,0.0
210,54,77.0,167.0,0.0,253.0,0.0
210,54,78.0,166.0,0.0,258.0,0.0
210,54,79.0,167.0,0.0,265.0,0.0
210,54,80.0,160.0,0.0,270.0,0.0
210,54,81.0,160.0,0.0,279.0,0.0
210,54,82.0,154.0,0.0,283.0,0.0
210,54,83.0,158.0,0.0,291.0,0.0
210,54,84.0,161.0,0.0,295.0,0.0
210,54,85.0,159.0,0.0,299.0,0.0
210,54,86.0,161.0,0.0,305.0,0.0
210,54,87.0,159.0,0.0,307.0,0.0
210,54,88.0,158.0,0.0,311.0,0.0
210,54,89.0,159.0,0.0,318.0,0.0
210,54,90.0,158.0,0.0,325.0,0.0
210,54,91.0,156.0,0.0,330.0,0.0
210,54,92.0,152.0,0.0,335.0,0.0
210,54,93.0,154.0,0.0,342.0,0.0
210,54,94.0,149.0,0.0,345.0,0.0
210,54,95.0,149.0,0.0,354.0,0.0
210,54,96.0,148.0,0.0,359.0,0.0
210,54,97.0,152.0,0.0,365.0,0.0
210,54,98.0,155.0,0.0,367.0,0.0
210,54,99.0,160.0,0.0,370.0,0.0
210,54,100.0,153.0,0.0,377.0,0.0
210,54,101.0,153.0,0.0,387.0,0.0
210,54,102.0,151.0,0.0,392.0,0.0
210,54,103.0,152.0,0.0,400.0,0.0
210,54,104.0,149.0,0.0,403.0,0.0
210,54,105.0,149.0,0.0,408.0,0.0
210,54,106.0,151.0,0.0,411.0,0.0
210,54,107.0,152.0,0.0,414.0,0.0
210,54,108.0,152.0,0.0,419.0,0.0
210,54,109.0,148.0,0.0,423.0,0.0
210,54,110.0,150.0,0.0,429.0,0.0
210,54,111.0,150.0,0.0,435.0,0.0
210,54,112.0,151.0,0.0,439.0,0.0
210,54,113.0,152.0,0.0,442.0,0.0
210,54,114.0,149.0,0.0,452.0,0.0
210,54,115.0,147.0,0.0,460.0,0.0
210,54,116.0,146.0,0.0,466.0,0.0
210,54,117.0,145.0,0.0,472.0,0.0
210,54,118.0,144.0,0.0,476.0,0.0
210,54,119.0,146.0,0.0,481.0,0.0
210,54,120.0,147.0,0.0,485.0,0.0
210,54,121.0,150.0,0.0,487.0,0.0
210,54,122.0,147.0,0.0,491.0,0.0
210,54,123.0,152.0,0.0,496.0,0.0
210,54,124.0,150.0,0.0,500.0,0.0
210,54,125.0,153.0,0.0,506.0,0.0
210,54,126.0,151.0,0.0,510.0,0.0
210,54,127.0,152.0,0.0,514.0,0.0
210,54,128.0,153.0,0.0,518.0,0.0
210,54,129.0,153.0,0.0,520.0,0.0
210,54,130.0,153.0,0.0,526.0,0.0
210,54,131.0,154.0,0.0,530.0,0.0
210,54,132.0,152.0,0.0,537.0,0.0
210,54,133.0,158.0,0.0,544.0,0.0
210,54,134.0,162.0,0.0,548.0,0.0
210,54,135.0,163.0,0.0,553.0,0.0
210,54,136.0,159.0,0.0,558.0,0.0
210,54,137.0,165.0,0.0,566.0,0.0
210,54,138.0,167.0,0.0,568.0,0.0
210,54,139.0,165.0,0.0,570.0,0.0
210,54,140.0,168.0,0.0,574.0,0.0
210,54,141.0,167.0,0.0,578.0,0.0
210,54,142.0,167.0,0.0,583.0,0.0
210,54,143.0,170.0,0.0,587.0,0.0
210,54,144.0,173.0,0.0,590.0,0.0
210,54,145.0,174.0,0.0,593.0,0.0
210,54,146.0,174.0,0.0,595.0,0.0
210,54,147.0,174.0,0.0,599.0,0.0
210,54,148.0,174.0,0.0,605.0,0.0
210,54,149.0,168.0,0.0,610.0,0.0
210,54,150.0,166.0,0.0,621.0,0.0
210,54,151.0,170.0,0.0,626.0,0.0
210,54,152.0,166.0,0.0,630.0,0.0
210,54,153.0,164.0,0.0,638.0,0.0
210,54,154.0,166.0,0.0,645.0,0.0
210,54,155.0,166.0,0.0,648.0,0.0
210,54,156.0,163.0,0.0,656.0,0.0
210,54,157.0,162.0,0.0,664.0,0.0
210,54,158.0,167.0,0.0,671.0,0.0
210,54,159.0,167.0,0.0,673.0,0.0
210,54,160.0,167.0,0.0,679.0,0.0
210,54,161.0,165.0,0.0,684.0,0.0
210,54,162.0,167.0,0.0,690.0,0.0
210,54,163.0,170.0,0.0,693.0,0.0
210,54,164.0,164.0,0.0,697.0,0.0
210,54,165.0,165.0,0.0,705.0,0.0
210,54,166.0,166.0,0.0,709.0,0.0
210,54,167.0,166.0,0.0,712.0,0.0
210,54,168.0,167.0,0.0,717.0,0.0
210,54,169.0,169.0,0.0,723.0,0.0
210,54,170.0,168.0,0.0,728.0,0.0
210,54,171.0,170.0,0.0,737.0,0.0
210,54,172.0,168.0,0.0,742.0,0.0
210,54,173.0,167.0,0.0,750.0,0.0
210,54,174.0,161.0,0.0,754.0,0.0
210,54,175.0,162.0,0.0,761.0,0.0
210,54,176.0,163.0,0.0,766.0,0.0
210,54,177.0,165.0,0.0,773.0,0.0
210,54,178.0,163.0,0.0,775.0,0.0
210,54,179.0,163.0,0.0,781.0,0.0
210,54,180.0,164.0,0.0,786.0,0.0
210,54,181.0,166.0,0.0,789.0,0.0
210,54,182.0,164.0,0.0,793.0,0.0
210,54,183.0,163.0,0.0,798.0,0.0
210,54,184.0,166.0,0.0,804.0,0.0
210,54,185.0,166.0,0.0,809.0,0.0
210,54,186.0,170.0,0.0,814.0,0.0
210,54,187.0,172.0,0.0,817.0,0.0
210,54,188.0,171.0,0.0,822.0,0.0
210,54,189.0,173.0,0.0,827.0,0.0
210,54,190.0,175.0,0.0,830.0,0.0
210,54,191.0,173.0,0.0,835.0,0.0
210,54,192.0,174.0,0.0,841.0,0.0
210,54,193.0,179.0,0.0,850.0,0.0
210,54,194.0,178.0,0.0,852.0,0.0
210,54,195.0,182.0,0.0,858.0,0.0
210,54,196.0,183.0,0.0,863.0,0.0
210,54,197.0,182.0,0.0,868.0,0.0
210,54,198.0,177.0,0.0,874.0,0.0
210,54,199.0,176.0,0.0,883.0,0.0
210,54,200.0,176.0,0.0,888.0,0.0
210,54,201.0,169.0,0.0,894.0,0.0
210,54,202.0,162.0,0.0,901.0,0.0
210,54,203.0,158.0,0.0,908.0,0.0
210,54,204.0,153.0,0.0,912.0,0.0
210,54,205.0,149.0,0.0,917.0,0.0
210,54,206.0,144.0,0.0,921.0,0.0
210,54,207.0,139.0,0.0,926.0,0.0
210,54,208.0,134.0,0.0,931.0,0.0
210,54,209.0,130.0,0.0,936.0,0.0
210,54,210.0,123.0,0.0,940.0,0.0
210,54,211.0,118.0,0.0,947.0,0.0
210,54,212.0,109.0,0.0,952.0,0.0
210,54,213.0,102.0,0.0,961.0,0.0
210,54,214.0,88.0,0.0,968.0,0.0
210,54,215.0,83.0,0.0,982.0,0.0
210,54,216.0,78.0,0.0,987.0,0.0
210,54,217.0,73.0,0.0,992.0,0.0
210,54,218.0,69.0,0.0,997.0,0.0
210,54,219.0,66.0,0.0,1001.0,0.0
210,54,220.0,63.0,0.0,1004.0,0.0
210,54,221.0,55.0,0.0,1007.0,0.0
210,54,222.0,50.0,0.0,1015.0,0.0
210,54,223.0,49.0,0.0,1020.0,0.0
210,54,224.0,45.0,0.0,1021.0,0.0
210,54,225.0,42.0,0.0,1025.0,0.0
210,54,226.0,36.0,0.0,1028.0,0.0
210,54,227.0,33.0,0.0,1034.0,0.0
210,54,228.0,33.0,0.0,1037.0,0.0
210,54,229.0,31.0,0.0,1037.0,0.0
210,54,230.0,31.0,0.0,1039.0,0.0
210,54,231.0,27.0,0.0,1039.0,0.0
210,54,232.0,26.0,0.0,1043.0,0.0
210,54,233.0,25.0,0.0,1044.0,0.0
210,54,234.0,24.0,0.0,1045.0,0.0
210,54,235.0,20.0,0.0,1046.0,0.0
210,54,236.0,18.0,0.0,1050.0,0.0
210,54,237.0,17.0,0.0,1052.0,0.0
210,54,238.0,15.0,0.0,1053.0,0.0
210,54,239.0,14.0,0.0,1055.0,0.0
210,54,240.0,12.0,0.0,1056.0,0.0
210,54,241.0,12.0,0.0,1058.0,0.0
210,54,242.0,11.0,0.0,1058.0,0.0
210,54,243.0,11.0,0.0,1059.0,0.0
210,54,244.0,10.0,0.0,1059.0,0.0
210,54,245.0,9.0,0.0,1060.0,0.0
210,54,246.0,9.0,0.0,1061.0,0.0
210,54,247.0,9.0,0.0,1061.0,0.0
210,54,248.0,6.0,0.0,1061.0,0.0
210,54,249.0,5.0,0.0,1064.0,0.0
210,54,250.0,5.0,0.0,1065.0,0.0
210,54,251.0,5.0,0.0,1065.0,0.0
210,54,252.0,5.0,0.0,1065.0,0.0
210,54,253.0,4.0,0.0,1065.0,0.0
210,54,254.0,4.0,0.0,1066.0,0.0
210,54,255.0,3.0,0.0,1066.0,0.0
210,54,256.0,2.0,0.0,1067.0,0.0
210,54,257.0,2.0,0.0,1068.0,0.0
210,54,258.0,2.0,0.0,1068.0,0.0
210,54,259.0,2.0,0.0,1068.0,0.0
210,54,260.0,2.0,0.0,1068.0,0.0
210,54,261.0,2.0,0.0,1068.0,0.0
210,54,262.0,2.0,0.0,1068.0,0.0
210,54,263.0,2.0,0.0,1068.0,0.0
210,54,264.0,2.0,0.0,1068.0,0.0
210,54,265.0,2.0,0.0,1068.0,0.0
210,54,266.0,1.0,0.0,1068.0,0.0
210,54,267.0,0.0,0.0,1069.0,0.0
210,54,268.0,0.0,0.0,1070.0,0.0
210,55,0.0,5.0,0.0,0.0,0.0
210,55,1.0,12.0,0.0,0.0,0.0
210,55,2.0,17.0,0.0,0.0,0.0
210,55,3.0,19.0,0.0,0.0,0.0
210,55,4.0,24.0,0.0,0.0,0.0
210,55,5.0,28.0,0.0,0.0,0.0
210,55,6.0,35.0,0.0,0.0,0.0
210,55,7.0,41.0,0.0,0.0,0.0
210,55,8.0,45.0,0.0,0.0,0.0
210,55,9.0,51.0,0.0,0.0,0.0
210,55,10.0,57.0,0.0,0.0,0.0
210,55,11.0,62.0,0.0,0.0,0.0
210,55,12.0,69.0,0.0,0.0,0.0
210,55,13.0,72.0,0.0,0.0,0.0
210,55,14.0,78.0,0.0,0.0,0.0
210,55,15.0,79.0,0.0,0.0,0.0
210,55,16.0,83.0,0.0,0.0,0.0
210,55,17.0,88.0,0.0,2.0,0.0
210,55,18.0,92.0,0.0,2.0,0.0
210,55,19.0,97.0,0.0,3.0,0.0
210,55,20.0,103.0,0.0,4.0,0.0
210,55,21.0,109.0,0.0,4.0,0.0
210,55,22.0,113.0,0.0,6.0,0.0
210,55,23.0,116.0,0.0,7.0,0.0
210,55,24.0,117.0,0.0,7.0,0.0
210,55,25.0,121.0,0.0,9.0,0.0
210,55,26.0,127.0,0.0,11.0,0.0
210,55,27.0,130.0,0.0,12.0,0.0
210,55,28.0,135.0,0.0,14.0,0.0
210,55,29.0,140.0,0.0,17.0,0.0
210,55,30.0,142.0,0.0,19.0,0.0
210,55,31.0,145.0,0.0,24.0,0.0
210,55,32.0,144.0,0.0,26.0,0.0
210,55,33.0,147.0,0.0,31.0,0.0
210,55,34.0,145.0,0.0,35.0,0.0
210,55,35.0,150.0,0.0,38.0,0.0
210,55,36.0,152.0,0.0,41.0,0.0
210,55,37.0,154.0,0.0,45.0,0.0
210,55,38.0,153.0,0.0,47.0,0.0
210,55,39.0,152.0,0.0,55.0,0.0
210,55,40.0,153.0,0.0,59.0,0.0
210,55,41.0,158.0,0.0,64.0,0.0
210,55,42.0,157.0,0.0,70.0,0.0
210,55,43.0,153.0,0.0,75.0,0.0
210,55,44.0,152.0,0.0,83.0,0.0
210,55,45.0,151.0,0.0,86.0,0.0
210,55,46.0,154.0,0.0,90.0,0.0
210,55,47.0,148.0,0.0,96.0,0.0
210,55,48.0,149.0,0.0,108.0,0.0
210,55,49.0,149.0,0.0,111.0,0.0
210,55,50.0,147.0,0.0,117.0,0.0
210,55,51.0,149.0,0.0,121.0,0.0
210,55,52.0,151.0,0.0,124.0,0.0
210,55,53.0,156.0,0.0,127.0,0.0
210,55,54.0,150.0,0.0,129.0,0.0
210,55,55.0,147.0,0.0,139.0,0.0
210,55,56.0,149.0,0.0,146.0,0.0
210,55,57.0,149.0,0.0,153.0,0.0
210,55,58.0,153.0,0.0,156.0,0.0
210,55,59.0,154.0,0.0,158.0,0.0
210,55,60.0,151.0,0.0,162.0,0.0
210,55,61.0,146.0,0.0,169.0,0.0
210,55,62.0,145.0,0.0,175.0,0.0
210,55,63.0,141.0,0.0,183.0,0.0
210,55,64.0,146.0,0.0,191.0,0.0
210,55,65.0,150.0,0.0,192.0,0.0
210,55,66.0,152.0,0.0,195.0,0.0
210,55,67.0,155.0,0.0,199.0,0.0
210,55,68.0,155.0,0.0,203.0,0.0
210,55,69.0,152.0,0.0,207.0,0.0
210,55,70.0,151.0,0.0,214.0,0.0
210,55,71.0,152.0,0.0,222.0,0.0
210,55,72.0,146.0,0.0,223.0,0.0
210,55,73.0,142.0,0.0,232.0,0.0
210,55,74.0,143.0,0.0,240.0,0.0
210,55,75.0,145.0,0.0,244.0,0.0
210,55,76.0,146.0,0.0,247.0,0.0
210,55,77.0,146.0,0.0,251.0,0.0
210,55,78.0,145.0,0.0,257.0,0.0
210,55,79.0,150.0,0.0,262.0,0.0
210,55,80.0,156.0,0.0,265.0,0.0
210,55,81.0,159.0,0.0,268.0,0.0
210,55,82.0,159.0,0.0,274.0,0.0
210,55,83.0,162.0,0.0,280.0,0.0
210,55,84.0,160.0,0.0,281.0,0.0
210,55,85.0,162.0,0.0,288.0,0.0
210,55,86.0,161.0,0.0,292.0,0.0
210,55,87.0,158.0,0.0,298.0,0.0
210,55,88.0,157.0,0.0,305.0,0.0
210,55,89.0,158.0,0.0,313.0,0.0
210,55,90.0,158.0,0.0,316.0,0.0
210,55,91.0,161.0,0.0,323.0,0.0
210,55,92.0,160.0,0.0,326.0,0.0
210,55,93.0,159.0,0.0,331.0,0.0
210,55,94.0,160.0,0.0,336.0,0.0
210,55,95.0,165.0,0.0,339.0,0.0
210,55,96.0,166.0,0.0,341.0,0.0
210,55,97.0,169.0,0.0,346.0,0.0
210,55,98.0,170.0,0.0,349.0,0.0
210,55,99.0,171.0,0.0,354.0,0.0
210,55,100.0,171.0,0.0,357.0,0.0
210,55,101.0,173.0,0.0,366.0,0.0
210,55,102.0,174.0,0.0,371.0,0.0
210,55,103.0,172.0,0.0,375.0,0.0
210,55,104.0,169.0,0.0,380.0,0.0
210,55,105.0,171.0,0.0,389.0,0.0
210,55,106.0,167.0,0.0,396.0,0.0
210,55,107.0,167.0,0.0,405.0,0.0
210,55,108.0,175.0,0.0,409.0,0.0
210,55,109.0,175.0,0.0,411.0,0.0
210,55,110.0,174.0,0.0,417.0,0.0
210,55,111.0,178.0,0.0,422.0,0.0
210,55,112.0,179.0,0.0,426.0,0.0
210,55,113.0,180.0,0.0,430.0,0.0
210,55,114.0,181.0,0.0,434.0,0.0
210,55,115.0,181.0,0.0,438.0,0.0
210,55,116.0,181.0,0.0,444.0,0.0
210,55,117.0,180.0,0.0,450.0,0.0
210,55,118.0,181.0,0.0,456.0,0.0
210,55,119.0,181.0,0.0,461.0,0.0
210,55,120.0,177.0,0.0,468.0,0.0
210,55,121.0,170.0,0.0,475.0,0.0
210,55,122.0,172.0,0.0,484.0,0.0
210,55,123.0,176.0,0.0,488.0,0.0
210,55,124.0,179.0,0.0,491.0,0.0
210,55,125.0,176.0,0.0,496.0,0.0
210,55,126.0,176.0,0.0,502.0,0.0
210,55,127.0,171.0,0.0,507.0,0.0
210,55,128.0,175.0,0.0,514.0,0.0
210,55,129.0,175.0,0.0,516.0,0.0
210,55,130.0,174.0,0.0,521.0,0.0
210,55,131.0,172.0,0.0,530.0,0.0
210,55,132.0,174.0,0.0,535.0,0.0
210,55,133.0,176.0,0.0,537.0,0.0
210,55,134.0,177.0,0.0,544.0,0.0
210,55,135.0,178.0,0.0,549.0,0.0
210,55,136.0,171.0,0.0,553.0,0.0
210,55,137.0,172.0,0.0,563.0,0.0
210,55,138.0,169.0,0.0,566.0,0.0
210,55,139.0,171.0,0.0,574.0,0.0
210,55,140.0,170.0,0.0,577.0,0.0
210,55,141.0,171.0,0.0,582.0,0.0
210,55,142.0,173.0,0.0,587.0,0.0
210,55,143.0,174.0,0.0,592.0,0.0
210,55,144.0,172.0,0.0,596.0,0.0
210,55,145.0,167.0,0.0,601.0,0.0
210,55,146.0,168.0,0.0,608.0,0.0
210,55,147.0,166.0,0.0,613.0,0.0
210,55,148.0,167.0,0.0,622.0,0.0
210,55,149.0,164.0,0.0,626.0,0.0
210,55,150.0,158.0,0.0,635.0,0.0
210,55,151.0,160.0,0.0,645.0,0.0
210,55,152.0,162.0,0.0,648.0,0.0
210,55,153.0,166.0,0.0,652.0,0.0
210,55,154.0,167.0,0.0,656.0,0.0
210,55,155.0,168.0,0.0,660.0,0.0
210,55,156.0,166.0,0.0,665.0,0.0
210,55,157.0,164.0,0.0,670.0,0.0
210,55,158.0,163.0,0.0,680.0,0.0
210,55,159.0,163.0,0.0,685.0,0.0
210,55,160.0,158.0,0.0,692.0,0.0
210,55,161.0,165.0,0.0,701.0,0.0
210,55,162.0,168.0,0.0,703.0,0.0
210,55,163.0,169.0,0.0,706.0,0.0
210,55,164.0,164.0,0.0,711.0,0.0
210,55,165.0,162.0,0.0,721.0,0.0
210,55,166.0,163.0,0.0,726.0,0.0
210,55,167.0,167.0,0.0,730.0,0.0
210,55,168.0,166.0,0.0,733.0,0.0
210,55,169.0,165.0,0.0,738.0,0.0
210,55,170.0,168.0,0.0,743.0,0.0
210,55,171.0,169.0,0.0,745.0,0.0
210,55,172.0,169.0,0.0,749.0,0.0
210,55,173.0,169.0,0.0,754.0,0.0
210,55,174.0,168.0,0.0,760.0,0.0
210,55,175.0,173.0,0.0,767.0,0.0
210,55,176.0,168.0,0.0,770.0,0.0
210,55,177.0,165.0,0.0,778.0,0.0
210,55,178.0,172.0,0.0,786.0,0.0
210,55,179.0,170.0,0.0,789.0,0.0
210,55,180.0,173.0,0.0,792.0,0.0
210,55,181.0,171.0,0.0,796.0,0.0
210,55,182.0,171.0,0.0,802.0,0.0
210,55,183.0,165.0,0.0,807.0,0.0
210,55,184.0,163.0,0.0,817.0,0.0
210,55,185.0,164.0,0.0,823.0,0.0
210,55,186.0,165.0,0.0,827.0,0.0
210,55,187.0,166.0,0.0,832.0,0.0
210,55,188.0,165.0,0.0,836.0,0.0
210,55,189.0,169.0,0.0,842.0,0.0
210,55,190.0,168.0,0.0,844.0,0.0
210,55,191.0,166.0,0.0,853.0,0.0
210,55,192.0,168.0,0.0,857.0,0.0
210,55,193.0,161.0,0.0,859.0,0.0
210,55,194.0,162.0,0.0,869.0,0.0
210,55,195.0,162.0,0.0,876.0,0.0
210,55,196.0,162.0,0.0,882.0,0.0
210,55,197.0,166.0,0.0,886.0,0.0
210,55,198.0,166.0,0.0,891.0,0.0
210,55,199.0,164.0,0.0,898.0,0.0
210,55,200.0,162.0,0.0,907.0,0.0
210,55,201.0,154.0,0.0,913.0,0.0
210,55,202.0,152.0,0.0,921.0,0.0
210,55,203.0,145.0,0.0,923.0,0.0
210,55,204.0,140.0,0.0,930.0,0.0
210,55,205.0,136.0,0.0,935.0,0.0
210,55,206.0,134.0,0.0,939.0,0.0
210,55,207.0,127.0,0.0,941.0,0.0
210,55,208.0,126.0,0.0,948.0,0.0
210,55,209.0,121.0,0.0,949.0,0.0
210,55,210.0,115.0,0.0,954.0,0.0
210,55,211.0,108.0,0.0,960.0,0.0
210,55,212.0,100.0,0.0,967.0,0.0
210,55,213.0,96.0,0.0,975.0,0.0
210,55,214.0,91.0,0.0,979.0,0.0
210,55,215.0,85.0,0.0,984.0,0.0
210,55,216.0,79.0,0.0,990.0,0.0
210,55,217.0,76.0,0.0,996.0,0.0
210,55,218.0,70.0,0.0,999.0,0.0
210,55,219.0,63.0,0.0,1005.0,0.0
210,55,220.0,57.0,0.0,1012.0,0.0
210,55,221.0,54.0,0.0,1018.0,0.0
210,55,222.0,50.0,0.0,1021.0,0.0
210,55,223.0,48.0,0.0,1025.0,0.0
210,55,224.0,42.0,0.0,1027.0,0.0
210,55,225.0,38.0,0.0,1033.0,0.0
210,55,226.0,34.0,0.0,1037.0,0.0
210,55,227.0,29.0,0.0,1041.0,0.0
210,55,228.0,27.0,0.0,1046.0,0.0
210,55,229.0,24.0,0.0,1048.0,0.0
210,55,230.0,23.0,0.0,1051.0,0.0
210,55,231.0,23.0,0.0,1052.0,0.0
210,55,232.0,21.0,0.0,1052.0,0.0
210,55,233.0,21.0,0.0,1054.0,0.0
210,55,234.0,20.0,0.0,1054.0,0.0
210,55,235.0,19.0,0.0,1055.0,0.0
210,55,236.0,19.0,0.0,1056.0,0.0
210,55,237.0,19.0,0.0,1056.0,0.0
210,55,238.0,19.0,0.0,1056.0,0.0
210,55,239.0,17.0,0.0,1056.0,0.0
210,55,240.0,15.0,0.0,1058.0,0.0
210,55,241.0,14.0,0.0,1060.0,0.0
210,55,242.0,13.0,0.0,1061.0,0.0
210,55,243.0,12.0,0.0,1062.0,0.0
210,55,244.0,11.0,0.0,1063.0,0.0
210,55,245.0,8.0,0.0,1064.0,0.0
210,55,246.0,6.0,0.0,1067.0,0.0
210,55,247.0,6.0,0.0,1069.0,0.0
210,55,248.0,3.0,0.0,1069.0,0.0
210,55,249.0,3.0,0.0,1072.0,0.0
210,55,250.0,3.0,0.0,1072.0,0.0
210,55,251.0,3.0,0.0,1072.0,0.0
210,55,252.0,3.0,0.0,1072.0,0.0
210,55,253.0,3.0,0.0,1072.0,0.0
210,55,254.0,3.0,0.0,1072.0,0.0
210,55,255.0,3.0,0.0,1072.0,0.0
210,55,256.0,3.0,0.0,1072.0,0.0
210,55,257.0,3.0,0.0,1072.0,0.0
210,55,258.0,3.0,0.0,1072.0,0.0
210,55,259.0,2.0,0.0,1072.0,0.0
210,55,260.0,2.0,0.0,1073.0,0.0
210,55,261.0,2.0,0.0,1073.0,0.0
210,55,262.0,1.0,0.0,1073.0,0.0
210,55,263.0,1.0,0.0,1074.0,0.0
210,55,264.0,1.0,0.0,1074.0,0.0
210,55,265.0,1.0,0.0,1074.0,0.0
210,55,266.0,1.0,0.0,1074.0,0.0
210,55,267.0,1.0,0.0,1074.0,0.0
210,55,268.0,0.0,0.0,1074.0,0.0
210,55,269.0,0.0,0.0,1075.0,0.0
210,56,0.0,7.0,0.0,0.0,0.0
210,56,1.0,16.0,0.0,0.0,0.0
210,56,2.0,20.0,0.0,0.0,0.0
210,56,3.0,29.0,0.0,0.0,0.0
210,56,4.0,33.0,0.0,0.0,0.0
210,56,5.0,35.0,0.0,0.0,0.0
210,56,6.0,39.0,0.0,0.0,0.0
210,56,7.0,46.0,0.0,0.0,0.0
210,56,8.0,52.0,0.0,0.0,0.0
210,56,9.0,63.0,0.0,0.0,0.0
210,56,10.0,69.0,0.0,0.0,0.0
210,56,11.0,73.0,0.0,0.0,0.0
210,56,12.0,84.0,0.0,0.0,0.0
210,56,13.0,87.0,0.0,0.0,0.0
210,56,14.0,95.0,0.0,1.0,0.0
210,56,15.0,99.0,0.0,2.0,0.0
210,56,16.0,105.0,0.0,3.0,0.0
210,56,17.0,112.0,0.0,3.0,0.0
210,56,18.0,119.0,0.0,3.0,0.0
210,56,19.0,124.0,0.0,3.0,0.0
210,56,20.0,130.0,0.0,4.0,0.0
210,56,21.0,135.0,0.0,5.0,0.0
210,56,22.0,137.0,0.0,7.0,0.0
210,56,23.0,143.0,0.0,8.0,0.0
210,56,24.0,146.0,0.0,8.0,0.0
210,56,25.0,146.0,0.0,11.0,0.0
210,56,26.0,147.0,0.0,14.0,0.0
210,56,27.0,147.0,0.0,17.0,0.0
210,56,28.0,151.0,0.0,19.0,0.0
210,56,29.0,151.0,0.0,21.0,0.0
210,56,30.0,149.0,0.0,24.0,0.0
210,56,31.0,155.0,0.0,28.0,0.0
210,56,32.0,155.0,0.0,31.0,0.0
210,56,33.0,150.0,0.0,36.0,0.0
210,56,34.0,155.0,0.0,42.0,0.0
210,56,35.0,153.0,0.0,47.0,0.0
210,56,36.0,147.0,0.0,57.0,0.0
210,56,37.0,147.0,0.0,66.0,0.0
210,56,38.0,150.0,0.0,70.0,0.0
210,56,39.0,153.0,0.0,74.0,0.0
210,56,40.0,156.0,0.0,75.0,0.0
210,56,41.0,156.0,0.0,81.0,0.0
210,56,42.0,156.0,0.0,87.0,0.0
210,56,43.0,157.0,0.0,90.0,0.0
210,56,44.0,157.0,0.0,96.0,0.0
210,56,45.0,162.0,0.0,103.0,0.0
210,56,46.0,160.0,0.0,106.0,0.0
210,56,47.0,161.0,0.0,115.0,0.0
210,56,48.0,168.0,0.0,120.0,0.0
210,56,49.0,170.0,0.0,122.0,0.0
210,56,50.0,169.0,0.0,124.0,0.0
210,56,51.0,172.0,0.0,132.0,0.0
210,56,52.0,172.0,0.0,134.0,0.0
210,56,53.0,175.0,0.0,138.0,0.0
210,56,54.0,180.0,0.0,140.0,0.0
210,56,55.0,182.0,0.0,142.0,0.0
210,56,56.0,179.0,0.0,147.0,0.0
210,56,57.0,178.0,0.0,155.0,0.0
210,56,58.0,183.0,0.0,162.0,0.0
210,56,59.0,182.0,0.0,164.0,0.0
210,56,60.0,183.0,0.0,170.0,0.0
210,56,61.0,182.0,0.0,173.0,0.0
210,56,62.0,182.0,0.0,177.0,0.0
210,56,63.0,186.0,0.0,181.0,0.0
210,56,64.0,183.0,0.0,186.0,0.0
210,56,65.0,184.0,0.0,193.0,0.0
210,56,66.0,182.0,0.0,199.0,0.0
210,56,67.0,182.0,0.0,207.0,0.0
210,56,68.0,177.0,0.0,210.0,0.0
210,56,69.0,173.0,0.0,218.0,0.0
210,56,70.0,175.0,0.0,228.0,0.0
210,56,71.0,174.0,0.0,233.0,0.0
210,56,72.0,169.0,0.0,239.0,0.0
210,56,73.0,168.0,0.0,251.0,0.0
210,56,74.0,163.0,0.0,254.0,0.0
210,56,75.0,165.0,0.0,262.0,0.0
210,56,76.0,165.0,0.0,264.0,0.0
210,56,77.0,164.0,0.0,269.0,0.0
210,56,78.0,167.0,0.0,276.0,0.0
210,56,79.0,167.0,0.0,280.0,0.0
210,56,80.0,165.0,0.0,287.0,0.0
210,56,81.0,166.0,0.0,294.0,0.0
210,56,82.0,163.0,0.0,296.0,0.0
210,56,83.0,162.0,0.0,303.0,0.0
210,56,84.0,163.0,0.0,309.0,0.0
210,56,85.0,167.0,0.0,315.0,0.0
210,56,86.0,164.0,0.0,322.0,0.0
210,56,87.0,164.0,0.0,328.0,0.0
210,56,88.0,161.0,0.0,335.0,0.0
210,56,89.0,160.0,0.0,342.0,0.0
210,56,90.0,162.0,0.0,349.0,0.0
210,56,91.0,160.0,0.0,354.0,0.0
210,56,92.0,160.0,0.0,358.0,0.0
210,56,93.0,161.0,0.0,361.0,0.0
210,56,94.0,162.0,0.0,367.0,0.0
210,56,95.0,162.0,0.0,375.0,0.0
210,56,96.0,163.0,0.0,380.0,0.0
210,56,97.0,169.0,0.0,383.0,0.0
210,56,98.0,173.0,0.0,384.0,0.0
210,56,99.0,171.0,0.0,386.0,0.0
210,56,100.0,170.0,0.0,394.0,0.0
210,56,101.0,170.0,0.0,398.0,0.0
210,56,102.0,172.0,0.0,407.0,0.0
210,56,103.0,174.0,0.0,410.0,0.0
210,56,104.0,179.0,0.0,413.0,0.0
210,56,105.0,176.0,0.0,417.0,0.0
210,56,106.0,173.0,0.0,425.0,0.0
210,56,107.0,173.0,0.0,432.0,0.0
210,56,108.0,168.0,0.0,438.0,0.0
210,56,109.0,167.0,0.0,447.0,0.0
210,56,110.0,165.0,0.0,454.0,0.0
210,56,111.0,166.0,0.0,460.0,0.0
210,56,112.0,167.0,0.0,465.0,0.0
210,56,113.0,169.0,0.0,470.0,0.0
210,56,114.0,165.0,0.0,473.0,0.0
210,56,115.0,162.0,0.0,481.0,0.0
210,56,116.0,164.0,0.0,488.0,0.0
210,56,117.0,170.0,0.0,493.0,0.0
210,56,118.0,172.0,0.0,497.0,0.0
210,56,119.0,172.0,0.0,499.0,0.0
210,56,120.0,171.0,0.0,503.0,0.0
210,56,121.0,172.0,0.0,508.0,0.0
210,56,122.0,174.0,0.0,514.0,0.0
210,56,123.0,172.0,0.0,519.0,0.0
210,56,124.0,171.0,0.0,524.0,0.0
210,56,125.0,173.0,0.0,531.0,0.0
210,56,126.0,170.0,0.0,536.0,0.0
210,56,127.0,167.0,0.0,543.0,0.0
210,56,128.0,166.0,0.0,550.0,0.0
210,56,129.0,168.0,0.0,556.0,0.0
210,56,130.0,170.0,0.0,558.0,0.0
210,56,131.0,168.0,0.0,561.0,0.0
210,56,132.0,168.0,0.0,571.0,0.0
210,56,133.0,174.0,0.0,578.0,0.0
210,56,134.0,175.0,0.0,579.0,0.0
210,56,135.0,176.0,0.0,583.0,0.0
210,56,136.0,175.0,0.0,590.0,0.0
210,56,137.0,174.0,0.0,594.0,0.0
210,56,138.0,179.0,0.0,598.0,0.0
210,56,139.0,183.0,0.0,601.0,0.0
210,56,140.0,184.0,0.0,603.0,0.0
210,56,141.0,185.0,0.0,608.0,0.0
210,56,142.0,179.0,0.0,616.0,0.0
210,56,143.0,183.0,0.0,625.0,0.0
210,56,144.0,180.0,0.0,628.0,0.0
210,56,145.0,179.0,0.0,636.0,0.0
210,56,146.0,177.0,0.0,642.0,0.0
210,56,147.0,177.0,0.0,650.0,0.0
210,56,148.0,178.0,0.0,654.0,0.0
210,56,149.0,175.0,0.0,659.0,0.0
210,56,150.0,173.0,0.0,667.0,0.0
210,56,151.0,173.0,0.0,673.0,0.0
210,56,152.0,172.0,0.0,679.0,0.0
210,56,153.0,171.0,0.0,683.0,0.0
210,56,154.0,171.0,0.0,691.0,0.0
210,56,155.0,172.0,0.0,696.0,0.0
210,56,156.0,170.0,0.0,701.0,0.0
210,56,157.0,172.0,0.0,710.0,0.0
210,56,158.0,174.0,0.0,713.0,0.0
210,56,159.0,173.0,0.0,716.0,0.0
210,56,160.0,175.0,0.0,723.0,0.0
210,56,161.0,174.0,0.0,726.0,0.0
210,56,162.0,174.0,0.0,732.0,0.0
210,56,163.0,168.0,0.0,737.0,0.0
210,56,164.0,172.0,0.0,748.0,0.0
210,56,165.0,167.0,0.0,751.0,0.0
210,56,166.0,164.0,0.0,760.0,0.0
210,56,167.0,158.0,0.0,767.0,0.0
210,56,168.0,156.0,0.0,777.0,0.0
210,56,169.0,154.0,0.0,781.0,0.0
210,56,170.0,154.0,0.0,785.0,0.0
210,56,171.0,150.0,0.0,789.0,0.0
210,56,172.0,156.0,0.0,800.0,0.0
210,56,173.0,155.0,0.0,804.0,0.0
210,56,174.0,152.0,0.0,810.0,0.0
210,56,175.0,160.0,0.0,816.0,0.0
210,56,176.0,157.0,0.0,818.0,0.0
210,56,177.0,158.0,0.0,825.0,0.0
210,56,178.0,159.0,0.0,827.0,0.0
210,56,179.0,162.0,0.0,831.0,0.0
210,56,180.0,166.0,0.0,834.0,0.0
210,56,181.0,165.0,0.0,838.0,0.0
210,56,182.0,161.0,0.0,844.0,0.0
210,56,183.0,164.0,0.0,853.0,0.0
210,56,184.0,161.0,0.0,855.0,0.0
210,56,185.0,163.0,0.0,862.0,0.0
210,56,186.0,164.0,0.0,864.0,0.0
210,56,187.0,165.0,0.0,868.0,0.0
210,56,188.0,165.0,0.0,873.0,0.0
210,56,189.0,164.0,0.0,878.0,0.0
210,56,190.0,167.0,0.0,885.0,0.0
210,56,191.0,167.0,0.0,889.0,0.0
210,56,192.0,169.0,0.0,893.0,0.0
210,56,193.0,168.0,0.0,897.0,0.0
210,56,194.0,170.0,0.0,901.0,0.0
210,56,195.0,175.0,0.0,904.0,0.0
210,56,196.0,174.0,0.0,906.0,0.0
210,56,197.0,174.0,0.0,910.0,0.0
210,56,198.0,173.0,0.0,914.0,0.0
210,56,199.0,174.0,0.0,921.0,0.0
210,56,200.0,175.0,0.0,927.0,0.0
210,56,201.0,167.0,0.0,931.0,0.0
210,56,202.0,164.0,0.0,939.0,0.0
210,56,203.0,155.0,0.0,942.0,0.0
210,56,204.0,147.0,0.0,951.0,0.0
210,56,205.0,138.0,0.0,959.0,0.0
210,56,206.0,130.0,0.0,968.0,0.0
210,56,207.0,125.0,0.0,976.0,0.0
210,56,208.0,121.0,0.0,981.0,0.0
210,56,209.0,116.0,0.0,985.0,0.0
210,56,210.0,112.0,0.0,990.0,0.0
210,56,211.0,108.0,0.0,994.0,0.0
210,56,212.0,103.0,0.0,998.0,0.0
210,56,213.0,98.0,0.0,1003.0,0.0
210,56,214.0,92.0,0.0,1008.0,0.0
210,56,215.0,90.0,0.0,1014.0,0.0
210,56,216.0,87.0,0.0,1016.0,0.0
210,56,217.0,84.0,0.0,1019.0,0.0
210,56,218.0,80.0,0.0,1022.0,0.0
210,56,219.0,77.0,0.0,1026.0,0.0
210,56,220.0,73.0,0.0,1029.0,0.0
210,56,221.0,69.0,0.0,1033.0,0.0
210,56,222.0,62.0,0.0,1037.0,0.0
210,56,223.0,58.0,0.0,1044.0,0.0
210,56,224.0,54.0,0.0,1048.0,0.0
210,56,225.0,51.0,0.0,1052.0,0.0
210,56,226.0,49.0,0.0,1055.0,0.0
210,56,227.0,47.0,0.0,1057.0,0.0
210,56,228.0,46.0,0.0,1059.0,0.0
210,56,229.0,44.0,0.0,1060.0,0.0
210,56,230.0,39.0,0.0,1062.0,0.0
210,56,231.0,35.0,0.0,1067.0,0.0
210,56,232.0,33.0,0.0,1071.0,0.0
210,56,233.0,30.0,0.0,1073.0,0.0
210,56,234.0,30.0,0.0,1076.0,0.0
210,56,235.0,28.0,0.0,1076.0,0.0
210,56,236.0,27.0,0.0,1078.0,0.0
210,56,237.0,25.0,0.0,1079.0,0.0
210,56,238.0,24.0,0.0,1081.0,0.0
210,56,239.0,23.0,0.0,1082.0,0.0
210,56,240.0,19.0,0.0,1083.0,0.0
210,56,241.0,18.0,0.0,1087.0,0.0
210,56,242.0,13.0,0.0,1088.0,0.0
210,56,243.0,12.0,0.0,1093.0,0.0
210,56,244.0,11.0,0.0,1094.0,0.0
210,56,245.0,11.0,0.0,1095.0,0.0
210,56,246.0,11.0,0.0,1095.0,0.0
210,56,247.0,10.0,0.0,1095.0,0.0
210,56,248.0,10.0,0.0,1096.0,0.0
210,56,249.0,9.0,0.0,1096.0,0.0
210,56,250.0,9.0,0.0,1097.0,0.0
210,56,251.0,7.0,0.0,1097.0,0.0
210,56,252.0,6.0,0.0,1099.0,0.0
210,56,253.0,6.0,0.0,1100.0,0.0
210,56,254.0,6.0,0.0,1100.0,0.0
210,56,255.0,6.0,0.0,1100.0,0.0
210,56,256.0,5.0,0.0,1100.0,0.0
210,56,257.0,4.0,0.0,1101.0,0.0
210,56,258.0,3.0,0.0,1102.0,0.0
210,56,259.0,2.0,0.0,1103.0,0.0
210,56,260.0,2.0,0.0,1104.0,0.0
210,56,261.0,1.0,0.0,1104.0,0.0
210,56,262.0,1.0,0.0,1105.0,0.0
210,56,263.0,1.0,0.0,1105.0,0.0
210,56,264.0,1.0,0.0,1105.0,0.0
210,56,265.0,1.0,0.0,1105.0,0.0
210,56,266.0,1.0,0.0,1105.0,0.0
210,56,267.0,0.0,0.0,1105.0,0.0
210,56,268.0,0.0,0.0,1106.0,0.0
210,57,0.0,5.0,0.0,0.0,0.0
210,57,1.0,10.0,0.0,0.0,0.0
210,57,2.0,15.0,0.0,0.0,0.0
210,57,3.0,19.0,0.0,0.0,0.0
210,57,4.0,23.0,0.0,0.0,0.0
210,57,5.0,28.0,0.0,0.0,0.0
210,57,6.0,31.0,0.0,0.0,0.0
210,57,7.0,37.0,0.0,0.0,0.0
210,57,8.0,42.0,0.0,0.0,0.0
210,57,9.0,48.0,0.0,0.0,0.0
210,57,10.0,54.0,0.0,0.0,0.0
210,57,11.0,61.0,0.0,0.0,0.0
210,57,12.0,66.0,0.0,0.0,0.0
210,57,13.0,72.0,0.0,0.0,0.0
210,57,14.0,80.0,0.0,0.0,0.0
210,57,15.0,85.0,0.0,0.0,0.0
210,57,16.0,89.0,0.0,0.0,0.0
210,57,17.0,94.0,0.0,0.0,0.0
210,57,18.0,97.0,0.0,1.0,0.0
210,57,19.0,101.0,0.0,1.0,0.0
210,57,20.0,105.0,0.0,1.0,0.0
210,57,21.0,106.0,0.0,2.0,0.0
210,57,22.0,111.0,0.0,4.0,0.0
210,57,23.0,118.0,0.0,4.0,0.0
210,57,24.0,118.0,0.0,4.0,0.0
210,57,25.0,123.0,0.0,10.0,0.0
210,57,26.0,127.0,0.0,11.0,0.0
210,57,27.0,131.0,0.0,12.0,0.0
210,57,28.0,134.0,0.0,13.0,0.0
210,57,29.0,137.0,0.0,15.0,0.0
210,57,30.0,144.0,0.0,17.0,0.0
210,57,31.0,149.0,0.0,19.0,0.0
210,57,32.0,146.0,0.0,21.0,0.0
210,57,33.0,145.0,0.0,27.0,0.0
210,57,34.0,147.0,0.0,33.0,0.0
210,57,35.0,157.0,0.0,36.0,0.0
210,57,36.0,156.0,0.0,38.0,0.0
210,57,37.0,152.0,0.0,41.0,0.0
210,57,38.0,156.0,0.0,47.0,0.0
210,57,39.0,154.0,0.0,49.0,0.0
210,57,40.0,154.0,0.0,53.0,0.0
210,57,41.0,154.0,0.0,60.0,0.0
210,57,42.0,157.0,0.0,65.0,0.0
210,57,43.0,155.0,0.0,67.0,0.0
210,57,44.0,149.0,0.0,71.0,0.0
210,57,45.0,151.0,0.0,80.0,0.0
210,57,46.0,155.0,0.0,85.0,0.0
210,57,47.0,157.0,0.0,90.0,0.0
210,57,48.0,153.0,0.0,93.0,0.0
210,57,49.0,155.0,0.0,103.0,0.0
210,57,50.0,151.0,0.0,106.0,0.0
210,57,51.0,154.0,0.0,113.0,0.0
210,57,52.0,156.0,0.0,120.0,0.0
210,57,53.0,158.0,0.0,124.0,0.0
210,57,54.0,151.0,0.0,129.0,0.0
210,57,55.0,151.0,0.0,137.0,0.0
210,57,56.0,149.0,0.0,141.0,0.0
210,57,57.0,144.0,0.0,148.0,0.0
210,57,58.0,142.0,0.0,159.0,0.0
210,57,59.0,147.0,0.0,165.0,0.0
210,57,60.0,146.0,0.0,167.0,0.0
210,57,61.0,146.0,0.0,172.0,0.0
210,57,62.0,150.0,0.0,178.0,0.0
210,57,63.0,152.0,0.0,179.0,0.0
210,57,64.0,153.0,0.0,183.0,0.0
210,57,65.0,154.0,0.0,190.0,0.0
210,57,66.0,154.0,0.0,195.0,0.0
210,57,67.0,155.0,0.0,199.0,0.0
210,57,68.0,154.0,0.0,204.0,0.0
210,57,69.0,154.0,0.0,211.0,0.0
210,57,70.0,158.0,0.0,214.0,0.0
210,57,71.0,155.0,0.0,217.0,0.0
210,57,72.0,157.0,0.0,225.0,0.0
210,57,73.0,156.0,0.0,227.0,0.0
210,57,74.0,158.0,0.0,230.0,0.0
210,57,75.0,162.0,0.0,235.0,0.0
210,57,76.0,160.0,0.0,239.0,0.0
210,57,77.0,161.0,0.0,247.0,0.0
210,57,78.0,159.0,0.0,252.0,0.0
210,57,79.0,157.0,0.0,257.0,0.0
210,57,80.0,151.0,0.0,263.0,0.0
210,57,81.0,153.0,0.0,273.0,0.0
210,57,82.0,151.0,0.0,277.0,0.0
210,57,83.0,153.0,0.0,284.0,0.0
210,57,84.0,149.0,0.0,285.0,0.0
210,57,85.0,146.0,0.0,291.0,0.0
210,57,86.0,144.0,0.0,298.0,0.0
210,57,87.0,144.0,0.0,302.0,0.0
210,57,88.0,147.0,0.0,306.0,0.0
210,57,89.0,150.0,0.0,309.0,0.0
210,57,90.0,154.0,0.0,312.0,0.0
210,57,91.0,162.0,0.0,319.0,0.0
210,57,92.0,160.0,0.0,320.0,0.0
210,57,93.0,163.0,0.0,327.0,0.0
210,57,94.0,164.0,0.0,331.0,0.0
210,57,95.0,163.0,0.0,336.0,0.0
210,57,96.0,165.0,0.0,342.0,0.0
210,57,97.0,167.0,0.0,347.0,0.0
210,57,98.0,166.0,0.0,350.0,0.0
210,57,99.0,170.0,0.0,355.0,0.0
210,57,100.0,169.0,0.0,358.0,0.0
210,57,101.0,170.0,0.0,363.0,0.0
210,57,102.0,166.0,0.0,368.0,0.0
210,57,103.0,165.0,0.0,375.0,0.0
210,57,104.0,164.0,0.0,381.0,0.0
210,57,105.0,165.0,0.0,388.0,0.0
210,57,106.0,165.0,0.0,392.0,0.0
210,57,107.0,164.0,0.0,397.0,0.0
210,57,108.0,161.0,0.0,403.0,0.0
210,57,109.0,166.0,0.0,412.0,0.0
210,57,110.0,164.0,0.0,414.0,0.0
210,57,111.0,169.0,0.0,421.0,0.0
210,57,112.0,178.0,0.0,423.0,0.0
210,57,113.0,176.0,0.0,425.0,0.0
210,57,114.0,175.0,0.0,431.0,0.0
210,57,115.0,173.0,0.0,438.0,0.0
210,57,116.0,174.0,0.0,446.0,0.0
210,57,117.0,172.0,0.0,452.0,0.0
210,57,118.0,173.0,0.0,456.0,0.0
210,57,119.0,176.0,0.0,460.0,0.0
210,57,120.0,177.0,0.0,465.0,0.0
210,57,121.0,181.0,0.0,469.0,0.0
210,57,122.0,182.0,0.0,473.0,0.0
210,57,123.0,176.0,0.0,479.0,0.0
210,57,124.0,177.0,0.0,492.0,0.0
210,57,125.0,177.0,0.0,497.0,0.0
210,57,126.0,180.0,0.0,500.0,0.0
210,57,127.0,182.0,0.0,504.0,0.0
210,57,128.0,185.0,0.0,510.0,0.0
210,57,129.0,184.0,0.0,512.0,0.0
210,57,130.0,186.0,0.0,517.0,0.0
210,57,131.0,187.0,0.0,522.0,0.0
210,57,132.0,183.0,0.0,528.0,0.0
210,57,133.0,182.0,0.0,536.0,0.0
210,57,134.0,181.0,0.0,541.0,0.0
210,57,135.0,176.0,0.0,547.0,0.0
210,57,136.0,170.0,0.0,554.0,0.0
210,57,137.0,171.0,0.0,563.0,0.0
210,57,138.0,174.0,0.0,571.0,0.0
210,57,139.0,174.0,0.0,578.0,0.0
210,57,140.0,176.0,0.0,583.0,0.0
210,57,141.0,172.0,0.0,586.0,0.0
210,57,142.0,173.0,0.0,594.0,0.0
210,57,143.0,175.0,0.0,599.0,0.0
210,57,144.0,174.0,0.0,602.0,0.0
210,57,145.0,177.0,0.0,610.0,0.0
210,57,146.0,175.0,0.0,615.0,0.0
210,57,147.0,172.0,0.0,621.0,0.0
210,57,148.0,171.0,0.0,628.0,0.0
210,57,149.0,172.0,0.0,634.0,0.0
210,57,150.0,175.0,0.0,638.0,0.0
210,57,151.0,177.0,0.0,643.0,0.0
210,57,152.0,174.0,0.0,648.0,0.0
210,57,153.0,179.0,0.0,655.0,0.0
210,57,154.0,183.0,0.0,660.0,0.0
210,57,155.0,176.0,0.0,663.0,0.0
210,57,156.0,175.0,0.0,674.0,0.0
210,57,157.0,172.0,0.0,680.0,0.0
210,57,158.0,173.0,0.0,685.0,0.0
210,57,159.0,174.0,0.0,687.0,0.0
210,57,160.0,170.0,0.0,692.0,0.0
210,57,161.0,175.0,0.0,699.0,0.0
210,57,162.0,175.0,0.0,702.0,0.0
210,57,163.0,183.0,0.0,708.0,0.0
210,57,164.0,182.0,0.0,711.0,0.0
210,57,165.0,179.0,0.0,716.0,0.0
210,57,166.0,180.0,0.0,724.0,0.0
210,57,167.0,180.0,0.0,730.0,0.0
210,57,168.0,177.0,0.0,735.0,0.0
210,57,169.0,178.0,0.0,742.0,0.0
210,57,170.0,177.0,0.0,746.0,0.0
210,57,171.0,174.0,0.0,753.0,0.0
210,57,172.0,168.0,0.0,761.0,0.0
210,57,173.0,165.0,0.0,770.0,0.0
210,57,174.0,163.0,0.0,778.0,0.0
210,57,175.0,165.0,0.0,785.0,0.0
210,57,176.0,163.0,0.0,788.0,0.0
210,57,177.0,165.0,0.0,795.0,0.0
210,57,178.0,169.0,0.0,802.0,0.0
210,57,179.0,166.0,0.0,805.0,0.0
210,57,180.0,165.0,0.0,810.0,0.0
210,57,181.0,163.0,0.0,814.0,0.0
210,57,182.0,163.0,0.0,822.0,0.0
210,57,183.0,161.0,0.0,826.0,0.0
210,57,184.0,157.0,0.0,833.0,0.0
210,57,185.0,160.0,0.0,842.0,0.0
210,57,186.0,157.0,0.0,847.0,0.0
210,57,187.0,157.0,0.0,853.0,0.0
210,57,188.0,158.0,0.0,857.0,0.0
210,57,189.0,159.0,0.0,863.0,0.0
210,57,190.0,159.0,0.0,869.0,0.0
210,57,191.0,157.0,0.0,875.0,0.0
210,57,192.0,161.0,0.0,880.0,0.0
210,57,193.0,163.0,0.0,883.0,0.0
210,57,194.0,158.0,0.0,887.0,0.0
210,57,195.0,159.0,0.0,898.0,0.0
210,57,196.0,163.0,0.0,902.0,0.0
210,57,197.0,163.0,0.0,907.0,0.0
210,57,198.0,166.0,0.0,913.0,0.0
210,57,199.0,172.0,0.0,914.0,0.0
210,57,200.0,173.0,0.0,917.0,0.0
210,57,201.0,168.0,0.0,922.0,0.0
210,57,202.0,161.0,0.0,927.0,0.0
210,57,203.0,157.0,0.0,934.0,0.0
210,57,204.0,152.0,0.0,938.0,0.0
210,57,205.0,149.0,0.0,943.0,0.0
210,57,206.0,143.0,0.0,946.0,0.0
210,57,207.0,137.0,0.0,952.0,0.0
210,57,208.0,130.0,0.0,958.0,0.0
210,57,209.0,127.0,0.0,965.0,0.0
210,57,210.0,119.0,0.0,968.0,0.0
210,57,211.0,111.0,0.0,976.0,0.0
210,57,212.0,104.0,0.0,984.0,0.0
210,57,213.0,102.0,0.0,991.0,0.0
210,57,214.0,94.0,0.0,993.0,0.0
210,57,215.0,87.0,0.0,1001.0,0.0
210,57,216.0,85.0,0.0,1008.0,0.0
210,57,217.0,79.0,0.0,1010.0,0.0
210,57,218.0,73.0,0.0,1016.0,0.0
210,57,219.0,66.0,0.0,1022.0,0.0
210,57,220.0,59.0,0.0,1029.0,0.0
210,57,221.0,55.0,0.0,1036.0,0.0
210,57,222.0,51.0,0.0,1040.0,0.0
210,57,223.0,44.0,0.0,1044.0,0.0
210,57,224.0,40.0,0.0,1051.0,0.0
210,57,225.0,36.0,0.0,1055.0,0.0
210,57,226.0,35.0,0.0,1059.0,0.0
210,57,227.0,33.0,0.0,1060.0,0.0
210,57,228.0,31.0,0.0,1062.0,0.0
210,57,229.0,28.0,0.0,1064.0,0.0
210,57,230.0,27.0,0.0,1067.0,0.0
210,57,231.0,25.0,0.0,1068.0,0.0
210,57,232.0,23.0,0.0,1070.0,0.0
210,57,233.0,23.0,0.0,1072.0,0.0
210,57,234.0,22.0,0.0,1072.0,0.0
210,57,235.0,21.0,0.0,1073.0,0.0
210,57,236.0,20.0,0.0,1074.0,0.0
210,57,237.0,16.0,0.0,1075.0,0.0
210,57,238.0,15.0,0.0,1079.0,0.0
210,57,239.0,14.0,0.0,1080.0,0.0
210,57,240.0,12.0,0.0,1081.0,0.0
210,57,241.0,12.0,0.0,1083.0,0.0
210,57,242.0,12.0,0.0,1083.0,0.0
210,57,243.0,12.0,0.0,1083.0,0.0
210,57,244.0,11.0,0.0,1083.0,0.0
210,57,245.0,10.0,0.0,1084.0,0.0
210,57,246.0,9.0,0.0,1085.0,0.0
210,57,247.0,8.0,0.0,1086.0,0.0
210,57,248.0,7.0,0.0,1087.0,0.0
210,57,249.0,7.0,0.0,1088.0,0.0
210,57,250.0,7.0,0.0,1088.0,0.0
210,57,251.0,7.0,0.0,1088.0,0.0
210,57,252.0,7.0,0.0,1088.0,0.0
210,57,253.0,6.0,0.0,1088.0,0.0
210,57,254.0,5.0,0.0,1089.0,0.0
210,57,255.0,5.0,0.0,1090.0,0.0
210,57,256.0,5.0,0.0,1090.0,0.0
210,57,257.0,5.0,0.0,1090.0,0.0
210,57,258.0,5.0,0.0,1090.0,0.0
210,57,259.0,5.0,0.0,1090.0,0.0
210,57,260.0,4.0,0.0,1090.0,0.0
210,57,261.0,4.0,0.0,1091.0,0.0
210,57,262.0,4.0,0.0,1091.0,0.0
210,57,263.0,3.0,0.0,1091.0,0.0
210,57,264.0,3.0,0.0,1092.0,0.0
210,57,265.0,2.0,0.0,1092.0,0.0
210,57,266.0,2.0,0.0,1093.0,0.0
210,57,267.0,1.0,0.0,1093.0,0.0
210,57,268.0,0.0,0.0,1094.0,0.0
210,57,269.0,0.0,0.0,1095.0,0.0
210,58,0.0,5.0,0.0,0.0,0.0
210,58,1.0,15.0,0.0,0.0,0.0
210,58,2.0,20.0,0.0,0.0,0.0
210,58,3.0,25.0,0.0,0.0,0.0
210,58,4.0,34.0,0.0,0.0,0.0
210,58,5.0,40.0,0.0,0.0,0.0
210,58,6.0,45.0,0.0,0.0,0.0
210,58,7.0,52.0,0.0,0.0,0.0
210,58,8.0,59.0,0.0,0.0,0.0
210,58,9.0,62.0,0.0,0.0,0.0
210,58,10.0,69.0,0.0,0.0,0.0
210,58,11.0,76.0,0.0,0.0,0.0
210,58,12.0,82.0,0.0,0.0,0.0
210,58,13.0,85.0,0.0,0.0,0.0
210,58,14.0,89.0,0.0,0.0,0.0
210,58,15.0,94.0,0.0,0.0,0.0
210,58,16.0,100.0,0.0,2.0,0.0
210,58,17.0,104.0,0.0,2.0,0.0
210,58,18.0,107.0,0.0,3.0,0.0
210,58,19.0,111.0,0.0,3.0,0.0
210,58,20.0,114.0,0.0,4.0,0.0
210,58,21.0,116.0,0.0,4.0,0.0
210,58,22.0,117.0,0.0,5.0,0.0
210,58,23.0,120.0,0.0,7.0,0.0
210,58,24.0,125.0,0.0,10.0,0.0
210,58,25.0,127.0,0.0,11.0,0.0
210,58,26.0,127.0,0.0,13.0,0.0
210,58,27.0,127.0,0.0,18.0,0.0
210,58,28.0,127.0,0.0,21.0,0.0
210,58,29.0,132.0,0.0,26.0,0.0
210,58,30.0,135.0,0.0,27.0,0.0
210,58,31.0,136.0,0.0,29.0,0.0
210,58,32.0,134.0,0.0,32.0,0.0
210,58,33.0,132.0,0.0,37.0,0.0
210,58,34.0,129.0,0.0,42.0,0.0
210,58,35.0,128.0,0.0,50.0,0.0
210,58,36.0,135.0,0.0,58.0,0.0
210,58,37.0,136.0,0.0,59.0,0.0
210,58,38.0,138.0,0.0,64.0,0.0
210,58,39.0,140.0,0.0,67.0,0.0
210,58,40.0,139.0,0.0,70.0,0.0
210,58,41.0,139.0,0.0,76.0,0.0
210,58,42.0,140.0,0.0,80.0,0.0
210,58,43.0,140.0,0.0,84.0,0.0
210,58,44.0,143.0,0.0,89.0,0.0
210,58,45.0,143.0,0.0,92.0,0.0
210,58,46.0,146.0,0.0,98.0,0.0
210,58,47.0,146.0,0.0,100.0,0.0
210,58,48.0,144.0,0.0,104.0,0.0
210,58,49.0,146.0,0.0,112.0,0.0
210,58,50.0,145.0,0.0,115.0,0.0
210,58,51.0,152.0,0.0,120.0,0.0
210,58,52.0,154.0,0.0,124.0,0.0
210,58,53.0,156.0,0.0,126.0,0.0
210,58,54.0,154.0,0.0,129.0,0.0
210,58,55.0,157.0,0.0,133.0,0.0
210,58,56.0,163.0,0.0,135.0,0.0
210,58,57.0,165.0,0.0,138.0,0.0
210,58,58.0,164.0,0.0,142.0,0.0
210,58,59.0,164.0,0.0,148.0,0.0
210,58,60.0,164.0,0.0,152.0,0.0
210,58,61.0,159.0,0.0,160.0,0.0
210,58,62.0,159.0,0.0,168.0,0.0
210,58,63.0,162.0,0.0,173.0,0.0
210,58,64.0,158.0,0.0,177.0,0.0
210,58,65.0,156.0,0.0,183.0,0.0
210,58,66.0,155.0,0.0,188.0,0.0
210,58,67.0,159.0,0.0,195.0,0.0
210,58,68.0,154.0,0.0,198.0,0.0
210,58,69.0,155.0,0.0,207.0,0.0
210,58,70.0,155.0,0.0,212.0,0.0
210,58,71.0,157.0,0.0,217.0,0.0
210,58,72.0,156.0,0.0,220.0,0.0
210,58,73.0,153.0,0.0,225.0,0.0
210,58,74.0,151.0,0.0,232.0,0.0
210,58,75.0,155.0,0.0,238.0,0.0
210,58,76.0,163.0,0.0,240.0,0.0
210,58,77.0,159.0,0.0,242.0,0.0
210,58,78.0,159.0,0.0,250.0,0.0
210,58,79.0,163.0,0.0,254.0,0.0
210,58,80.0,165.0,0.0,258.0,0.0
210,58,81.0,162.0,0.0,260.0,0.0
210,58,82.0,163.0,0.0,267.0,0.0
210,58,83.0,161.0,0.0,272.0,0.0
210,58,84.0,161.0,0.0,279.0,0.0
210,58,85.0,160.0,0.0,283.0,0.0
210,58,86.0,161.0,0.0,286.0,0.0
210,58,87.0,159.0,0.0,291.0,0.0
210,58,88.0,160.0,0.0,297.0,0.0
210,58,89.0,162.0,0.0,302.0,0.0
210,58,90.0,168.0,0.0,306.0,0.0
210,58,91.0,166.0,0.0,309.0,0.0
210,58,92.0,161.0,0.0,317.0,0.0
210,58,93.0,162.0,0.0,326.0,0.0
210,58,94.0,160.0,0.0,333.0,0.0
210,58,95.0,158.0,0.0,338.0,0.0
210,58,96.0,156.0,0.0,344.0,0.0
210,58,97.0,158.0,0.0,348.0,0.0
210,58,98.0,162.0,0.0,350.0,0.0
210,58,99.0,162.0,0.0,357.0,0.0
210,58,100.0,165.0,0.0,364.0,0.0
210,58,101.0,158.0,0.0,368.0,0.0
210,58,102.0,160.0,0.0,376.0,0.0
210,58,103.0,162.0,0.0,381.0,0.0
210,58,104.0,165.0,0.0,386.0,0.0
210,58,105.0,168.0,0.0,389.0,0.0
210,58,106.0,170.0,0.0,392.0,0.0
210,58,107.0,171.0,0.0,397.0,0.0
210,58,108.0,173.0,0.0,404.0,0.0
210,58,109.0,168.0,0.0,406.0,0.0
210,58,110.0,169.0,0.0,415.0,0.0
210,58,111.0,170.0,0.0,423.0,0.0
210,58,112.0,172.0,0.0,427.0,0.0
210,58,113.0,174.0,0.0,431.0,0.0
210,58,114.0,173.0,0.0,434.0,0.0
210,58,115.0,171.0,0.0,439.0,0.0
210,58,116.0,173.0,0.0,447.0,0.0
210,58,117.0,174.0,0.0,451.0,0.0
210,58,118.0,175.0,0.0,455.0,0.0
210,58,119.0,174.0,0.0,459.0,0.0
210,58,120.0,173.0,0.0,463.0,0.0
210,58,121.0,174.0,0.0,470.0,0.0
210,58,122.0,174.0,0.0,473.0,0.0
210,58,123.0,169.0,0.0,479.0,0.0
210,58,124.0,167.0,0.0,486.0,0.0
210,58,125.0,164.0,0.0,492.0,0.0
210,58,126.0,161.0,0.0,500.0,0.0
210,58,127.0,167.0,0.0,509.0,0.0
210,58,128.0,168.0,0.0,511.0,0.0
210,58,129.0,170.0,0.0,514.0,0.0
210,58,130.0,169.0,0.0,519.0,0.0
210,58,131.0,168.0,0.0,525.0,0.0
210,58,132.0,168.0,0.0,531.0,0.0
210,58,133.0,171.0,0.0,535.0,0.0
210,58,134.0,168.0,0.0,539.0,0.0
210,58,135.0,165.0,0.0,546.0,0.0
210,58,136.0,166.0,0.0,553.0,0.0
210,58,137.0,166.0,0.0,556.0,0.0
210,58,138.0,164.0,0.0,561.0,0.0
210,58,139.0,160.0,0.0,569.0,0.0
210,58,140.0,158.0,0.0,578.0,0.0
210,58,141.0,160.0,0.0,584.0,0.0
210,58,142.0,159.0,0.0,587.0,0.0
210,58,143.0,163.0,0.0,591.0,0.0
210,58,144.0,167.0,0.0,597.0,0.0
210,58,145.0,165.0,0.0,602.0,0.0
210,58,146.0,165.0,0.0,609.0,0.0
210,58,147.0,168.0,0.0,614.0,0.0
210,58,148.0,170.0,0.0,618.0,0.0
210,58,149.0,168.0,0.0,624.0,0.0
210,58,150.0,175.0,0.0,631.0,0.0
210,58,151.0,177.0,0.0,634.0,0.0
210,58,152.0,175.0,0.0,639.0,0.0
210,58,153.0,173.0,0.0,644.0,0.0
210,58,154.0,173.0,0.0,652.0,0.0
210,58,155.0,173.0,0.0,658.0,0.0
210,58,156.0,176.0,0.0,663.0,0.0
210,58,157.0,178.0,0.0,668.0,0.0
210,58,158.0,180.0,0.0,674.0,0.0
210,58,159.0,177.0,0.0,682.0,0.0
210,58,160.0,174.0,0.0,689.0,0.0
210,58,161.0,182.0,0.0,698.0,0.0
210,58,162.0,183.0,0.0,701.0,0.0
210,58,163.0,183.0,0.0,704.0,0.0
210,58,164.0,185.0,0.0,709.0,0.0
210,58,165.0,185.0,0.0,712.0,0.0
210,58,166.0,187.0,0.0,715.0,0.0
210,58,167.0,191.0,0.0,720.0,0.0
210,58,168.0,191.0,0.0,723.0,0.0
210,58,169.0,185.0,0.0,728.0,0.0
210,58,170.0,179.0,0.0,737.0,0.0
210,58,171.0,182.0,0.0,749.0,0.0
210,58,172.0,184.0,0.0,751.0,0.0
210,58,173.0,183.0,0.0,758.0,0.0
210,58,174.0,180.0,0.0,764.0,0.0
210,58,175.0,177.0,0.0,772.0,0.0
210,58,176.0,181.0,0.0,782.0,0.0
210,58,177.0,179.0,0.0,785.0,0.0
210,58,178.0,182.0,0.0,791.0,0.0
210,58,179.0,180.0,0.0,797.0,0.0
210,58,180.0,177.0,0.0,803.0,0.0
210,58,181.0,178.0,0.0,810.0,0.0
210,58,182.0,177.0,0.0,814.0,0.0
210,58,183.0,179.0,0.0,818.0,0.0
210,58,184.0,181.0,0.0,821.0,0.0
210,58,185.0,186.0,0.0,829.0,0.0
210,58,186.0,184.0,0.0,832.0,0.0
210,58,187.0,182.0,0.0,839.0,0.0
210,58,188.0,184.0,0.0,845.0,0.0
210,58,189.0,182.0,0.0,849.0,0.0
210,58,190.0,185.0,0.0,856.0,0.0
210,58,191.0,179.0,0.0,861.0,0.0
210,58,192.0,181.0,0.0,868.0,0.0
210,58,193.0,181.0,0.0,871.0,0.0
210,58,194.0,183.0,0.0,876.0,0.0
210,58,195.0,183.0,0.0,882.0,0.0
210,58,196.0,179.0,0.0,889.0,0.0
210,58,197.0,182.0,0.0,896.0,0.0
210,58,198.0,180.0,0.0,899.0,0.0
210,58,199.0,178.0,0.0,907.0,0.0
210,58,200.0,175.0,0.0,913.0,0.0
210,58,201.0,170.0,0.0,922.0,0.0
210,58,202.0,163.0,0.0,927.0,0.0
210,58,203.0,160.0,0.0,934.0,0.0
210,58,204.0,154.0,0.0,937.0,0.0
210,58,205.0,145.0,0.0,943.0,0.0
210,58,206.0,140.0,0.0,952.0,0.0
210,58,207.0,134.0,0.0,957.0,0.0
210,58,208.0,129.0,0.0,963.0,0.0
210,58,209.0,122.0,0.0,968.0,0.0
210,58,210.0,119.0,0.0,975.0,0.0
210,58,211.0,111.0,0.0,978.0,0.0
210,58,212.0,104.0,0.0,986.0,0.0
210,58,213.0,97.0,0.0,993.0,0.0
210,58,214.0,96.0,0.0,1000.0,0.0
210,58,215.0,91.0,0.0,1001.0,0.0
210,58,216.0,84.0,0.0,1006.0,0.0
210,58,217.0,77.0,0.0,1013.0,0.0
210,58,218.0,75.0,0.0,1020.0,0.0
210,58,219.0,67.0,0.0,1022.0,0.0
210,58,220.0,61.0,0.0,1030.0,0.0
210,58,221.0,55.0,0.0,1036.0,0.0
210,58,222.0,52.0,0.0,1042.0,0.0
210,58,223.0,48.0,0.0,1045.0,0.0
210,58,224.0,46.0,0.0,1049.0,0.0
210,58,225.0,44.0,0.0,1051.0,0.0
210,58,226.0,39.0,0.0,1053.0,0.0
210,58,227.0,38.0,0.0,1058.0,0.0
210,58,228.0,32.0,0.0,1059.0,0.0
210,58,229.0,27.0,0.0,1065.0,0.0
210,58,230.0,24.0,0.0,1070.0,0.0
210,58,231.0,22.0,0.0,1073.0,0.0
210,58,232.0,21.0,0.0,1075.0,0.0
210,58,233.0,21.0,0.0,1076.0,0.0
210,58,234.0,20.0,0.0,1076.0,0.0
210,58,235.0,19.0,0.0,1077.0,0.0
210,58,236.0,19.0,0.0,1078.0,0.0
210,58,237.0,16.0,0.0,1078.0,0.0
210,58,238.0,16.0,0.0,1081.0,0.0
210,58,239.0,16.0,0.0,1081.0,0.0
210,58,240.0,13.0,0.0,1081.0,0.0
210,58,241.0,13.0,0.0,1084.0,0.0
210,58,242.0,13.0,0.0,1084.0,0.0
210,58,243.0,11.0,0.0,1084.0,0.0
210,58,244.0,10.0,0.0,1086.0,0.0
210,58,245.0,10.0,0.0,1087.0,0.0
210,58,246.0,8.0,0.0,1087.0,0.0
210,58,247.0,8.0,0.0,1089.0,0.0
210,58,248.0,6.0,0.0,1089.0,0.0
210,58,249.0,6.0,0.0,1091.0,0.0
210,58,250.0,6.0,0.0,1091.0,0.0
210,58,251.0,6.0,0.0,1091.0,0.0
210,58,252.0,5.0,0.0,1091.0,0.0
210,58,253.0,4.0,0.0,1092.0,0.0
210,58,254.0,4.0,0.0,1093.0,0.0
210,58,255.0,2.0,0.0,1093.0,0.0
210,58,256.0,2.0,0.0,1095.0,0.0
210,58,257.0,2.0,0.0,1095.0,0.0
210,58,258.0,2.0,0.0,1095.0,0.0
210,58,259.0,1.0,0.0,1095.0,0.0
210,58,260.0,1.0,0.0,1096.0,0.0
210,58,261.0,1.0,0.0,1096.0,0.0
210,58,262.0,1.0,0.0,1096.0,0.0
210,58,263.0,1.0,0.0,1096.0,0.0
210,58,264.0,1.0,0.0,1096.0,0.0
210,58,265.0,1.0,0.0,1096.0,0.0
210,58,266.0,1.0,0.0,1096.0,0.0
210,58,267.0,1.0,0.0,1096.0,0.0
210,58,268.0,1.0,0.0,1096.0,0.0
210,58,269.0,1.0,0.0,1096.0,0.0
210,58,270.0,0.0,0.0,1096.0,0.0
210,58,271.0,0.0,0.0,1097.0,0.0
210,59,0.0,8.0,0.0,0.0,0.0
210,59,1.0,14.0,0.0,0.0,0.0
210,59,2.0,20.0,0.0,0.0,0.0
210,59,3.0,22.0,0.0,0.0,0.0
210,59,4.0,27.0,0.0,0.0,0.0
210,59,5.0,35.0,0.0,0.0,0.0
210,59,6.0,37.0,0.0,0.0,0.0
210,59,7.0,41.0,0.0,0.0,0.0
210,59,8.0,47.0,0.0,0.0,0.0
210,59,9.0,52.0,0.0,0.0,0.0
210,59,10.0,58.0,0.0,1.0,0.0
210,59,11.0,63.0,0.0,1.0,0.0
210,59,12.0,69.0,0.0,1.0,0.0
210,59,13.0,72.0,0.0,1.0,0.0
210,59,14.0,76.0,0.0,1.0,0.0
210,59,15.0,82.0,0.0,1.0,0.0
210,59,16.0,86.0,0.0,1.0,0.0
210,59,17.0,91.0,0.0,1.0,0.0
210,59,18.0,96.0,0.0,3.0,0.0
210,59,19.0,99.0,0.0,3.0,0.0
210,59,20.0,102.0,0.0,4.0,0.0
210,59,21.0,112.0,0.0,5.0,0.0
210,59,22.0,116.0,0.0,5.0,0.0
210,59,23.0,123.0,0.0,6.0,0.0
210,59,24.0,126.0,0.0,7.0,0.0
210,59,25.0,132.0,0.0,10.0,0.0
210,59,26.0,134.0,0.0,11.0,0.0
210,59,27.0,133.0,0.0,14.0,0.0
210,59,28.0,136.0,0.0,20.0,0.0
210,59,29.0,136.0,0.0,23.0,0.0
210,59,30.0,139.0,0.0,26.0,0.0
210,59,31.0,140.0,0.0,31.0,0.0
210,59,32.0,142.0,0.0,35.0,0.0
210,59,33.0,145.0,0.0,39.0,0.0
210,59,34.0,149.0,0.0,43.0,0.0
210,59,35.0,152.0,0.0,45.0,0.0
210,59,36.0,154.0,0.0,49.0,0.0
210,59,37.0,160.0,0.0,52.0,0.0
210,59,38.0,158.0,0.0,57.0,0.0
210,59,39.0,159.0,0.0,61.0,0.0
210,59,40.0,162.0,0.0,63.0,0.0
210,59,41.0,168.0,0.0,68.0,0.0
210,59,42.0,168.0,0.0,70.0,0.0
210,59,43.0,166.0,0.0,74.0,0.0
210,59,44.0,164.0,0.0,81.0,0.0
210,59,45.0,169.0,0.0,85.0,0.0
210,59,46.0,171.0,0.0,88.0,0.0
210,59,47.0,172.0,0.0,91.0,0.0
210,59,48.0,169.0,0.0,96.0,0.0
210,59,49.0,173.0,0.0,103.0,0.0
210,59,50.0,178.0,0.0,106.0,0.0
210,59,51.0,177.0,0.0,107.0,0.0
210,59,52.0,179.0,0.0,111.0,0.0
210,59,53.0,179.0,0.0,118.0,0.0
210,59,54.0,179.0,0.0,126.0,0.0
210,59,55.0,182.0,0.0,134.0,0.0
210,59,56.0,184.0,0.0,136.0,0.0
210,59,57.0,186.0,0.0,141.0,0.0
210,59,58.0,187.0,0.0,146.0,0.0
210,59,59.0,190.0,0.0,150.0,0.0
210,59,60.0,192.0,0.0,153.0,0.0
210,59,61.0,191.0,0.0,160.0,0.0
210,59,62.0,189.0,0.0,167.0,0.0
210,59,63.0,190.0,0.0,174.0,0.0
210,59,64.0,189.0,0.0,181.0,0.0
210,59,65.0,193.0,0.0,187.0,0.0
210,59,66.0,190.0,0.0,190.0,0.0
210,59,67.0,188.0,0.0,197.0,0.0
210,59,68.0,188.0,0.0,207.0,0.0
210,59,69.0,185.0,0.0,214.0,0.0
210,59,70.0,180.0,0.0,220.0,0.0
210,59,71.0,177.0,0.0,227.0,0.0
210,59,72.0,178.0,0.0,235.0,0.0
210,59,73.0,181.0,0.0,239.0,0.0
210,59,74.0,180.0,0.0,246.0,0.0
210,59,75.0,185.0,0.0,252.0,0.0
210,59,76.0,182.0,0.0,257.0,0.0
210,59,77.0,182.0,0.0,262.0,0.0
210,59,78.0,177.0,0.0,267.0,0.0
210,59,79.0,179.0,0.0,275.0,0.0
210,59,80.0,176.0,0.0,279.0,0.0
210,59,81.0,174.0,0.0,287.0,0.0
210,59,82.0,173.0,0.0,296.0,0.0
210,59,83.0,169.0,0.0,302.0,0.0
210,59,84.0,171.0,0.0,312.0,0.0
210,59,85.0,167.0,0.0,318.0,0.0
210,59,86.0,165.0,0.0,325.0,0.0
210,59,87.0,162.0,0.0,331.0,0.0
210,59,88.0,160.0,0.0,337.0,0.0
210,59,89.0,163.0,0.0,344.0,0.0
210,59,90.0,166.0,0.0,348.0,0.0
210,59,91.0,165.0,0.0,351.0,0.0
210,59,92.0,165.0,0.0,356.0,0.0
210,59,93.0,166.0,0.0,362.0,0.0
210,59,94.0,168.0,0.0,369.0,0.0
210,59,95.0,169.0,0.0,373.0,0.0
210,59,96.0,164.0,0.0,376.0,0.0
210,59,97.0,161.0,0.0,384.0,0.0
210,59,98.0,165.0,0.0,391.0,0.0
210,59,99.0,167.0,0.0,396.0,0.0
210,59,100.0,163.0,0.0,402.0,0.0
210,59,101.0,165.0,0.0,409.0,0.0
210,59,102.0,166.0,0.0,417.0,0.0
210,59,103.0,165.0,0.0,425.0,0.0
210,59,104.0,162.0,0.0,431.0,0.0
210,59,105.0,166.0,0.0,437.0,0.0
210,59,106.0,166.0,0.0,441.0,0.0
210,59,107.0,166.0,0.0,446.0,0.0
210,59,108.0,170.0,0.0,451.0,0.0
210,59,109.0,171.0,0.0,454.0,0.0
210,59,110.0,170.0,0.0,461.0,0.0
210,59,111.0,169.0,0.0,465.0,0.0
210,59,112.0,172.0,0.0,471.0,0.0
210,59,113.0,171.0,0.0,477.0,0.0
210,59,114.0,173.0,0.0,484.0,0.0
210,59,115.0,169.0,0.0,487.0,0.0
210,59,116.0,170.0,0.0,495.0,0.0
210,59,117.0,175.0,0.0,499.0,0.0
210,59,118.0,180.0,0.0,503.0,0.0
210,59,119.0,178.0,0.0,505.0,0.0
210,59,120.0,178.0,0.0,512.0,0.0
210,59,121.0,178.0,0.0,517.0,0.0
210,59,122.0,180.0,0.0,523.0,0.0
210,59,123.0,180.0,0.0,528.0,0.0
210,59,124.0,177.0,0.0,534.0,0.0
210,59,125.0,179.0,0.0,540.0,0.0
210,59,126.0,181.0,0.0,546.0,0.0
210,59,127.0,183.0,0.0,552.0,0.0
210,59,128.0,182.0,0.0,557.0,0.0
210,59,129.0,184.0,0.0,566.0,0.0
210,59,130.0,179.0,0.0,573.0,0.0
210,59,131.0,179.0,0.0,582.0,0.0
210,59,132.0,177.0,0.0,586.0,0.0
210,59,133.0,176.0,0.0,593.0,0.0
210,59,134.0,174.0,0.0,600.0,0.0
210,59,135.0,175.0,0.0,604.0,0.0
210,59,136.0,177.0,0.0,609.0,0.0
210,59,137.0,179.0,0.0,613.0,0.0
210,59,138.0,181.0,0.0,618.0,0.0
210,59,139.0,180.0,0.0,622.0,0.0
210,59,140.0,180.0,0.0,627.0,0.0
210,59,141.0,183.0,0.0,637.0,0.0
210,59,142.0,183.0,0.0,641.0,0.0
210,59,143.0,182.0,0.0,647.0,0.0
210,59,144.0,187.0,0.0,656.0,0.0
210,59,145.0,187.0,0.0,659.0,0.0
210,59,146.0,186.0,0.0,664.0,0.0
210,59,147.0,188.0,0.0,669.0,0.0
210,59,148.0,191.0,0.0,673.0,0.0
210,59,149.0,188.0,0.0,677.0,0.0
210,59,150.0,184.0,0.0,684.0,0.0
210,59,151.0,179.0,0.0,693.0,0.0
210,59,152.0,183.0,0.0,699.0,0.0
210,59,153.0,186.0,0.0,704.0,0.0
210,59,154.0,182.0,0.0,708.0,0.0
210,59,155.0,184.0,0.0,716.0,0.0
210,59,156.0,188.0,0.0,719.0,0.0
210,59,157.0,179.0,0.0,722.0,0.0
210,59,158.0,182.0,0.0,733.0,0.0
210,59,159.0,181.0,0.0,738.0,0.0
210,59,160.0,179.0,0.0,746.0,0.0
210,59,161.0,182.0,0.0,751.0,0.0
210,59,162.0,186.0,0.0,754.0,0.0
210,59,163.0,191.0,0.0,757.0,0.0
210,59,164.0,192.0,0.0,759.0,0.0
210,59,165.0,189.0,0.0,766.0,0.0
210,59,166.0,189.0,0.0,776.0,0.0
210,59,167.0,193.0,0.0,782.0,0.0
210,59,168.0,193.0,0.0,784.0,0.0
210,59,169.0,189.0,0.0,791.0,0.0
210,59,170.0,188.0,0.0,799.0,0.0
210,59,171.0,190.0,0.0,806.0,0.0
210,59,172.0,188.0,0.0,811.0,0.0
210,59,173.0,182.0,0.0,818.0,0.0
210,59,174.0,188.0,0.0,827.0,0.0
210,59,175.0,191.0,0.0,829.0,0.0
210,59,176.0,186.0,0.0,833.0,0.0
210,59,177.0,188.0,0.0,841.0,0.0
210,59,178.0,187.0,0.0,846.0,0.0
210,59,179.0,185.0,0.0,853.0,0.0
210,59,180.0,180.0,0.0,860.0,0.0
210,59,181.0,186.0,0.0,869.0,0.0
210,59,182.0,186.0,0.0,872.0,0.0
210,59,183.0,180.0,0.0,876.0,0.0
210,59,184.0,181.0,0.0,886.0,0.0
210,59,185.0,178.0,0.0,890.0,0.0
210,59,186.0,178.0,0.0,898.0,0.0
210,59,187.0,174.0,0.0,905.0,0.0
210,59,188.0,176.0,0.0,913.0,0.0
210,59,189.0,179.0,0.0,917.0,0.0
210,59,190.0,179.0,0.0,922.0,0.0
210,59,191.0,177.0,0.0,926.0,0.0
210,59,192.0,173.0,0.0,931.0,0.0
210,59,193.0,172.0,0.0,941.0,0.0
210,59,194.0,173.0,0.0,945.0,0.0
210,59,195.0,173.0,0.0,948.0,0.0
210,59,196.0,176.0,0.0,953.0,0.0
210,59,197.0,175.0,0.0,957.0,0.0
210,59,198.0,177.0,0.0,963.0,0.0
210,59,199.0,178.0,0.0,966.0,0.0
210,59,200.0,175.0,0.0,971.0,0.0
210,59,201.0,166.0,0.0,978.0,0.0
210,59,202.0,162.0,0.0,987.0,0.0
210,59,203.0,155.0,0.0,991.0,0.0
210,59,204.0,150.0,0.0,998.0,0.0
210,59,205.0,146.0,0.0,1003.0,0.0
210,59,206.0,140.0,0.0,1007.0,0.0
210,59,207.0,130.0,0.0,1013.0,0.0
210,59,208.0,124.0,0.0,1023.0,0.0
210,59,209.0,120.0,0.0,1029.0,0.0
210,59,210.0,118.0,0.0,1033.0,0.0
210,59,211.0,114.0,0.0,1035.0,0.0
210,59,212.0,106.0,0.0,1039.0,0.0
210,59,213.0,98.0,0.0,1047.0,0.0
210,59,214.0,92.0,0.0,1055.0,0.0
210,59,215.0,89.0,0.0,1061.0,0.0
210,59,216.0,82.0,0.0,1064.0,0.0
210,59,217.0,79.0,0.0,1071.0,0.0
210,59,218.0,72.0,0.0,1074.0,0.0
210,59,219.0,66.0,0.0,1081.0,0.0
210,59,220.0,63.0,0.0,1087.0,0.0
210,59,221.0,58.0,0.0,1090.0,0.0
210,59,222.0,55.0,0.0,1095.0,0.0
210,59,223.0,50.0,0.0,1098.0,0.0
210,59,224.0,48.0,0.0,1103.0,0.0
210,59,225.0,45.0,0.0,1105.0,0.0
210,59,226.0,39.0,0.0,1108.0,0.0
210,59,227.0,38.0,0.0,1114.0,0.0
210,59,228.0,34.0,0.0,1115.0,0.0
210,59,229.0,34.0,0.0,1119.0,0.0
210,59,230.0,32.0,0.0,1119.0,0.0
210,59,231.0,29.0,0.0,1121.0,0.0
210,59,232.0,29.0,0.0,1124.0,0.0
210,59,233.0,27.0,0.0,1124.0,0.0
210,59,234.0,24.0,0.0,1126.0,0.0
210,59,235.0,23.0,0.0,1129.0,0.0
210,59,236.0,23.0,0.0,1130.0,0.0
210,59,237.0,22.0,0.0,1130.0,0.0
210,59,238.0,21.0,0.0,1131.0,0.0
210,59,239.0,20.0,0.0,1132.0,0.0
210,59,240.0,19.0,0.0,1133.0,0.0
210,59,241.0,18.0,0.0,1134.0,0.0
210,59,242.0,18.0,0.0,1135.0,0.0
210,59,243.0,18.0,0.0,1135.0,0.0
210,59,244.0,18.0,0.0,1135.0,0.0
210,59,245.0,18.0,0.0,1135.0,0.0
210,59,246.0,18.0,0.0,1135.0,0.0
210,59,247.0,14.0,0.0,1135.0,0.0
210,59,248.0,14.0,0.0,1139.0,0.0
210,59,249.0,14.0,0.0,1139.0,0.0
210,59,250.0,13.0,0.0,1139.0,0.0
210,59,251.0,13.0,0.0,1140.0,0.0
210,59,252.0,12.0,0.0,1140.0,0.0
210,59,253.0,10.0,0.0,1141.0,0.0
210,59,254.0,8.0,0.0,1143.0,0.0
210,59,255.0,8.0,0.0,1145.0,0.0
210,59,256.0,8.0,0.0,1145.0,0.0
210,59,257.0,5.0,0.0,1145.0,0.0
210,59,258.0,5.0,0.0,1148.0,0.0
210,59,259.0,4.0,0.0,1148.0,0.0
210,59,260.0,4.0,0.0,1149.0,0.0
210,59,261.0,2.0,0.0,1149.0,0.0
210,59,262.0,1.0,0.0,1151.0,0.0
210,59,263.0,1.0,0.0,1152.0,0.0
210,59,264.0,1.0,0.0,1152.0,0.0
210,59,265.0,1.0,0.0,1152.0,0.0
210,59,266.0,1.0,0.0,1152.0,0.0
210,59,267.0,1.0,0.0,1152.0,0.0
210,59,268.0,0.0,0.0,1152.0,0.0
210,59,269.0,0.0,0.0,1153.0,0.0
210,60,0.0,4.0,0.0,0.0,0.0
210,60,1.0,13.0,0.0,0.0,0.0
210,60,2.0,17.0,0.0,0.0,0.0
210,60,3.0,20.0,0.0,0.0,0.0
210,60,4.0,25.0,0.0,0.0,0.0
210,60,5.0,27.0,0.0,0.0,0.0
210,60,6.0,32.0,0.0,0.0,0.0
210,60,7.0,37.0,0.0,0.0,0.0
210,60,8.0,44.0,0.0,0.0,0.0
210,60,9.0,51.0,0.0,0.0,0.0
210,60,10.0,57.0,0.0,0.0,0.0
210,60,11.0,64.0,0.0,0.0,0.0
210,60,12.0,66.0,0.0,0.0,0.0
210,60,13.0,70.0,0.0,0.0,0.0
210,60,14.0,76.0,0.0,0.0,0.0
210,60,15.0,84.0,0.0,0.0,0.0
210,60,16.0,88.0,0.0,0.0,0.0
210,60,17.0,94.0,0.0,0.0,0.0
210,60,18.0,98.0,0.0,0.0,0.0
210,60,19.0,105.0,0.0,1.0,0.0
210,60,20.0,113.0,0.0,1.0,0.0
210,60,21.0,114.0,0.0,1.0,0.0
210,60,22.0,116.0,0.0,3.0,0.0
210,60,23.0,119.0,0.0,5.0,0.0
210,60,24.0,119.0,0.0,6.0,0.0
210,60,25.0,117.0,0.0,9.0,0.0
210,60,26.0,118.0,0.0,15.0,0.0
210,60,27.0,120.0,0.0,17.0,0.0
210,60,28.0,128.0,0.0,21.0,0.0
210,60,29.0,131.0,0.0,23.0,0.0
210,60,30.0,134.0,0.0,26.0,0.0
210,60,31.0,136.0,0.0,28.0,0.0
210,60,32.0,138.0,0.0,32.0,0.0
210,60,33.0,140.0,0.0,35.0,0.0
210,60,34.0,144.0,0.0,36.0,0.0
210,60,35.0,145.0,0.0,37.0,0.0
210,60,36.0,148.0,0.0,40.0,0.0
210,60,37.0,148.0,0.0,43.0,0.0
210,60,38.0,148.0,0.0,49.0,0.0
210,60,39.0,152.0,0.0,53.0,0.0
210,60,40.0,154.0,0.0,54.0,0.0
210,60,41.0,153.0,0.0,58.0,0.0
210,60,42.0,154.0,0.0,64.0,0.0
210,60,43.0,158.0,0.0,69.0,0.0
210,60,44.0,158.0,0.0,73.0,0.0
210,60,45.0,162.0,0.0,78.0,0.0
210,60,46.0,172.0,0.0,81.0,0.0
210,60,47.0,172.0,0.0,83.0,0.0
210,60,48.0,176.0,0.0,87.0,0.0
210,60,49.0,183.0,0.0,90.0,0.0
210,60,50.0,182.0,0.0,92.0,0.0
210,60,51.0,179.0,0.0,98.0,0.0
210,60,52.0,181.0,0.0,104.0,0.0
210,60,53.0,181.0,0.0,107.0,0.0
210,60,54.0,182.0,0.0,113.0,0.0
210,60,55.0,181.0,0.0,118.0,0.0
210,60,56.0,182.0,0.0,122.0,0.0
210,60,57.0,185.0,0.0,126.0,0.0
210,60,58.0,183.0,0.0,131.0,0.0
210,60,59.0,178.0,0.0,141.0,0.0
210,60,60.0,177.0,0.0,148.0,0.0
210,60,61.0,179.0,0.0,154.0,0.0
210,60,62.0,178.0,0.0,159.0,0.0
210,60,63.0,176.0,0.0,165.0,0.0
210,60,64.0,178.0,0.0,170.0,0.0
210,60,65.0,180.0,0.0,174.0,0.0
210,60,66.0,176.0,0.0,178.0,0.0
210,60,67.0,170.0,0.0,184.0,0.0
210,60,68.0,172.0,0.0,194.0,0.0
210,60,69.0,174.0,0.0,197.0,0.0
210,60,70.0,172.0,0.0,201.0,0.0
210,60,71.0,170.0,0.0,210.0,0.0
210,60,72.0,175.0,0.0,216.0,0.0
210,60,73.0,175.0,0.0,221.0,0.0
210,60,74.0,171.0,0.0,227.0,0.0
210,60,75.0,170.0,0.0,237.0,0.0
210,60,76.0,170.0,0.0,242.0,0.0
210,60,77.0,170.0,0.0,248.0,0.0
210,60,78.0,168.0,0.0,253.0,0.0
210,60,79.0,171.0,0.0,258.0,0.0
210,60,80.0,170.0,0.0,261.0,0.0
210,60,81.0,169.0,0.0,267.0,0.0
210,60,82.0,169.0,0.0,273.0,0.0
210,60,83.0,164.0,0.0,277.0,0.0
210,60,84.0,161.0,0.0,286.0,0.0
210,60,85.0,165.0,0.0,294.0,0.0
210,60,86.0,166.0,0.0,298.0,0.0
210,60,87.0,163.0,0.0,305.0,0.0
210,60,88.0,155.0,0.0,312.0,0.0
210,60,89.0,152.0,0.0,322.0,0.0
210,60,90.0,153.0,0.0,327.0,0.0
210,60,91.0,153.0,0.0,333.0,0.0
210,60,92.0,153.0,0.0,338.0,0.0
210,60,93.0,153.0,0.0,342.0,0.0
210,60,94.0,153.0,0.0,348.0,0.0
210,60,95.0,155.0,0.0,351.0,0.0
210,60,96.0,158.0,0.0,355.0,0.0
210,60,97.0,156.0,0.0,361.0,0.0
210,60,98.0,156.0,0.0,369.0,0.0
210,60,99.0,159.0,0.0,374.0,0.0
210,60,100.0,162.0,0.0,377.0,0.0
210,60,101.0,165.0,0.0,381.0,0.0
210,60,102.0,169.0,0.0,386.0,0.0
210,60,103.0,168.0,0.0,388.0,0.0
210,60,104.0,171.0,0.0,393.0,0.0
210,60,105.0,166.0,0.0,395.0,0.0
210,60,106.0,164.0,0.0,402.0,0.0
210,60,107.0,170.0,0.0,406.0,0.0
210,60,108.0,170.0,0.0,409.0,0.0
210,60,109.0,166.0,0.0,413.0,0.0
210,60,110.0,164.0,0.0,423.0,0.0
210,60,111.0,163.0,0.0,429.0,0.0
210,60,112.0,162.0,0.0,434.0,0.0
210,60,113.0,164.0,0.0,437.0,0.0
210,60,114.0,166.0,0.0,441.0,0.0
210,60,115.0,162.0,0.0,446.0,0.0
210,60,116.0,156.0,0.0,452.0,0.0
210,60,117.0,158.0,0.0,461.0,0.0
210,60,118.0,157.0,0.0,463.0,0.0
210,60,119.0,158.0,0.0,468.0,0.0
210,60,120.0,158.0,0.0,473.0,0.0
210,60,121.0,161.0,0.0,477.0,0.0
210,60,122.0,159.0,0.0,482.0,0.0
210,60,123.0,158.0,0.0,488.0,0.0
210,60,124.0,159.0,0.0,495.0,0.0
210,60,125.0,162.0,0.0,499.0,0.0
210,60,126.0,161.0,0.0,502.0,0.0
210,60,127.0,156.0,0.0,509.0,0.0
210,60,128.0,159.0,0.0,518.0,0.0
210,60,129.0,157.0,0.0,522.0,0.0
210,60,130.0,157.0,0.0,530.0,0.0
210,60,131.0,157.0,0.0,535.0,0.0
210,60,132.0,159.0,0.0,542.0,0.0
210,60,133.0,161.0,0.0,545.0,0.0
210,60,134.0,157.0,0.0,548.0,0.0
210,60,135.0,152.0,0.0,556.0,0.0
210,60,136.0,147.0,0.0,564.0,0.0
210,60,137.0,147.0,0.0,573.0,0.0
210,60,138.0,145.0,0.0,578.0,0.0
210,60,139.0,148.0,0.0,586.0,0.0
210,60,140.0,147.0,0.0,592.0,0.0
210,60,141.0,147.0,0.0,595.0,0.0
210,60,142.0,152.0,0.0,599.0,0.0
210,60,143.0,152.0,0.0,601.0,0.0
210,60,144.0,154.0,0.0,603.0,0.0
210,60,145.0,153.0,0.0,609.0,0.0
210,60,146.0,157.0,0.0,615.0,0.0
210,60,147.0,159.0,0.0,618.0,0.0
210,60,148.0,157.0,0.0,627.0,0.0
210,60,149.0,161.0,0.0,632.0,0.0
210,60,150.0,163.0,0.0,634.0,0.0
210,60,151.0,162.0,0.0,640.0,0.0
210,60,152.0,160.0,0.0,644.0,0.0
210,60,153.0,159.0,0.0,650.0,0.0
210,60,154.0,161.0,0.0,657.0,0.0
210,60,155.0,164.0,0.0,660.0,0.0
210,60,156.0,167.0,0.0,662.0,0.0
210,60,157.0,164.0,0.0,666.0,0.0
210,60,158.0,171.0,0.0,671.0,0.0
210,60,159.0,170.0,0.0,674.0,0.0
210,60,160.0,171.0,0.0,680.0,0.0
210,60,161.0,170.0,0.0,687.0,0.0
210,60,162.0,166.0,0.0,691.0,0.0
210,60,163.0,167.0,0.0,698.0,0.0
210,60,164.0,170.0,0.0,700.0,0.0
210,60,165.0,175.0,0.0,704.0,0.0
210,60,166.0,180.0,0.0,707.0,0.0
210,60,167.0,175.0,0.0,712.0,0.0
210,60,168.0,175.0,0.0,722.0,0.0
210,60,169.0,167.0,0.0,727.0,0.0
210,60,170.0,164.0,0.0,737.0,0.0
210,60,171.0,163.0,0.0,745.0,0.0
210,60,172.0,163.0,0.0,750.0,0.0
210,60,173.0,160.0,0.0,756.0,0.0
210,60,174.0,160.0,0.0,762.0,0.0
210,60,175.0,157.0,0.0,766.0,0.0
210,60,176.0,156.0,0.0,772.0,0.0
210,60,177.0,156.0,0.0,776.0,0.0
210,60,178.0,154.0,0.0,780.0,0.0
210,60,179.0,152.0,0.0,787.0,0.0
210,60,180.0,153.0,0.0,791.0,0.0
210,60,181.0,150.0,0.0,796.0,0.0
210,60,182.0,150.0,0.0,804.0,0.0
210,60,183.0,147.0,0.0,809.0,0.0
210,60,184.0,150.0,0.0,817.0,0.0
210,60,185.0,150.0,0.0,821.0,0.0
210,60,186.0,149.0,0.0,825.0,0.0
210,60,187.0,147.0,0.0,829.0,0.0
210,60,188.0,153.0,0.0,835.0,0.0
210,60,189.0,152.0,0.0,838.0,0.0
210,60,190.0,151.0,0.0,846.0,0.0
210,60,191.0,152.0,0.0,851.0,0.0
210,60,192.0,150.0,0.0,856.0,0.0
210,60,193.0,151.0,0.0,862.0,0.0
210,60,194.0,150.0,0.0,869.0,0.0
210,60,195.0,150.0,0.0,873.0,0.0
210,60,196.0,152.0,0.0,878.0,0.0
210,60,197.0,154.0,0.0,882.0,0.0
210,60,198.0,156.0,0.0,887.0,0.0
210,60,199.0,160.0,0.0,889.0,0.0
210,60,200.0,159.0,0.0,894.0,0.0
210,60,201.0,154.0,0.0,900.0,0.0
210,60,202.0,151.0,0.0,905.0,0.0
210,60,203.0,146.0,0.0,908.0,0.0
210,60,204.0,140.0,0.0,913.0,0.0
210,60,205.0,133.0,0.0,919.0,0.0
210,60,206.0,127.0,0.0,926.0,0.0
210,60,207.0,124.0,0.0,932.0,0.0
210,60,208.0,119.0,0.0,935.0,0.0
210,60,209.0,115.0,0.0,940.0,0.0
210,60,210.0,108.0,0.0,944.0,0.0
210,60,211.0,101.0,0.0,951.0,0.0
210,60,212.0,98.0,0.0,958.0,0.0
210,60,213.0,88.0,0.0,961.0,0.0
210,60,214.0,80.0,0.0,971.0,0.0
210,60,215.0,75.0,0.0,979.0,0.0
210,60,216.0,72.0,0.0,984.0,0.0
210,60,217.0,67.0,0.0,987.0,0.0
210,60,218.0,64.0,0.0,992.0,0.0
210,60,219.0,59.0,0.0,995.0,0.0
210,60,220.0,55.0,0.0,1000.0,0.0
210,60,221.0,51.0,0.0,1004.0,0.0
210,60,222.0,50.0,0.0,1008.0,0.0
210,60,223.0,48.0,0.0,1009.0,0.0
210,60,224.0,44.0,0.0,1011.0,0.0
210,60,225.0,42.0,0.0,1015.0,0.0
210,60,226.0,40.0,0.0,1017.0,0.0
210,60,227.0,36.0,0.0,1019.0,0.0
210,60,228.0,35.0,0.0,1023.0,0.0
210,60,229.0,33.0,0.0,1024.0,0.0
210,60,230.0,30.0,0.0,1026.0,0.0
210,60,231.0,28.0,0.0,1029.0,0.0
210,60,232.0,25.0,0.0,1031.0,0.0
210,60,233.0,24.0,0.0,1034.0,0.0
210,60,234.0,24.0,0.0,1035.0,0.0
210,60,235.0,23.0,0.0,1035.0,0.0
210,60,236.0,22.0,0.0,1036.0,0.0
210,60,237.0,21.0,0.0,1037.0,0.0
210,60,238.0,19.0,0.0,1038.0,0.0
210,60,239.0,19.0,0.0,1040.0,0.0
210,60,240.0,17.0,0.0,1040.0,0.0
210,60,241.0,16.0,0.0,1042.0,0.0
210,60,242.0,15.0,0.0,1043.0,0.0
210,60,243.0,12.0,0.0,1044.0,0.0
210,60,244.0,12.0,0.0,1047.0,0.0
210,60,245.0,11.0,0.0,1047.0,0.0
210,60,246.0,11.0,0.0,1048.0,0.0
210,60,247.0,11.0,0.0,1048.0,0.0
210,60,248.0,11.0,0.0,1048.0,0.0
210,60,249.0,10.0,0.0,1048.0,0.0
210,60,250.0,9.0,0.0,1049.0,0.0
210,60,251.0,9.0,0.0,1050.0,0.0
210,60,252.0,9.0,0.0,1050.0,0.0
210,60,253.0,7.0,0.0,1050.0,0.0
210,60,254.0,7.0,0.0,1052.0,0.0
210,60,255.0,5.0,0.0,1052.0,0.0
210,60,256.0,4.0,0.0,1054.0,0.0
210,60,257.0,4.0,0.0,1055.0,0.0
210,60,258.0,4.0,0.0,1055.0,0.0
210,60,259.0,4.0,0.0,1055.0,0.0
210,60,260.0,4.0,0.0,1055.0,0.0
210,60,261.0,3.0,0.0,1055.0,0.0
210,60,262.0,3.0,0.0,1056.0,0.0
210,60,263.0,3.0,0.0,1056.0,0.0
210,60,264.0,3.0,0.0,1056.0,0.0
210,60,265.0,3.0,0.0,1056.0,0.0
210,60,266.0,2.0,0.0,1056.0,0.0
210,60,267.0,1.0,0.0,1057.0,0.0
210,60,268.0,0.0,0.0,1058.0,0.0
210,60,269.0,0.0,0.0,1059.0,0.0
210,61,0.0,3.0,0.0,0.0,0.0
210,61,1.0,6.0,0.0,0.0,0.0
210,61,2.0,15.0,0.0,0.0,0.0
210,61,3.0,22.0,0.0,0.0,0.0
210,61,4.0,26.0,0.0,0.0,0.0
210,61,5.0,30.0,0.0,0.0,0.0
210,61,6.0,35.0,0.0,0.0,0.0
210,61,7.0,40.0,0.0,0.0,0.0
210,61,8.0,46.0,0.0,0.0,0.0
210,61,9.0,52.0,0.0,0.0,0.0
210,61,10.0,65.0,0.0,0.0,0.0
210,61,11.0,70.0,0.0,0.0,0.0
210,61,12.0,74.0,0.0,0.0,0.0
210,61,13.0,78.0,0.0,0.0,0.0
210,61,14.0,82.0,0.0,0.0,0.0
210,61,15.0,88.0,0.0,0.0,0.0
210,61,16.0,93.0,0.0,0.0,0.0
210,61,17.0,98.0,0.0,0.0,0.0
210,61,18.0,105.0,0.0,1.0,0.0
210,61,19.0,108.0,0.0,1.0,0.0
210,61,20.0,113.0,0.0,1.0,0.0
210,61,21.0,116.0,0.0,1.0,0.0
210,61,22.0,122.0,0.0,2.0,0.0
210,61,23.0,128.0,0.0,3.0,0.0
210,61,24.0,131.0,0.0,3.0,0.0
210,61,25.0,136.0,0.0,6.0,0.0
210,61,26.0,136.0,0.0,7.0,0.0
210,61,27.0,138.0,0.0,10.0,0.0
210,61,28.0,141.0,0.0,12.0,0.0
210,61,29.0,145.0,0.0,13.0,0.0
210,61,30.0,145.0,0.0,18.0,0.0
210,61,31.0,142.0,0.0,25.0,0.0
210,61,32.0,143.0,0.0,30.0,0.0
210,61,33.0,146.0,0.0,35.0,0.0
210,61,34.0,146.0,0.0,38.0,0.0
210,61,35.0,147.0,0.0,43.0,0.0
210,61,36.0,147.0,0.0,49.0,0.0
210,61,37.0,146.0,0.0,52.0,0.0
210,61,38.0,150.0,0.0,57.0,0.0
210,61,39.0,151.0,0.0,60.0,0.0
210,61,40.0,156.0,0.0,65.0,0.0
210,61,41.0,159.0,0.0,67.0,0.0
210,61,42.0,162.0,0.0,70.0,0.0
210,61,43.0,160.0,0.0,74.0,0.0
210,61,44.0,163.0,0.0,79.0,0.0
210,61,45.0,165.0,0.0,81.0,0.0
210,61,46.0,170.0,0.0,86.0,0.0
210,61,47.0,173.0,0.0,87.0,0.0
210,61,48.0,171.0,0.0,91.0,0.0
210,61,49.0,168.0,0.0,100.0,0.0
210,61,50.0,176.0,0.0,107.0,0.0
210,61,51.0,177.0,0.0,108.0,0.0
210,61,52.0,184.0,0.0,111.0,0.0
210,61,53.0,187.0,0.0,113.0,0.0
210,61,54.0,182.0,0.0,114.0,0.0
210,61,55.0,182.0,0.0,123.0,0.0
210,61,56.0,179.0,0.0,130.0,0.0
210,61,57.0,179.0,0.0,140.0,0.0
210,61,58.0,180.0,0.0,145.0,0.0
210,61,59.0,182.0,0.0,151.0,0.0
210,61,60.0,183.0,0.0,155.0,0.0
210,61,61.0,183.0,0.0,158.0,0.0
210,61,62.0,184.0,0.0,165.0,0.0
210,61,63.0,184.0,0.0,170.0,0.0
210,61,64.0,179.0,0.0,178.0,0.0
210,61,65.0,179.0,0.0,186.0,0.0
210,61,66.0,179.0,0.0,191.0,0.0
210,61,67.0,179.0,0.0,198.0,0.0
210,61,68.0,179.0,0.0,203.0,0.0
210,61,69.0,183.0,0.0,207.0,0.0
210,61,70.0,186.0,0.0,210.0,0.0
210,61,71.0,187.0,0.0,215.0,0.0
210,61,72.0,186.0,0.0,219.0,0.0
210,61,73.0,185.0,0.0,226.0,0.0
210,61,74.0,191.0,0.0,231.0,0.0
210,61,75.0,188.0,0.0,234.0,0.0
210,61,76.0,187.0,0.0,241.0,0.0
210,61,77.0,185.0,0.0,245.0,0.0
210,61,78.0,179.0,0.0,251.0,0.0
210,61,79.0,177.0,0.0,260.0,0.0
210,61,80.0,173.0,0.0,266.0,0.0
210,61,81.0,171.0,0.0,274.0,0.0
210,61,82.0,168.0,0.0,279.0,0.0
210,61,83.0,167.0,0.0,286.0,0.0
210,61,84.0,168.0,0.0,295.0,0.0
210,61,85.0,171.0,0.0,299.0,0.0
210,61,86.0,173.0,0.0,301.0,0.0
210,61,87.0,176.0,0.0,306.0,0.0
210,61,88.0,175.0,0.0,311.0,0.0
210,61,89.0,172.0,0.0,317.0,0.0
210,61,90.0,175.0,0.0,324.0,0.0
210,61,91.0,179.0,0.0,326.0,0.0
210,61,92.0,175.0,0.0,328.0,0.0
210,61,93.0,173.0,0.0,335.0,0.0
210,61,94.0,174.0,0.0,341.0,0.0
210,61,95.0,172.0,0.0,347.0,0.0
210,61,96.0,173.0,0.0,353.0,0.0
210,61,97.0,173.0,0.0,358.0,0.0
210,61,98.0,170.0,0.0,365.0,0.0
210,61,99.0,173.0,0.0,372.0,0.0
210,61,100.0,173.0,0.0,377.0,0.0
210,61,101.0,173.0,0.0,383.0,0.0
210,61,102.0,175.0,0.0,389.0,0.0
210,61,103.0,174.0,0.0,394.0,0.0
210,61,104.0,175.0,0.0,399.0,0.0
210,61,105.0,174.0,0.0,403.0,0.0
210,61,106.0,174.0,0.0,410.0,0.0
210,61,107.0,173.0,0.0,416.0,0.0
210,61,108.0,176.0,0.0,422.0,0.0
210,61,109.0,182.0,0.0,428.0,0.0
210,61,110.0,183.0,0.0,431.0,0.0
210,61,111.0,178.0,0.0,438.0,0.0
210,61,112.0,176.0,0.0,446.0,0.0
210,61,113.0,178.0,0.0,450.0,0.0
210,61,114.0,181.0,0.0,453.0,0.0
210,61,115.0,178.0,0.0,456.0,0.0
210,61,116.0,182.0,0.0,462.0,0.0
210,61,117.0,180.0,0.0,465.0,0.0
210,61,118.0,183.0,0.0,469.0,0.0
210,61,119.0,182.0,0.0,471.0,0.0
210,61,120.0,187.0,0.0,479.0,0.0
210,61,121.0,183.0,0.0,484.0,0.0
210,61,122.0,185.0,0.0,493.0,0.0
210,61,123.0,183.0,0.0,496.0,0.0
210,61,124.0,184.0,0.0,501.0,0.0
210,61,125.0,185.0,0.0,506.0,0.0
210,61,126.0,183.0,0.0,511.0,0.0
210,61,127.0,179.0,0.0,520.0,0.0
210,61,128.0,175.0,0.0,527.0,0.0
210,61,129.0,172.0,0.0,535.0,0.0
210,61,130.0,168.0,0.0,542.0,0.0
210,61,131.0,169.0,0.0,550.0,0.0
210,61,132.0,170.0,0.0,556.0,0.0
210,61,133.0,168.0,0.0,559.0,0.0
210,61,134.0,167.0,0.0,565.0,0.0
210,61,135.0,169.0,0.0,570.0,0.0
210,61,136.0,170.0,0.0,574.0,0.0
210,61,137.0,168.0,0.0,579.0,0.0
210,61,138.0,172.0,0.0,587.0,0.0
210,61,139.0,171.0,0.0,589.0,0.0
210,61,140.0,173.0,0.0,596.0,0.0
210,61,141.0,164.0,0.0,599.0,0.0
210,61,142.0,162.0,0.0,613.0,0.0
210,61,143.0,160.0,0.0,619.0,0.0
210,61,144.0,159.0,0.0,625.0,0.0
210,61,145.0,159.0,0.0,632.0,0.0
210,61,146.0,158.0,0.0,639.0,0.0
210,61,147.0,158.0,0.0,644.0,0.0
210,61,148.0,163.0,0.0,649.0,0.0
210,61,149.0,158.0,0.0,651.0,0.0
210,61,150.0,160.0,0.0,660.0,0.0
210,61,151.0,159.0,0.0,665.0,0.0
210,61,152.0,160.0,0.0,673.0,0.0
210,61,153.0,161.0,0.0,677.0,0.0
210,61,154.0,164.0,0.0,682.0,0.0
210,61,155.0,163.0,0.0,689.0,0.0
210,61,156.0,165.0,0.0,693.0,0.0
210,61,157.0,172.0,0.0,699.0,0.0
210,61,158.0,174.0,0.0,702.0,0.0
210,61,159.0,175.0,0.0,705.0,0.0
210,61,160.0,179.0,0.0,710.0,0.0
210,61,161.0,175.0,0.0,714.0,0.0
210,61,162.0,181.0,0.0,724.0,0.0
210,61,163.0,182.0,0.0,727.0,0.0
210,61,164.0,184.0,0.0,730.0,0.0
210,61,165.0,184.0,0.0,732.0,0.0
210,61,166.0,187.0,0.0,738.0,0.0
210,61,167.0,179.0,0.0,741.0,0.0
210,61,168.0,180.0,0.0,751.0,0.0
210,61,169.0,181.0,0.0,758.0,0.0
210,61,170.0,181.0,0.0,762.0,0.0
210,61,171.0,184.0,0.0,766.0,0.0
210,61,172.0,180.0,0.0,767.0,0.0
210,61,173.0,182.0,0.0,774.0,0.0
210,61,174.0,184.0,0.0,779.0,0.0
210,61,175.0,183.0,0.0,782.0,0.0
210,61,176.0,183.0,0.0,786.0,0.0
210,61,177.0,182.0,0.0,790.0,0.0
210,61,178.0,178.0,0.0,797.0,0.0
210,61,179.0,179.0,0.0,804.0,0.0
210,61,180.0,176.0,0.0,808.0,0.0
210,61,181.0,172.0,0.0,818.0,0.0
210,61,182.0,172.0,0.0,824.0,0.0
210,61,183.0,170.0,0.0,829.0,0.0
210,61,184.0,166.0,0.0,837.0,0.0
210,61,185.0,163.0,0.0,846.0,0.0
210,61,186.0,164.0,0.0,854.0,0.0
210,61,187.0,165.0,0.0,861.0,0.0
210,61,188.0,168.0,0.0,866.0,0.0
210,61,189.0,172.0,0.0,871.0,0.0
210,61,190.0,176.0,0.0,874.0,0.0
210,61,191.0,171.0,0.0,875.0,0.0
210,61,192.0,173.0,0.0,887.0,0.0
210,61,193.0,169.0,0.0,891.0,0.0
210,61,194.0,167.0,0.0,897.0,0.0
210,61,195.0,164.0,0.0,905.0,0.0
210,61,196.0,165.0,0.0,913.0,0.0
210,61,197.0,162.0,0.0,917.0,0.0
210,61,198.0,165.0,0.0,923.0,0.0
210,61,199.0,165.0,0.0,926.0,0.0
210,61,200.0,164.0,0.0,930.0,0.0
210,61,201.0,160.0,0.0,937.0,0.0
210,61,202.0,155.0,0.0,941.0,0.0
210,61,203.0,148.0,0.0,946.0,0.0
210,61,204.0,145.0,0.0,953.0,0.0
210,61,205.0,139.0,0.0,956.0,0.0
210,61,206.0,135.0,0.0,962.0,0.0
210,61,207.0,127.0,0.0,966.0,0.0
210,61,208.0,124.0,0.0,974.0,0.0
210,61,209.0,118.0,0.0,977.0,0.0
210,61,210.0,114.0,0.0,983.0,0.0
210,61,211.0,104.0,0.0,987.0,0.0
210,61,212.0,99.0,0.0,997.0,0.0
210,61,213.0,94.0,0.0,1002.0,0.0
210,61,214.0,92.0,0.0,1007.0,0.0
210,61,215.0,87.0,0.0,1009.0,0.0
210,61,216.0,81.0,0.0,1014.0,0.0
210,61,217.0,75.0,0.0,1020.0,0.0
210,61,218.0,71.0,0.0,1026.0,0.0
210,61,219.0,68.0,0.0,1030.0,0.0
210,61,220.0,64.0,0.0,1033.0,0.0
210,61,221.0,58.0,0.0,1037.0,0.0
210,61,222.0,52.0,0.0,1043.0,0.0
210,61,223.0,48.0,0.0,1049.0,0.0
210,61,224.0,44.0,0.0,1053.0,0.0
210,61,225.0,41.0,0.0,1057.0,0.0
210,61,226.0,39.0,0.0,1060.0,0.0
210,61,227.0,38.0,0.0,1062.0,0.0
210,61,228.0,35.0,0.0,1063.0,0.0
210,61,229.0,33.0,0.0,1066.0,0.0
210,61,230.0,31.0,0.0,1068.0,0.0
210,61,231.0,27.0,0.0,1070.0,0.0
210,61,232.0,26.0,0.0,1074.0,0.0
210,61,233.0,25.0,0.0,1075.0,0.0
210,61,234.0,24.0,0.0,1076.0,0.0
210,61,235.0,22.0,0.0,1077.0,0.0
210,61,236.0,18.0,0.0,1079.0,0.0
210,61,237.0,16.0,0.0,1083.0,0.0
210,61,238.0,14.0,0.0,1085.0,0.0
210,61,239.0,14.0,0.0,1087.0,0.0
210,61,240.0,11.0,0.0,1087.0,0.0
210,61,241.0,11.0,0.0,1090.0,0.0
210,61,242.0,11.0,0.0,1090.0,0.0
210,61,243.0,11.0,0.0,1090.0,0.0
210,61,244.0,10.0,0.0,1090.0,0.0
210,61,245.0,9.0,0.0,1091.0,0.0
210,61,246.0,9.0,0.0,1092.0,0.0
210,61,247.0,9.0,0.0,1092.0,0.0
210,61,248.0,8.0,0.0,1092.0,0.0
210,61,249.0,8.0,0.0,1093.0,0.0
210,61,250.0,6.0,0.0,1093.0,0.0
210,61,251.0,6.0,0.0,1095.0,0.0
210,61,252.0,4.0,0.0,1095.0,0.0
210,61,253.0,4.0,0.0,1097.0,0.0
210,61,254.0,4.0,0.0,1097.0,0.0
210,61,255.0,3.0,0.0,1097.0,0.0
210,61,256.0,3.0,0.0,1098.0,0.0
210,61,257.0,3.0,0.0,1098.0,0.0
210,61,258.0,3.0,0.0,1098.0,0.0
210,61,259.0,3.0,0.0,1098.0,0.0
210,61,260.0,3.0,0.0,1098.0,0.0
210,61,261.0,2.0,0.0,1098.0,0.0
210,61,262.0,1.0,0.0,1099.0,0.0
210,61,263.0,0.0,0.0,1100.0,0.0
210,61,264.0,0.0,0.0,1101.0,0.0
210,62,0.0,6.0,0.0,0.0,0.0
210,62,1.0,12.0,0.0,0.0,0.0
210,62,2.0,19.0,0.0,0.0,0.0
210,62,3.0,25.0,0.0,0.0,0.0
210,62,4.0,31.0,0.0,0.0,0.0
210,62,5.0,35.0,0.0,0.0,0.0
210,62,6.0,41.0,0.0,0.0,0.0
210,62,7.0,50.0,0.0,0.0,0.0
210,62,8.0,58.0,0.0,0.0,0.0
210,62,9.0,61.0,0.0,0.0,0.0
210,62,10.0,68.0,0.0,0.0,0.0
210,62,11.0,72.0,0.0,0.0,0.0
210,62,12.0,78.0,0.0,0.0,0.0
210,62,13.0,85.0,0.0,0.0,0.0
210,62,14.0,91.0,0.0,0.0,0.0
210,62,15.0,97.0,0.0,0.0,0.0
210,62,16.0,101.0,0.0,0.0,0.0
210,62,17.0,106.0,0.0,0.0,0.0
210,62,18.0,107.0,0.0,1.0,0.0
210,62,19.0,110.0,0.0,3.0,0.0
210,62,20.0,113.0,0.0,3.0,0.0
210,62,21.0,115.0,0.0,5.0,0.0
210,62,22.0,121.0,0.0,8.0,0.0
210,62,23.0,125.0,0.0,11.0,0.0
210,62,24.0,126.0,0.0,13.0,0.0
210,62,25.0,129.0,0.0,15.0,0.0
210,62,26.0,134.0,0.0,17.0,0.0
210,62,27.0,138.0,0.0,19.0,0.0
210,62,28.0,141.0,0.0,21.0,0.0
210,62,29.0,141.0,0.0,23.0,0.0
210,62,30.0,138.0,0.0,28.0,0.0
210,62,31.0,135.0,0.0,34.0,0.0
210,62,32.0,136.0,0.0,39.0,0.0
210,62,33.0,133.0,0.0,44.0,0.0
210,62,34.0,137.0,0.0,50.0,0.0
210,62,35.0,138.0,0.0,54.0,0.0
210,62,36.0,142.0,0.0,57.0,0.0
210,62,37.0,144.0,0.0,59.0,0.0
210,62,38.0,151.0,0.0,63.0,0.0
210,62,39.0,150.0,0.0,65.0,0.0
210,62,40.0,152.0,0.0,71.0,0.0
210,62,41.0,154.0,0.0,77.0,0.0
210,62,42.0,153.0,0.0,79.0,0.0
210,62,43.0,154.0,0.0,84.0,0.0
210,62,44.0,153.0,0.0,88.0,0.0
210,62,45.0,151.0,0.0,95.0,0.0
210,62,46.0,154.0,0.0,102.0,0.0
210,62,47.0,159.0,0.0,108.0,0.0
210,62,48.0,162.0,0.0,114.0,0.0
210,62,49.0,165.0,0.0,116.0,0.0
210,62,50.0,167.0,0.0,122.0,0.0
210,62,51.0,166.0,0.0,126.0,0.0
210,62,52.0,172.0,0.0,132.0,0.0
210,62,53.0,173.0,0.0,136.0,0.0
210,62,54.0,178.0,0.0,141.0,0.0
210,62,55.0,176.0,0.0,145.0,0.0
210,62,56.0,178.0,0.0,153.0,0.0
210,62,57.0,185.0,0.0,158.0,0.0
210,62,58.0,184.0,0.0,159.0,0.0
210,62,59.0,186.0,0.0,164.0,0.0
210,62,60.0,187.0,0.0,167.0,0.0
210,62,61.0,189.0,0.0,170.0,0.0
210,62,62.0,186.0,0.0,176.0,0.0
210,62,63.0,183.0,0.0,183.0,0.0
210,62,64.0,185.0,0.0,193.0,0.0
210,62,65.0,187.0,0.0,200.0,0.0
210,62,66.0,188.0,0.0,204.0,0.0
210,62,67.0,197.0,0.0,209.0,0.0
210,62,68.0,197.0,0.0,210.0,0.0
210,62,69.0,191.0,0.0,215.0,0.0
210,62,70.0,188.0,0.0,224.0,0.0
210,62,71.0,183.0,0.0,231.0,0.0
210,62,72.0,184.0,0.0,238.0,0.0
210,62,73.0,182.0,0.0,243.0,0.0
210,62,74.0,183.0,0.0,248.0,0.0
210,62,75.0,180.0,0.0,252.0,0.0
210,62,76.0,172.0,0.0,262.0,0.0
210,62,77.0,173.0,0.0,274.0,0.0
210,62,78.0,174.0,0.0,278.0,0.0
210,62,79.0,176.0,0.0,283.0,0.0
210,62,80.0,174.0,0.0,288.0,0.0
210,62,81.0,178.0,0.0,296.0,0.0
210,62,82.0,180.0,0.0,299.0,0.0
210,62,83.0,179.0,0.0,304.0,0.0
210,62,84.0,175.0,0.0,312.0,0.0
210,62,85.0,175.0,0.0,321.0,0.0
210,62,86.0,176.0,0.0,327.0,0.0
210,62,87.0,178.0,0.0,330.0,0.0
210,62,88.0,179.0,0.0,332.0,0.0
210,62,89.0,187.0,0.0,339.0,0.0
210,62,90.0,187.0,0.0,343.0,0.0
210,62,91.0,185.0,0.0,349.0,0.0
210,62,92.0,182.0,0.0,356.0,0.0
210,62,93.0,183.0,0.0,362.0,0.0
210,62,94.0,183.0,0.0,366.0,0.0
210,62,95.0,182.0,0.0,370.0,0.0
210,62,96.0,182.0,0.0,374.0,0.0
210,62,97.0,183.0,0.0,379.0,0.0
210,62,98.0,181.0,0.0,385.0,0.0
210,62,99.0,180.0,0.0,390.0,0.0
210,62,100.0,186.0,0.0,398.0,0.0
210,62,101.0,186.0,0.0,403.0,0.0
210,62,102.0,184.0,0.0,411.0,0.0
210,62,103.0,186.0,0.0,416.0,0.0
210,62,104.0,183.0,0.0,419.0,0.0
210,62,105.0,180.0,0.0,427.0,0.0
210,62,106.0,177.0,0.0,437.0,0.0
210,62,107.0,179.0,0.0,443.0,0.0
210,62,108.0,179.0,0.0,448.0,0.0
210,62,109.0,180.0,0.0,454.0,0.0
210,62,110.0,179.0,0.0,457.0,0.0
210,62,111.0,172.0,0.0,461.0,0.0
210,62,112.0,175.0,0.0,472.0,0.0
210,62,113.0,175.0,0.0,478.0,0.0
210,62,114.0,177.0,0.0,482.0,0.0
210,62,115.0,174.0,0.0,485.0,0.0
210,62,116.0,174.0,0.0,490.0,0.0
210,62,117.0,176.0,0.0,496.0,0.0
210,62,118.0,178.0,0.0,497.0,0.0
210,62,119.0,175.0,0.0,499.0,0.0
210,62,120.0,168.0,0.0,508.0,0.0
210,62,121.0,170.0,0.0,518.0,0.0
210,62,122.0,177.0,0.0,523.0,0.0
210,62,123.0,177.0,0.0,525.0,0.0
210,62,124.0,175.0,0.0,529.0,0.0
210,62,125.0,176.0,0.0,535.0,0.0
210,62,126.0,175.0,0.0,542.0,0.0
210,62,127.0,178.0,0.0,548.0,0.0
210,62,128.0,172.0,0.0,552.0,0.0
210,62,129.0,171.0,0.0,561.0,0.0
210,62,130.0,173.0,0.0,568.0,0.0
210,62,131.0,175.0,0.0,573.0,0.0
210,62,132.0,173.0,0.0,577.0,0.0
210,62,133.0,177.0,0.0,583.0,0.0
210,62,134.0,176.0,0.0,589.0,0.0
210,62,135.0,177.0,0.0,594.0,0.0
210,62,136.0,178.0,0.0,598.0,0.0
210,62,137.0,179.0,0.0,602.0,0.0
210,62,138.0,183.0,0.0,605.0,0.0
210,62,139.0,179.0,0.0,607.0,0.0
210,62,140.0,178.0,0.0,615.0,0.0
210,62,141.0,180.0,0.0,620.0,0.0
210,62,142.0,178.0,0.0,624.0,0.0
210,62,143.0,178.0,0.0,629.0,0.0
210,62,144.0,174.0,0.0,635.0,0.0
210,62,145.0,172.0,0.0,644.0,0.0
210,62,146.0,170.0,0.0,655.0,0.0
210,62,147.0,170.0,0.0,661.0,0.0
210,62,148.0,171.0,0.0,665.0,0.0
210,62,149.0,173.0,0.0,671.0,0.0
210,62,150.0,169.0,0.0,676.0,0.0
210,62,151.0,166.0,0.0,683.0,0.0
210,62,152.0,168.0,0.0,688.0,0.0
210,62,153.0,166.0,0.0,691.0,0.0
210,62,154.0,167.0,0.0,697.0,0.0
210,62,155.0,167.0,0.0,704.0,0.0
210,62,156.0,168.0,0.0,710.0,0.0
210,62,157.0,170.0,0.0,718.0,0.0
210,62,158.0,170.0,0.0,722.0,0.0
210,62,159.0,170.0,0.0,728.0,0.0
210,62,160.0,172.0,0.0,731.0,0.0
210,62,161.0,166.0,0.0,734.0,0.0
210,62,162.0,166.0,0.0,744.0,0.0
210,62,163.0,170.0,0.0,749.0,0.0
210,62,164.0,163.0,0.0,750.0,0.0
210,62,165.0,163.0,0.0,763.0,0.0
210,62,166.0,168.0,0.0,768.0,0.0
210,62,167.0,165.0,0.0,774.0,0.0
210,62,168.0,162.0,0.0,781.0,0.0
210,62,169.0,165.0,0.0,789.0,0.0
210,62,170.0,166.0,0.0,794.0,0.0
210,62,171.0,170.0,0.0,798.0,0.0
210,62,172.0,169.0,0.0,801.0,0.0
210,62,173.0,170.0,0.0,808.0,0.0
210,62,174.0,173.0,0.0,812.0,0.0
210,62,175.0,174.0,0.0,817.0,0.0
210,62,176.0,174.0,0.0,820.0,0.0
210,62,177.0,172.0,0.0,827.0,0.0
210,62,178.0,172.0,0.0,832.0,0.0
210,62,179.0,173.0,0.0,839.0,0.0
210,62,180.0,175.0,0.0,843.0,0.0
210,62,181.0,176.0,0.0,849.0,0.0
210,62,182.0,178.0,0.0,851.0,0.0
210,62,183.0,173.0,0.0,855.0,0.0
210,62,184.0,176.0,0.0,862.0,0.0
210,62,185.0,180.0,0.0,866.0,0.0
210,62,186.0,178.0,0.0,870.0,0.0
210,62,187.0,178.0,0.0,875.0,0.0
210,62,188.0,175.0,0.0,882.0,0.0
210,62,189.0,177.0,0.0,889.0,0.0
210,62,190.0,178.0,0.0,896.0,0.0
210,62,191.0,174.0,0.0,901.0,0.0
210,62,192.0,175.0,0.0,909.0,0.0
210,62,193.0,176.0,0.0,914.0,0.0
210,62,194.0,174.0,0.0,917.0,0.0
210,62,195.0,175.0,0.0,923.0,0.0
210,62,196.0,176.0,0.0,926.0,0.0
210,62,197.0,176.0,0.0,928.0,0.0
210,62,198.0,174.0,0.0,935.0,0.0
210,62,199.0,174.0,0.0,944.0,0.0
210,62,200.0,168.0,0.0,950.0,0.0
210,62,201.0,161.0,0.0,962.0,0.0
210,62,202.0,157.0,0.0,969.0,0.0
210,62,203.0,151.0,0.0,973.0,0.0
210,62,204.0,144.0,0.0,979.0,0.0
210,62,205.0,135.0,0.0,986.0,0.0
210,62,206.0,132.0,0.0,995.0,0.0
210,62,207.0,123.0,0.0,998.0,0.0
210,62,208.0,118.0,0.0,1007.0,0.0
210,62,209.0,113.0,0.0,1012.0,0.0
210,62,210.0,108.0,0.0,1017.0,0.0
210,62,211.0,104.0,0.0,1022.0,0.0
210,62,212.0,100.0,0.0,1026.0,0.0
210,62,213.0,97.0,0.0,1030.0,0.0
210,62,214.0,93.0,0.0,1033.0,0.0
210,62,215.0,89.0,0.0,1037.0,0.0
210,62,216.0,85.0,0.0,1041.0,0.0
210,62,217.0,79.0,0.0,1045.0,0.0
210,62,218.0,74.0,0.0,1051.0,0.0
210,62,219.0,71.0,0.0,1056.0,0.0
210,62,220.0,65.0,0.0,1059.0,0.0
210,62,221.0,62.0,0.0,1065.0,0.0
210,62,222.0,58.0,0.0,1068.0,0.0
210,62,223.0,51.0,0.0,1072.0,0.0
210,62,224.0,47.0,0.0,1079.0,0.0
210,62,225.0,45.0,0.0,1083.0,0.0
210,62,226.0,41.0,0.0,1085.0,0.0
210,62,227.0,38.0,0.0,1089.0,0.0
210,62,228.0,36.0,0.0,1092.0,0.0
210,62,229.0,35.0,0.0,1094.0,0.0
210,62,230.0,31.0,0.0,1095.0,0.0
210,62,231.0,30.0,0.0,1099.0,0.0
210,62,232.0,29.0,0.0,1100.0,0.0
210,62,233.0,26.0,0.0,1101.0,0.0
210,62,234.0,26.0,0.0,1104.0,0.0
210,62,235.0,26.0,0.0,1104.0,0.0
210,62,236.0,22.0,0.0,1104.0,0.0
210,62,237.0,19.0,0.0,1108.0,0.0
210,62,238.0,19.0,0.0,1111.0,0.0
210,62,239.0,16.0,0.0,1111.0,0.0
210,62,240.0,15.0,0.0,1114.0,0.0
210,62,241.0,14.0,0.0,1115.0,0.0
210,62,242.0,14.0,0.0,1116.0,0.0
210,62,243.0,14.0,0.0,1116.0,0.0
210,62,244.0,13.0,0.0,1116.0,0.0
210,62,245.0,13.0,0.0,1117.0,0.0
210,62,246.0,12.0,0.0,1117.0,0.0
210,62,247.0,12.0,0.0,1118.0,0.0
210,62,248.0,11.0,0.0,1118.0,0.0
210,62,249.0,10.0,0.0,1119.0,0.0
210,62,250.0,10.0,0.0,1120.0,0.0
210,62,251.0,10.0,0.0,1120.0,0.0
210,62,252.0,8.0,0.0,1120.0,0.0
210,62,253.0,7.0,0.0,1122.0,0.0
210,62,254.0,7.0,0.0,1123.0,0.0
210,62,255.0,6.0,0.0,1123.0,0.0
210,62,256.0,6.0,0.0,1124.0,0.0
210,62,257.0,5.0,0.0,1124.0,0.0
210,62,258.0,3.0,0.0,1125.0,0.0
210,62,259.0,3.0,0.0,1127.0,0.0
210,62,260.0,2.0,0.0,1127.0,0.0
210,62,261.0,2.0,0.0,1128.0,0.0
210,62,262.0,2.0,0.0,1128.0,0.0
210,62,263.0,1.0,0.0,1128.0,0.0
210,62,264.0,1.0,0.0,1129.0,0.0
210,62,265.0,0.0,0.0,1129.0,0.0
210,62,266.0,0.0,0.0,1130.0,0.0
210,63,0.0,5.0,0.0,0.0,0.0
210,63,1.0,10.0,0.0,0.0,0.0
210,63,2.0,14.0,0.0,0.0,0.0
210,63,3.0,20.0,0.0,0.0,0.0
210,63,4.0,23.0,0.0,0.0,0.0
210,63,5.0,29.0,0.0,0.0,0.0
210,63,6.0,32.0,0.0,0.0,0.0
210,63,7.0,38.0,0.0,0.0,0.0
210,63,8.0,41.0,0.0,0.0,0.0
210,63,9.0,48.0,0.0,0.0,0.0
210,63,10.0,51.0,0.0,0.0,0.0
210,63,11.0,54.0,0.0,0.0,0.0
210,63,12.0,62.0,0.0,0.0,0.0
210,63,13.0,66.0,0.0,0.0,0.0
210,63,14.0,70.0,0.0,0.0,0.0
210,63,15.0,75.0,0.0,0.0,0.0
210,63,16.0,80.0,0.0,0.0,0.0
210,63,17.0,90.0,0.0,0.0,0.0
210,63,18.0,93.0,0.0,0.0,0.0
210,63,19.0,96.0,0.0,0.0,0.0
210,63,20.0,100.0,0.0,0.0,0.0
210,63,21.0,103.0,0.0,0.0,0.0
210,63,22.0,107.0,0.0,2.0,0.0
210,63,23.0,110.0,0.0,3.0,0.0
210,63,24.0,114.0,0.0,4.0,0.0
210,63,25.0,115.0,0.0,5.0,0.0
210,63,26.0,119.0,0.0,7.0,0.0
210,63,27.0,118.0,0.0,10.0,0.0
210,63,28.0,120.0,0.0,15.0,0.0
210,63,29.0,117.0,0.0,17.0,0.0
210,63,30.0,120.0,0.0,25.0,0.0
210,63,31.0,121.0,0.0,29.0,0.0
210,63,32.0,121.0,0.0,32.0,0.0
210,63,33.0,121.0,0.0,40.0,0.0
210,63,34.0,126.0,0.0,44.0,0.0
210,63,35.0,126.0,0.0,45.0,0.0
210,63,36.0,129.0,0.0,48.0,0.0
210,63,37.0,131.0,0.0,50.0,0.0
210,63,38.0,136.0,0.0,53.0,0.0
210,63,39.0,137.0,0.0,56.0,0.0
210,63,40.0,139.0,0.0,60.0,0.0
210,63,41.0,143.0,0.0,63.0,0.0
210,63,42.0,144.0,0.0,66.0,0.0
210,63,43.0,145.0,0.0,70.0,0.0
210,63,44.0,144.0,0.0,72.0,0.0
210,63,45.0,141.0,0.0,77.0,0.0
210,63,46.0,143.0,0.0,85.0,0.0
210,63,47.0,146.0,0.0,87.0,0.0
210,63,48.0,146.0,0.0,92.0,0.0
210,63,49.0,148.0,0.0,98.0,0.0
210,63,50.0,149.0,0.0,101.0,0.0
210,63,51.0,154.0,0.0,106.0,0.0
210,63,52.0,159.0,0.0,110.0,0.0
210,63,53.0,160.0,0.0,114.0,0.0
210,63,54.0,163.0,0.0,119.0,0.0
210,63,55.0,167.0,0.0,124.0,0.0
210,63,56.0,166.0,0.0,125.0,0.0
210,63,57.0,163.0,0.0,129.0,0.0
210,63,58.0,160.0,0.0,136.0,0.0
210,63,59.0,156.0,0.0,141.0,0.0
210,63,60.0,155.0,0.0,147.0,0.0
210,63,61.0,158.0,0.0,151.0,0.0
210,63,62.0,158.0,0.0,156.0,0.0
210,63,63.0,161.0,0.0,162.0,0.0
210,63,64.0,162.0,0.0,166.0,0.0
210,63,65.0,165.0,0.0,170.0,0.0
210,63,66.0,170.0,0.0,174.0,0.0
210,63,67.0,170.0,0.0,178.0,0.0
210,63,68.0,173.0,0.0,183.0,0.0
210,63,69.0,171.0,0.0,185.0,0.0
210,63,70.0,169.0,0.0,190.0,0.0
210,63,71.0,166.0,0.0,199.0,0.0
210,63,72.0,165.0,0.0,207.0,0.0
210,63,73.0,163.0,0.0,213.0,0.0
210,63,74.0,156.0,0.0,218.0,0.0
210,63,75.0,159.0,0.0,227.0,0.0
210,63,76.0,155.0,0.0,232.0,0.0
210,63,77.0,156.0,0.0,238.0,0.0
210,63,78.0,154.0,0.0,242.0,0.0
210,63,79.0,154.0,0.0,250.0,0.0
210,63,80.0,162.0,0.0,255.0,0.0
210,63,81.0,164.0,0.0,258.0,0.0
210,63,82.0,165.0,0.0,265.0,0.0
210,63,83.0,164.0,0.0,271.0,0.0
210,63,84.0,164.0,0.0,278.0,0.0
210,63,85.0,163.0,0.0,283.0,0.0
210,63,86.0,159.0,0.0,289.0,0.0
210,63,87.0,160.0,0.0,297.0,0.0
210,63,88.0,165.0,0.0,302.0,0.0
210,63,89.0,164.0,0.0,307.0,0.0
210,63,90.0,162.0,0.0,314.0,0.0
210,63,91.0,164.0,0.0,320.0,0.0
210,63,92.0,168.0,0.0,324.0,0.0
210,63,93.0,167.0,0.0,327.0,0.0
210,63,94.0,163.0,0.0,332.0,0.0
210,63,95.0,168.0,0.0,339.0,0.0
210,63,96.0,170.0,0.0,341.0,0.0
210,63,97.0,175.0,0.0,345.0,0.0
210,63,98.0,179.0,0.0,347.0,0.0
210,63,99.0,179.0,0.0,350.0,0.0
210,63,100.0,181.0,0.0,356.0,0.0
210,63,101.0,180.0,0.0,361.0,0.0
210,63,102.0,184.0,0.0,368.0,0.0
210,63,103.0,186.0,0.0,371.0,0.0
210,63,104.0,184.0,0.0,377.0,0.0
210,63,105.0,181.0,0.0,384.0,0.0
210,63,106.0,178.0,0.0,391.0,0.0
210,63,107.0,174.0,0.0,399.0,0.0
210,63,108.0,173.0,0.0,406.0,0.0
210,63,109.0,173.0,0.0,413.0,0.0
210,63,110.0,171.0,0.0,417.0,0.0
210,63,111.0,172.0,0.0,424.0,0.0
210,63,112.0,172.0,0.0,428.0,0.0
210,63,113.0,174.0,0.0,433.0,0.0
210,63,114.0,178.0,0.0,439.0,0.0
210,63,115.0,182.0,0.0,444.0,0.0
210,63,116.0,180.0,0.0,446.0,0.0
210,63,117.0,180.0,0.0,450.0,0.0
210,63,118.0,179.0,0.0,458.0,0.0
210,63,119.0,180.0,0.0,464.0,0.0
210,63,120.0,180.0,0.0,470.0,0.0
210,63,121.0,177.0,0.0,475.0,0.0
210,63,122.0,178.0,0.0,483.0,0.0
210,63,123.0,174.0,0.0,487.0,0.0
210,63,124.0,170.0,0.0,494.0,0.0
210,63,125.0,168.0,0.0,503.0,0.0
210,63,126.0,167.0,0.0,509.0,0.0
210,63,127.0,164.0,0.0,513.0,0.0
210,63,128.0,166.0,0.0,520.0,0.0
210,63,129.0,161.0,0.0,523.0,0.0
210,63,130.0,160.0,0.0,531.0,0.0
210,63,131.0,163.0,0.0,534.0,0.0
210,63,132.0,162.0,0.0,537.0,0.0
210,63,133.0,166.0,0.0,546.0,0.0
210,63,134.0,166.0,0.0,549.0,0.0
210,63,135.0,166.0,0.0,552.0,0.0
210,63,136.0,170.0,0.0,556.0,0.0
210,63,137.0,169.0,0.0,559.0,0.0
210,63,138.0,169.0,0.0,564.0,0.0
210,63,139.0,166.0,0.0,569.0,0.0
210,63,140.0,164.0,0.0,577.0,0.0
210,63,141.0,159.0,0.0,584.0,0.0
210,63,142.0,152.0,0.0,594.0,0.0
210,63,143.0,147.0,0.0,602.0,0.0
210,63,144.0,144.0,0.0,609.0,0.0
210,63,145.0,143.0,0.0,616.0,0.0
210,63,146.0,142.0,0.0,619.0,0.0
210,63,147.0,141.0,0.0,625.0,0.0
210,63,148.0,138.0,0.0,630.0,0.0
210,63,149.0,136.0,0.0,636.0,0.0
210,63,150.0,133.0,0.0,642.0,0.0
210,63,151.0,133.0,0.0,649.0,0.0
210,63,152.0,135.0,0.0,654.0,0.0
210,63,153.0,139.0,0.0,658.0,0.0
210,63,154.0,140.0,0.0,661.0,0.0
210,63,155.0,144.0,0.0,665.0,0.0
210,63,156.0,141.0,0.0,671.0,0.0
210,63,157.0,144.0,0.0,677.0,0.0
210,63,158.0,148.0,0.0,683.0,0.0
210,63,159.0,149.0,0.0,686.0,0.0
210,63,160.0,155.0,0.0,689.0,0.0
210,63,161.0,155.0,0.0,692.0,0.0
210,63,162.0,159.0,0.0,694.0,0.0
210,63,163.0,160.0,0.0,696.0,0.0
210,63,164.0,162.0,0.0,699.0,0.0
210,63,165.0,160.0,0.0,703.0,0.0
210,63,166.0,160.0,0.0,708.0,0.0
210,63,167.0,158.0,0.0,712.0,0.0
210,63,168.0,155.0,0.0,717.0,0.0
210,63,169.0,155.0,0.0,721.0,0.0
210,63,170.0,156.0,0.0,727.0,0.0
210,63,171.0,155.0,0.0,731.0,0.0
210,63,172.0,159.0,0.0,737.0,0.0
210,63,173.0,157.0,0.0,738.0,0.0
210,63,174.0,155.0,0.0,745.0,0.0
210,63,175.0,152.0,0.0,751.0,0.0
210,63,176.0,152.0,0.0,760.0,0.0
210,63,177.0,150.0,0.0,764.0,0.0
210,63,178.0,152.0,0.0,770.0,0.0
210,63,179.0,151.0,0.0,774.0,0.0
210,63,180.0,157.0,0.0,779.0,0.0
210,63,181.0,155.0,0.0,783.0,0.0
210,63,182.0,156.0,0.0,792.0,0.0
210,63,183.0,152.0,0.0,796.0,0.0
210,63,184.0,153.0,0.0,802.0,0.0
210,63,185.0,145.0,0.0,807.0,0.0
210,63,186.0,141.0,0.0,816.0,0.0
210,63,187.0,143.0,0.0,825.0,0.0
210,63,188.0,146.0,0.0,829.0,0.0
210,63,189.0,146.0,0.0,833.0,0.0
210,63,190.0,149.0,0.0,841.0,0.0
210,63,191.0,149.0,0.0,843.0,0.0
210,63,192.0,151.0,0.0,848.0,0.0
210,63,193.0,154.0,0.0,852.0,0.0
210,63,194.0,155.0,0.0,854.0,0.0
210,63,195.0,152.0,0.0,857.0,0.0
210,63,196.0,150.0,0.0,865.0,0.0
210,63,197.0,150.0,0.0,871.0,0.0
210,63,198.0,154.0,0.0,877.0,0.0
210,63,199.0,152.0,0.0,882.0,0.0
210,63,200.0,158.0,0.0,887.0,0.0
210,63,201.0,156.0,0.0,890.0,0.0
210,63,202.0,151.0,0.0,892.0,0.0
210,63,203.0,145.0,0.0,897.0,0.0
210,63,204.0,139.0,0.0,903.0,0.0
210,63,205.0,136.0,0.0,909.0,0.0
210,63,206.0,129.0,0.0,912.0,0.0
210,63,207.0,125.0,0.0,919.0,0.0
210,63,208.0,121.0,0.0,923.0,0.0
210,63,209.0,116.0,0.0,927.0,0.0
210,63,210.0,110.0,0.0,932.0,0.0
210,63,211.0,105.0,0.0,938.0,0.0
210,63,212.0,100.0,0.0,943.0,0.0
210,63,213.0,95.0,0.0,948.0,0.0
210,63,214.0,88.0,0.0,953.0,0.0
210,63,215.0,82.0,0.0,960.0,0.0
210,63,216.0,74.0,0.0,966.0,0.0
210,63,217.0,70.0,0.0,974.0,0.0
210,63,218.0,67.0,0.0,978.0,0.0
210,63,219.0,63.0,0.0,981.0,0.0
210,63,220.0,59.0,0.0,985.0,0.0
210,63,221.0,53.0,0.0,989.0,0.0
210,63,222.0,48.0,0.0,995.0,0.0
210,63,223.0,44.0,0.0,1000.0,0.0
210,63,224.0,39.0,0.0,1004.0,0.0
210,63,225.0,33.0,0.0,1009.0,0.0
210,63,226.0,30.0,0.0,1015.0,0.0
210,63,227.0,30.0,0.0,1018.0,0.0
210,63,228.0,30.0,0.0,1018.0,0.0
210,63,229.0,28.0,0.0,1018.0,0.0
210,63,230.0,27.0,0.0,1020.0,0.0
210,63,231.0,24.0,0.0,1021.0,0.0
210,63,232.0,21.0,0.0,1024.0,0.0
210,63,233.0,21.0,0.0,1027.0,0.0
210,63,234.0,18.0,0.0,1027.0,0.0
210,63,235.0,18.0,0.0,1030.0,0.0
210,63,236.0,17.0,0.0,1030.0,0.0
210,63,237.0,17.0,0.0,1031.0,0.0
210,63,238.0,16.0,0.0,1031.0,0.0
210,63,239.0,14.0,0.0,1032.0,0.0
210,63,240.0,12.0,0.0,1034.0,0.0
210,63,241.0,12.0,0.0,1036.0,0.0
210,63,242.0,12.0,0.0,1036.0,0.0
210,63,243.0,10.0,0.0,1036.0,0.0
210,63,244.0,9.0,0.0,1038.0,0.0
210,63,245.0,8.0,0.0,1039.0,0.0
210,63,246.0,8.0,0.0,1040.0,0.0
210,63,247.0,7.0,0.0,1040.0,0.0
210,63,248.0,7.0,0.0,1041.0,0.0
210,63,249.0,7.0,0.0,1041.0,0.0
210,63,250.0,7.0,0.0,1041.0,0.0
210,63,251.0,5.0,0.0,1041.0,0.0
210,63,252.0,5.0,0.0,1043.0,0.0
210,63,253.0,5.0,0.0,1043.0,0.0
210,63,254.0,5.0,0.0,1043.0,0.0
210,63,255.0,3.0,0.0,1043.0,0.0
210,63,256.0,3.0,0.0,1045.0,0.0
210,63,257.0,3.0,0.0,1045.0,0.0
210,63,258.0,3.0,0.0,1045.0,0.0
210,63,259.0,3.0,0.0,1045.0,0.0
210,63,260.0,3.0,0.0,1045.0,0.0
210,63,261.0,3.0,0.0,1045.0,0.0
210,63,262.0,2.0,0.0,1045.0,0.0
210,63,263.0,2.0,0.0,1046.0,0.0
210,63,264.0,1.0,0.0,1046.0,0.0
210,63,265.0,1.0,0.0,1047.0,0.0
210,63,266.0,1.0,0.0,1047.0,0.0
210,63,267.0,1.0,0.0,1047.0,0.0
210,63,268.0,1.0,0.0,1047.0,0.0
210,63,269.0,1.0,0.0,1047.0,0.0
210,63,270.0,0.0,0.0,1047.0,0.0
210,63,271.0,0.0,0.0,1048.0,0.0
210,64,0.0,6.0,0.0,0.0,0.0
210,64,1.0,14.0,0.0,0.0,0.0
210,64,2.0,18.0,0.0,0.0,0.0
210,64,3.0,23.0,0.0,0.0,0.0
210,64,4.0,29.0,0.0,0.0,0.0
210,64,5.0,33.0,0.0,0.0,0.0
210,64,6.0,38.0,0.0,0.0,0.0
210,64,7.0,47.0,0.0,0.0,0.0
210,64,8.0,56.0,0.0,0.0,0.0
210,64,9.0,59.0,0.0,0.0,0.0
210,64,10.0,63.0,0.0,0.0,0.0
210,64,11.0,68.0,0.0,0.0,0.0
210,64,12.0,76.0,0.0,0.0,0.0
210,64,13.0,85.0,0.0,0.0,0.0
210,64,14.0,89.0,0.0,0.0,0.0
210,64,15.0,94.0,0.0,0.0,0.0
210,64,16.0,102.0,0.0,0.0,0.0
210,64,17.0,108.0,0.0,0.0,0.0
210,64,18.0,116.0,0.0,1.0,0.0
210,64,19.0,122.0,0.0,1.0,0.0
210,64,20.0,126.0,0.0,1.0,0.0
210,64,21.0,128.0,0.0,2.0,0.0
210,64,22.0,131.0,0.0,4.0,0.0
210,64,23.0,135.0,0.0,4.0,0.0
210,64,24.0,136.0,0.0,6.0,0.0
210,64,25.0,139.0,0.0,10.0,0.0
210,64,26.0,143.0,0.0,14.0,0.0
210,64,27.0,144.0,0.0,15.0,0.0
210,64,28.0,146.0,0.0,19.0,0.0
210,64,29.0,145.0,0.0,23.0,0.0
210,64,30.0,143.0,0.0,27.0,0.0
210,64,31.0,146.0,0.0,31.0,0.0
210,64,32.0,154.0,0.0,36.0,0.0
210,64,33.0,154.0,0.0,38.0,0.0
210,64,34.0,153.0,0.0,44.0,0.0
210,64,35.0,154.0,0.0,49.0,0.0
210,64,36.0,153.0,0.0,53.0,0.0
210,64,37.0,154.0,0.0,58.0,0.0
210,64,38.0,152.0,0.0,63.0,0.0
210,64,39.0,157.0,0.0,69.0,0.0
210,64,40.0,162.0,0.0,74.0,0.0
210,64,41.0,163.0,0.0,77.0,0.0
210,64,42.0,163.0,0.0,81.0,0.0
210,64,43.0,160.0,0.0,87.0,0.0
210,64,44.0,164.0,0.0,93.0,0.0
210,64,45.0,168.0,0.0,97.0,0.0
210,64,46.0,168.0,0.0,99.0,0.0
210,64,47.0,171.0,0.0,104.0,0.0
210,64,48.0,173.0,0.0,107.0,0.0
210,64,49.0,172.0,0.0,110.0,0.0
210,64,50.0,174.0,0.0,117.0,0.0
210,64,51.0,174.0,0.0,121.0,0.0
210,64,52.0,173.0,0.0,127.0,0.0
210,64,53.0,171.0,0.0,132.0,0.0
210,64,54.0,173.0,0.0,138.0,0.0
210,64,55.0,172.0,0.0,142.0,0.0
210,64,56.0,173.0,0.0,150.0,0.0
210,64,57.0,173.0,0.0,156.0,0.0
210,64,58.0,181.0,0.0,162.0,0.0
210,64,59.0,181.0,0.0,164.0,0.0
210,64,60.0,180.0,0.0,169.0,0.0
210,64,61.0,181.0,0.0,174.0,0.0
210,64,62.0,178.0,0.0,180.0,0.0
210,64,63.0,178.0,0.0,187.0,0.0
210,64,64.0,174.0,0.0,192.0,0.0
210,64,65.0,171.0,0.0,201.0,0.0
210,64,66.0,169.0,0.0,207.0,0.0
210,64,67.0,172.0,0.0,216.0,0.0
210,64,68.0,173.0,0.0,220.0,0.0
210,64,69.0,171.0,0.0,224.0,0.0
210,64,70.0,164.0,0.0,229.0,0.0
210,64,71.0,161.0,0.0,239.0,0.0
210,64,72.0,155.0,0.0,245.0,0.0
210,64,73.0,151.0,0.0,254.0,0.0
210,64,74.0,151.0,0.0,263.0,0.0
210,64,75.0,152.0,0.0,270.0,0.0
210,64,76.0,153.0,0.0,274.0,0.0
210,64,77.0,153.0,0.0,279.0,0.0
210,64,78.0,153.0,0.0,283.0,0.0
210,64,79.0,156.0,0.0,289.0,0.0
210,64,80.0,158.0,0.0,294.0,0.0
210,64,81.0,162.0,0.0,298.0,0.0
210,64,82.0,160.0,0.0,300.0,0.0
210,64,83.0,159.0,0.0,306.0,0.0
210,64,84.0,158.0,0.0,313.0,0.0
210,64,85.0,160.0,0.0,318.0,0.0
210,64,86.0,160.0,0.0,321.0,0.0
210,64,87.0,163.0,0.0,326.0,0.0
210,64,88.0,163.0,0.0,329.0,0.0
210,64,89.0,164.0,0.0,334.0,0.0
210,64,90.0,164.0,0.0,337.0,0.0
210,64,91.0,163.0,0.0,344.0,0.0
210,64,92.0,165.0,0.0,351.0,0.0
210,64,93.0,163.0,0.0,353.0,0.0
210,64,94.0,158.0,0.0,359.0,0.0
210,64,95.0,163.0,0.0,368.0,0.0
210,64,96.0,163.0,0.0,370.0,0.0
210,64,97.0,164.0,0.0,378.0,0.0
210,64,98.0,168.0,0.0,381.0,0.0
210,64,99.0,167.0,0.0,382.0,0.0
210,64,100.0,164.0,0.0,390.0,0.0
210,64,101.0,167.0,0.0,397.0,0.0
210,64,102.0,171.0,0.0,401.0,0.0
210,64,103.0,171.0,0.0,404.0,0.0
210,64,104.0,169.0,0.0,412.0,0.0
210,64,105.0,167.0,0.0,418.0,0.0
210,64,106.0,163.0,0.0,423.0,0.0
210,64,107.0,167.0,0.0,430.0,0.0
210,64,108.0,165.0,0.0,434.0,0.0
210,64,109.0,172.0,0.0,441.0,0.0
210,64,110.0,172.0,0.0,442.0,0.0
210,64,111.0,170.0,0.0,446.0,0.0
210,64,112.0,168.0,0.0,452.0,0.0
210,64,113.0,167.0,0.0,458.0,0.0
210,64,114.0,167.0,0.0,462.0,0.0
210,64,115.0,165.0,0.0,467.0,0.0
210,64,116.0,164.0,0.0,474.0,0.0
210,64,117.0,163.0,0.0,481.0,0.0
210,64,118.0,161.0,0.0,487.0,0.0
210,64,119.0,161.0,0.0,492.0,0.0
210,64,120.0,163.0,0.0,500.0,0.0
210,64,121.0,165.0,0.0,507.0,0.0
210,64,122.0,162.0,0.0,510.0,0.0
210,64,123.0,166.0,0.0,517.0,0.0
210,64,124.0,163.0,0.0,522.0,0.0
210,64,125.0,169.0,0.0,528.0,0.0
210,64,126.0,168.0,0.0,529.0,0.0
210,64,127.0,169.0,0.0,536.0,0.0
210,64,128.0,172.0,0.0,542.0,0.0
210,64,129.0,174.0,0.0,547.0,0.0
210,64,130.0,177.0,0.0,552.0,0.0
210,64,131.0,177.0,0.0,554.0,0.0
210,64,132.0,172.0,0.0,559.0,0.0
210,64,133.0,172.0,0.0,567.0,0.0
210,64,134.0,175.0,0.0,574.0,0.0
210,64,135.0,171.0,0.0,577.0,0.0
210,64,136.0,171.0,0.0,585.0,0.0
210,64,137.0,171.0,0.0,588.0,0.0
210,64,138.0,174.0,0.0,592.0,0.0
210,64,139.0,174.0,0.0,594.0,0.0
210,64,140.0,177.0,0.0,600.0,0.0
210,64,141.0,176.0,0.0,605.0,0.0
210,64,142.0,178.0,0.0,609.0,0.0
210,64,143.0,178.0,0.0,615.0,0.0
210,64,144.0,176.0,0.0,623.0,0.0
210,64,145.0,174.0,0.0,631.0,0.0
210,64,146.0,177.0,0.0,636.0,0.0
210,64,147.0,174.0,0.0,643.0,0.0
210,64,148.0,174.0,0.0,653.0,0.0
210,64,149.0,171.0,0.0,656.0,0.0
210,64,150.0,170.0,0.0,663.0,0.0
210,64,151.0,168.0,0.0,669.0,0.0
210,64,152.0,167.0,0.0,675.0,0.0
210,64,153.0,172.0,0.0,681.0,0.0
210,64,154.0,175.0,0.0,683.0,0.0
210,64,155.0,180.0,0.0,688.0,0.0
210,64,156.0,180.0,0.0,690.0,0.0
210,64,157.0,179.0,0.0,694.0,0.0
210,64,158.0,179.0,0.0,700.0,0.0
210,64,159.0,182.0,0.0,709.0,0.0
210,64,160.0,185.0,0.0,715.0,0.0
210,64,161.0,187.0,0.0,717.0,0.0
210,64,162.0,187.0,0.0,719.0,0.0
210,64,163.0,186.0,0.0,724.0,0.0
210,64,164.0,190.0,0.0,729.0,0.0
210,64,165.0,191.0,0.0,736.0,0.0
210,64,166.0,193.0,0.0,743.0,0.0
210,64,167.0,191.0,0.0,747.0,0.0
210,64,168.0,194.0,0.0,753.0,0.0
210,64,169.0,188.0,0.0,757.0,0.0
210,64,170.0,191.0,0.0,766.0,0.0
210,64,171.0,192.0,0.0,772.0,0.0
210,64,172.0,191.0,0.0,776.0,0.0
210,64,173.0,188.0,0.0,781.0,0.0
210,64,174.0,188.0,0.0,790.0,0.0
210,64,175.0,184.0,0.0,798.0,0.0
210,64,176.0,182.0,0.0,806.0,0.0
210,64,177.0,181.0,0.0,813.0,0.0
210,64,178.0,177.0,0.0,817.0,0.0
210,64,179.0,177.0,0.0,826.0,0.0
210,64,180.0,172.0,0.0,832.0,0.0
210,64,181.0,173.0,0.0,840.0,0.0
210,64,182.0,172.0,0.0,843.0,0.0
210,64,183.0,181.0,0.0,849.0,0.0
210,64,184.0,180.0,0.0,850.0,0.0
210,64,185.0,175.0,0.0,855.0,0.0
210,64,186.0,174.0,0.0,864.0,0.0
210,64,187.0,172.0,0.0,871.0,0.0
210,64,188.0,172.0,0.0,876.0,0.0
210,64,189.0,172.0,0.0,881.0,0.0
210,64,190.0,173.0,0.0,887.0,0.0
210,64,191.0,175.0,0.0,890.0,0.0
210,64,192.0,174.0,0.0,898.0,0.0
210,64,193.0,174.0,0.0,904.0,0.0
210,64,194.0,175.0,0.0,911.0,0.0
210,64,195.0,168.0,0.0,920.0,0.0
210,64,196.0,166.0,0.0,931.0,0.0
210,64,197.0,168.0,0.0,939.0,0.0
210,64,198.0,166.0,0.0,942.0,0.0
210,64,199.0,168.0,0.0,947.0,0.0
210,64,200.0,168.0,0.0,952.0,0.0
210,64,201.0,162.0,0.0,957.0,0.0
210,64,202.0,156.0,0.0,963.0,0.0
210,64,203.0,153.0,0.0,969.0,0.0
210,64,204.0,147.0,0.0,972.0,0.0
210,64,205.0,133.0,0.0,978.0,0.0
210,64,206.0,129.0,0.0,992.0,0.0
210,64,207.0,126.0,0.0,996.0,0.0
210,64,208.0,121.0,0.0,999.0,0.0
210,64,209.0,118.0,0.0,1004.0,0.0
210,64,210.0,113.0,0.0,1007.0,0.0
210,64,211.0,106.0,0.0,1012.0,0.0
210,64,212.0,102.0,0.0,1019.0,0.0
210,64,213.0,98.0,0.0,1023.0,0.0
210,64,214.0,95.0,0.0,1027.0,0.0
210,64,215.0,89.0,0.0,1030.0,0.0
210,64,216.0,84.0,0.0,1036.0,0.0
210,64,217.0,75.0,0.0,1041.0,0.0
210,64,218.0,70.0,0.0,1050.0,0.0
210,64,219.0,65.0,0.0,1055.0,0.0
210,64,220.0,61.0,0.0,1060.0,0.0
210,64,221.0,57.0,0.0,1064.0,0.0
210,64,222.0,55.0,0.0,1068.0,0.0
210,64,223.0,51.0,0.0,1070.0,0.0
210,64,224.0,47.0,0.0,1074.0,0.0
210,64,225.0,44.0,0.0,1078.0,0.0
210,64,226.0,43.0,0.0,1081.0,0.0
210,64,227.0,41.0,0.0,1082.0,0.0
210,64,228.0,40.0,0.0,1084.0,0.0
210,64,229.0,38.0,0.0,1085.0,0.0
210,64,230.0,36.0,0.0,1087.0,0.0
210,64,231.0,32.0,0.0,1089.0,0.0
210,64,232.0,31.0,0.0,1093.0,0.0
210,64,233.0,30.0,0.0,1094.0,0.0
210,64,234.0,29.0,0.0,1095.0,0.0
210,64,235.0,27.0,0.0,1096.0,0.0
210,64,236.0,27.0,0.0,1098.0,0.0
210,64,237.0,24.0,0.0,1098.0,0.0
210,64,238.0,22.0,0.0,1101.0,0.0
210,64,239.0,20.0,0.0,1103.0,0.0
210,64,240.0,18.0,0.0,1105.0,0.0
210,64,241.0,17.0,0.0,1107.0,0.0
210,64,242.0,16.0,0.0,1108.0,0.0
210,64,243.0,16.0,0.0,1109.0,0.0
210,64,244.0,16.0,0.0,1109.0,0.0
210,64,245.0,13.0,0.0,1109.0,0.0
210,64,246.0,12.0,0.0,1112.0,0.0
210,64,247.0,10.0,0.0,1113.0,0.0
210,64,248.0,8.0,0.0,1115.0,0.0
210,64,249.0,7.0,0.0,1117.0,0.0
210,64,250.0,6.0,0.0,1118.0,0.0
210,64,251.0,5.0,0.0,1119.0,0.0
210,64,252.0,5.0,0.0,1120.0,0.0
210,64,253.0,5.0,0.0,1120.0,0.0
210,64,254.0,5.0,0.0,1120.0,0.0
210,64,255.0,5.0,0.0,1120.0,0.0
210,64,256.0,5.0,0.0,1120.0,0.0
210,64,257.0,3.0,0.0,1120.0,0.0
210,64,258.0,2.0,0.0,1122.0,0.0
210,64,259.0,2.0,0.0,1123.0,0.0
210,64,260.0,2.0,0.0,1123.0,0.0
210,64,261.0,2.0,0.0,1123.0,0.0
210,64,262.0,2.0,0.0,1123.0,0.0
210,64,263.0,2.0,0.0,1123.0,0.0
210,64,264.0,2.0,0.0,1123.0,0.0
210,64,265.0,1.0,0.0,1123.0,0.0
210,64,266.0,1.0,0.0,1124.0,0.0
210,64,267.0,1.0,0.0,1124.0,0.0
210,64,268.0,1.0,0.0,1124.0,0.0
210,64,269.0,1.0,0.0,1124.0,0.0
210,64,270.0,1.0,0.0,1124.0,0.0
210,64,271.0,1.0,0.0,1124.0,0.0
210,64,272.0,0.0,0.0,1124.0,0.0
210,64,273.0,0.0,0.0,1125.0,0.0
210,65,0.0,6.0,0.0,0.0,0.0
210,65,1.0,18.0,0.0,0.0,0.0
210,65,2.0,23.0,0.0,0.0,0.0
210,65,3.0,29.0,0.0,0.0,0.0
210,65,4.0,38.0,0.0,0.0,0.0
210,65,5.0,43.0,0.0,0.0,0.0
210,65,6.0,52.0,0.0,0.0,0.0
210,65,7.0,60.0,0.0,0.0,0.0
210,65,8.0,68.0,0.0,0.0,0.0
210,65,9.0,73.0,0.0,0.0,0.0
210,65,10.0,79.0,0.0,0.0,0.0
210,65,11.0,88.0,0.0,0.0,0.0
210,65,12.0,89.0,0.0,0.0,0.0
210,65,13.0,93.0,0.0,0.0,0.0
210,65,14.0,100.0,0.0,0.0,0.0
210,65,15.0,102.0,0.0,0.0,0.0
210,65,16.0,107.0,0.0,1.0,0.0
210,65,17.0,113.0,0.0,1.0,0.0
210,65,18.0,116.0,0.0,1.0,0.0
210,65,19.0,122.0,0.0,1.0,0.0
210,65,20.0,126.0,0.0,2.0,0.0
210,65,21.0,130.0,0.0,3.0,0.0
210,65,22.0,130.0,0.0,4.0,0.0
210,65,23.0,132.0,0.0,6.0,0.0
210,65,24.0,131.0,0.0,9.0,0.0
210,65,25.0,132.0,0.0,13.0,0.0
210,65,26.0,137.0,0.0,15.0,0.0
210,65,27.0,137.0,0.0,18.0,0.0
210,65,28.0,142.0,0.0,26.0,0.0
210,65,29.0,145.0,0.0,30.0,0.0
210,65,30.0,145.0,0.0,33.0,0.0
210,65,31.0,149.0,0.0,38.0,0.0
210,65,32.0,151.0,0.0,42.0,0.0
210,65,33.0,155.0,0.0,46.0,0.0
210,65,34.0,157.0,0.0,49.0,0.0
210,65,35.0,156.0,0.0,52.0,0.0
210,65,36.0,154.0,0.0,57.0,0.0
210,65,37.0,157.0,0.0,62.0,0.0
210,65,38.0,156.0,0.0,66.0,0.0
210,65,39.0,153.0,0.0,70.0,0.0
210,65,40.0,160.0,0.0,77.0,0.0
210,65,41.0,164.0,0.0,81.0,0.0
210,65,42.0,168.0,0.0,83.0,0.0
210,65,43.0,173.0,0.0,86.0,0.0
210,65,44.0,174.0,0.0,89.0,0.0
210,65,45.0,172.0,0.0,93.0,0.0
210,65,46.0,175.0,0.0,97.0,0.0
210,65,47.0,183.0,0.0,106.0,0.0
210,65,48.0,179.0,0.0,110.0,0.0
210,65,49.0,181.0,0.0,119.0,0.0
210,65,50.0,184.0,0.0,126.0,0.0
210,65,51.0,183.0,0.0,130.0,0.0
210,65,52.0,185.0,0.0,134.0,0.0
210,65,53.0,182.0,0.0,139.0,0.0
210,65,54.0,186.0,0.0,146.0,0.0
210,65,55.0,186.0,0.0,148.0,0.0
210,65,56.0,187.0,0.0,153.0,0.0
210,65,57.0,185.0,0.0,158.0,0.0
210,65,58.0,189.0,0.0,168.0,0.0
210,65,59.0,193.0,0.0,171.0,0.0
210,65,60.0,193.0,0.0,173.0,0.0
210,65,61.0,191.0,0.0,178.0,0.0
210,65,62.0,191.0,0.0,183.0,0.0
210,65,63.0,194.0,0.0,189.0,0.0
210,65,64.0,190.0,0.0,191.0,0.0
210,65,65.0,192.0,0.0,198.0,0.0
210,65,66.0,195.0,0.0,203.0,0.0
210,65,67.0,195.0,0.0,207.0,0.0
210,65,68.0,202.0,0.0,213.0,0.0
210,65,69.0,196.0,0.0,215.0,0.0
210,65,70.0,197.0,0.0,225.0,0.0
210,65,71.0,194.0,0.0,229.0,0.0
210,65,72.0,196.0,0.0,238.0,0.0
210,65,73.0,194.0,0.0,245.0,0.0
210,65,74.0,191.0,0.0,250.0,0.0
210,65,75.0,186.0,0.0,260.0,0.0
210,65,76.0,181.0,0.0,271.0,0.0
210,65,77.0,181.0,0.0,280.0,0.0
210,65,78.0,184.0,0.0,287.0,0.0
210,65,79.0,186.0,0.0,293.0,0.0
210,65,80.0,187.0,0.0,295.0,0.0
210,65,81.0,182.0,0.0,299.0,0.0
210,65,82.0,181.0,0.0,310.0,0.0
210,65,83.0,177.0,0.0,315.0,0.0
210,65,84.0,181.0,0.0,322.0,0.0
210,65,85.0,181.0,0.0,325.0,0.0
210,65,86.0,180.0,0.0,332.0,0.0
210,65,87.0,175.0,0.0,337.0,0.0
210,65,88.0,173.0,0.0,344.0,0.0
210,65,89.0,172.0,0.0,350.0,0.0
210,65,90.0,169.0,0.0,357.0,0.0
210,65,91.0,172.0,0.0,363.0,0.0
210,65,92.0,173.0,0.0,368.0,0.0
210,65,93.0,170.0,0.0,374.0,0.0
210,65,94.0,169.0,0.0,379.0,0.0
210,65,95.0,169.0,0.0,386.0,0.0
210,65,96.0,170.0,0.0,390.0,0.0
210,65,97.0,166.0,0.0,393.0,0.0
210,65,98.0,166.0,0.0,398.0,0.0
210,65,99.0,165.0,0.0,404.0,0.0
210,65,100.0,165.0,0.0,415.0,0.0
210,65,101.0,164.0,0.0,418.0,0.0
210,65,102.0,162.0,0.0,424.0,0.0
210,65,103.0,163.0,0.0,433.0,0.0
210,65,104.0,164.0,0.0,437.0,0.0
210,65,105.0,162.0,0.0,443.0,0.0
210,65,106.0,160.0,0.0,448.0,0.0
210,65,107.0,160.0,0.0,455.0,0.0
210,65,108.0,161.0,0.0,461.0,0.0
210,65,109.0,164.0,0.0,465.0,0.0
210,65,110.0,160.0,0.0,468.0,0.0
210,65,111.0,164.0,0.0,475.0,0.0
210,65,112.0,164.0,0.0,479.0,0.0
210,65,113.0,169.0,0.0,484.0,0.0
210,65,114.0,166.0,0.0,487.0,0.0
210,65,115.0,165.0,0.0,493.0,0.0
210,65,116.0,166.0,0.0,497.0,0.0
210,65,117.0,170.0,0.0,503.0,0.0
210,65,118.0,166.0,0.0,506.0,0.0
210,65,119.0,163.0,0.0,514.0,0.0
210,65,120.0,166.0,0.0,522.0,0.0
210,65,121.0,164.0,0.0,526.0,0.0
210,65,122.0,163.0,0.0,534.0,0.0
210,65,123.0,160.0,0.0,537.0,0.0
210,65,124.0,157.0,0.0,546.0,0.0
210,65,125.0,165.0,0.0,552.0,0.0
210,65,126.0,165.0,0.0,557.0,0.0
210,65,127.0,168.0,0.0,562.0,0.0
210,65,128.0,166.0,0.0,564.0,0.0
210,65,129.0,165.0,0.0,570.0,0.0
210,65,130.0,161.0,0.0,576.0,0.0
210,65,131.0,161.0,0.0,583.0,0.0
210,65,132.0,156.0,0.0,588.0,0.0
210,65,133.0,155.0,0.0,595.0,0.0
210,65,134.0,153.0,0.0,601.0,0.0
210,65,135.0,151.0,0.0,608.0,0.0
210,65,136.0,152.0,0.0,614.0,0.0
210,65,137.0,159.0,0.0,618.0,0.0
210,65,138.0,156.0,0.0,619.0,0.0
210,65,139.0,158.0,0.0,625.0,0.0
210,65,140.0,161.0,0.0,628.0,0.0
210,65,141.0,161.0,0.0,631.0,0.0
210,65,142.0,160.0,0.0,636.0,0.0
210,65,143.0,161.0,0.0,641.0,0.0
210,65,144.0,162.0,0.0,645.0,0.0
210,65,145.0,165.0,0.0,653.0,0.0
210,65,146.0,164.0,0.0,656.0,0.0
210,65,147.0,158.0,0.0,660.0,0.0
210,65,148.0,154.0,0.0,671.0,0.0
210,65,149.0,148.0,0.0,678.0,0.0
210,65,150.0,152.0,0.0,687.0,0.0
210,65,151.0,155.0,0.0,689.0,0.0
210,65,152.0,152.0,0.0,691.0,0.0
210,65,153.0,147.0,0.0,699.0,0.0
210,65,154.0,149.0,0.0,705.0,0.0
210,65,155.0,150.0,0.0,710.0,0.0
210,65,156.0,148.0,0.0,714.0,0.0
210,65,157.0,153.0,0.0,719.0,0.0
210,65,158.0,151.0,0.0,724.0,0.0
210,65,159.0,152.0,0.0,728.0,0.0
210,65,160.0,146.0,0.0,732.0,0.0
210,65,161.0,144.0,0.0,740.0,0.0
210,65,162.0,146.0,0.0,747.0,0.0
210,65,163.0,148.0,0.0,752.0,0.0
210,65,164.0,148.0,0.0,755.0,0.0
210,65,165.0,147.0,0.0,761.0,0.0
210,65,166.0,146.0,0.0,767.0,0.0
210,65,167.0,146.0,0.0,771.0,0.0
210,65,168.0,146.0,0.0,775.0,0.0
210,65,169.0,144.0,0.0,782.0,0.0
210,65,170.0,144.0,0.0,790.0,0.0
210,65,171.0,145.0,0.0,795.0,0.0
210,65,172.0,146.0,0.0,798.0,0.0
210,65,173.0,150.0,0.0,802.0,0.0
210,65,174.0,152.0,0.0,806.0,0.0
210,65,175.0,149.0,0.0,810.0,0.0
210,65,176.0,151.0,0.0,817.0,0.0
210,65,177.0,155.0,0.0,819.0,0.0
210,65,178.0,157.0,0.0,821.0,0.0
210,65,179.0,152.0,0.0,827.0,0.0
210,65,180.0,152.0,0.0,836.0,0.0
210,65,181.0,149.0,0.0,840.0,0.0
210,65,182.0,151.0,0.0,846.0,0.0
210,65,183.0,150.0,0.0,850.0,0.0
210,65,184.0,149.0,0.0,858.0,0.0
210,65,185.0,150.0,0.0,862.0,0.0
210,65,186.0,150.0,0.0,866.0,0.0
210,65,187.0,154.0,0.0,871.0,0.0
210,65,188.0,154.0,0.0,874.0,0.0
210,65,189.0,155.0,0.0,879.0,0.0
210,65,190.0,155.0,0.0,885.0,0.0
210,65,191.0,153.0,0.0,889.0,0.0
210,65,192.0,154.0,0.0,893.0,0.0
210,65,193.0,153.0,0.0,898.0,0.0
210,65,194.0,153.0,0.0,902.0,0.0
210,65,195.0,153.0,0.0,908.0,0.0
210,65,196.0,154.0,0.0,913.0,0.0
210,65,197.0,154.0,0.0,917.0,0.0
210,65,198.0,153.0,0.0,923.0,0.0
210,65,199.0,155.0,0.0,928.0,0.0
210,65,200.0,156.0,0.0,932.0,0.0
210,65,201.0,153.0,0.0,937.0,0.0
210,65,202.0,147.0,0.0,940.0,0.0
210,65,203.0,144.0,0.0,946.0,0.0
210,65,204.0,139.0,0.0,949.0,0.0
210,65,205.0,138.0,0.0,954.0,0.0
210,65,206.0,133.0,0.0,955.0,0.0
210,65,207.0,127.0,0.0,960.0,0.0
210,65,208.0,121.0,0.0,966.0,0.0
210,65,209.0,117.0,0.0,972.0,0.0
210,65,210.0,113.0,0.0,976.0,0.0
210,65,211.0,107.0,0.0,980.0,0.0
210,65,212.0,100.0,0.0,986.0,0.0
210,65,213.0,93.0,0.0,993.0,0.0
210,65,214.0,90.0,0.0,1000.0,0.0
210,65,215.0,84.0,0.0,1003.0,0.0
210,65,216.0,81.0,0.0,1009.0,0.0
210,65,217.0,77.0,0.0,1012.0,0.0
210,65,218.0,71.0,0.0,1016.0,0.0
210,65,219.0,67.0,0.0,1022.0,0.0
210,65,220.0,61.0,0.0,1026.0,0.0
210,65,221.0,59.0,0.0,1032.0,0.0
210,65,222.0,55.0,0.0,1034.0,0.0
210,65,223.0,53.0,0.0,1038.0,0.0
210,65,224.0,47.0,0.0,1040.0,0.0
210,65,225.0,44.0,0.0,1046.0,0.0
210,65,226.0,42.0,0.0,1049.0,0.0
210,65,227.0,40.0,0.0,1051.0,0.0
210,65,228.0,37.0,0.0,1053.0,0.0
210,65,229.0,35.0,0.0,1056.0,0.0
210,65,230.0,34.0,0.0,1058.0,0.0
210,65,231.0,31.0,0.0,1059.0,0.0
210,65,232.0,29.0,0.0,1062.0,0.0
210,65,233.0,27.0,0.0,1064.0,0.0
210,65,234.0,25.0,0.0,1066.0,0.0
210,65,235.0,25.0,0.0,1068.0,0.0
210,65,236.0,25.0,0.0,1068.0,0.0
210,65,237.0,24.0,0.0,1068.0,0.0
210,65,238.0,22.0,0.0,1069.0,0.0
210,65,239.0,21.0,0.0,1071.0,0.0
210,65,240.0,20.0,0.0,1072.0,0.0
210,65,241.0,18.0,0.0,1073.0,0.0
210,65,242.0,16.0,0.0,1075.0,0.0
210,65,243.0,15.0,0.0,1077.0,0.0
210,65,244.0,13.0,0.0,1078.0,0.0
210,65,245.0,13.0,0.0,1080.0,0.0
210,65,246.0,12.0,0.0,1080.0,0.0
210,65,247.0,11.0,0.0,1081.0,0.0
210,65,248.0,10.0,0.0,1082.0,0.0
210,65,249.0,9.0,0.0,1083.0,0.0
210,65,250.0,9.0,0.0,1084.0,0.0
210,65,251.0,7.0,0.0,1084.0,0.0
210,65,252.0,6.0,0.0,1086.0,0.0
210,65,253.0,3.0,0.0,1087.0,0.0
210,65,254.0,1.0,0.0,1090.0,0.0
210,65,255.0,0.0,0.0,1092.0,0.0
210,65,256.0,0.0,0.0,1093.0,0.0
210,66,0.0,5.0,0.0,0.0,0.0
210,66,1.0,11.0,0.0,0.0,0.0
210,66,2.0,15.0,0.0,0.0,0.0
210,66,3.0,22.0,0.0,0.0,0.0
210,66,4.0,26.0,0.0,0.0,0.0
210,66,5.0,30.0,0.0,0.0,0.0
210,66,6.0,37.0,0.0,0.0,0.0
210,66,7.0,45.0,0.0,0.0,0.0
210,66,8.0,52.0,0.0,0.0,0.0
210,66,9.0,56.0,0.0,0.0,0.0
210,66,10.0,60.0,0.0,0.0,0.0
210,66,11.0,64.0,0.0,0.0,0.0
210,66,12.0,69.0,0.0,0.0,0.0
210,66,13.0,73.0,0.0,0.0,0.0
210,66,14.0,77.0,0.0,1.0,0.0
210,66,15.0,82.0,0.0,1.0,0.0
210,66,16.0,86.0,0.0,1.0,0.0
210,66,17.0,91.0,0.0,1.0,0.0
210,66,18.0,94.0,0.0,2.0,0.0
210,66,19.0,96.0,0.0,2.0,0.0
210,66,20.0,98.0,0.0,3.0,0.0
210,66,21.0,101.0,0.0,4.0,0.0
210,66,22.0,104.0,0.0,4.0,0.0
210,66,23.0,110.0,0.0,5.0,0.0
210,66,24.0,114.0,0.0,6.0,0.0
210,66,25.0,115.0,0.0,7.0,0.0
210,66,26.0,115.0,0.0,11.0,0.0
210,66,27.0,113.0,0.0,18.0,0.0
210,66,28.0,119.0,0.0,22.0,0.0
210,66,29.0,118.0,0.0,23.0,0.0
210,66,30.0,119.0,0.0,26.0,0.0
210,66,31.0,122.0,0.0,30.0,0.0
210,66,32.0,127.0,0.0,33.0,0.0
210,66,33.0,130.0,0.0,37.0,0.0
210,66,34.0,136.0,0.0,39.0,0.0
210,66,35.0,137.0,0.0,41.0,0.0
210,66,36.0,141.0,0.0,45.0,0.0
210,66,37.0,141.0,0.0,49.0,0.0
210,66,38.0,143.0,0.0,52.0,0.0
210,66,39.0,149.0,0.0,55.0,0.0
210,66,40.0,150.0,0.0,57.0,0.0
210,66,41.0,152.0,0.0,64.0,0.0
210,66,42.0,153.0,0.0,67.0,0.0
210,66,43.0,155.0,0.0,71.0,0.0
210,66,44.0,157.0,0.0,77.0,0.0
210,66,45.0,166.0,0.0,80.0,0.0
210,66,46.0,168.0,0.0,81.0,0.0
210,66,47.0,172.0,0.0,84.0,0.0
210,66,48.0,176.0,0.0,89.0,0.0
210,66,49.0,180.0,0.0,92.0,0.0
210,66,50.0,175.0,0.0,93.0,0.0
210,66,51.0,179.0,0.0,99.0,0.0
210,66,52.0,182.0,0.0,103.0,0.0
210,66,53.0,182.0,0.0,105.0,0.0
210,66,54.0,180.0,0.0,110.0,0.0
210,66,55.0,175.0,0.0,116.0,0.0
210,66,56.0,174.0,0.0,126.0,0.0
210,66,57.0,170.0,0.0,131.0,0.0
210,66,58.0,170.0,0.0,139.0,0.0
210,66,59.0,170.0,0.0,147.0,0.0
210,66,60.0,170.0,0.0,154.0,0.0
210,66,61.0,172.0,0.0,163.0,0.0
210,66,62.0,172.0,0.0,169.0,0.0
210,66,63.0,172.0,0.0,174.0,0.0
210,66,64.0,176.0,0.0,181.0,0.0
210,66,65.0,178.0,0.0,184.0,0.0
210,66,66.0,173.0,0.0,188.0,0.0
210,66,67.0,171.0,0.0,198.0,0.0
210,66,68.0,175.0,0.0,205.0,0.0
210,66,69.0,171.0,0.0,209.0,0.0
210,66,70.0,169.0,0.0,216.0,0.0
210,66,71.0,173.0,0.0,221.0,0.0
210,66,72.0,174.0,0.0,223.0,0.0
210,66,73.0,171.0,0.0,227.0,0.0
210,66,74.0,167.0,0.0,234.0,0.0
210,66,75.0,169.0,0.0,240.0,0.0
210,66,76.0,165.0,0.0,242.0,0.0
210,66,77.0,162.0,0.0,249.0,0.0
210,66,78.0,162.0,0.0,254.0,0.0
210,66,79.0,159.0,0.0,259.0,0.0
210,66,80.0,162.0,0.0,268.0,0.0
210,66,81.0,164.0,0.0,270.0,0.0
210,66,82.0,159.0,0.0,276.0,0.0
210,66,83.0,154.0,0.0,283.0,0.0
210,66,84.0,154.0,0.0,291.0,0.0
210,66,85.0,150.0,0.0,296.0,0.0
210,66,86.0,150.0,0.0,302.0,0.0
210,66,87.0,149.0,0.0,308.0,0.0
210,66,88.0,152.0,0.0,314.0,0.0
210,66,89.0,152.0,0.0,318.0,0.0
210,66,90.0,151.0,0.0,321.0,0.0
210,66,91.0,149.0,0.0,326.0,0.0
210,66,92.0,150.0,0.0,332.0,0.0
210,66,93.0,149.0,0.0,335.0,0.0
210,66,94.0,152.0,0.0,344.0,0.0
210,66,95.0,155.0,0.0,350.0,0.0
210,66,96.0,154.0,0.0,352.0,0.0
210,66,97.0,156.0,0.0,356.0,0.0
210,66,98.0,160.0,0.0,361.0,0.0
210,66,99.0,163.0,0.0,365.0,0.0
210,66,100.0,160.0,0.0,370.0,0.0
210,66,101.0,160.0,0.0,375.0,0.0
210,66,102.0,159.0,0.0,380.0,0.0
210,66,103.0,159.0,0.0,385.0,0.0
210,66,104.0,155.0,0.0,389.0,0.0
210,66,105.0,157.0,0.0,394.0,0.0
210,66,106.0,155.0,0.0,398.0,0.0
210,66,107.0,153.0,0.0,407.0,0.0
210,66,108.0,155.0,0.0,414.0,0.0
210,66,109.0,159.0,0.0,417.0,0.0
210,66,110.0,158.0,0.0,420.0,0.0
210,66,111.0,159.0,0.0,427.0,0.0
210,66,112.0,156.0,0.0,435.0,0.0
210,66,113.0,156.0,0.0,442.0,0.0
210,66,114.0,157.0,0.0,450.0,0.0
210,66,115.0,160.0,0.0,454.0,0.0
210,66,116.0,166.0,0.0,458.0,0.0
210,66,117.0,163.0,0.0,460.0,0.0
210,66,118.0,165.0,0.0,468.0,0.0
210,66,119.0,164.0,0.0,473.0,0.0
210,66,120.0,164.0,0.0,478.0,0.0
210,66,121.0,165.0,0.0,483.0,0.0
210,66,122.0,162.0,0.0,487.0,0.0
210,66,123.0,168.0,0.0,492.0,0.0
210,66,124.0,169.0,0.0,495.0,0.0
210,66,125.0,170.0,0.0,500.0,0.0
210,66,126.0,170.0,0.0,504.0,0.0
210,66,127.0,169.0,0.0,508.0,0.0
210,66,128.0,172.0,0.0,513.0,0.0
210,66,129.0,172.0,0.0,516.0,0.0
210,66,130.0,169.0,0.0,523.0,0.0
210,66,131.0,172.0,0.0,529.0,0.0
210,66,132.0,173.0,0.0,532.0,0.0
210,66,133.0,172.0,0.0,535.0,0.0
210,66,134.0,170.0,0.0,542.0,0.0
210,66,135.0,172.0,0.0,550.0,0.0
210,66,136.0,172.0,0.0,558.0,0.0
210,66,137.0,171.0,0.0,564.0,0.0
210,66,138.0,173.0,0.0,571.0,0.0
210,66,139.0,173.0,0.0,575.0,0.0
210,66,140.0,174.0,0.0,578.0,0.0
210,66,141.0,171.0,0.0,583.0,0.0
210,66,142.0,171.0,0.0,591.0,0.0
210,66,143.0,170.0,0.0,595.0,0.0
210,66,144.0,169.0,0.0,602.0,0.0
210,66,145.0,171.0,0.0,610.0,0.0
210,66,146.0,173.0,0.0,614.0,0.0
210,66,147.0,174.0,0.0,619.0,0.0
210,66,148.0,172.0,0.0,623.0,0.0
210,66,149.0,170.0,0.0,630.0,0.0
210,66,150.0,170.0,0.0,636.0,0.0
210,66,151.0,170.0,0.0,641.0,0.0
210,66,152.0,173.0,0.0,649.0,0.0
210,66,153.0,169.0,0.0,652.0,0.0
210,66,154.0,166.0,0.0,660.0,0.0
210,66,155.0,164.0,0.0,666.0,0.0
210,66,156.0,163.0,0.0,672.0,0.0
210,66,157.0,164.0,0.0,677.0,0.0
210,66,158.0,166.0,0.0,681.0,0.0
210,66,159.0,168.0,0.0,683.0,0.0
210,66,160.0,168.0,0.0,688.0,0.0
210,66,161.0,170.0,0.0,693.0,0.0
210,66,162.0,167.0,0.0,699.0,0.0
210,66,163.0,165.0,0.0,706.0,0.0
210,66,164.0,167.0,0.0,713.0,0.0
210,66,165.0,167.0,0.0,719.0,0.0
210,66,166.0,168.0,0.0,724.0,0.0
210,66,167.0,168.0,0.0,730.0,0.0
210,66,168.0,169.0,0.0,736.0,0.0
210,66,169.0,171.0,0.0,741.0,0.0
210,66,170.0,170.0,0.0,745.0,0.0
210,66,171.0,165.0,0.0,751.0,0.0
210,66,172.0,166.0,0.0,759.0,0.0
210,66,173.0,174.0,0.0,763.0,0.0
210,66,174.0,175.0,0.0,765.0,0.0
210,66,175.0,173.0,0.0,770.0,0.0
210,66,176.0,169.0,0.0,778.0,0.0
210,66,177.0,171.0,0.0,783.0,0.0
210,66,178.0,173.0,0.0,787.0,0.0
210,66,179.0,168.0,0.0,791.0,0.0
210,66,180.0,168.0,0.0,798.0,0.0
210,66,181.0,172.0,0.0,803.0,0.0
210,66,182.0,174.0,0.0,805.0,0.0
210,66,183.0,175.0,0.0,809.0,0.0
210,66,184.0,175.0,0.0,815.0,0.0
210,66,185.0,176.0,0.0,819.0,0.0
210,66,186.0,176.0,0.0,826.0,0.0
210,66,187.0,180.0,0.0,833.0,0.0
210,66,188.0,180.0,0.0,836.0,0.0
210,66,189.0,178.0,0.0,843.0,0.0
210,66,190.0,174.0,0.0,849.0,0.0
210,66,191.0,175.0,0.0,859.0,0.0
210,66,192.0,178.0,0.0,865.0,0.0
210,66,193.0,173.0,0.0,870.0,0.0
210,66,194.0,172.0,0.0,878.0,0.0
210,66,195.0,171.0,0.0,883.0,0.0
210,66,196.0,169.0,0.0,891.0,0.0
210,66,197.0,169.0,0.0,896.0,0.0
210,66,198.0,171.0,0.0,901.0,0.0
210,66,199.0,173.0,0.0,906.0,0.0
210,66,200.0,174.0,0.0,910.0,0.0
210,66,201.0,170.0,0.0,915.0,0.0
210,66,202.0,159.0,0.0,919.0,0.0
210,66,203.0,157.0,0.0,930.0,0.0
210,66,204.0,150.0,0.0,932.0,0.0
210,66,205.0,143.0,0.0,939.0,0.0
210,66,206.0,140.0,0.0,946.0,0.0
210,66,207.0,136.0,0.0,949.0,0.0
210,66,208.0,129.0,0.0,953.0,0.0
210,66,209.0,122.0,0.0,960.0,0.0
210,66,210.0,116.0,0.0,967.0,0.0
210,66,211.0,112.0,0.0,973.0,0.0
210,66,212.0,107.0,0.0,977.0,0.0
210,66,213.0,100.0,0.0,982.0,0.0
210,66,214.0,95.0,0.0,989.0,0.0
210,66,215.0,90.0,0.0,994.0,0.0
210,66,216.0,86.0,0.0,999.0,0.0
210,66,217.0,80.0,0.0,1003.0,0.0
210,66,218.0,76.0,0.0,1009.0,0.0
210,66,219.0,67.0,0.0,1013.0,0.0
210,66,220.0,60.0,0.0,1022.0,0.0
210,66,221.0,56.0,0.0,1029.0,0.0
210,66,222.0,53.0,0.0,1033.0,0.0
210,66,223.0,51.0,0.0,1036.0,0.0
210,66,224.0,45.0,0.0,1038.0,0.0
210,66,225.0,43.0,0.0,1044.0,0.0
210,66,226.0,41.0,0.0,1046.0,0.0
210,66,227.0,38.0,0.0,1048.0,0.0
210,66,228.0,34.0,0.0,1051.0,0.0
210,66,229.0,32.0,0.0,1055.0,0.0
210,66,230.0,31.0,0.0,1057.0,0.0
210,66,231.0,29.0,0.0,1058.0,0.0
210,66,232.0,28.0,0.0,1060.0,0.0
210,66,233.0,27.0,0.0,1061.0,0.0
210,66,234.0,23.0,0.0,1062.0,0.0
210,66,235.0,20.0,0.0,1066.0,0.0
210,66,236.0,20.0,0.0,1069.0,0.0
210,66,237.0,19.0,0.0,1069.0,0.0
210,66,238.0,19.0,0.0,1070.0,0.0
210,66,239.0,17.0,0.0,1070.0,0.0
210,66,240.0,16.0,0.0,1072.0,0.0
210,66,241.0,15.0,0.0,1073.0,0.0
210,66,242.0,13.0,0.0,1074.0,0.0
210,66,243.0,13.0,0.0,1076.0,0.0
210,66,244.0,12.0,0.0,1076.0,0.0
210,66,245.0,11.0,0.0,1077.0,0.0
210,66,246.0,11.0,0.0,1078.0,0.0
210,66,247.0,10.0,0.0,1078.0,0.0
210,66,248.0,9.0,0.0,1079.0,0.0
210,66,249.0,9.0,0.0,1080.0,0.0
210,66,250.0,7.0,0.0,1080.0,0.0
210,66,251.0,7.0,0.0,1082.0,0.0
210,66,252.0,7.0,0.0,1082.0,0.0
210,66,253.0,6.0,0.0,1082.0,0.0
210,66,254.0,6.0,0.0,1083.0,0.0
210,66,255.0,5.0,0.0,1083.0,0.0
210,66,256.0,5.0,0.0,1084.0,0.0
210,66,257.0,5.0,0.0,1084.0,0.0
210,66,258.0,3.0,0.0,1084.0,0.0
210,66,259.0,3.0,0.0,1086.0,0.0
210,66,260.0,2.0,0.0,1086.0,0.0
210,66,261.0,2.0,0.0,1087.0,0.0
210,66,262.0,2.0,0.0,1087.0,0.0
210,66,263.0,1.0,0.0,1087.0,0.0
210,66,264.0,1.0,0.0,1088.0,0.0
210,66,265.0,1.0,0.0,1088.0,0.0
210,66,266.0,0.0,0.0,1088.0,0.0
210,66,267.0,0.0,0.0,1089.0,0.0
210,67,0.0,5.0,0.0,0.0,0.0
210,67,1.0,11.0,0.0,0.0,0.0
210,67,2.0,13.0,0.0,0.0,0.0
210,67,3.0,15.0,0.0,0.0,0.0
210,67,4.0,19.0,0.0,0.0,0.0
210,67,5.0,21.0,0.0,0.0,0.0
210,67,6.0,26.0,0.0,0.0,0.0
210,67,7.0,31.0,0.0,0.0,0.0
210,67,8.0,37.0,0.0,0.0,0.0
210,67,9.0,40.0,0.0,0.0,0.0
210,67,10.0,43.0,0.0,0.0,0.0
210,67,11.0,53.0,0.0,0.0,0.0
210,67,12.0,59.0,0.0,0.0,0.0
210,67,13.0,64.0,0.0,0.0,0.0
210,67,14.0,67.0,0.0,0.0,0.0
210,67,15.0,70.0,0.0,2.0,0.0
210,67,16.0,73.0,0.0,2.0,0.0
210,67,17.0,81.0,0.0,2.0,0.0
210,67,18.0,85.0,0.0,2.0,0.0
210,67,19.0,92.0,0.0,2.0,0.0
210,67,20.0,96.0,0.0,2.0,0.0
210,67,21.0,98.0,0.0,2.0,0.0
210,67,22.0,105.0,0.0,4.0,0.0
210,67,23.0,109.0,0.0,5.0,0.0
210,67,24.0,112.0,0.0,5.0,0.0
210,67,25.0,117.0,0.0,7.0,0.0
210,67,26.0,119.0,0.0,9.0,0.0
210,67,27.0,120.0,0.0,12.0,0.0
210,67,28.0,122.0,0.0,13.0,0.0
210,67,29.0,124.0,0.0,16.0,0.0
210,67,30.0,128.0,0.0,19.0,0.0
210,67,31.0,133.0,0.0,21.0,0.0
210,67,32.0,135.0,0.0,25.0,0.0
210,67,33.0,141.0,0.0,30.0,0.0
210,67,34.0,141.0,0.0,32.0,0.0
210,67,35.0,144.0,0.0,35.0,0.0
210,67,36.0,145.0,0.0,38.0,0.0
210,67,37.0,145.0,0.0,42.0,0.0
210,67,38.0,148.0,0.0,46.0,0.0
210,67,39.0,148.0,0.0,47.0,0.0
210,67,40.0,150.0,0.0,50.0,0.0
210,67,41.0,155.0,0.0,53.0,0.0
210,67,42.0,157.0,0.0,55.0,0.0
210,67,43.0,162.0,0.0,62.0,0.0
210,67,44.0,164.0,0.0,64.0,0.0
210,67,45.0,167.0,0.0,71.0,0.0
210,67,46.0,167.0,0.0,75.0,0.0
210,67,47.0,167.0,0.0,80.0,0.0
210,67,48.0,171.0,0.0,87.0,0.0
210,67,49.0,173.0,0.0,90.0,0.0
210,67,50.0,174.0,0.0,93.0,0.0
210,67,51.0,177.0,0.0,97.0,0.0
210,67,52.0,179.0,0.0,99.0,0.0
210,67,53.0,176.0,0.0,103.0,0.0
210,67,54.0,173.0,0.0,108.0,0.0
210,67,55.0,171.0,0.0,117.0,0.0
210,67,56.0,170.0,0.0,124.0,0.0
210,67,57.0,171.0,0.0,128.0,0.0
210,67,58.0,165.0,0.0,133.0,0.0
210,67,59.0,172.0,0.0,142.0,0.0
210,67,60.0,173.0,0.0,144.0,0.0
210,67,61.0,176.0,0.0,150.0,0.0
210,67,62.0,175.0,0.0,153.0,0.0
210,67,63.0,173.0,0.0,159.0,0.0
210,67,64.0,174.0,0.0,165.0,0.0
210,67,65.0,175.0,0.0,171.0,0.0
210,67,66.0,175.0,0.0,175.0,0.0
210,67,67.0,172.0,0.0,179.0,0.0
210,67,68.0,177.0,0.0,186.0,0.0
210,67,69.0,181.0,0.0,189.0,0.0
210,67,70.0,180.0,0.0,194.0,0.0
210,67,71.0,184.0,0.0,199.0,0.0
210,67,72.0,183.0,0.0,204.0,0.0
210,67,73.0,182.0,0.0,210.0,0.0
210,67,74.0,181.0,0.0,215.0,0.0
210,67,75.0,184.0,0.0,222.0,0.0
210,67,76.0,185.0,0.0,228.0,0.0
210,67,77.0,187.0,0.0,233.0,0.0
210,67,78.0,186.0,0.0,236.0,0.0
210,67,79.0,182.0,0.0,240.0,0.0
210,67,80.0,185.0,0.0,249.0,0.0
210,67,81.0,182.0,0.0,252.0,0.0
210,67,82.0,180.0,0.0,259.0,0.0
210,67,83.0,179.0,0.0,265.0,0.0
210,67,84.0,182.0,0.0,272.0,0.0
210,67,85.0,179.0,0.0,275.0,0.0
210,67,86.0,179.0,0.0,285.0,0.0
210,67,87.0,182.0,0.0,290.0,0.0
210,67,88.0,184.0,0.0,292.0,0.0
210,67,89.0,186.0,0.0,296.0,0.0
210,67,90.0,186.0,0.0,300.0,0.0
210,67,91.0,184.0,0.0,309.0,0.0
210,67,92.0,187.0,0.0,318.0,0.0
210,67,93.0,187.0,0.0,322.0,0.0
210,67,94.0,187.0,0.0,327.0,0.0
210,67,95.0,184.0,0.0,333.0,0.0
210,67,96.0,191.0,0.0,339.0,0.0
210,67,97.0,194.0,0.0,341.0,0.0
210,67,98.0,187.0,0.0,345.0,0.0
210,67,99.0,186.0,0.0,355.0,0.0
210,67,100.0,188.0,0.0,360.0,0.0
210,67,101.0,187.0,0.0,363.0,0.0
210,67,102.0,188.0,0.0,368.0,0.0
210,67,103.0,185.0,0.0,374.0,0.0
210,67,104.0,187.0,0.0,384.0,0.0
210,67,105.0,185.0,0.0,387.0,0.0
210,67,106.0,185.0,0.0,395.0,0.0
210,67,107.0,182.0,0.0,401.0,0.0
210,67,108.0,184.0,0.0,409.0,0.0
210,67,109.0,182.0,0.0,411.0,0.0
210,67,110.0,177.0,0.0,419.0,0.0
210,67,111.0,180.0,0.0,426.0,0.0
210,67,112.0,184.0,0.0,430.0,0.0
210,67,113.0,181.0,0.0,432.0,0.0
210,67,114.0,182.0,0.0,440.0,0.0
210,67,115.0,182.0,0.0,445.0,0.0
210,67,116.0,181.0,0.0,452.0,0.0
210,67,117.0,180.0,0.0,460.0,0.0
210,67,118.0,174.0,0.0,467.0,0.0
210,67,119.0,177.0,0.0,478.0,0.0
210,67,120.0,173.0,0.0,483.0,0.0
210,67,121.0,174.0,0.0,490.0,0.0
210,67,122.0,175.0,0.0,492.0,0.0
210,67,123.0,174.0,0.0,497.0,0.0
210,67,124.0,176.0,0.0,504.0,0.0
210,67,125.0,174.0,0.0,507.0,0.0
210,67,126.0,178.0,0.0,513.0,0.0
210,67,127.0,178.0,0.0,515.0,0.0
210,67,128.0,178.0,0.0,521.0,0.0
210,67,129.0,177.0,0.0,526.0,0.0
210,67,130.0,172.0,0.0,531.0,0.0
210,67,131.0,172.0,0.0,541.0,0.0
210,67,132.0,171.0,0.0,544.0,0.0
210,67,133.0,171.0,0.0,551.0,0.0
210,67,134.0,167.0,0.0,554.0,0.0
210,67,135.0,169.0,0.0,563.0,0.0
210,67,136.0,168.0,0.0,567.0,0.0
210,67,137.0,164.0,0.0,573.0,0.0
210,67,138.0,165.0,0.0,580.0,0.0
210,67,139.0,168.0,0.0,588.0,0.0
210,67,140.0,167.0,0.0,593.0,0.0
210,67,141.0,165.0,0.0,598.0,0.0
210,67,142.0,165.0,0.0,604.0,0.0
210,67,143.0,171.0,0.0,609.0,0.0
210,67,144.0,171.0,0.0,611.0,0.0
210,67,145.0,174.0,0.0,616.0,0.0
210,67,146.0,177.0,0.0,620.0,0.0
210,67,147.0,181.0,0.0,624.0,0.0
210,67,148.0,181.0,0.0,630.0,0.0
210,67,149.0,176.0,0.0,635.0,0.0
210,67,150.0,177.0,0.0,644.0,0.0
210,67,151.0,181.0,0.0,650.0,0.0
210,67,152.0,178.0,0.0,655.0,0.0
210,67,153.0,180.0,0.0,663.0,0.0
210,67,154.0,185.0,0.0,666.0,0.0
210,67,155.0,181.0,0.0,669.0,0.0
210,67,156.0,177.0,0.0,679.0,0.0
210,67,157.0,178.0,0.0,687.0,0.0
210,67,158.0,177.0,0.0,692.0,0.0
210,67,159.0,179.0,0.0,697.0,0.0
210,67,160.0,179.0,0.0,701.0,0.0
210,67,161.0,181.0,0.0,707.0,0.0
210,67,162.0,178.0,0.0,712.0,0.0
210,67,163.0,177.0,0.0,721.0,0.0
210,67,164.0,178.0,0.0,726.0,0.0
210,67,165.0,174.0,0.0,732.0,0.0
210,67,166.0,177.0,0.0,743.0,0.0
210,67,167.0,181.0,0.0,748.0,0.0
210,67,168.0,180.0,0.0,753.0,0.0
210,67,169.0,179.0,0.0,760.0,0.0
210,67,170.0,180.0,0.0,766.0,0.0
210,67,171.0,181.0,0.0,772.0,0.0
210,67,172.0,180.0,0.0,778.0,0.0
210,67,173.0,184.0,0.0,782.0,0.0
210,67,174.0,186.0,0.0,785.0,0.0
210,67,175.0,186.0,0.0,788.0,0.0
210,67,176.0,193.0,0.0,792.0,0.0
210,67,177.0,198.0,0.0,796.0,0.0
210,67,178.0,201.0,0.0,798.0,0.0
210,67,179.0,198.0,0.0,801.0,0.0
210,67,180.0,199.0,0.0,809.0,0.0
210,67,181.0,195.0,0.0,814.0,0.0
210,67,182.0,201.0,0.0,820.0,0.0
210,67,183.0,198.0,0.0,823.0,0.0
210,67,184.0,198.0,0.0,834.0,0.0
210,67,185.0,195.0,0.0,840.0,0.0
210,67,186.0,196.0,0.0,848.0,0.0
210,67,187.0,191.0,0.0,850.0,0.0
210,67,188.0,191.0,0.0,858.0,0.0
210,67,189.0,189.0,0.0,862.0,0.0
210,67,190.0,191.0,0.0,871.0,0.0
210,67,191.0,191.0,0.0,877.0,0.0
210,67,192.0,188.0,0.0,881.0,0.0
210,67,193.0,190.0,0.0,886.0,0.0
210,67,194.0,190.0,0.0,890.0,0.0
210,67,195.0,183.0,0.0,896.0,0.0
210,67,196.0,185.0,0.0,907.0,0.0
210,67,197.0,184.0,0.0,909.0,0.0
210,67,198.0,182.0,0.0,915.0,0.0
210,67,199.0,182.0,0.0,921.0,0.0
210,67,200.0,181.0,0.0,928.0,0.0
210,67,201.0,174.0,0.0,935.0,0.0
210,67,202.0,168.0,0.0,942.0,0.0
210,67,203.0,165.0,0.0,948.0,0.0
210,67,204.0,155.0,0.0,951.0,0.0
210,67,205.0,151.0,0.0,961.0,0.0
210,67,206.0,146.0,0.0,965.0,0.0
210,67,207.0,143.0,0.0,970.0,0.0
210,67,208.0,138.0,0.0,973.0,0.0
210,67,209.0,131.0,0.0,978.0,0.0
210,67,210.0,126.0,0.0,985.0,0.0
210,67,211.0,118.0,0.0,990.0,0.0
210,67,212.0,108.0,0.0,998.0,0.0
210,67,213.0,105.0,0.0,1008.0,0.0
210,67,214.0,98.0,0.0,1011.0,0.0
210,67,215.0,94.0,0.0,1018.0,0.0
210,67,216.0,90.0,0.0,1022.0,0.0
210,67,217.0,83.0,0.0,1026.0,0.0
210,67,218.0,78.0,0.0,1033.0,0.0
210,67,219.0,74.0,0.0,1038.0,0.0
210,67,220.0,69.0,0.0,1042.0,0.0
210,67,221.0,62.0,0.0,1047.0,0.0
210,67,222.0,59.0,0.0,1054.0,0.0
210,67,223.0,56.0,0.0,1057.0,0.0
210,67,224.0,51.0,0.0,1060.0,0.0
210,67,225.0,48.0,0.0,1065.0,0.0
210,67,226.0,43.0,0.0,1068.0,0.0
210,67,227.0,42.0,0.0,1073.0,0.0
210,67,228.0,39.0,0.0,1074.0,0.0
210,67,229.0,35.0,0.0,1077.0,0.0
210,67,230.0,33.0,0.0,1081.0,0.0
210,67,231.0,31.0,0.0,1083.0,0.0
210,67,232.0,29.0,0.0,1085.0,0.0
210,67,233.0,28.0,0.0,1087.0,0.0
210,67,234.0,25.0,0.0,1088.0,0.0
210,67,235.0,24.0,0.0,1091.0,0.0
210,67,236.0,23.0,0.0,1092.0,0.0
210,67,237.0,21.0,0.0,1093.0,0.0
210,67,238.0,20.0,0.0,1095.0,0.0
210,67,239.0,19.0,0.0,1096.0,0.0
210,67,240.0,17.0,0.0,1097.0,0.0
210,67,241.0,16.0,0.0,1099.0,0.0
210,67,242.0,16.0,0.0,1100.0,0.0
210,67,243.0,16.0,0.0,1100.0,0.0
210,67,244.0,14.0,0.0,1100.0,0.0
210,67,245.0,13.0,0.0,1102.0,0.0
210,67,246.0,11.0,0.0,1103.0,0.0
210,67,247.0,10.0,0.0,1105.0,0.0
210,67,248.0,9.0,0.0,1106.0,0.0
210,67,249.0,8.0,0.0,1107.0,0.0
210,67,250.0,7.0,0.0,1108.0,0.0
210,67,251.0,6.0,0.0,1109.0,0.0
210,67,252.0,6.0,0.0,1110.0,0.0
210,67,253.0,5.0,0.0,1110.0,0.0
210,67,254.0,5.0,0.0,1111.0,0.0
210,67,255.0,4.0,0.0,1111.0,0.0
210,67,256.0,3.0,0.0,1112.0,0.0
210,67,257.0,2.0,0.0,1113.0,0.0
210,67,258.0,2.0,0.0,1114.0,0.0
210,67,259.0,1.0,0.0,1114.0,0.0
210,67,260.0,1.0,0.0,1115.0,0.0
210,67,261.0,1.0,0.0,1115.0,0.0
210,67,262.0,1.0,0.0,1115.0,0.0
210,67,263.0,1.0,0.0,1115.0,0.0
210,67,264.0,1.0,0.0,1115.0,0.0
210,67,265.0,1.0,0.0,1115.0,0.0
210,67,266.0,1.0,0.0,1115.0,0.0
210,67,267.0,1.0,0.0,1115.0,0.0
210,67,268.0,1.0,0.0,1115.0,0.0
210,67,269.0,0.0,0.0,1115.0,0.0
210,67,270.0,0.0,0.0,1116.0,0.0
210,68,0.0,8.0,0.0,0.0,0.0
210,68,1.0,12.0,0.0,0.0,0.0
210,68,2.0,17.0,0.0,0.0,0.0
210,68,3.0,23.0,0.0,0.0,0.0
210,68,4.0,27.0,0.0,0.0,0.0
210,68,5.0,30.0,0.0,0.0,0.0
210,68,6.0,37.0,0.0,0.0,0.0
210,68,7.0,41.0,0.0,0.0,0.0
210,68,8.0,48.0,0.0,0.0,0.0
210,68,9.0,52.0,0.0,0.0,0.0
210,68,10.0,56.0,0.0,0.0,0.0
210,68,11.0,62.0,0.0,0.0,0.0
210,68,12.0,68.0,0.0,0.0,0.0
210,68,13.0,72.0,0.0,0.0,0.0
210,68,14.0,75.0,0.0,0.0,0.0
210,68,15.0,84.0,0.0,0.0,0.0
210,68,16.0,87.0,0.0,0.0,0.0
210,68,17.0,92.0,0.0,0.0,0.0
210,68,18.0,97.0,0.0,1.0,0.0
210,68,19.0,103.0,0.0,1.0,0.0
210,68,20.0,109.0,0.0,2.0,0.0
210,68,21.0,110.0,0.0,2.0,0.0
210,68,22.0,114.0,0.0,4.0,0.0
210,68,23.0,121.0,0.0,5.0,0.0
210,68,24.0,123.0,0.0,6.0,0.0
210,68,25.0,126.0,0.0,9.0,0.0
210,68,26.0,130.0,0.0,12.0,0.0
210,68,27.0,137.0,0.0,14.0,0.0
210,68,28.0,139.0,0.0,15.0,0.0
210,68,29.0,145.0,0.0,17.0,0.0
210,68,30.0,146.0,0.0,21.0,0.0
210,68,31.0,151.0,0.0,26.0,0.0
210,68,32.0,147.0,0.0,30.0,0.0
210,68,33.0,148.0,0.0,36.0,0.0
210,68,34.0,149.0,0.0,41.0,0.0
210,68,35.0,151.0,0.0,44.0,0.0
210,68,36.0,152.0,0.0,46.0,0.0
210,68,37.0,154.0,0.0,52.0,0.0
210,68,38.0,154.0,0.0,57.0,0.0
210,68,39.0,154.0,0.0,60.0,0.0
210,68,40.0,156.0,0.0,64.0,0.0
210,68,41.0,158.0,0.0,69.0,0.0
210,68,42.0,159.0,0.0,71.0,0.0
210,68,43.0,156.0,0.0,75.0,0.0
210,68,44.0,150.0,0.0,82.0,0.0
210,68,45.0,154.0,0.0,90.0,0.0
210,68,46.0,155.0,0.0,93.0,0.0
210,68,47.0,156.0,0.0,99.0,0.0
210,68,48.0,156.0,0.0,104.0,0.0
210,68,49.0,161.0,0.0,112.0,0.0
210,68,50.0,165.0,0.0,116.0,0.0
210,68,51.0,165.0,0.0,118.0,0.0
210,68,52.0,161.0,0.0,123.0,0.0
210,68,53.0,161.0,0.0,132.0,0.0
210,68,54.0,160.0,0.0,135.0,0.0
210,68,55.0,163.0,0.0,140.0,0.0
210,68,56.0,168.0,0.0,147.0,0.0
210,68,57.0,171.0,0.0,149.0,0.0
210,68,58.0,174.0,0.0,153.0,0.0
210,68,59.0,173.0,0.0,158.0,0.0
210,68,60.0,172.0,0.0,162.0,0.0
210,68,61.0,171.0,0.0,167.0,0.0
210,68,62.0,170.0,0.0,170.0,0.0
210,68,63.0,170.0,0.0,177.0,0.0
210,68,64.0,169.0,0.0,183.0,0.0
210,68,65.0,172.0,0.0,190.0,0.0
210,68,66.0,169.0,0.0,196.0,0.0
210,68,67.0,166.0,0.0,202.0,0.0
210,68,68.0,166.0,0.0,209.0,0.0
210,68,69.0,168.0,0.0,215.0,0.0
210,68,70.0,169.0,0.0,218.0,0.0
210,68,71.0,166.0,0.0,223.0,0.0
210,68,72.0,165.0,0.0,230.0,0.0
210,68,73.0,167.0,0.0,234.0,0.0
210,68,74.0,159.0,0.0,239.0,0.0
210,68,75.0,156.0,0.0,252.0,0.0
210,68,76.0,158.0,0.0,259.0,0.0
210,68,77.0,161.0,0.0,264.0,0.0
210,68,78.0,156.0,0.0,267.0,0.0
210,68,79.0,163.0,0.0,275.0,0.0
210,68,80.0,167.0,0.0,277.0,0.0
210,68,81.0,170.0,0.0,279.0,0.0
210,68,82.0,172.0,0.0,282.0,0.0
210,68,83.0,171.0,0.0,287.0,0.0
210,68,84.0,169.0,0.0,291.0,0.0
210,68,85.0,169.0,0.0,296.0,0.0
210,68,86.0,170.0,0.0,303.0,0.0
210,68,87.0,173.0,0.0,308.0,0.0
210,68,88.0,172.0,0.0,309.0,0.0
210,68,89.0,169.0,0.0,313.0,0.0
210,68,90.0,174.0,0.0,321.0,0.0
210,68,91.0,174.0,0.0,326.0,0.0
210,68,92.0,180.0,0.0,332.0,0.0
210,68,93.0,177.0,0.0,333.0,0.0
210,68,94.0,179.0,0.0,340.0,0.0
210,68,95.0,177.0,0.0,346.0,0.0
210,68,96.0,179.0,0.0,352.0,0.0
210,68,97.0,180.0,0.0,355.0,0.0
210,68,98.0,179.0,0.0,359.0,0.0
210,68,99.0,180.0,0.0,364.0,0.0
210,68,100.0,182.0,0.0,371.0,0.0
210,68,101.0,179.0,0.0,376.0,0.0
210,68,102.0,177.0,0.0,384.0,0.0
210,68,103.0,179.0,0.0,389.0,0.0
210,68,104.0,179.0,0.0,393.0,0.0
210,68,105.0,178.0,0.0,400.0,0.0
210,68,106.0,176.0,0.0,407.0,0.0
210,68,107.0,175.0,0.0,413.0,0.0
210,68,108.0,178.0,0.0,417.0,0.0
210,68,109.0,174.0,0.0,420.0,0.0
210,68,110.0,170.0,0.0,427.0,0.0
210,68,111.0,171.0,0.0,434.0,0.0
210,68,112.0,174.0,0.0,442.0,0.0
210,68,113.0,172.0,0.0,448.0,0.0
210,68,114.0,171.0,0.0,453.0,0.0
210,68,115.0,168.0,0.0,459.0,0.0
210,68,116.0,166.0,0.0,466.0,0.0
210,68,117.0,169.0,0.0,472.0,0.0
210,68,118.0,163.0,0.0,477.0,0.0
210,68,119.0,163.0,0.0,486.0,0.0
210,68,120.0,159.0,0.0,490.0,0.0
210,68,121.0,160.0,0.0,500.0,0.0
210,68,122.0,166.0,0.0,503.0,0.0
210,68,123.0,167.0,0.0,504.0,0.0
210,68,124.0,166.0,0.0,508.0,0.0
210,68,125.0,164.0,0.0,513.0,0.0
210,68,126.0,162.0,0.0,520.0,0.0
210,68,127.0,166.0,0.0,526.0,0.0
210,68,128.0,162.0,0.0,530.0,0.0
210,68,129.0,162.0,0.0,538.0,0.0
210,68,130.0,161.0,0.0,542.0,0.0
210,68,131.0,160.0,0.0,546.0,0.0
210,68,132.0,162.0,0.0,554.0,0.0
210,68,133.0,170.0,0.0,559.0,0.0
210,68,134.0,168.0,0.0,560.0,0.0
210,68,135.0,169.0,0.0,566.0,0.0
210,68,136.0,173.0,0.0,571.0,0.0
210,68,137.0,178.0,0.0,575.0,0.0
210,68,138.0,180.0,0.0,581.0,0.0
210,68,139.0,176.0,0.0,586.0,0.0
210,68,140.0,177.0,0.0,594.0,0.0
210,68,141.0,173.0,0.0,603.0,0.0
210,68,142.0,171.0,0.0,612.0,0.0
210,68,143.0,172.0,0.0,619.0,0.0
210,68,144.0,168.0,0.0,624.0,0.0
210,68,145.0,173.0,0.0,632.0,0.0
210,68,146.0,174.0,0.0,635.0,0.0
210,68,147.0,176.0,0.0,641.0,0.0
210,68,148.0,178.0,0.0,644.0,0.0
210,68,149.0,183.0,0.0,647.0,0.0
210,68,150.0,183.0,0.0,652.0,0.0
210,68,151.0,181.0,0.0,656.0,0.0
210,68,152.0,180.0,0.0,663.0,0.0
210,68,153.0,181.0,0.0,668.0,0.0
210,68,154.0,180.0,0.0,673.0,0.0
210,68,155.0,180.0,0.0,680.0,0.0
210,68,156.0,180.0,0.0,684.0,0.0
210,68,157.0,183.0,0.0,691.0,0.0
210,68,158.0,177.0,0.0,694.0,0.0
210,68,159.0,180.0,0.0,704.0,0.0
210,68,160.0,185.0,0.0,712.0,0.0
210,68,161.0,182.0,0.0,714.0,0.0
210,68,162.0,184.0,0.0,721.0,0.0
210,68,163.0,189.0,0.0,726.0,0.0
210,68,164.0,188.0,0.0,730.0,0.0
210,68,165.0,187.0,0.0,735.0,0.0
210,68,166.0,188.0,0.0,741.0,0.0
210,68,167.0,186.0,0.0,744.0,0.0
210,68,168.0,182.0,0.0,753.0,0.0
210,68,169.0,181.0,0.0,763.0,0.0
210,68,170.0,180.0,0.0,770.0,0.0
210,68,171.0,178.0,0.0,776.0,0.0
210,68,172.0,174.0,0.0,782.0,0.0
210,68,173.0,177.0,0.0,792.0,0.0
210,68,174.0,179.0,0.0,796.0,0.0
210,68,175.0,182.0,0.0,800.0,0.0
210,68,176.0,178.0,0.0,804.0,0.0
210,68,177.0,170.0,0.0,811.0,0.0
210,68,178.0,169.0,0.0,821.0,0.0
210,68,179.0,167.0,0.0,826.0,0.0
210,68,180.0,165.0,0.0,833.0,0.0
210,68,181.0,162.0,0.0,839.0,0.0
210,68,182.0,165.0,0.0,845.0,0.0
210,68,183.0,165.0,0.0,848.0,0.0
210,68,184.0,164.0,0.0,856.0,0.0
210,68,185.0,164.0,0.0,861.0,0.0
210,68,186.0,168.0,0.0,866.0,0.0
210,68,187.0,172.0,0.0,870.0,0.0
210,68,188.0,176.0,0.0,877.0,0.0
210,68,189.0,174.0,0.0,881.0,0.0
210,68,190.0,174.0,0.0,887.0,0.0
210,68,191.0,169.0,0.0,890.0,0.0
210,68,192.0,169.0,0.0,898.0,0.0
210,68,193.0,163.0,0.0,905.0,0.0
210,68,194.0,159.0,0.0,913.0,0.0
210,68,195.0,157.0,0.0,922.0,0.0
210,68,196.0,158.0,0.0,928.0,0.0
210,68,197.0,160.0,0.0,932.0,0.0
210,68,198.0,162.0,0.0,934.0,0.0
210,68,199.0,163.0,0.0,942.0,0.0
210,68,200.0,162.0,0.0,945.0,0.0
210,68,201.0,158.0,0.0,951.0,0.0
210,68,202.0,155.0,0.0,955.0,0.0
210,68,203.0,151.0,0.0,958.0,0.0
210,68,204.0,144.0,0.0,962.0,0.0
210,68,205.0,137.0,0.0,969.0,0.0
210,68,206.0,132.0,0.0,976.0,0.0
210,68,207.0,124.0,0.0,981.0,0.0
210,68,208.0,122.0,0.0,989.0,0.0
210,68,209.0,115.0,0.0,991.0,0.0
210,68,210.0,110.0,0.0,998.0,0.0
210,68,211.0,104.0,0.0,1003.0,0.0
210,68,212.0,96.0,0.0,1009.0,0.0
210,68,213.0,89.0,0.0,1017.0,0.0
210,68,214.0,86.0,0.0,1024.0,0.0
210,68,215.0,83.0,0.0,1027.0,0.0
210,68,216.0,79.0,0.0,1030.0,0.0
210,68,217.0,74.0,0.0,1034.0,0.0
210,68,218.0,72.0,0.0,1039.0,0.0
210,68,219.0,68.0,0.0,1041.0,0.0
210,68,220.0,64.0,0.0,1045.0,0.0
210,68,221.0,59.0,0.0,1049.0,0.0
210,68,222.0,54.0,0.0,1054.0,0.0
210,68,223.0,48.0,0.0,1059.0,0.0
210,68,224.0,44.0,0.0,1065.0,0.0
210,68,225.0,42.0,0.0,1069.0,0.0
210,68,226.0,40.0,0.0,1071.0,0.0
210,68,227.0,39.0,0.0,1073.0,0.0
210,68,228.0,36.0,0.0,1074.0,0.0
210,68,229.0,33.0,0.0,1077.0,0.0
210,68,230.0,31.0,0.0,1080.0,0.0
210,68,231.0,30.0,0.0,1082.0,0.0
210,68,232.0,29.0,0.0,1083.0,0.0
210,68,233.0,29.0,0.0,1084.0,0.0
210,68,234.0,26.0,0.0,1084.0,0.0
210,68,235.0,23.0,0.0,1087.0,0.0
210,68,236.0,22.0,0.0,1090.0,0.0
210,68,237.0,21.0,0.0,1091.0,0.0
210,68,238.0,21.0,0.0,1092.0,0.0
210,68,239.0,20.0,0.0,1092.0,0.0
210,68,240.0,19.0,0.0,1093.0,0.0
210,68,241.0,19.0,0.0,1094.0,0.0
210,68,242.0,18.0,0.0,1094.0,0.0
210,68,243.0,18.0,0.0,1095.0,0.0
210,68,244.0,17.0,0.0,1095.0,0.0
210,68,245.0,17.0,0.0,1096.0,0.0
210,68,246.0,17.0,0.0,1096.0,0.0
210,68,247.0,17.0,0.0,1096.0,0.0
210,68,248.0,16.0,0.0,1096.0,0.0
210,68,249.0,16.0,0.0,1097.0,0.0
210,68,250.0,15.0,0.0,1097.0,0.0
210,68,251.0,12.0,0.0,1098.0,0.0
210,68,252.0,10.0,0.0,1101.0,0.0
210,68,253.0,9.0,0.0,1103.0,0.0
210,68,254.0,8.0,0.0,1104.0,0.0
210,68,255.0,7.0,0.0,1105.0,0.0
210,68,256.0,7.0,0.0,1106.0,0.0
210,68,257.0,6.0,0.0,1106.0,0.0
210,68,258.0,4.0,0.0,1107.0,0.0
210,68,259.0,4.0,0.0,1109.0,0.0
210,68,260.0,4.0,0.0,1109.0,0.0
210,68,261.0,3.0,0.0,1109.0,0.0
210,68,262.0,2.0,0.0,1110.0,0.0
210,68,263.0,2.0,0.0,1111.0,0.0
210,68,264.0,2.0,0.0,1111.0,0.0
210,68,265.0,2.0,0.0,1111.0,0.0
210,68,266.0,2.0,0.0,1111.0,0.0
210,68,267.0,2.0,0.0,1111.0,0.0
210,68,268.0,1.0,0.0,1111.0,0.0
210,68,269.0,0.0,0.0,1112.0,0.0
210,68,270.0,0.0,0.0,1113.0,0.0
210,69,0.0,5.0,0.0,0.0,0.0
210,69,1.0,9.0,0.0,0.0,0.0
210,69,2.0,15.0,0.0,0.0,0.0
210,69,3.0,21.0,0.0,0.0,0.0
210,69,4.0,27.0,0.0,0.0,0.0
210,69,5.0,31.0,0.0,0.0,0.0
210,69,6.0,38.0,0.0,0.0,0.0
210,69,7.0,40.0,0.0,0.0,0.0
210,69,8.0,44.0,0.0,0.0,0.0
210,69,9.0,46.0,0.0,0.0,0.0
210,69,10.0,51.0,0.0,0.0,0.0
210,69,11.0,56.0,0.0,0.0,0.0
210,69,12.0,62.0,0.0,0.0,0.0
210,69,13.0,68.0,0.0,0.0,0.0
210,69,14.0,74.0,0.0,1.0,0.0
210,69,15.0,81.0,0.0,1.0,0.0
210,69,16.0,88.0,0.0,1.0,0.0
210,69,17.0,96.0,0.0,1.0,0.0
210,69,18.0,101.0,0.0,1.0,0.0
210,69,19.0,107.0,0.0,1.0,0.0
210,69,20.0,109.0,0.0,1.0,0.0
210,69,21.0,112.0,0.0,3.0,0.0
210,69,22.0,116.0,0.0,3.0,0.0
210,69,23.0,117.0,0.0,4.0,0.0
210,69,24.0,119.0,0.0,4.0,0.0
210,69,25.0,119.0,0.0,6.0,0.0
210,69,26.0,122.0,0.0,9.0,0.0
210,69,27.0,129.0,0.0,12.0,0.0
210,69,28.0,129.0,0.0,14.0,0.0
210,69,29.0,130.0,0.0,16.0,0.0
210,69,30.0,133.0,0.0,19.0,0.0
210,69,31.0,133.0,0.0,21.0,0.0
210,69,32.0,133.0,0.0,28.0,0.0
210,69,33.0,134.0,0.0,35.0,0.0
210,69,34.0,137.0,0.0,38.0,0.0
210,69,35.0,135.0,0.0,41.0,0.0
210,69,36.0,134.0,0.0,49.0,0.0
210,69,37.0,139.0,0.0,53.0,0.0
210,69,38.0,140.0,0.0,58.0,0.0
210,69,39.0,140.0,0.0,62.0,0.0
210,69,40.0,141.0,0.0,67.0,0.0
210,69,41.0,144.0,0.0,70.0,0.0
210,69,42.0,148.0,0.0,72.0,0.0
210,69,43.0,148.0,0.0,76.0,0.0
210,69,44.0,147.0,0.0,79.0,0.0
210,69,45.0,150.0,0.0,85.0,0.0
210,69,46.0,151.0,0.0,89.0,0.0
210,69,47.0,153.0,0.0,93.0,0.0
210,69,48.0,153.0,0.0,97.0,0.0
210,69,49.0,152.0,0.0,102.0,0.0
210,69,50.0,151.0,0.0,108.0,0.0
210,69,51.0,152.0,0.0,114.0,0.0
210,69,52.0,151.0,0.0,115.0,0.0
210,69,53.0,156.0,0.0,119.0,0.0
210,69,54.0,153.0,0.0,123.0,0.0
210,69,55.0,155.0,0.0,130.0,0.0
210,69,56.0,157.0,0.0,134.0,0.0
210,69,57.0,157.0,0.0,138.0,0.0
210,69,58.0,161.0,0.0,144.0,0.0
210,69,59.0,160.0,0.0,146.0,0.0
210,69,60.0,160.0,0.0,151.0,0.0
210,69,61.0,162.0,0.0,160.0,0.0
210,69,62.0,166.0,0.0,163.0,0.0
210,69,63.0,171.0,0.0,170.0,0.0
210,69,64.0,170.0,0.0,171.0,0.0
210,69,65.0,169.0,0.0,178.0,0.0
210,69,66.0,169.0,0.0,185.0,0.0
210,69,67.0,169.0,0.0,193.0,0.0
210,69,68.0,171.0,0.0,196.0,0.0
210,69,69.0,170.0,0.0,199.0,0.0
210,69,70.0,170.0,0.0,205.0,0.0
210,69,71.0,170.0,0.0,209.0,0.0
210,69,72.0,173.0,0.0,213.0,0.0
210,69,73.0,174.0,0.0,214.0,0.0
210,69,74.0,171.0,0.0,219.0,0.0
210,69,75.0,173.0,0.0,226.0,0.0
210,69,76.0,176.0,0.0,231.0,0.0
210,69,77.0,181.0,0.0,236.0,0.0
210,69,78.0,181.0,0.0,239.0,0.0
210,69,79.0,181.0,0.0,244.0,0.0
210,69,80.0,181.0,0.0,249.0,0.0
210,69,81.0,176.0,0.0,256.0,0.0
210,69,82.0,174.0,0.0,266.0,0.0
210,69,83.0,170.0,0.0,271.0,0.0
210,69,84.0,168.0,0.0,279.0,0.0
210,69,85.0,162.0,0.0,284.0,0.0
210,69,86.0,160.0,0.0,293.0,0.0
210,69,87.0,158.0,0.0,299.0,0.0
210,69,88.0,157.0,0.0,305.0,0.0
210,69,89.0,155.0,0.0,308.0,0.0
210,69,90.0,153.0,0.0,313.0,0.0
210,69,91.0,148.0,0.0,319.0,0.0
210,69,92.0,152.0,0.0,326.0,0.0
210,69,93.0,151.0,0.0,330.0,0.0
210,69,94.0,155.0,0.0,337.0,0.0
210,69,95.0,158.0,0.0,340.0,0.0
210,69,96.0,156.0,0.0,344.0,0.0
210,69,97.0,154.0,0.0,351.0,0.0
210,69,98.0,156.0,0.0,358.0,0.0
210,69,99.0,158.0,0.0,361.0,0.0
210,69,100.0,160.0,0.0,367.0,0.0
210,69,101.0,162.0,0.0,370.0,0.0
210,69,102.0,167.0,0.0,376.0,0.0
210,69,103.0,168.0,0.0,378.0,0.0
210,69,104.0,171.0,0.0,383.0,0.0
210,69,105.0,173.0,0.0,389.0,0.0
210,69,106.0,169.0,0.0,393.0,0.0
210,69,107.0,170.0,0.0,399.0,0.0
210,69,108.0,166.0,0.0,406.0,0.0
210,69,109.0,165.0,0.0,413.0,0.0
210,69,110.0,160.0,0.0,420.0,0.0
210,69,111.0,160.0,0.0,429.0,0.0
210,69,112.0,155.0,0.0,434.0,0.0
210,69,113.0,156.0,0.0,442.0,0.0
210,69,114.0,157.0,0.0,444.0,0.0
210,69,115.0,158.0,0.0,448.0,0.0
210,69,116.0,158.0,0.0,454.0,0.0
210,69,117.0,157.0,0.0,460.0,0.0
210,69,118.0,160.0,0.0,465.0,0.0
210,69,119.0,161.0,0.0,471.0,0.0
210,69,120.0,168.0,0.0,475.0,0.0
210,69,121.0,167.0,0.0,476.0,0.0
210,69,122.0,173.0,0.0,481.0,0.0
210,69,123.0,173.0,0.0,483.0,0.0
210,69,124.0,171.0,0.0,487.0,0.0
210,69,125.0,174.0,0.0,493.0,0.0
210,69,126.0,178.0,0.0,496.0,0.0
210,69,127.0,177.0,0.0,502.0,0.0
210,69,128.0,174.0,0.0,506.0,0.0
210,69,129.0,175.0,0.0,513.0,0.0
210,69,130.0,176.0,0.0,518.0,0.0
210,69,131.0,173.0,0.0,523.0,0.0
210,69,132.0,177.0,0.0,528.0,0.0
210,69,133.0,180.0,0.0,533.0,0.0
210,69,134.0,183.0,0.0,536.0,0.0
210,69,135.0,182.0,0.0,539.0,0.0
210,69,136.0,181.0,0.0,549.0,0.0
210,69,137.0,178.0,0.0,559.0,0.0
210,69,138.0,181.0,0.0,566.0,0.0
210,69,139.0,184.0,0.0,571.0,0.0
210,69,140.0,188.0,0.0,573.0,0.0
210,69,141.0,188.0,0.0,577.0,0.0
210,69,142.0,187.0,0.0,581.0,0.0
210,69,143.0,186.0,0.0,587.0,0.0
210,69,144.0,180.0,0.0,592.0,0.0
210,69,145.0,178.0,0.0,604.0,0.0
210,69,146.0,178.0,0.0,610.0,0.0
210,69,147.0,175.0,0.0,615.0,0.0
210,69,148.0,176.0,0.0,621.0,0.0
210,69,149.0,177.0,0.0,627.0,0.0
210,69,150.0,178.0,0.0,632.0,0.0
210,69,151.0,178.0,0.0,635.0,0.0
210,69,152.0,179.0,0.0,638.0,0.0
210,69,153.0,181.0,0.0,643.0,0.0
210,69,154.0,180.0,0.0,648.0,0.0
210,69,155.0,176.0,0.0,651.0,0.0
210,69,156.0,173.0,0.0,660.0,0.0
210,69,157.0,168.0,0.0,668.0,0.0
210,69,158.0,163.0,0.0,675.0,0.0
210,69,159.0,161.0,0.0,683.0,0.0
210,69,160.0,162.0,0.0,688.0,0.0
210,69,161.0,164.0,0.0,695.0,0.0
210,69,162.0,169.0,0.0,699.0,0.0
210,69,163.0,168.0,0.0,703.0,0.0
210,69,164.0,169.0,0.0,710.0,0.0
210,69,165.0,166.0,0.0,717.0,0.0
210,69,166.0,169.0,0.0,725.0,0.0
210,69,167.0,168.0,0.0,730.0,0.0
210,69,168.0,170.0,0.0,737.0,0.0
210,69,169.0,165.0,0.0,741.0,0.0
210,69,170.0,169.0,0.0,751.0,0.0
210,69,171.0,169.0,0.0,754.0,0.0
210,69,172.0,170.0,0.0,760.0,0.0
210,69,173.0,168.0,0.0,765.0,0.0
210,69,174.0,171.0,0.0,773.0,0.0
210,69,175.0,173.0,0.0,778.0,0.0
210,69,176.0,172.0,0.0,784.0,0.0
210,69,177.0,175.0,0.0,790.0,0.0
210,69,178.0,174.0,0.0,793.0,0.0
210,69,179.0,177.0,0.0,798.0,0.0
210,69,180.0,174.0,0.0,801.0,0.0
210,69,181.0,171.0,0.0,809.0,0.0
210,69,182.0,174.0,0.0,816.0,0.0
210,69,183.0,176.0,0.0,819.0,0.0
210,69,184.0,175.0,0.0,824.0,0.0
210,69,185.0,173.0,0.0,829.0,0.0
210,69,186.0,173.0,0.0,835.0,0.0
210,69,187.0,173.0,0.0,840.0,0.0
210,69,188.0,170.0,0.0,845.0,0.0
210,69,189.0,169.0,0.0,854.0,0.0
210,69,190.0,169.0,0.0,857.0,0.0
210,69,191.0,170.0,0.0,861.0,0.0
210,69,192.0,167.0,0.0,864.0,0.0
210,69,193.0,167.0,0.0,870.0,0.0
210,69,194.0,166.0,0.0,877.0,0.0
210,69,195.0,170.0,0.0,883.0,0.0
210,69,196.0,172.0,0.0,888.0,0.0
210,69,197.0,168.0,0.0,893.0,0.0
210,69,198.0,168.0,0.0,900.0,0.0
210,69,199.0,170.0,0.0,902.0,0.0
210,69,200.0,171.0,0.0,904.0,0.0
210,69,201.0,168.0,0.0,911.0,0.0
210,69,202.0,160.0,0.0,914.0,0.0
210,69,203.0,158.0,0.0,922.0,0.0
210,69,204.0,151.0,0.0,924.0,0.0
210,69,205.0,141.0,0.0,931.0,0.0
210,69,206.0,136.0,0.0,941.0,0.0
210,69,207.0,125.0,0.0,946.0,0.0
210,69,208.0,121.0,0.0,957.0,0.0
210,69,209.0,117.0,0.0,961.0,0.0
210,69,210.0,114.0,0.0,965.0,0.0
210,69,211.0,110.0,0.0,968.0,0.0
210,69,212.0,105.0,0.0,972.0,0.0
210,69,213.0,101.0,0.0,977.0,0.0
210,69,214.0,94.0,0.0,981.0,0.0
210,69,215.0,90.0,0.0,988.0,0.0
210,69,216.0,85.0,0.0,992.0,0.0
210,69,217.0,79.0,0.0,997.0,0.0
210,69,218.0,72.0,0.0,1003.0,0.0
210,69,219.0,69.0,0.0,1010.0,0.0
210,69,220.0,62.0,0.0,1013.0,0.0
210,69,221.0,56.0,0.0,1020.0,0.0
210,69,222.0,51.0,0.0,1026.0,0.0
210,69,223.0,48.0,0.0,1031.0,0.0
210,69,224.0,41.0,0.0,1034.0,0.0
210,69,225.0,36.0,0.0,1041.0,0.0
210,69,226.0,34.0,0.0,1046.0,0.0
210,69,227.0,31.0,0.0,1048.0,0.0
210,69,228.0,28.0,0.0,1051.0,0.0
210,69,229.0,27.0,0.0,1054.0,0.0
210,69,230.0,24.0,0.0,1055.0,0.0
210,69,231.0,21.0,0.0,1058.0,0.0
210,69,232.0,21.0,0.0,1061.0,0.0
210,69,233.0,20.0,0.0,1061.0,0.0
210,69,234.0,18.0,0.0,1062.0,0.0
210,69,235.0,17.0,0.0,1064.0,0.0
210,69,236.0,14.0,0.0,1065.0,0.0
210,69,237.0,14.0,0.0,1068.0,0.0
210,69,238.0,13.0,0.0,1068.0,0.0
210,69,239.0,13.0,0.0,1069.0,0.0
210,69,240.0,11.0,0.0,1069.0,0.0
210,69,241.0,10.0,0.0,1071.0,0.0
210,69,242.0,10.0,0.0,1072.0,0.0
210,69,243.0,10.0,0.0,1072.0,0.0
210,69,244.0,10.0,0.0,1072.0,0.0
210,69,245.0,10.0,0.0,1072.0,0.0
210,69,246.0,9.0,0.0,1072.0,0.0
210,69,247.0,8.0,0.0,1073.0,0.0
210,69,248.0,8.0,0.0,1074.0,0.0
210,69,249.0,8.0,0.0,1074.0,0.0
210,69,250.0,6.0,0.0,1074.0,0.0
210,69,251.0,5.0,0.0,1076.0,0.0
210,69,252.0,5.0,0.0,1077.0,0.0
210,69,253.0,4.0,0.0,1077.0,0.0
210,69,254.0,2.0,0.0,1078.0,0.0
210,69,255.0,2.0,0.0,1080.0,0.0
210,69,256.0,2.0,0.0,1080.0,0.0
210,69,257.0,2.0,0.0,1080.0,0.0
210,69,258.0,2.0,0.0,1080.0,0.0
210,69,259.0,2.0,0.0,1080.0,0.0
210,69,260.0,2.0,0.0,1080.0,0.0
210,69,261.0,2.0,0.0,1080.0,0.0
210,69,262.0,2.0,0.0,1080.0,0.0
210,69,263.0,0.0,0.0,1080.0,0.0
210,69,264.0,0.0,0.0,1082.0,0.0
210,70,0.0,3.0,0.0,0.0,0.0
210,70,1.0,8.0,0.0,0.0,0.0
210,70,2.0,14.0,0.0,0.0,0.0
210,70,3.0,23.0,0.0,0.0,0.0
210,70,4.0,29.0,0.0,0.0,0.0
210,70,5.0,32.0,0.0,0.0,0.0
210,70,6.0,39.0,0.0,0.0,0.0
210,70,7.0,47.0,0.0,0.0,0.0
210,70,8.0,50.0,0.0,0.0,0.0
210,70,9.0,57.0,0.0,0.0,0.0
210,70,10.0,60.0,0.0,0.0,0.0
210,70,11.0,68.0,0.0,0.0,0.0
210,70,12.0,73.0,0.0,0.0,0.0
210,70,13.0,75.0,0.0,0.0,0.0
210,70,14.0,82.0,0.0,0.0,0.0
210,70,15.0,90.0,0.0,1.0,0.0
210,70,16.0,94.0,0.0,1.0,0.0
210,70,17.0,96.0,0.0,1.0,0.0
210,70,18.0,102.0,0.0,1.0,0.0
210,70,19.0,105.0,0.0,1.0,0.0
210,70,20.0,109.0,0.0,1.0,0.0
210,70,21.0,113.0,0.0,2.0,0.0
210,70,22.0,117.0,0.0,4.0,0.0
210,70,23.0,125.0,0.0,4.0,0.0
210,70,24.0,129.0,0.0,4.0,0.0
210,70,25.0,135.0,0.0,5.0,0.0
210,70,26.0,136.0,0.0,7.0,0.0
210,70,27.0,138.0,0.0,12.0,0.0
210,70,28.0,141.0,0.0,18.0,0.0
210,70,29.0,147.0,0.0,22.0,0.0
210,70,30.0,153.0,0.0,25.0,0.0
210,70,31.0,151.0,0.0,27.0,0.0
210,70,32.0,147.0,0.0,33.0,0.0
210,70,33.0,147.0,0.0,41.0,0.0
210,70,34.0,151.0,0.0,45.0,0.0
210,70,35.0,153.0,0.0,48.0,0.0
210,70,36.0,155.0,0.0,50.0,0.0
210,70,37.0,153.0,0.0,55.0,0.0
210,70,38.0,155.0,0.0,62.0,0.0
210,70,39.0,158.0,0.0,65.0,0.0
210,70,40.0,157.0,0.0,68.0,0.0
210,70,41.0,157.0,0.0,73.0,0.0
210,70,42.0,159.0,0.0,77.0,0.0
210,70,43.0,157.0,0.0,80.0,0.0
210,70,44.0,155.0,0.0,87.0,0.0
210,70,45.0,154.0,0.0,95.0,0.0
210,70,46.0,155.0,0.0,101.0,0.0
210,70,47.0,148.0,0.0,106.0,0.0
210,70,48.0,150.0,0.0,115.0,0.0
210,70,49.0,150.0,0.0,118.0,0.0
210,70,50.0,154.0,0.0,122.0,0.0
210,70,51.0,154.0,0.0,127.0,0.0
210,70,52.0,155.0,0.0,135.0,0.0
210,70,53.0,158.0,0.0,141.0,0.0
210,70,54.0,159.0,0.0,144.0,0.0
210,70,55.0,162.0,0.0,150.0,0.0
210,70,56.0,163.0,0.0,155.0,0.0
210,70,57.0,162.0,0.0,160.0,0.0
210,70,58.0,165.0,0.0,168.0,0.0
210,70,59.0,168.0,0.0,171.0,0.0
210,70,60.0,169.0,0.0,174.0,0.0
210,70,61.0,172.0,0.0,180.0,0.0
210,70,62.0,171.0,0.0,184.0,0.0
210,70,63.0,174.0,0.0,190.0,0.0
210,70,64.0,173.0,0.0,194.0,0.0
210,70,65.0,175.0,0.0,199.0,0.0
210,70,66.0,176.0,0.0,204.0,0.0
210,70,67.0,174.0,0.0,208.0,0.0
210,70,68.0,180.0,0.0,212.0,0.0
210,70,69.0,180.0,0.0,216.0,0.0
210,70,70.0,180.0,0.0,221.0,0.0
210,70,71.0,178.0,0.0,227.0,0.0
210,70,72.0,181.0,0.0,234.0,0.0
210,70,73.0,177.0,0.0,238.0,0.0
210,70,74.0,176.0,0.0,249.0,0.0
210,70,75.0,180.0,0.0,256.0,0.0
210,70,76.0,180.0,0.0,258.0,0.0
210,70,77.0,173.0,0.0,264.0,0.0
210,70,78.0,172.0,0.0,272.0,0.0
210,70,79.0,176.0,0.0,279.0,0.0
210,70,80.0,172.0,0.0,284.0,0.0
210,70,81.0,172.0,0.0,293.0,0.0
210,70,82.0,173.0,0.0,298.0,0.0
210,70,83.0,173.0,0.0,304.0,0.0
210,70,84.0,180.0,0.0,309.0,0.0
210,70,85.0,185.0,0.0,311.0,0.0
210,70,86.0,185.0,0.0,314.0,0.0
210,70,87.0,187.0,0.0,320.0,0.0
210,70,88.0,184.0,0.0,326.0,0.0
210,70,89.0,181.0,0.0,334.0,0.0
210,70,90.0,177.0,0.0,341.0,0.0
210,70,91.0,178.0,0.0,348.0,0.0
210,70,92.0,179.0,0.0,352.0,0.0
210,70,93.0,180.0,0.0,356.0,0.0
210,70,94.0,182.0,0.0,360.0,0.0
210,70,95.0,176.0,0.0,363.0,0.0
210,70,96.0,175.0,0.0,373.0,0.0
210,70,97.0,172.0,0.0,377.0,0.0
210,70,98.0,169.0,0.0,382.0,0.0
210,70,99.0,165.0,0.0,390.0,0.0
210,70,100.0,165.0,0.0,399.0,0.0
210,70,101.0,162.0,0.0,404.0,0.0
210,70,102.0,160.0,0.0,410.0,0.0
210,70,103.0,159.0,0.0,414.0,0.0
210,70,104.0,158.0,0.0,419.0,0.0
210,70,105.0,156.0,0.0,425.0,0.0
210,70,106.0,156.0,0.0,430.0,0.0
210,70,107.0,154.0,0.0,436.0,0.0
210,70,108.0,154.0,0.0,443.0,0.0
210,70,109.0,152.0,0.0,448.0,0.0
210,70,110.0,148.0,0.0,452.0,0.0
210,70,111.0,147.0,0.0,458.0,0.0
210,70,112.0,149.0,0.0,463.0,0.0
210,70,113.0,153.0,0.0,467.0,0.0
210,70,114.0,150.0,0.0,472.0,0.0
210,70,115.0,148.0,0.0,479.0,0.0
210,70,116.0,145.0,0.0,484.0,0.0
210,70,117.0,143.0,0.0,493.0,0.0
210,70,118.0,143.0,0.0,498.0,0.0
210,70,119.0,146.0,0.0,504.0,0.0
210,70,120.0,144.0,0.0,508.0,0.0
210,70,121.0,143.0,0.0,514.0,0.0
210,70,122.0,144.0,0.0,521.0,0.0
210,70,123.0,146.0,0.0,524.0,0.0
210,70,124.0,147.0,0.0,530.0,0.0
210,70,125.0,151.0,0.0,534.0,0.0
210,70,126.0,152.0,0.0,536.0,0.0
210,70,127.0,150.0,0.0,541.0,0.0
210,70,128.0,153.0,0.0,547.0,0.0
210,70,129.0,154.0,0.0,550.0,0.0
210,70,130.0,158.0,0.0,554.0,0.0
210,70,131.0,163.0,0.0,557.0,0.0
210,70,132.0,164.0,0.0,561.0,0.0
210,70,133.0,169.0,0.0,567.0,0.0
210,70,134.0,171.0,0.0,570.0,0.0
210,70,135.0,170.0,0.0,573.0,0.0
210,70,136.0,164.0,0.0,578.0,0.0
210,70,137.0,162.0,0.0,587.0,0.0
210,70,138.0,162.0,0.0,592.0,0.0
210,70,139.0,160.0,0.0,596.0,0.0
210,70,140.0,162.0,0.0,604.0,0.0
210,70,141.0,163.0,0.0,607.0,0.0
210,70,142.0,173.0,0.0,614.0,0.0
210,70,143.0,175.0,0.0,615.0,0.0
210,70,144.0,181.0,0.0,617.0,0.0
210,70,145.0,183.0,0.0,621.0,0.0
210,70,146.0,182.0,0.0,628.0,0.0
210,70,147.0,176.0,0.0,633.0,0.0
210,70,148.0,179.0,0.0,643.0,0.0
210,70,149.0,176.0,0.0,647.0,0.0
210,70,150.0,174.0,0.0,654.0,0.0
210,70,151.0,180.0,0.0,663.0,0.0
210,70,152.0,179.0,0.0,665.0,0.0
210,70,153.0,179.0,0.0,671.0,0.0
210,70,154.0,181.0,0.0,676.0,0.0
210,70,155.0,181.0,0.0,678.0,0.0
210,70,156.0,178.0,0.0,684.0,0.0
210,70,157.0,179.0,0.0,692.0,0.0
210,70,158.0,176.0,0.0,695.0,0.0
210,70,159.0,179.0,0.0,702.0,0.0
210,70,160.0,177.0,0.0,706.0,0.0
210,70,161.0,180.0,0.0,712.0,0.0
210,70,162.0,180.0,0.0,717.0,0.0
210,70,163.0,177.0,0.0,721.0,0.0
210,70,164.0,180.0,0.0,728.0,0.0
210,70,165.0,179.0,0.0,732.0,0.0
210,70,166.0,177.0,0.0,738.0,0.0
210,70,167.0,179.0,0.0,741.0,0.0
210,70,168.0,180.0,0.0,743.0,0.0
210,70,169.0,179.0,0.0,750.0,0.0
210,70,170.0,178.0,0.0,756.0,0.0
210,70,171.0,175.0,0.0,761.0,0.0
210,70,172.0,174.0,0.0,766.0,0.0
210,70,173.0,175.0,0.0,773.0,0.0
210,70,174.0,176.0,0.0,780.0,0.0
210,70,175.0,176.0,0.0,786.0,0.0
210,70,176.0,177.0,0.0,791.0,0.0
210,70,177.0,179.0,0.0,795.0,0.0
210,70,178.0,181.0,0.0,802.0,0.0
210,70,179.0,175.0,0.0,807.0,0.0
210,70,180.0,176.0,0.0,814.0,0.0
210,70,181.0,172.0,0.0,820.0,0.0
210,70,182.0,170.0,0.0,827.0,0.0
210,70,183.0,167.0,0.0,832.0,0.0
210,70,184.0,166.0,0.0,837.0,0.0
210,70,185.0,164.0,0.0,843.0,0.0
210,70,186.0,162.0,0.0,850.0,0.0
210,70,187.0,161.0,0.0,859.0,0.0
210,70,188.0,160.0,0.0,864.0,0.0
210,70,189.0,159.0,0.0,870.0,0.0
210,70,190.0,163.0,0.0,877.0,0.0
210,70,191.0,161.0,0.0,882.0,0.0
210,70,192.0,160.0,0.0,886.0,0.0
210,70,193.0,159.0,0.0,891.0,0.0
210,70,194.0,160.0,0.0,897.0,0.0
210,70,195.0,162.0,0.0,905.0,0.0
210,70,196.0,164.0,0.0,907.0,0.0
210,70,197.0,163.0,0.0,911.0,0.0
210,70,198.0,156.0,0.0,916.0,0.0
210,70,199.0,157.0,0.0,927.0,0.0
210,70,200.0,156.0,0.0,933.0,0.0
210,70,201.0,153.0,0.0,938.0,0.0
210,70,202.0,148.0,0.0,941.0,0.0
210,70,203.0,142.0,0.0,946.0,0.0
210,70,204.0,140.0,0.0,952.0,0.0
210,70,205.0,133.0,0.0,954.0,0.0
210,70,206.0,129.0,0.0,961.0,0.0
210,70,207.0,127.0,0.0,965.0,0.0
210,70,208.0,120.0,0.0,967.0,0.0
210,70,209.0,116.0,0.0,974.0,0.0
210,70,210.0,115.0,0.0,978.0,0.0
210,70,211.0,111.0,0.0,979.0,0.0
210,70,212.0,110.0,0.0,983.0,0.0
210,70,213.0,102.0,0.0,984.0,0.0
210,70,214.0,99.0,0.0,992.0,0.0
210,70,215.0,96.0,0.0,995.0,0.0
210,70,216.0,91.0,0.0,998.0,0.0
210,70,217.0,82.0,0.0,1003.0,0.0
210,70,218.0,73.0,0.0,1012.0,0.0
210,70,219.0,69.0,0.0,1021.0,0.0
210,70,220.0,59.0,0.0,1025.0,0.0
210,70,221.0,53.0,0.0,1035.0,0.0
210,70,222.0,50.0,0.0,1041.0,0.0
210,70,223.0,47.0,0.0,1044.0,0.0
210,70,224.0,43.0,0.0,1047.0,0.0
210,70,225.0,42.0,0.0,1051.0,0.0
210,70,226.0,40.0,0.0,1052.0,0.0
210,70,227.0,39.0,0.0,1054.0,0.0
210,70,228.0,36.0,0.0,1055.0,0.0
210,70,229.0,35.0,0.0,1058.0,0.0
210,70,230.0,34.0,0.0,1059.0,0.0
210,70,231.0,31.0,0.0,1060.0,0.0
210,70,232.0,30.0,0.0,1063.0,0.0
210,70,233.0,30.0,0.0,1064.0,0.0
210,70,234.0,27.0,0.0,1064.0,0.0
210,70,235.0,27.0,0.0,1067.0,0.0
210,70,236.0,26.0,0.0,1067.0,0.0
210,70,237.0,23.0,0.0,1068.0,0.0
210,70,238.0,22.0,0.0,1071.0,0.0
210,70,239.0,18.0,0.0,1072.0,0.0
210,70,240.0,18.0,0.0,1076.0,0.0
210,70,241.0,18.0,0.0,1076.0,0.0
210,70,242.0,17.0,0.0,1076.0,0.0
210,70,243.0,16.0,0.0,1077.0,0.0
210,70,244.0,14.0,0.0,1078.0,0.0
210,70,245.0,10.0,0.0,1080.0,0.0
210,70,246.0,9.0,0.0,1084.0,0.0
210,70,247.0,9.0,0.0,1085.0,0.0
210,70,248.0,8.0,0.0,1085.0,0.0
210,70,249.0,7.0,0.0,1086.0,0.0
210,70,250.0,7.0,0.0,1087.0,0.0
210,70,251.0,7.0,0.0,1087.0,0.0
210,70,252.0,6.0,0.0,1087.0,0.0
210,70,253.0,6.0,0.0,1088.0,0.0
210,70,254.0,6.0,0.0,1088.0,0.0
210,70,255.0,6.0,0.0,1088.0,0.0
210,70,256.0,5.0,0.0,1088.0,0.0
210,70,257.0,4.0,0.0,1089.0,0.0
210,70,258.0,4.0,0.0,1090.0,0.0
210,70,259.0,4.0,0.0,1090.0,0.0
210,70,260.0,4.0,0.0,1090.0,0.0
210,70,261.0,3.0,0.0,1090.0,0.0
210,70,262.0,3.0,0.0,1091.0,0.0
210,70,263.0,3.0,0.0,1091.0,0.0
210,70,264.0,2.0,0.0,1091.0,0.0
210,70,265.0,2.0,0.0,1092.0,0.0
210,70,266.0,2.0,0.0,1092.0,0.0
210,70,267.0,2.0,0.0,1092.0,0.0
210,70,268.0,2.0,0.0,1092.0,0.0
210,70,269.0,0.0,0.0,1092.0,0.0
210,70,270.0,0.0,0.0,1094.0,0.0
210,71,0.0,5.0,0.0,0.0,0.0
210,71,1.0,11.0,0.0,0.0,0.0
210,71,2.0,16.0,0.0,0.0,0.0
210,71,3.0,20.0,0.0,0.0,0.0
210,71,4.0,27.0,0.0,0.0,0.0
210,71,5.0,33.0,0.0,0.0,0.0
210,71,6.0,41.0,0.0,0.0,0.0
210,71,7.0,48.0,0.0,0.0,0.0
210,71,8.0,54.0,0.0,0.0,0.0
210,71,9.0,61.0,0.0,0.0,0.0
210,71,10.0,64.0,0.0,0.0,0.0
210,71,11.0,69.0,0.0,0.0,0.0
210,71,12.0,74.0,0.0,0.0,0.0
210,71,13.0,81.0,0.0,0.0,0.0
210,71,14.0,84.0,0.0,1.0,0.0
210,71,15.0,88.0,0.0,1.0,0.0
210,71,16.0,94.0,0.0,1.0,0.0
210,71,17.0,101.0,0.0,1.0,0.0
210,71,18.0,103.0,0.0,1.0,0.0
210,71,19.0,108.0,0.0,2.0,0.0
210,71,20.0,112.0,0.0,3.0,0.0
210,71,21.0,116.0,0.0,4.0,0.0
210,71,22.0,119.0,0.0,6.0,0.0
210,71,23.0,126.0,0.0,7.0,0.0
210,71,24.0,127.0,0.0,7.0,0.0
210,71,25.0,132.0,0.0,9.0,0.0
210,71,26.0,133.0,0.0,12.0,0.0
210,71,27.0,132.0,0.0,17.0,0.0
210,71,28.0,132.0,0.0,21.0,0.0
210,71,29.0,134.0,0.0,25.0,0.0
210,71,30.0,133.0,0.0,27.0,0.0
210,71,31.0,135.0,0.0,33.0,0.0
210,71,32.0,133.0,0.0,34.0,0.0
210,71,33.0,135.0,0.0,39.0,0.0
210,71,34.0,135.0,0.0,41.0,0.0
210,71,35.0,137.0,0.0,44.0,0.0
210,71,36.0,139.0,0.0,49.0,0.0
210,71,37.0,137.0,0.0,52.0,0.0
210,71,38.0,137.0,0.0,58.0,0.0
210,71,39.0,143.0,0.0,62.0,0.0
210,71,40.0,144.0,0.0,65.0,0.0
210,71,41.0,143.0,0.0,70.0,0.0
210,71,42.0,144.0,0.0,74.0,0.0
210,71,43.0,150.0,0.0,79.0,0.0
210,71,44.0,153.0,0.0,83.0,0.0
210,71,45.0,153.0,0.0,87.0,0.0
210,71,46.0,160.0,0.0,93.0,0.0
210,71,47.0,162.0,0.0,94.0,0.0
210,71,48.0,162.0,0.0,98.0,0.0
210,71,49.0,164.0,0.0,102.0,0.0
210,71,50.0,168.0,0.0,106.0,0.0
210,71,51.0,167.0,0.0,109.0,0.0
210,71,52.0,168.0,0.0,114.0,0.0
210,71,53.0,169.0,0.0,118.0,0.0
210,71,54.0,170.0,0.0,122.0,0.0
210,71,55.0,171.0,0.0,126.0,0.0
210,71,56.0,167.0,0.0,128.0,0.0
210,71,57.0,165.0,0.0,136.0,0.0
210,71,58.0,165.0,0.0,142.0,0.0
210,71,59.0,163.0,0.0,150.0,0.0
210,71,60.0,166.0,0.0,155.0,0.0
210,71,61.0,170.0,0.0,159.0,0.0
210,71,62.0,172.0,0.0,160.0,0.0
210,71,63.0,170.0,0.0,163.0,0.0
210,71,64.0,167.0,0.0,173.0,0.0
210,71,65.0,171.0,0.0,180.0,0.0
210,71,66.0,177.0,0.0,182.0,0.0
210,71,67.0,177.0,0.0,185.0,0.0
210,71,68.0,177.0,0.0,191.0,0.0
210,71,69.0,181.0,0.0,196.0,0.0
210,71,70.0,180.0,0.0,200.0,0.0
210,71,71.0,180.0,0.0,209.0,0.0
210,71,72.0,178.0,0.0,215.0,0.0
210,71,73.0,182.0,0.0,220.0,0.0
210,71,74.0,185.0,0.0,224.0,0.0
210,71,75.0,184.0,0.0,232.0,0.0
210,71,76.0,182.0,0.0,238.0,0.0
210,71,77.0,185.0,0.0,245.0,0.0
210,71,78.0,189.0,0.0,247.0,0.0
210,71,79.0,189.0,0.0,249.0,0.0
210,71,80.0,192.0,0.0,254.0,0.0
210,71,81.0,191.0,0.0,257.0,0.0
210,71,82.0,192.0,0.0,261.0,0.0
210,71,83.0,194.0,0.0,267.0,0.0
210,71,84.0,198.0,0.0,271.0,0.0
210,71,85.0,204.0,0.0,273.0,0.0
210,71,86.0,202.0,0.0,275.0,0.0
210,71,87.0,201.0,2.0,283.0,0.0
210,71,88.0,199.0,0.0,292.0,0.0
210,71,89.0,193.0,0.0,300.0,0.0
210,71,90.0,193.0,0.0,310.0,0.0
210,71,91.0,193.0,0.0,314.0,0.0
210,71,92.0,191.0,0.0,318.0,0.0
210,71,93.0,190.0,0.0,324.0,0.0
210,71,94.0,191.0,0.0,328.0,0.0
210,71,95.0,189.0,0.0,333.0,0.0
210,71,96.0,190.0,0.0,341.0,0.0
210,71,97.0,189.0,0.0,347.0,0.0
210,71,98.0,189.0,0.0,355.0,0.0
210,71,99.0,191.0,0.0,360.0,0.0
210,71,100.0,188.0,0.0,364.0,0.0
210,71,101.0,189.0,0.0,373.0,0.0
210,71,102.0,185.0,0.0,380.0,0.0
210,71,103.0,185.0,0.0,387.0,0.0
210,71,104.0,185.0,0.0,393.0,0.0
210,71,105.0,187.0,0.0,398.0,0.0
210,71,106.0,185.0,0.0,404.0,0.0
210,71,107.0,183.0,0.0,410.0,0.0
210,71,108.0,186.0,0.0,415.0,0.0
210,71,109.0,187.0,0.0,419.0,0.0
210,71,110.0,187.0,0.0,427.0,0.0
210,71,111.0,188.0,0.0,432.0,0.0
210,71,112.0,185.0,0.0,440.0,0.0
210,71,113.0,184.0,0.0,450.0,0.0
210,71,114.0,183.0,0.0,459.0,0.0
210,71,115.0,182.0,0.0,466.0,0.0
210,71,116.0,185.0,0.0,473.0,0.0
210,71,117.0,189.0,0.0,476.0,0.0
210,71,118.0,191.0,0.0,480.0,0.0
210,71,119.0,190.0,0.0,486.0,0.0
210,71,120.0,192.0,0.0,494.0,0.0
210,71,121.0,193.0,0.0,499.0,0.0
210,71,122.0,187.0,0.0,505.0,0.0
210,71,123.0,189.0,0.0,515.0,0.0
210,71,124.0,189.0,0.0,519.0,0.0
210,71,125.0,193.0,0.0,524.0,0.0
210,71,126.0,193.0,0.0,529.0,0.0
210,71,127.0,191.0,0.0,533.0,0.0
210,71,128.0,193.0,0.0,539.0,0.0
210,71,129.0,196.0,0.0,543.0,0.0
210,71,130.0,192.0,0.0,548.0,0.0
210,71,131.0,191.0,0.0,555.0,0.0
210,71,132.0,188.0,0.0,560.0,0.0
210,71,133.0,186.0,0.0,571.0,0.0
210,71,134.0,183.0,0.0,579.0,0.0
210,71,135.0,173.0,0.0,587.0,0.0
210,71,136.0,172.0,0.0,599.0,0.0
210,71,137.0,172.0,0.0,606.0,0.0
210,71,138.0,171.0,0.0,616.0,0.0
210,71,139.0,173.0,0.0,621.0,0.0
210,71,140.0,176.0,0.0,624.0,0.0
210,71,141.0,179.0,0.0,627.0,0.0
210,71,142.0,182.0,0.0,631.0,0.0
210,71,143.0,178.0,0.0,637.0,0.0
210,71,144.0,179.0,0.0,645.0,0.0
210,71,145.0,180.0,0.0,650.0,0.0
210,71,146.0,182.0,0.0,655.0,0.0
210,71,147.0,179.0,0.0,658.0,0.0
210,71,148.0,180.0,0.0,667.0,0.0
210,71,149.0,182.0,0.0,673.0,0.0
210,71,150.0,183.0,0.0,678.0,0.0
210,71,151.0,184.0,0.0,681.0,0.0
210,71,152.0,183.0,0.0,686.0,0.0
210,71,153.0,187.0,0.0,694.0,0.0
210,71,154.0,188.0,0.0,698.0,0.0
210,71,155.0,185.0,0.0,704.0,0.0
210,71,156.0,184.0,0.0,712.0,0.0
210,71,157.0,184.0,0.0,716.0,0.0
210,71,158.0,181.0,0.0,721.0,0.0
210,71,159.0,180.0,0.0,727.0,0.0
210,71,160.0,177.0,0.0,730.0,0.0
210,71,161.0,177.0,0.0,736.0,0.0
210,71,162.0,176.0,0.0,741.0,0.0
210,71,163.0,176.0,0.0,748.0,0.0
210,71,164.0,177.0,0.0,753.0,0.0
210,71,165.0,173.0,0.0,759.0,0.0
210,71,166.0,169.0,0.0,768.0,0.0
210,71,167.0,174.0,0.0,776.0,0.0
210,71,168.0,170.0,0.0,778.0,0.0
210,71,169.0,171.0,0.0,787.0,0.0
210,71,170.0,172.0,0.0,794.0,0.0
210,71,171.0,168.0,0.0,798.0,0.0
210,71,172.0,168.0,0.0,807.0,0.0
210,71,173.0,168.0,0.0,817.0,0.0
210,71,174.0,168.0,0.0,822.0,0.0
210,71,175.0,163.0,0.0,828.0,0.0
210,71,176.0,159.0,0.0,836.0,0.0
210,71,177.0,160.0,0.0,842.0,0.0
210,71,178.0,160.0,0.0,850.0,0.0
210,71,179.0,162.0,0.0,855.0,0.0
210,71,180.0,160.0,0.0,860.0,0.0
210,71,181.0,160.0,0.0,867.0,0.0
210,71,182.0,163.0,0.0,874.0,0.0
210,71,183.0,163.0,0.0,877.0,0.0
210,71,184.0,165.0,0.0,879.0,0.0
210,71,185.0,165.0,0.0,883.0,0.0
210,71,186.0,166.0,0.0,888.0,0.0
210,71,187.0,160.0,0.0,891.0,0.0
210,71,188.0,158.0,0.0,899.0,0.0
210,71,189.0,160.0,0.0,905.0,0.0
210,71,190.0,160.0,0.0,910.0,0.0
210,71,191.0,162.0,0.0,915.0,0.0
210,71,192.0,162.0,0.0,920.0,0.0
210,71,193.0,160.0,0.0,925.0,0.0
210,71,194.0,153.0,0.0,933.0,0.0
210,71,195.0,155.0,0.0,942.0,0.0
210,71,196.0,155.0,0.0,946.0,0.0
210,71,197.0,157.0,0.0,950.0,0.0
210,71,198.0,156.0,0.0,957.0,0.0
210,71,199.0,152.0,0.0,962.0,0.0
210,71,200.0,153.0,0.0,971.0,0.0
210,71,201.0,148.0,0.0,973.0,0.0
210,71,202.0,144.0,0.0,978.0,0.0
210,71,203.0,143.0,0.0,982.0,0.0
210,71,204.0,135.0,0.0,983.0,0.0
210,71,205.0,132.0,0.0,991.0,0.0
210,71,206.0,126.0,0.0,994.0,0.0
210,71,207.0,122.0,0.0,1000.0,0.0
210,71,208.0,116.0,0.0,1004.0,0.0
210,71,209.0,111.0,0.0,1010.0,0.0
210,71,210.0,106.0,0.0,1015.0,0.0
210,71,211.0,99.0,0.0,1020.0,0.0
210,71,212.0,96.0,0.0,1027.0,0.0
210,71,213.0,93.0,0.0,1030.0,0.0
210,71,214.0,87.0,0.0,1033.0,0.0
210,71,215.0,80.0,0.0,1039.0,0.0
210,71,216.0,75.0,0.0,1046.0,0.0
210,71,217.0,72.0,0.0,1051.0,0.0
210,71,218.0,63.0,0.0,1054.0,0.0
210,71,219.0,57.0,0.0,1063.0,0.0
210,71,220.0,52.0,0.0,1069.0,0.0
210,71,221.0,46.0,0.0,1074.0,0.0
210,71,222.0,40.0,0.0,1080.0,0.0
210,71,223.0,37.0,0.0,1086.0,0.0
210,71,224.0,36.0,0.0,1089.0,0.0
210,71,225.0,32.0,0.0,1090.0,0.0
210,71,226.0,30.0,0.0,1094.0,0.0
210,71,227.0,30.0,0.0,1096.0,0.0
210,71,228.0,25.0,0.0,1096.0,0.0
210,71,229.0,25.0,0.0,1101.0,0.0
210,71,230.0,25.0,0.0,1101.0,0.0
210,71,231.0,24.0,0.0,1101.0,0.0
210,71,232.0,23.0,0.0,1102.0,0.0
210,71,233.0,23.0,0.0,1103.0,0.0
210,71,234.0,20.0,0.0,1103.0,0.0
210,71,235.0,18.0,0.0,1106.0,0.0
210,71,236.0,17.0,0.0,1108.0,0.0
210,71,237.0,17.0,0.0,1109.0,0.0
210,71,238.0,17.0,0.0,1109.0,0.0
210,71,239.0,17.0,0.0,1109.0,0.0
210,71,240.0,15.0,0.0,1109.0,0.0
210,71,241.0,13.0,0.0,1111.0,0.0
210,71,242.0,10.0,0.0,1113.0,0.0
210,71,243.0,8.0,0.0,1116.0,0.0
210,71,244.0,7.0,0.0,1118.0,0.0
210,71,245.0,6.0,0.0,1119.0,0.0
210,71,246.0,6.0,0.0,1120.0,0.0
210,71,247.0,6.0,0.0,1120.0,0.0
210,71,248.0,6.0,0.0,1120.0,0.0
210,71,249.0,6.0,0.0,1120.0,0.0
210,71,250.0,5.0,0.0,1120.0,0.0
210,71,251.0,5.0,0.0,1121.0,0.0
210,71,252.0,3.0,0.0,1121.0,0.0
210,71,253.0,3.0,0.0,1123.0,0.0
210,71,254.0,3.0,0.0,1123.0,0.0
210,71,255.0,3.0,0.0,1123.0,0.0
210,71,256.0,3.0,0.0,1123.0,0.0
210,71,257.0,3.0,0.0,1123.0,0.0
210,71,258.0,3.0,0.0,1123.0,0.0
210,71,259.0,3.0,0.0,1123.0,0.0
210,71,260.0,3.0,0.0,1123.0,0.0
210,71,261.0,2.0,0.0,1123.0,0.0
210,71,262.0,2.0,0.0,1124.0,0.0
210,71,263.0,2.0,0.0,1124.0,0.0
210,71,264.0,2.0,0.0,1124.0,0.0
210,71,265.0,1.0,0.0,1124.0,0.0
210,71,266.0,1.0,0.0,1125.0,0.0
210,71,267.0,1.0,0.0,1125.0,0.0
210,71,268.0,1.0,0.0,1125.0,0.0
210,71,269.0,0.0,0.0,1125.0,0.0
210,71,270.0,0.0,0.0,1126.0,0.0
210,72,0.0,5.0,0.0,0.0,0.0
210,72,1.0,9.0,0.0,0.0,0.0
210,72,2.0,12.0,0.0,0.0,0.0
210,72,3.0,17.0,0.0,0.0,0.0
210,72,4.0,18.0,0.0,0.0,0.0
210,72,5.0,24.0,0.0,0.0,0.0
210,72,6.0,32.0,0.0,0.0,0.0
210,72,7.0,35.0,0.0,0.0,0.0
210,72,8.0,38.0,0.0,0.0,0.0
210,72,9.0,43.0,0.0,0.0,0.0
210,72,10.0,53.0,0.0,0.0,0.0
210,72,11.0,62.0,0.0,0.0,0.0
210,72,12.0,72.0,0.0,0.0,0.0
210,72,13.0,78.0,0.0,0.0,0.0
210,72,14.0,84.0,0.0,0.0,0.0
210,72,15.0,90.0,0.0,0.0,0.0
210,72,16.0,96.0,0.0,0.0,0.0
210,72,17.0,102.0,0.0,0.0,0.0
210,72,18.0,108.0,0.0,0.0,0.0
210,72,19.0,113.0,0.0,0.0,0.0
210,72,20.0,116.0,0.0,0.0,0.0
210,72,21.0,122.0,0.0,1.0,0.0
210,72,22.0,127.0,0.0,1.0,0.0
210,72,23.0,133.0,0.0,1.0,0.0
210,72,24.0,136.0,0.0,2.0,0.0
210,72,25.0,139.0,0.0,3.0,0.0
210,72,26.0,145.0,0.0,4.0,0.0
210,72,27.0,149.0,0.0,6.0,0.0
210,72,28.0,148.0,0.0,8.0,0.0
210,72,29.0,151.0,0.0,13.0,0.0
210,72,30.0,155.0,0.0,16.0,0.0
210,72,31.0,154.0,0.0,17.0,0.0
210,72,32.0,156.0,0.0,24.0,0.0
210,72,33.0,156.0,0.0,27.0,0.0
210,72,34.0,155.0,0.0,31.0,0.0
210,72,35.0,154.0,0.0,37.0,0.0
210,72,36.0,155.0,0.0,42.0,0.0
210,72,37.0,157.0,0.0,48.0,0.0
210,72,38.0,152.0,0.0,51.0,0.0
210,72,39.0,150.0,0.0,59.0,0.0
210,72,40.0,150.0,0.0,65.0,0.0
210,72,41.0,150.0,0.0,68.0,0.0
210,72,42.0,154.0,0.0,71.0,0.0
210,72,43.0,153.0,0.0,75.0,0.0
210,72,44.0,158.0,0.0,81.0,0.0
210,72,45.0,158.0,0.0,84.0,0.0
210,72,46.0,158.0,0.0,88.0,0.0
210,72,47.0,161.0,0.0,94.0,0.0
210,72,48.0,167.0,0.0,98.0,0.0
210,72,49.0,170.0,0.0,99.0,0.0
210,72,50.0,176.0,0.0,103.0,0.0
210,72,51.0,173.0,0.0,105.0,0.0
210,72,52.0,175.0,0.0,115.0,0.0
210,72,53.0,178.0,0.0,120.0,0.0
210,72,54.0,179.0,0.0,124.0,0.0
210,72,55.0,185.0,0.0,129.0,0.0
210,72,56.0,182.0,0.0,130.0,0.0
210,72,57.0,187.0,0.0,138.0,0.0
210,72,58.0,189.0,0.0,143.0,0.0
210,72,59.0,188.0,0.0,147.0,0.0
210,72,60.0,187.0,0.0,152.0,0.0
210,72,61.0,184.0,0.0,157.0,0.0
210,72,62.0,184.0,0.0,163.0,0.0
210,72,63.0,185.0,0.0,168.0,0.0
210,72,64.0,183.0,0.0,170.0,0.0
210,72,65.0,182.0,0.0,178.0,0.0
210,72,66.0,182.0,0.0,183.0,0.0
210,72,67.0,175.0,0.0,189.0,0.0
210,72,68.0,168.0,0.0,200.0,0.0
210,72,69.0,169.0,0.0,211.0,0.0
210,72,70.0,169.0,0.0,217.0,0.0
210,72,71.0,171.0,0.0,222.0,0.0
210,72,72.0,171.0,0.0,227.0,0.0
210,72,73.0,170.0,0.0,232.0,0.0
210,72,74.0,171.0,0.0,239.0,0.0
210,72,75.0,171.0,0.0,245.0,0.0
210,72,76.0,171.0,0.0,253.0,0.0
210,72,77.0,170.0,0.0,258.0,0.0
210,72,78.0,170.0,0.0,262.0,0.0
210,72,79.0,166.0,0.0,266.0,0.0
210,72,80.0,165.0,0.0,274.0,0.0
210,72,81.0,165.0,0.0,281.0,0.0
210,72,82.0,162.0,0.0,286.0,0.0
210,72,83.0,163.0,0.0,294.0,0.0
210,72,84.0,156.0,0.0,298.0,0.0
210,72,85.0,157.0,0.0,308.0,0.0
210,72,86.0,161.0,0.0,315.0,0.0
210,72,87.0,164.0,0.0,319.0,0.0
210,72,88.0,165.0,0.0,322.0,0.0
210,72,89.0,166.0,0.0,325.0,0.0
210,72,90.0,159.0,0.0,329.0,0.0
210,72,91.0,158.0,0.0,340.0,0.0
210,72,92.0,158.0,0.0,346.0,0.0
210,72,93.0,159.0,0.0,352.0,0.0
210,72,94.0,160.0,0.0,357.0,0.0
210,72,95.0,165.0,0.0,363.0,0.0
210,72,96.0,167.0,0.0,364.0,0.0
210,72,97.0,165.0,0.0,367.0,0.0
210,72,98.0,164.0,0.0,374.0,0.0
210,72,99.0,166.0,0.0,383.0,0.0
210,72,100.0,169.0,0.0,385.0,0.0
210,72,101.0,169.0,0.0,390.0,0.0
210,72,102.0,170.0,0.0,395.0,0.0
210,72,103.0,169.0,0.0,402.0,0.0
210,72,104.0,173.0,0.0,409.0,0.0
210,72,105.0,167.0,0.0,411.0,0.0
210,72,106.0,164.0,0.0,420.0,0.0
210,72,107.0,162.0,0.0,427.0,0.0
210,72,108.0,161.0,0.0,432.0,0.0
210,72,109.0,162.0,0.0,438.0,0.0
210,72,110.0,166.0,0.0,442.0,0.0
210,72,111.0,164.0,0.0,445.0,0.0
210,72,112.0,171.0,0.0,451.0,0.0
210,72,113.0,169.0,0.0,454.0,0.0
210,72,114.0,166.0,0.0,460.0,0.0
210,72,115.0,163.0,0.0,466.0,0.0
210,72,116.0,164.0,0.0,472.0,0.0
210,72,117.0,166.0,0.0,475.0,0.0
210,72,118.0,169.0,0.0,478.0,0.0
210,72,119.0,171.0,0.0,485.0,0.0
210,72,120.0,167.0,0.0,491.0,0.0
210,72,121.0,166.0,0.0,498.0,0.0
210,72,122.0,167.0,0.0,506.0,0.0
210,72,123.0,168.0,0.0,512.0,0.0
210,72,124.0,166.0,0.0,517.0,0.0
210,72,125.0,162.0,0.0,523.0,0.0
210,72,126.0,164.0,0.0,531.0,0.0
210,72,127.0,164.0,0.0,536.0,0.0
210,72,128.0,166.0,0.0,543.0,0.0
210,72,129.0,165.0,0.0,548.0,0.0
210,72,130.0,166.0,0.0,554.0,0.0
210,72,131.0,164.0,0.0,559.0,0.0
210,72,132.0,164.0,0.0,564.0,0.0
210,72,133.0,163.0,0.0,569.0,0.0
210,72,134.0,164.0,0.0,574.0,0.0
210,72,135.0,162.0,0.0,579.0,0.0
210,72,136.0,157.0,0.0,586.0,0.0
210,72,137.0,155.0,0.0,593.0,0.0
210,72,138.0,156.0,0.0,600.0,0.0
210,72,139.0,154.0,0.0,607.0,0.0
210,72,140.0,156.0,0.0,614.0,0.0
210,72,141.0,163.0,0.0,617.0,0.0
210,72,142.0,165.0,0.0,620.0,0.0
210,72,143.0,170.0,0.0,622.0,0.0
210,72,144.0,167.0,0.0,625.0,0.0
210,72,145.0,161.0,0.0,635.0,0.0
210,72,146.0,163.0,0.0,647.0,0.0
210,72,147.0,163.0,0.0,652.0,0.0
210,72,148.0,159.0,0.0,657.0,0.0
210,72,149.0,162.0,0.0,663.0,0.0
210,72,150.0,163.0,0.0,667.0,0.0
210,72,151.0,166.0,0.0,671.0,0.0
210,72,152.0,168.0,0.0,673.0,0.0
210,72,153.0,168.0,0.0,677.0,0.0
210,72,154.0,165.0,0.0,683.0,0.0
210,72,155.0,162.0,0.0,690.0,0.0
210,72,156.0,163.0,0.0,699.0,0.0
210,72,157.0,165.0,0.0,703.0,0.0
210,72,158.0,162.0,0.0,709.0,0.0
210,72,159.0,163.0,0.0,717.0,0.0
210,72,160.0,157.0,0.0,720.0,0.0
210,72,161.0,156.0,0.0,728.0,0.0
210,72,162.0,156.0,0.0,732.0,0.0
210,72,163.0,157.0,0.0,736.0,0.0
210,72,164.0,159.0,0.0,741.0,0.0
210,72,165.0,159.0,0.0,748.0,0.0
210,72,166.0,154.0,0.0,754.0,0.0
210,72,167.0,154.0,0.0,761.0,0.0
210,72,168.0,153.0,0.0,765.0,0.0
210,72,169.0,155.0,0.0,773.0,0.0
210,72,170.0,152.0,0.0,777.0,0.0
210,72,171.0,156.0,0.0,785.0,0.0
210,72,172.0,157.0,0.0,788.0,0.0
210,72,173.0,156.0,0.0,791.0,0.0
210,72,174.0,156.0,0.0,798.0,0.0
210,72,175.0,159.0,0.0,805.0,0.0
210,72,176.0,159.0,0.0,808.0,0.0
210,72,177.0,163.0,0.0,815.0,0.0
210,72,178.0,164.0,0.0,818.0,0.0
210,72,179.0,165.0,0.0,822.0,0.0
210,72,180.0,163.0,0.0,825.0,0.0
210,72,181.0,161.0,0.0,834.0,0.0
210,72,182.0,162.0,0.0,839.0,0.0
210,72,183.0,165.0,0.0,842.0,0.0
210,72,184.0,165.0,0.0,848.0,0.0
210,72,185.0,163.0,0.0,853.0,0.0
210,72,186.0,166.0,0.0,859.0,0.0
210,72,187.0,173.0,0.0,864.0,0.0
210,72,188.0,177.0,0.0,865.0,0.0
210,72,189.0,180.0,0.0,869.0,0.0
210,72,190.0,177.0,0.0,872.0,0.0
210,72,191.0,178.0,0.0,880.0,0.0
210,72,192.0,179.0,0.0,883.0,0.0
210,72,193.0,181.0,0.0,886.0,0.0
210,72,194.0,178.0,0.0,888.0,0.0
210,72,195.0,180.0,0.0,895.0,0.0
210,72,196.0,180.0,0.0,900.0,0.0
210,72,197.0,176.0,0.0,905.0,0.0
210,72,198.0,176.0,0.0,913.0,0.0
210,72,199.0,176.0,0.0,920.0,0.0
210,72,200.0,175.0,0.0,925.0,0.0
210,72,201.0,171.0,0.0,929.0,0.0
210,72,202.0,162.0,0.0,933.0,0.0
210,72,203.0,154.0,0.0,942.0,0.0
210,72,204.0,151.0,0.0,950.0,0.0
210,72,205.0,139.0,0.0,953.0,0.0
210,72,206.0,135.0,0.0,965.0,0.0
210,72,207.0,130.0,0.0,969.0,0.0
210,72,208.0,125.0,0.0,974.0,0.0
210,72,209.0,118.0,0.0,979.0,0.0
210,72,210.0,113.0,0.0,986.0,0.0
210,72,211.0,111.0,0.0,991.0,0.0
210,72,212.0,107.0,0.0,993.0,0.0
210,72,213.0,100.0,0.0,997.0,0.0
210,72,214.0,91.0,0.0,1004.0,0.0
210,72,215.0,84.0,0.0,1013.0,0.0
210,72,216.0,81.0,0.0,1020.0,0.0
210,72,217.0,77.0,0.0,1023.0,0.0
210,72,218.0,73.0,0.0,1027.0,0.0
210,72,219.0,66.0,0.0,1031.0,0.0
210,72,220.0,59.0,0.0,1038.0,0.0
210,72,221.0,55.0,0.0,1045.0,0.0
210,72,222.0,53.0,0.0,1049.0,0.0
210,72,223.0,48.0,0.0,1051.0,0.0
210,72,224.0,44.0,0.0,1056.0,0.0
210,72,225.0,43.0,0.0,1060.0,0.0
210,72,226.0,41.0,0.0,1061.0,0.0
210,72,227.0,37.0,0.0,1063.0,0.0
210,72,228.0,36.0,0.0,1067.0,0.0
210,72,229.0,35.0,0.0,1068.0,0.0
210,72,230.0,34.0,0.0,1069.0,0.0
210,72,231.0,32.0,0.0,1070.0,0.0
210,72,232.0,32.0,0.0,1072.0,0.0
210,72,233.0,30.0,0.0,1072.0,0.0
210,72,234.0,29.0,0.0,1074.0,0.0
210,72,235.0,29.0,0.0,1075.0,0.0
210,72,236.0,25.0,0.0,1075.0,0.0
210,72,237.0,23.0,0.0,1079.0,0.0
210,72,238.0,23.0,0.0,1081.0,0.0
210,72,239.0,22.0,0.0,1081.0,0.0
210,72,240.0,21.0,0.0,1082.0,0.0
210,72,241.0,21.0,0.0,1083.0,0.0
210,72,242.0,21.0,0.0,1083.0,0.0
210,72,243.0,21.0,0.0,1083.0,0.0
210,72,244.0,21.0,0.0,1083.0,0.0
210,72,245.0,20.0,0.0,1083.0,0.0
210,72,246.0,19.0,0.0,1084.0,0.0
210,72,247.0,18.0,0.0,1085.0,0.0
210,72,248.0,17.0,0.0,1086.0,0.0
210,72,249.0,16.0,0.0,1087.0,0.0
210,72,250.0,15.0,0.0,1088.0,0.0
210,72,251.0,12.0,0.0,1089.0,0.0
210,72,252.0,10.0,0.0,1092.0,0.0
210,72,253.0,8.0,0.0,1094.0,0.0
210,72,254.0,7.0,0.0,1096.0,0.0
210,72,255.0,5.0,0.0,1097.0,0.0
210,72,256.0,4.0,0.0,1099.0,0.0
210,72,257.0,4.0,0.0,1100.0,0.0
210,72,258.0,4.0,0.0,1100.0,0.0
210,72,259.0,4.0,0.0,1100.0,0.0
210,72,260.0,4.0,0.0,1100.0,0.0
210,72,261.0,3.0,0.0,1100.0,0.0
210,72,262.0,3.0,0.0,1101.0,0.0
210,72,263.0,3.0,0.0,1101.0,0.0
210,72,264.0,3.0,0.0,1101.0,0.0
210,72,265.0,3.0,0.0,1101.0,0.0
210,72,266.0,2.0,0.0,1101.0,0.0
210,72,267.0,2.0,0.0,1102.0,0.0
210,72,268.0,0.0,0.0,1102.0,0.0
210,72,269.0,0.0,0.0,1104.0,0.0
210,73,0.0,5.0,0.0,0.0,0.0
210,73,1.0,9.0,0.0,0.0,0.0
210,73,2.0,14.0,0.0,0.0,0.0
210,73,3.0,18.0,0.0,0.0,0.0
210,73,4.0,23.0,0.0,0.0,0.0
210,73,5.0,28.0,0.0,0.0,0.0
210,73,6.0,34.0,0.0,0.0,0.0
210,73,7.0,41.0,0.0,0.0,0.0
210,73,8.0,44.0,0.0,0.0,0.0
210,73,9.0,53.0,0.0,0.0,0.0
210,73,10.0,58.0,0.0,0.0,0.0
210,73,11.0,62.0,0.0,0.0,0.0
210,73,12.0,67.0,0.0,0.0,0.0
210,73,13.0,72.0,0.0,0.0,0.0
210,73,14.0,77.0,0.0,0.0,0.0
210,73,15.0,81.0,0.0,1.0,0.0
210,73,16.0,85.0,0.0,1.0,0.0
210,73,17.0,91.0,0.0,3.0,0.0
210,73,18.0,95.0,0.0,3.0,0.0
210,73,19.0,103.0,0.0,4.0,0.0
210,73,20.0,112.0,0.0,4.0,0.0
210,73,21.0,117.0,0.0,4.0,0.0
210,73,22.0,120.0,0.0,7.0,0.0
210,73,23.0,126.0,0.0,8.0,0.0
210,73,24.0,128.0,0.0,9.0,0.0
210,73,25.0,127.0,0.0,10.0,0.0
210,73,26.0,133.0,0.0,14.0,0.0
210,73,27.0,139.0,0.0,17.0,0.0
210,73,28.0,143.0,0.0,19.0,0.0
210,73,29.0,150.0,0.0,21.0,0.0
210,73,30.0,150.0,0.0,23.0,0.0
210,73,31.0,151.0,0.0,27.0,0.0
210,73,32.0,149.0,0.0,28.0,0.0
210,73,33.0,151.0,0.0,32.0,0.0
210,73,34.0,151.0,0.0,35.0,0.0
210,73,35.0,153.0,0.0,38.0,0.0
210,73,36.0,153.0,0.0,43.0,0.0
210,73,37.0,157.0,0.0,49.0,0.0
210,73,38.0,156.0,0.0,52.0,0.0
210,73,39.0,157.0,0.0,57.0,0.0
210,73,40.0,160.0,0.0,61.0,0.0
210,73,41.0,163.0,0.0,65.0,0.0
210,73,42.0,161.0,0.0,69.0,0.0
210,73,43.0,160.0,0.0,75.0,0.0
210,73,44.0,159.0,0.0,79.0,0.0
210,73,45.0,157.0,0.0,83.0,0.0
210,73,46.0,157.0,0.0,90.0,0.0
210,73,47.0,158.0,0.0,93.0,0.0
210,73,48.0,162.0,0.0,98.0,0.0
210,73,49.0,159.0,0.0,100.0,0.0
210,73,50.0,163.0,0.0,106.0,0.0
210,73,51.0,158.0,0.0,110.0,0.0
210,73,52.0,155.0,0.0,119.0,0.0
210,73,53.0,154.0,0.0,128.0,0.0
210,73,54.0,149.0,0.0,135.0,0.0
210,73,55.0,151.0,0.0,141.0,0.0
210,73,56.0,153.0,0.0,146.0,0.0
210,73,57.0,155.0,0.0,151.0,0.0
210,73,58.0,154.0,0.0,154.0,0.0
210,73,59.0,154.0,0.0,159.0,0.0
210,73,60.0,156.0,0.0,167.0,0.0
210,73,61.0,155.0,0.0,174.0,0.0
210,73,62.0,154.0,0.0,180.0,0.0
210,73,63.0,153.0,0.0,185.0,0.0
210,73,64.0,151.0,0.0,191.0,0.0
210,73,65.0,153.0,0.0,196.0,0.0
210,73,66.0,148.0,0.0,200.0,0.0
210,73,67.0,145.0,0.0,206.0,0.0
210,73,68.0,143.0,0.0,213.0,0.0
210,73,69.0,146.0,0.0,219.0,0.0
210,73,70.0,145.0,0.0,223.0,0.0
210,73,71.0,145.0,0.0,227.0,0.0
210,73,72.0,148.0,0.0,232.0,0.0
210,73,73.0,150.0,0.0,239.0,0.0
210,73,74.0,153.0,0.0,243.0,0.0
210,73,75.0,154.0,0.0,246.0,0.0
210,73,76.0,156.0,0.0,250.0,0.0
210,73,77.0,156.0,0.0,255.0,0.0
210,73,78.0,156.0,0.0,258.0,0.0
210,73,79.0,154.0,0.0,262.0,0.0
210,73,80.0,156.0,0.0,266.0,0.0
210,73,81.0,153.0,0.0,271.0,0.0
210,73,82.0,153.0,0.0,276.0,0.0
210,73,83.0,154.0,0.0,282.0,0.0
210,73,84.0,158.0,0.0,284.0,0.0
210,73,85.0,158.0,0.0,285.0,0.0
210,73,86.0,159.0,0.0,288.0,0.0
210,73,87.0,159.0,0.0,291.0,0.0
210,73,88.0,158.0,0.0,296.0,0.0
210,73,89.0,159.0,0.0,303.0,0.0
210,73,90.0,165.0,0.0,308.0,0.0
210,73,91.0,158.0,0.0,316.0,0.0
210,73,92.0,157.0,0.0,327.0,0.0
210,73,93.0,157.0,0.0,334.0,0.0
210,73,94.0,156.0,0.0,342.0,0.0
210,73,95.0,154.0,0.0,348.0,0.0
210,73,96.0,156.0,0.0,353.0,0.0
210,73,97.0,155.0,0.0,356.0,0.0
210,73,98.0,159.0,0.0,363.0,0.0
210,73,99.0,163.0,0.0,367.0,0.0
210,73,100.0,163.0,0.0,371.0,0.0
210,73,101.0,162.0,0.0,377.0,0.0
210,73,102.0,164.0,0.0,384.0,0.0
210,73,103.0,169.0,0.0,388.0,0.0
210,73,104.0,169.0,0.0,392.0,0.0
210,73,105.0,169.0,0.0,396.0,0.0
210,73,106.0,174.0,0.0,400.0,0.0
210,73,107.0,174.0,0.0,403.0,0.0
210,73,108.0,171.0,0.0,409.0,0.0
210,73,109.0,173.0,0.0,415.0,0.0
210,73,110.0,173.0,0.0,419.0,0.0
210,73,111.0,175.0,0.0,424.0,0.0
210,73,112.0,177.0,0.0,431.0,0.0
210,73,113.0,181.0,0.0,436.0,0.0
210,73,114.0,183.0,0.0,440.0,0.0
210,73,115.0,178.0,0.0,445.0,0.0
210,73,116.0,180.0,0.0,453.0,0.0
210,73,117.0,180.0,0.0,457.0,0.0
210,73,118.0,184.0,0.0,462.0,0.0
210,73,119.0,183.0,0.0,467.0,0.0
210,73,120.0,177.0,0.0,473.0,0.0
210,73,121.0,179.0,0.0,481.0,0.0
210,73,122.0,180.0,0.0,484.0,0.0
210,73,123.0,186.0,0.0,488.0,0.0
210,73,124.0,181.0,0.0,491.0,0.0
210,73,125.0,182.0,0.0,499.0,0.0
210,73,126.0,179.0,0.0,503.0,0.0
210,73,127.0,181.0,0.0,509.0,0.0
210,73,128.0,181.0,0.0,515.0,0.0
210,73,129.0,186.0,0.0,520.0,0.0
210,73,130.0,186.0,0.0,523.0,0.0
210,73,131.0,184.0,0.0,529.0,0.0
210,73,132.0,184.0,0.0,539.0,0.0
210,73,133.0,183.0,0.0,546.0,0.0
210,73,134.0,185.0,0.0,552.0,0.0
210,73,135.0,187.0,0.0,556.0,0.0
210,73,136.0,185.0,0.0,560.0,0.0
210,73,137.0,187.0,0.0,571.0,0.0
210,73,138.0,187.0,0.0,578.0,0.0
210,73,139.0,188.0,0.0,583.0,0.0
210,73,140.0,189.0,0.0,589.0,0.0
210,73,141.0,191.0,0.0,595.0,0.0
210,73,142.0,186.0,0.0,598.0,0.0
210,73,143.0,185.0,0.0,606.0,0.0
210,73,144.0,184.0,0.0,612.0,0.0
210,73,145.0,184.0,0.0,620.0,0.0
210,73,146.0,179.0,0.0,627.0,0.0
210,73,147.0,178.0,0.0,635.0,0.0
210,73,148.0,172.0,0.0,642.0,0.0
210,73,149.0,171.0,0.0,653.0,0.0
210,73,150.0,178.0,0.0,657.0,0.0
210,73,151.0,184.0,0.0,663.0,0.0
210,73,152.0,184.0,0.0,666.0,0.0
210,73,153.0,181.0,0.0,670.0,0.0
210,73,154.0,176.0,0.0,676.0,0.0
210,73,155.0,173.0,0.0,685.0,0.0
210,73,156.0,172.0,0.0,691.0,0.0
210,73,157.0,172.0,0.0,697.0,0.0
210,73,158.0,175.0,0.0,702.0,0.0
210,73,159.0,171.0,0.0,706.0,0.0
210,73,160.0,174.0,0.0,713.0,0.0
210,73,161.0,172.0,0.0,716.0,0.0
210,73,162.0,169.0,0.0,724.0,0.0
210,73,163.0,164.0,0.0,731.0,0.0
210,73,164.0,163.0,0.0,741.0,0.0
210,73,165.0,158.0,0.0,745.0,0.0
210,73,166.0,156.0,0.0,755.0,0.0
210,73,167.0,156.0,0.0,760.0,0.0
210,73,168.0,154.0,0.0,763.0,0.0
210,73,169.0,154.0,0.0,769.0,0.0
210,73,170.0,161.0,0.0,773.0,0.0
210,73,171.0,161.0,0.0,774.0,0.0
210,73,172.0,159.0,0.0,780.0,0.0
210,73,173.0,161.0,0.0,785.0,0.0
210,73,174.0,160.0,0.0,789.0,0.0
210,73,175.0,161.0,0.0,793.0,0.0
210,73,176.0,159.0,0.0,798.0,0.0
210,73,177.0,162.0,0.0,804.0,0.0
210,73,178.0,160.0,0.0,808.0,0.0
210,73,179.0,160.0,0.0,814.0,0.0
210,73,180.0,156.0,0.0,819.0,0.0
210,73,181.0,155.0,0.0,829.0,0.0
210,73,182.0,157.0,0.0,836.0,0.0
210,73,183.0,155.0,0.0,843.0,0.0
210,73,184.0,159.0,0.0,848.0,0.0
210,73,185.0,165.0,0.0,851.0,0.0
210,73,186.0,164.0,0.0,853.0,0.0
210,73,187.0,168.0,0.0,857.0,0.0
210,73,188.0,172.0,0.0,862.0,0.0
210,73,189.0,166.0,0.0,865.0,0.0
210,73,190.0,166.0,0.0,874.0,0.0
210,73,191.0,169.0,0.0,879.0,0.0
210,73,192.0,169.0,0.0,883.0,0.0
210,73,193.0,172.0,0.0,887.0,0.0
210,73,194.0,173.0,0.0,891.0,0.0
210,73,195.0,171.0,0.0,895.0,0.0
210,73,196.0,174.0,0.0,901.0,0.0
210,73,197.0,174.0,0.0,907.0,0.0
210,73,198.0,176.0,0.0,910.0,0.0
210,73,199.0,177.0,0.0,914.0,0.0
210,73,200.0,177.0,0.0,919.0,0.0
210,73,201.0,172.0,0.0,926.0,0.0
210,73,202.0,168.0,0.0,931.0,0.0
210,73,203.0,163.0,0.0,935.0,0.0
210,73,204.0,157.0,0.0,940.0,0.0
210,73,205.0,149.0,0.0,946.0,0.0
210,73,206.0,143.0,0.0,954.0,0.0
210,73,207.0,139.0,0.0,960.0,0.0
210,73,208.0,132.0,0.0,964.0,0.0
210,73,209.0,126.0,0.0,971.0,0.0
210,73,210.0,121.0,0.0,977.0,0.0
210,73,211.0,118.0,0.0,982.0,0.0
210,73,212.0,115.0,0.0,985.0,0.0
210,73,213.0,107.0,0.0,988.0,0.0
210,73,214.0,103.0,0.0,996.0,0.0
210,73,215.0,97.0,0.0,1000.0,0.0
210,73,216.0,92.0,0.0,1006.0,0.0
210,73,217.0,86.0,0.0,1011.0,0.0
210,73,218.0,81.0,0.0,1017.0,0.0
210,73,219.0,76.0,0.0,1022.0,0.0
210,73,220.0,66.0,0.0,1027.0,0.0
210,73,221.0,63.0,0.0,1037.0,0.0
210,73,222.0,59.0,0.0,1040.0,0.0
210,73,223.0,54.0,0.0,1044.0,0.0
210,73,224.0,49.0,0.0,1049.0,0.0
210,73,225.0,45.0,0.0,1054.0,0.0
210,73,226.0,43.0,0.0,1058.0,0.0
210,73,227.0,41.0,0.0,1060.0,0.0
210,73,228.0,39.0,0.0,1062.0,0.0
210,73,229.0,38.0,0.0,1064.0,0.0
210,73,230.0,36.0,0.0,1065.0,0.0
210,73,231.0,34.0,0.0,1067.0,0.0
210,73,232.0,31.0,0.0,1069.0,0.0
210,73,233.0,30.0,0.0,1072.0,0.0
210,73,234.0,30.0,0.0,1073.0,0.0
210,73,235.0,28.0,0.0,1073.0,0.0
210,73,236.0,27.0,0.0,1075.0,0.0
210,73,237.0,26.0,0.0,1076.0,0.0
210,73,238.0,24.0,0.0,1077.0,0.0
210,73,239.0,22.0,0.0,1079.0,0.0
210,73,240.0,21.0,0.0,1081.0,0.0
210,73,241.0,20.0,0.0,1082.0,0.0
210,73,242.0,18.0,0.0,1083.0,0.0
210,73,243.0,14.0,0.0,1085.0,0.0
210,73,244.0,14.0,0.0,1089.0,0.0
210,73,245.0,14.0,0.0,1089.0,0.0
210,73,246.0,14.0,0.0,1089.0,0.0
210,73,247.0,14.0,0.0,1089.0,0.0
210,73,248.0,14.0,0.0,1089.0,0.0
210,73,249.0,13.0,0.0,1089.0,0.0
210,73,250.0,13.0,0.0,1090.0,0.0
210,73,251.0,11.0,0.0,1090.0,0.0
210,73,252.0,11.0,0.0,1092.0,0.0
210,73,253.0,11.0,0.0,1092.0,0.0
210,73,254.0,11.0,0.0,1092.0,0.0
210,73,255.0,11.0,0.0,1092.0,0.0
210,73,256.0,11.0,0.0,1092.0,0.0
210,73,257.0,10.0,0.0,1092.0,0.0
210,73,258.0,9.0,0.0,1093.0,0.0
210,73,259.0,9.0,0.0,1094.0,0.0
210,73,260.0,7.0,0.0,1094.0,0.0
210,73,261.0,7.0,0.0,1096.0,0.0
210,73,262.0,5.0,0.0,1096.0,0.0
210,73,263.0,5.0,0.0,1098.0,0.0
210,73,264.0,4.0,0.0,1098.0,0.0
210,73,265.0,2.0,0.0,1099.0,0.0
210,73,266.0,2.0,0.0,1101.0,0.0
210,73,267.0,2.0,0.0,1101.0,0.0
210,73,268.0,2.0,0.0,1101.0,0.0
210,73,269.0,1.0,0.0,1101.0,0.0
210,73,270.0,0.0,0.0,1102.0,0.0
210,73,271.0,0.0,0.0,1103.0,0.0
210,74,0.0,5.0,0.0,0.0,0.0
210,74,1.0,13.0,0.0,0.0,0.0
210,74,2.0,21.0,0.0,0.0,0.0
210,74,3.0,26.0,0.0,0.0,0.0
210,74,4.0,32.0,0.0,0.0,0.0
210,74,5.0,40.0,0.0,0.0,0.0
210,74,6.0,43.0,0.0,0.0,0.0
210,74,7.0,48.0,0.0,0.0,0.0
210,74,8.0,54.0,0.0,0.0,0.0
210,74,9.0,59.0,0.0,0.0,0.0
210,74,10.0,66.0,0.0,0.0,0.0
210,74,11.0,69.0,0.0,0.0,0.0
210,74,12.0,74.0,0.0,0.0,0.0
210,74,13.0,84.0,0.0,0.0,0.0
210,74,14.0,91.0,0.0,0.0,0.0
210,74,15.0,97.0,0.0,1.0,0.0
210,74,16.0,104.0,0.0,2.0,0.0
210,74,17.0,109.0,0.0,2.0,0.0
210,74,18.0,113.0,0.0,2.0,0.0
210,74,19.0,118.0,0.0,2.0,0.0
210,74,20.0,123.0,0.0,3.0,0.0
210,74,21.0,127.0,0.0,3.0,0.0
210,74,22.0,132.0,0.0,4.0,0.0
210,74,23.0,137.0,0.0,5.0,0.0
210,74,24.0,135.0,0.0,6.0,0.0
210,74,25.0,139.0,0.0,11.0,0.0
210,74,26.0,139.0,0.0,14.0,0.0
210,74,27.0,139.0,0.0,21.0,0.0
210,74,28.0,142.0,0.0,24.0,0.0
210,74,29.0,147.0,0.0,25.0,0.0
210,74,30.0,151.0,0.0,28.0,0.0
210,74,31.0,157.0,0.0,34.0,0.0
210,74,32.0,160.0,0.0,37.0,0.0
210,74,33.0,160.0,0.0,39.0,0.0
210,74,34.0,163.0,0.0,44.0,0.0
210,74,35.0,162.0,0.0,47.0,0.0
210,74,36.0,167.0,0.0,54.0,0.0
210,74,37.0,169.0,0.0,60.0,0.0
210,74,38.0,171.0,0.0,62.0,0.0
210,74,39.0,175.0,0.0,68.0,0.0
210,74,40.0,175.0,0.0,72.0,0.0
210,74,41.0,176.0,0.0,76.0,0.0
210,74,42.0,178.0,0.0,80.0,0.0
210,74,43.0,174.0,0.0,83.0,0.0
210,74,44.0,178.0,0.0,90.0,0.0
210,74,45.0,183.0,0.0,96.0,0.0
210,74,46.0,182.0,0.0,98.0,0.0
210,74,47.0,183.0,0.0,105.0,0.0
210,74,48.0,179.0,0.0,107.0,0.0
210,74,49.0,180.0,0.0,114.0,0.0
210,74,50.0,180.0,0.0,119.0,0.0
210,74,51.0,175.0,0.0,126.0,0.0
210,74,52.0,175.0,0.0,133.0,0.0
210,74,53.0,176.0,0.0,141.0,0.0
210,74,54.0,174.0,0.0,145.0,0.0
210,74,55.0,173.0,0.0,151.0,0.0
210,74,56.0,174.0,0.0,155.0,0.0
210,74,57.0,168.0,0.0,160.0,0.0
210,74,58.0,167.0,0.0,170.0,0.0
210,74,59.0,163.0,0.0,174.0,0.0
210,74,60.0,159.0,0.0,181.0,0.0
210,74,61.0,166.0,0.0,188.0,0.0
210,74,62.0,160.0,0.0,194.0,0.0
210,74,63.0,165.0,0.0,201.0,0.0
210,74,64.0,163.0,0.0,203.0,0.0
210,74,65.0,163.0,0.0,211.0,0.0
210,74,66.0,161.0,0.0,215.0,0.0
210,74,67.0,163.0,0.0,221.0,0.0
210,74,68.0,165.0,0.0,225.0,0.0
210,74,69.0,165.0,0.0,228.0,0.0
210,74,70.0,166.0,0.0,234.0,0.0
210,74,71.0,162.0,0.0,239.0,0.0
210,74,72.0,165.0,0.0,247.0,0.0
210,74,73.0,166.0,0.0,250.0,0.0
210,74,74.0,161.0,0.0,255.0,0.0
210,74,75.0,162.0,0.0,265.0,0.0
210,74,76.0,159.0,0.0,273.0,0.0
210,74,77.0,160.0,0.0,281.0,0.0
210,74,78.0,158.0,0.0,285.0,0.0
210,74,79.0,164.0,0.0,292.0,0.0
210,74,80.0,161.0,0.0,294.0,0.0
210,74,81.0,161.0,0.0,300.0,0.0
210,74,82.0,163.0,0.0,304.0,0.0
210,74,83.0,168.0,0.0,311.0,0.0
210,74,84.0,169.0,0.0,314.0,0.0
210,74,85.0,169.0,0.0,321.0,0.0
210,74,86.0,176.0,0.0,323.0,0.0
210,74,87.0,179.0,0.0,325.0,0.0
210,74,88.0,177.0,0.0,329.0,0.0
210,74,89.0,176.0,0.0,333.0,0.0
210,74,90.0,177.0,0.0,340.0,0.0
210,74,91.0,181.0,0.0,343.0,0.0
210,74,92.0,180.0,0.0,344.0,0.0
210,74,93.0,182.0,0.0,350.0,0.0
210,74,94.0,181.0,0.0,354.0,0.0
210,74,95.0,184.0,0.0,360.0,0.0
210,74,96.0,185.0,0.0,362.0,0.0
210,74,97.0,180.0,0.0,368.0,0.0
210,74,98.0,181.0,0.0,378.0,0.0
210,74,99.0,184.0,0.0,382.0,0.0
210,74,100.0,180.0,0.0,386.0,0.0
210,74,101.0,176.0,0.0,394.0,0.0
210,74,102.0,175.0,0.0,401.0,0.0
210,74,103.0,173.0,0.0,407.0,0.0
210,74,104.0,173.0,0.0,414.0,0.0
210,74,105.0,170.0,0.0,419.0,0.0
210,74,106.0,172.0,0.0,426.0,0.0
210,74,107.0,172.0,0.0,432.0,0.0
210,74,108.0,167.0,0.0,438.0,0.0
210,74,109.0,168.0,0.0,446.0,0.0
210,74,110.0,166.0,0.0,452.0,0.0
210,74,111.0,169.0,0.0,459.0,0.0
210,74,112.0,168.0,0.0,462.0,0.0
210,74,113.0,169.0,0.0,469.0,0.0
210,74,114.0,172.0,0.0,473.0,0.0
210,74,115.0,173.0,0.0,477.0,0.0
210,74,116.0,167.0,0.0,482.0,0.0
210,74,117.0,169.0,0.0,492.0,0.0
210,74,118.0,164.0,0.0,495.0,0.0
210,74,119.0,166.0,0.0,505.0,0.0
210,74,120.0,166.0,0.0,510.0,0.0
210,74,121.0,170.0,0.0,515.0,0.0
210,74,122.0,173.0,0.0,517.0,0.0
210,74,123.0,165.0,0.0,521.0,0.0
210,74,124.0,167.0,0.0,532.0,0.0
210,74,125.0,169.0,0.0,537.0,0.0
210,74,126.0,167.0,0.0,542.0,0.0
210,74,127.0,171.0,0.0,547.0,0.0
210,74,128.0,169.0,0.0,551.0,0.0
210,74,129.0,176.0,0.0,557.0,0.0
210,74,130.0,179.0,0.0,561.0,0.0
210,74,131.0,175.0,0.0,564.0,0.0
210,74,132.0,175.0,0.0,576.0,0.0
210,74,133.0,174.0,0.0,582.0,0.0
210,74,134.0,176.0,0.0,588.0,0.0
210,74,135.0,177.0,0.0,591.0,0.0
210,74,136.0,174.0,0.0,596.0,0.0
210,74,137.0,176.0,0.0,601.0,0.0
210,74,138.0,180.0,0.0,607.0,0.0
210,74,139.0,180.0,0.0,610.0,0.0
210,74,140.0,179.0,0.0,615.0,0.0
210,74,141.0,180.0,0.0,622.0,0.0
210,74,142.0,182.0,0.0,627.0,0.0
210,74,143.0,184.0,0.0,630.0,0.0
210,74,144.0,181.0,0.0,632.0,0.0
210,74,145.0,179.0,0.0,638.0,0.0
210,74,146.0,180.0,0.0,647.0,0.0
210,74,147.0,179.0,0.0,650.0,0.0
210,74,148.0,176.0,0.0,658.0,0.0
210,74,149.0,178.0,0.0,664.0,0.0
210,74,150.0,176.0,0.0,670.0,0.0
210,74,151.0,175.0,0.0,678.0,0.0
210,74,152.0,170.0,0.0,682.0,0.0
210,74,153.0,167.0,0.0,693.0,0.0
210,74,154.0,164.0,0.0,699.0,0.0
210,74,155.0,159.0,0.0,706.0,0.0
210,74,156.0,160.0,0.0,716.0,0.0
210,74,157.0,158.0,0.0,722.0,0.0
210,74,158.0,157.0,0.0,727.0,0.0
210,74,159.0,157.0,0.0,731.0,0.0
210,74,160.0,159.0,0.0,736.0,0.0
210,74,161.0,160.0,0.0,742.0,0.0
210,74,162.0,163.0,0.0,746.0,0.0
210,74,163.0,165.0,0.0,749.0,0.0
210,74,164.0,161.0,0.0,752.0,0.0
210,74,165.0,163.0,0.0,759.0,0.0
210,74,166.0,165.0,0.0,764.0,0.0
210,74,167.0,167.0,0.0,767.0,0.0
210,74,168.0,164.0,0.0,773.0,0.0
210,74,169.0,161.0,0.0,781.0,0.0
210,74,170.0,156.0,0.0,789.0,0.0
210,74,171.0,151.0,0.0,797.0,0.0
210,74,172.0,155.0,0.0,804.0,0.0
210,74,173.0,154.0,0.0,808.0,0.0
210,74,174.0,156.0,0.0,812.0,0.0
210,74,175.0,160.0,0.0,816.0,0.0
210,74,176.0,161.0,0.0,818.0,0.0
210,74,177.0,163.0,0.0,823.0,0.0
210,74,178.0,162.0,0.0,826.0,0.0
210,74,179.0,166.0,0.0,832.0,0.0
210,74,180.0,164.0,0.0,835.0,0.0
210,74,181.0,165.0,0.0,843.0,0.0
210,74,182.0,163.0,0.0,847.0,0.0
210,74,183.0,161.0,0.0,854.0,0.0
210,74,184.0,160.0,0.0,861.0,0.0
210,74,185.0,164.0,0.0,868.0,0.0
210,74,186.0,164.0,0.0,872.0,0.0
210,74,187.0,165.0,0.0,876.0,0.0
210,74,188.0,161.0,0.0,879.0,0.0
210,74,189.0,161.0,0.0,885.0,0.0
210,74,190.0,164.0,0.0,890.0,0.0
210,74,191.0,163.0,0.0,894.0,0.0
210,74,192.0,166.0,0.0,900.0,0.0
210,74,193.0,168.0,0.0,903.0,0.0
210,74,194.0,166.0,0.0,905.0,0.0
210,74,195.0,167.0,0.0,912.0,0.0
210,74,196.0,166.0,0.0,916.0,0.0
210,74,197.0,176.0,0.0,922.0,0.0
210,74,198.0,180.0,0.0,926.0,0.0
210,74,199.0,176.0,0.0,928.0,0.0
210,74,200.0,179.0,0.0,936.0,0.0
210,74,201.0,175.0,0.0,938.0,0.0
210,74,202.0,171.0,0.0,942.0,0.0
210,74,203.0,166.0,0.0,946.0,0.0
210,74,204.0,159.0,0.0,951.0,0.0
210,74,205.0,147.0,0.0,958.0,0.0
210,74,206.0,141.0,0.0,970.0,0.0
210,74,207.0,135.0,0.0,976.0,0.0
210,74,208.0,129.0,0.0,982.0,0.0
210,74,209.0,122.0,0.0,988.0,0.0
210,74,210.0,117.0,0.0,995.0,0.0
210,74,211.0,110.0,0.0,1000.0,0.0
210,74,212.0,102.0,0.0,1007.0,0.0
210,74,213.0,97.0,0.0,1015.0,0.0
210,74,214.0,93.0,0.0,1020.0,0.0
210,74,215.0,90.0,0.0,1024.0,0.0
210,74,216.0,88.0,0.0,1027.0,0.0
210,74,217.0,83.0,0.0,1029.0,0.0
210,74,218.0,79.0,0.0,1034.0,0.0
210,74,219.0,75.0,0.0,1038.0,0.0
210,74,220.0,72.0,0.0,1042.0,0.0
210,74,221.0,66.0,0.0,1045.0,0.0
210,74,222.0,61.0,0.0,1051.0,0.0
210,74,223.0,57.0,0.0,1056.0,0.0
210,74,224.0,48.0,0.0,1060.0,0.0
210,74,225.0,46.0,0.0,1069.0,0.0
210,74,226.0,43.0,0.0,1071.0,0.0
210,74,227.0,42.0,0.0,1074.0,0.0
210,74,228.0,39.0,0.0,1075.0,0.0
210,74,229.0,36.0,0.0,1078.0,0.0
210,74,230.0,34.0,0.0,1081.0,0.0
210,74,231.0,31.0,0.0,1083.0,0.0
210,74,232.0,29.0,0.0,1086.0,0.0
210,74,233.0,29.0,0.0,1088.0,0.0
210,74,234.0,27.0,0.0,1088.0,0.0
210,74,235.0,26.0,0.0,1090.0,0.0
210,74,236.0,23.0,0.0,1091.0,0.0
210,74,237.0,22.0,0.0,1094.0,0.0
210,74,238.0,18.0,0.0,1095.0,0.0
210,74,239.0,17.0,0.0,1099.0,0.0
210,74,240.0,16.0,0.0,1100.0,0.0
210,74,241.0,15.0,0.0,1101.0,0.0
210,74,242.0,14.0,0.0,1102.0,0.0
210,74,243.0,13.0,0.0,1103.0,0.0
210,74,244.0,13.0,0.0,1104.0,0.0
210,74,245.0,13.0,0.0,1104.0,0.0
210,74,246.0,13.0,0.0,1104.0,0.0
210,74,247.0,11.0,0.0,1104.0,0.0
210,74,248.0,9.0,0.0,1106.0,0.0
210,74,249.0,8.0,0.0,1108.0,0.0
210,74,250.0,7.0,0.0,1109.0,0.0
210,74,251.0,7.0,0.0,1110.0,0.0
210,74,252.0,6.0,0.0,1110.0,0.0
210,74,253.0,6.0,0.0,1111.0,0.0
210,74,254.0,5.0,0.0,1111.0,0.0
210,74,255.0,5.0,0.0,1112.0,0.0
210,74,256.0,5.0,0.0,1112.0,0.0
210,74,257.0,3.0,0.0,1112.0,0.0
210,74,258.0,2.0,0.0,1114.0,0.0
210,74,259.0,2.0,0.0,1115.0,0.0
210,74,260.0,2.0,0.0,1115.0,0.0
210,74,261.0,0.0,0.0,1115.0,0.0
210,74,262.0,0.0,0.0,1117.0,0.0
215,75,0.0,3.0,0.0,0.0,0.0
215,75,1.0,9.0,0.0,0.0,0.0
215,75,2.0,14.0,0.0,0.0,0.0
215,75,3.0,21.0,0.0,0.0,0.0
215,75,4.0,31.0,0.0,0.0,0.0
215,75,5.0,37.0,0.0,0.0,0.0
215,75,6.0,40.0,0.0,0.0,0.0
215,75,7.0,43.0,0.0,0.0,0.0
215,75,8.0,49.0,0.0,0.0,0.0
215,75,9.0,54.0,0.0,0.0,0.0
215,75,10.0,60.0,0.0,0.0,0.0
215,75,11.0,64.0,0.0,0.0,0.0
215,75,12.0,69.0,0.0,0.0,0.0
215,75,13.0,75.0,0.0,0.0,0.0
215,75,14.0,80.0,0.0,0.0,0.0
215,75,15.0,81.0,0.0,0.0,0.0
215,75,16.0,84.0,0.0,1.0,0.0
215,75,17.0,89.0,0.0,2.0,0.0
215,75,18.0,95.0,0.0,3.0,0.0
215,75,19.0,100.0,0.0,3.0,0.0
215,75,20.0,104.0,0.0,3.0,0.0
215,75,21.0,109.0,0.0,3.0,0.0
215,75,22.0,112.0,0.0,3.0,0.0
215,75,23.0,118.0,0.0,5.0,0.0
215,75,24.0,120.0,0.0,5.0,0.0
215,75,25.0,123.0,0.0,6.0,0.0
215,75,26.0,132.0,0.0,7.0,0.0
215,75,27.0,137.0,0.0,9.0,0.0
215,75,28.0,140.0,0.0,11.0,0.0
215,75,29.0,144.0,0.0,13.0,0.0
215,75,30.0,142.0,0.0,17.0,0.0
215,75,31.0,140.0,0.0,22.0,0.0
215,75,32.0,142.0,0.0,26.0,0.0
215,75,33.0,142.0,0.0,29.0,0.0
215,75,34.0,144.0,0.0,34.0,0.0
215,75,35.0,145.0,0.0,39.0,0.0
215,75,36.0,143.0,0.0,44.0,0.0
215,75,37.0,146.0,0.0,50.0,0.0
215,75,38.0,149.0,0.0,53.0,0.0
215,75,39.0,150.0,0.0,54.0,0.0
215,75,40.0,149.0,0.0,61.0,0.0
215,75,41.0,152.0,0.0,68.0,0.0
215,75,42.0,147.0,0.0,72.0,0.0
215,75,43.0,149.0,0.0,79.0,0.0
215,75,44.0,147.0,0.0,86.0,0.0
215,75,45.0,146.0,0.0,94.0,0.0
215,75,46.0,139.0,0.0,98.0,0.0
215,75,47.0,143.0,0.0,109.0,0.0
215,75,48.0,147.0,0.0,113.0,0.0
215,75,49.0,146.0,0.0,116.0,0.0
215,75,50.0,145.0,0.0,124.0,0.0
215,75,51.0,148.0,0.0,129.0,0.0
215,75,52.0,151.0,0.0,131.0,0.0
215,75,53.0,151.0,0.0,135.0,0.0
215,75,54.0,155.0,0.0,140.0,0.0
215,75,55.0,152.0,0.0,141.0,0.0
215,75,56.0,155.0,0.0,146.0,0.0
215,75,57.0,154.0,0.0,148.0,0.0
215,75,58.0,159.0,0.0,154.0,0.0
215,75,59.0,157.0,0.0,158.0,0.0
215,75,60.0,156.0,0.0,164.0,0.0
215,75,61.0,155.0,0.0,171.0,0.0
215,75,62.0,154.0,0.0,177.0,0.0
215,75,63.0,154.0,0.0,186.0,0.0
215,75,64.0,155.0,0.0,191.0,0.0
215,75,65.0,155.0,0.0,194.0,0.0
215,75,66.0,164.0,0.0,199.0,0.0
215,75,67.0,165.0,0.0,203.0,0.0
215,75,68.0,165.0,0.0,207.0,0.0
215,75,69.0,171.0,0.0,213.0,0.0
215,75,70.0,170.0,0.0,215.0,0.0
215,75,71.0,174.0,0.0,220.0,0.0
215,75,72.0,173.0,0.0,223.0,0.0
215,75,73.0,179.0,0.0,227.0,0.0
215,75,74.0,184.0,0.0,230.0,0.0
215,75,75.0,183.0,0.0,234.0,0.0
215,75,76.0,188.0,0.0,242.0,0.0
215,75,77.0,190.0,0.0,247.0,0.0
215,75,78.0,189.0,0.0,250.0,0.0
215,75,79.0,188.0,0.0,256.0,0.0
215,75,80.0,185.0,0.0,262.0,0.0
215,75,81.0,185.0,0.0,269.0,0.0
215,75,82.0,187.0,0.0,276.0,0.0
215,75,83.0,183.0,0.0,280.0,0.0
215,75,84.0,184.0,0.0,288.0,0.0
215,75,85.0,183.0,0.0,294.0,0.0
215,75,86.0,183.0,0.0,300.0,0.0
215,75,87.0,183.0,0.0,304.0,0.0
215,75,88.0,183.0,0.0,310.0,0.0
215,75,89.0,185.0,0.0,315.0,0.0
215,75,90.0,182.0,0.0,318.0,0.0
215,75,91.0,184.0,0.0,325.0,0.0
215,75,92.0,187.0,0.0,331.0,0.0
215,75,93.0,184.0,0.0,334.0,0.0
215,75,94.0,179.0,0.0,342.0,0.0
215,75,95.0,181.0,0.0,351.0,0.0
215,75,96.0,181.0,0.0,358.0,0.0
215,75,97.0,181.0,0.0,364.0,0.0
215,75,98.0,183.0,0.0,370.0,0.0
215,75,99.0,188.0,0.0,377.0,0.0
215,75,100.0,187.0,0.0,381.0,0.0
215,75,101.0,181.0,0.0,385.0,0.0
215,75,102.0,179.0,0.0,395.0,0.0
215,75,103.0,181.0,0.0,404.0,0.0
215,75,104.0,181.0,0.0,408.0,0.0
215,75,105.0,183.0,0.0,416.0,0.0
215,75,106.0,184.0,0.0,418.0,0.0
215,75,107.0,186.0,0.0,427.0,0.0
215,75,108.0,186.0,0.0,430.0,0.0
215,75,109.0,188.0,0.0,438.0,0.0
215,75,110.0,184.0,0.0,441.0,0.0
215,75,111.0,180.0,0.0,450.0,0.0
215,75,112.0,180.0,0.0,458.0,0.0
215,75,113.0,182.0,0.0,466.0,0.0
215,75,114.0,179.0,0.0,471.0,0.0
215,75,115.0,180.0,0.0,479.0,0.0
215,75,116.0,183.0,0.0,485.0,0.0
215,75,117.0,185.0,0.0,489.0,0.0
215,75,118.0,185.0,0.0,495.0,0.0
215,75,119.0,186.0,0.0,500.0,0.0
215,75,120.0,188.0,0.0,502.0,0.0
215,75,121.0,182.0,0.0,504.0,0.0
215,75,122.0,181.0,0.0,512.0,0.0
215,75,123.0,183.0,0.0,518.0,0.0
215,75,124.0,182.0,0.0,524.0,0.0
215,75,125.0,179.0,0.0,531.0,0.0
215,75,126.0,183.0,0.0,538.0,0.0
215,75,127.0,184.0,0.0,541.0,0.0
215,75,128.0,185.0,0.0,545.0,0.0
215,75,129.0,183.0,0.0,549.0,0.0
215,75,130.0,182.0,0.0,555.0,0.0
215,75,131.0,183.0,0.0,561.0,0.0
215,75,132.0,183.0,0.0,566.0,0.0
215,75,133.0,185.0,0.0,572.0,0.0
215,75,134.0,185.0,0.0,577.0,0.0
215,75,135.0,186.0,0.0,582.0,0.0
215,75,136.0,184.0,0.0,588.0,0.0
215,75,137.0,184.0,0.0,597.0,0.0
215,75,138.0,182.0,0.0,604.0,0.0
215,75,139.0,185.0,0.0,610.0,0.0
215,75,140.0,185.0,0.0,613.0,0.0
215,75,141.0,189.0,0.0,618.0,0.0
215,75,142.0,193.0,0.0,621.0,0.0
215,75,143.0,191.0,0.0,628.0,0.0
215,75,144.0,186.0,0.0,637.0,0.0
215,75,145.0,185.0,0.0,646.0,0.0
215,75,146.0,184.0,0.0,653.0,0.0
215,75,147.0,187.0,0.0,658.0,0.0
215,75,148.0,184.0,0.0,661.0,0.0
215,75,149.0,185.0,0.0,668.0,0.0
215,75,150.0,183.0,0.0,674.0,0.0
215,75,151.0,180.0,0.0,679.0,0.0
215,75,152.0,176.0,0.0,687.0,0.0
215,75,153.0,174.0,0.0,693.0,0.0
215,75,154.0,176.0,0.0,698.0,0.0
215,75,155.0,168.0,0.0,701.0,0.0
215,75,156.0,169.0,0.0,714.0,0.0
215,75,157.0,172.0,0.0,720.0,0.0
215,75,158.0,172.0,0.0,724.0,0.0
215,75,159.0,171.0,0.0,730.0,0.0
215,75,160.0,168.0,0.0,735.0,0.0
215,75,161.0,167.0,0.0,741.0,0.0
215,75,162.0,163.0,0.0,748.0,0.0
215,75,163.0,163.0,0.0,757.0,0.0
215,75,164.0,166.0,0.0,762.0,0.0
215,75,165.0,161.0,0.0,772.0,0.0
215,75,166.0,160.0,0.0,782.0,0.0
215,75,167.0,158.0,0.0,790.0,0.0
215,75,168.0,155.0,0.0,796.0,0.0
215,75,169.0,160.0,0.0,802.0,0.0
215,75,170.0,154.0,0.0,806.0,0.0
215,75,171.0,156.0,0.0,813.0,0.0
215,75,172.0,150.0,0.0,817.0,0.0
215,75,173.0,153.0,0.0,826.0,0.0
215,75,174.0,149.0,0.0,832.0,0.0
215,75,175.0,154.0,0.0,840.0,0.0
215,75,176.0,154.0,0.0,842.0,0.0
215,75,177.0,153.0,0.0,845.0,0.0
215,75,178.0,154.0,0.0,848.0,0.0
215,75,179.0,152.0,0.0,853.0,0.0
215,75,180.0,153.0,0.0,862.0,0.0
215,75,181.0,160.0,0.0,864.0,0.0
215,75,182.0,164.0,0.0,868.0,0.0
215,75,183.0,163.0,0.0,870.0,0.0
215,75,184.0,166.0,0.0,876.0,0.0
215,75,185.0,170.0,0.0,880.0,0.0
215,75,186.0,173.0,0.0,882.0,0.0
215,75,187.0,173.0,0.0,886.0,0.0
215,75,188.0,174.0,0.0,894.0,0.0
215,75,189.0,173.0,0.0,900.0,0.0
215,75,190.0,177.0,0.0,905.0,0.0
215,75,191.0,179.0,0.0,907.0,0.0
215,75,192.0,180.0,0.0,913.0,0.0
215,75,193.0,182.0,0.0,917.0,0.0
215,75,194.0,183.0,0.0,922.0,0.0
215,75,195.0,183.0,0.0,927.0,0.0
215,75,196.0,181.0,0.0,934.0,0.0
215,75,197.0,185.0,0.0,941.0,0.0
215,75,198.0,180.0,0.0,945.0,0.0
215,75,199.0,176.0,0.0,953.0,0.0
215,75,200.0,176.0,0.0,962.0,0.0
215,75,201.0,172.0,0.0,968.0,0.0
215,75,202.0,165.0,0.0,972.0,0.0
215,75,203.0,159.0,0.0,979.0,0.0
215,75,204.0,155.0,0.0,985.0,0.0
215,75,205.0,151.0,0.0,989.0,0.0
215,75,206.0,150.0,0.0,993.0,0.0
215,75,207.0,147.0,0.0,994.0,0.0
215,75,208.0,141.0,0.0,997.0,0.0
215,75,209.0,136.0,0.0,1003.0,0.0
215,75,210.0,126.0,0.0,1008.0,0.0
215,75,211.0,124.0,0.0,1018.0,0.0
215,75,212.0,117.0,0.0,1020.0,0.0
215,75,213.0,111.0,0.0,1027.0,0.0
215,75,214.0,106.0,0.0,1033.0,0.0
215,75,215.0,102.0,0.0,1038.0,0.0
215,75,216.0,95.0,0.0,1042.0,0.0
215,75,217.0,92.0,0.0,1049.0,0.0
215,75,218.0,85.0,0.0,1052.0,0.0
215,75,219.0,77.0,0.0,1059.0,0.0
215,75,220.0,70.0,0.0,1067.0,0.0
215,75,221.0,63.0,0.0,1074.0,0.0
215,75,222.0,57.0,0.0,1081.0,0.0
215,75,223.0,55.0,0.0,1087.0,0.0
215,75,224.0,51.0,0.0,1089.0,0.0
215,75,225.0,49.0,0.0,1093.0,0.0
215,75,226.0,45.0,0.0,1095.0,0.0
215,75,227.0,44.0,0.0,1099.0,0.0
215,75,228.0,41.0,0.0,1100.0,0.0
215,75,229.0,38.0,0.0,1103.0,0.0
215,75,230.0,37.0,0.0,1106.0,0.0
215,75,231.0,35.0,0.0,1107.0,0.0
215,75,232.0,35.0,0.0,1109.0,0.0
215,75,233.0,34.0,0.0,1109.0,0.0
215,75,234.0,31.0,0.0,1110.0,0.0
215,75,235.0,31.0,0.0,1113.0,0.0
215,75,236.0,30.0,0.0,1113.0,0.0
215,75,237.0,29.0,0.0,1114.0,0.0
215,75,238.0,28.0,0.0,1115.0,0.0
215,75,239.0,27.0,0.0,1116.0,0.0
215,75,240.0,21.0,0.0,1117.0,0.0
215,75,241.0,20.0,0.0,1123.0,0.0
215,75,242.0,18.0,0.0,1124.0,0.0
215,75,243.0,17.0,0.0,1126.0,0.0
215,75,244.0,15.0,0.0,1127.0,0.0
215,75,245.0,15.0,0.0,1129.0,0.0
215,75,246.0,15.0,0.0,1129.0,0.0
215,75,247.0,15.0,0.0,1129.0,0.0
215,75,248.0,15.0,0.0,1129.0,0.0
215,75,249.0,15.0,0.0,1129.0,0.0
215,75,250.0,15.0,0.0,1129.0,0.0
215,75,251.0,15.0,0.0,1129.0,0.0
215,75,252.0,11.0,0.0,1129.0,0.0
215,75,253.0,11.0,0.0,1133.0,0.0
215,75,254.0,9.0,0.0,1133.0,0.0
215,75,255.0,7.0,0.0,1135.0,0.0
215,75,256.0,6.0,0.0,1137.0,0.0
215,75,257.0,6.0,0.0,1138.0,0.0
215,75,258.0,5.0,0.0,1138.0,0.0
215,75,259.0,4.0,0.0,1139.0,0.0
215,75,260.0,4.0,0.0,1140.0,0.0
215,75,261.0,2.0,0.0,1140.0,0.0
215,75,262.0,2.0,0.0,1142.0,0.0
215,75,263.0,2.0,0.0,1142.0,0.0
215,75,264.0,2.0,0.0,1142.0,0.0
215,75,265.0,1.0,0.0,1142.0,0.0
215,75,266.0,1.0,0.0,1143.0,0.0
215,75,267.0,0.0,0.0,1143.0,0.0
215,75,268.0,0.0,0.0,1144.0,0.0
215,76,0.0,5.0,0.0,0.0,0.0
215,76,1.0,12.0,0.0,0.0,0.0
215,76,2.0,21.0,0.0,0.0,0.0
215,76,3.0,26.0,0.0,0.0,0.0
215,76,4.0,28.0,0.0,0.0,0.0
215,76,5.0,34.0,0.0,0.0,0.0
215,76,6.0,41.0,0.0,0.0,0.0
215,76,7.0,45.0,0.0,0.0,0.0
215,76,8.0,52.0,0.0,0.0,0.0
215,76,9.0,57.0,0.0,0.0,0.0
215,76,10.0,64.0,0.0,0.0,0.0
215,76,11.0,69.0,0.0,0.0,0.0
215,76,12.0,74.0,0.0,0.0,0.0
215,76,13.0,78.0,0.0,0.0,0.0
215,76,14.0,83.0,0.0,0.0,0.0
215,76,15.0,90.0,0.0,1.0,0.0
215,76,16.0,95.0,0.0,2.0,0.0
215,76,17.0,99.0,0.0,3.0,0.0
215,76,18.0,103.0,0.0,4.0,0.0
215,76,19.0,104.0,0.0,4.0,0.0
215,76,20.0,110.0,0.0,5.0,0.0
215,76,21.0,120.0,0.0,5.0,0.0
215,76,22.0,124.0,0.0,5.0,0.0
215,76,23.0,130.0,0.0,6.0,0.0
215,76,24.0,131.0,0.0,7.0,0.0
215,76,25.0,137.0,0.0,9.0,0.0
215,76,26.0,134.0,0.0,11.0,0.0
215,76,27.0,136.0,0.0,17.0,0.0
215,76,28.0,136.0,0.0,19.0,0.0
215,76,29.0,140.0,0.0,20.0,0.0
215,76,30.0,140.0,0.0,22.0,0.0
215,76,31.0,140.0,0.0,25.0,0.0
215,76,32.0,139.0,0.0,29.0,0.0
215,76,33.0,141.0,0.0,36.0,0.0
215,76,34.0,141.0,0.0,39.0,0.0
215,76,35.0,137.0,0.0,42.0,0.0
215,76,36.0,139.0,0.0,47.0,0.0
215,76,37.0,139.0,0.0,52.0,0.0
215,76,38.0,138.0,0.0,57.0,0.0
215,76,39.0,136.0,0.0,61.0,0.0
215,76,40.0,137.0,0.0,69.0,0.0
215,76,41.0,137.0,0.0,73.0,0.0
215,76,42.0,137.0,0.0,78.0,0.0
215,76,43.0,133.0,0.0,81.0,0.0
215,76,44.0,136.0,0.0,87.0,0.0
215,76,45.0,136.0,0.0,90.0,0.0
215,76,46.0,141.0,0.0,96.0,0.0
215,76,47.0,141.0,0.0,101.0,0.0
215,76,48.0,142.0,0.0,105.0,0.0
215,76,49.0,146.0,0.0,108.0,0.0
215,76,50.0,144.0,0.0,111.0,0.0
215,76,51.0,151.0,0.0,118.0,0.0
215,76,52.0,148.0,0.0,122.0,0.0
215,76,53.0,151.0,0.0,128.0,0.0
215,76,54.0,152.0,0.0,132.0,0.0
215,76,55.0,158.0,0.0,135.0,0.0
215,76,56.0,162.0,0.0,136.0,0.0
215,76,57.0,164.0,0.0,138.0,0.0
215,76,58.0,165.0,0.0,144.0,0.0
215,76,59.0,167.0,0.0,147.0,0.0
215,76,60.0,166.0,0.0,152.0,0.0
215,76,61.0,164.0,0.0,157.0,0.0
215,76,62.0,164.0,0.0,164.0,0.0
215,76,63.0,163.0,0.0,170.0,0.0
215,76,64.0,163.0,0.0,173.0,0.0
215,76,65.0,166.0,0.0,178.0,0.0
215,76,66.0,169.0,0.0,181.0,0.0
215,76,67.0,170.0,0.0,185.0,0.0
215,76,68.0,165.0,0.0,188.0,0.0
215,76,69.0,163.0,0.0,197.0,0.0
215,76,70.0,167.0,0.0,202.0,0.0
215,76,71.0,168.0,0.0,209.0,0.0
215,76,72.0,171.0,0.0,214.0,0.0
215,76,73.0,167.0,0.0,217.0,0.0
215,76,74.0,170.0,0.0,225.0,0.0
215,76,75.0,172.0,0.0,229.0,0.0
215,76,76.0,164.0,0.0,234.0,0.0
215,76,77.0,167.0,0.0,244.0,0.0
215,76,78.0,165.0,0.0,250.0,0.0
215,76,79.0,165.0,0.0,256.0,0.0
215,76,80.0,167.0,0.0,264.0,0.0
215,76,81.0,165.0,0.0,268.0,0.0
215,76,82.0,170.0,0.0,274.0,0.0
215,76,83.0,171.0,0.0,278.0,0.0
215,76,84.0,172.0,0.0,283.0,0.0
215,76,85.0,177.0,0.0,288.0,0.0
215,76,86.0,174.0,0.0,294.0,0.0
215,76,87.0,172.0,0.0,300.0,0.0
215,76,88.0,172.0,0.0,304.0,0.0
215,76,89.0,175.0,0.0,310.0,0.0
215,76,90.0,176.0,0.0,314.0,0.0
215,76,91.0,176.0,0.0,321.0,0.0
215,76,92.0,173.0,0.0,326.0,0.0
215,76,93.0,168.0,0.0,332.0,0.0
215,76,94.0,171.0,0.0,339.0,0.0
215,76,95.0,170.0,0.0,344.0,0.0
215,76,96.0,170.0,0.0,350.0,0.0
215,76,97.0,169.0,0.0,355.0,0.0
215,76,98.0,168.0,0.0,360.0,0.0
215,76,99.0,165.0,0.0,364.0,0.0
215,76,100.0,161.0,0.0,371.0,0.0
215,76,101.0,161.0,0.0,377.0,0.0
215,76,102.0,164.0,0.0,382.0,0.0
215,76,103.0,163.0,0.0,384.0,0.0
215,76,104.0,166.0,0.0,392.0,0.0
215,76,105.0,164.0,0.0,395.0,0.0
215,76,106.0,162.0,0.0,403.0,0.0
215,76,107.0,159.0,0.0,409.0,0.0
215,76,108.0,162.0,0.0,419.0,0.0
215,76,109.0,163.0,0.0,421.0,0.0
215,76,110.0,162.0,0.0,425.0,0.0
215,76,111.0,161.0,0.0,430.0,0.0
215,76,112.0,161.0,0.0,437.0,0.0
215,76,113.0,161.0,0.0,444.0,0.0
215,76,114.0,160.0,0.0,450.0,0.0
215,76,115.0,166.0,0.0,458.0,0.0
215,76,116.0,171.0,0.0,461.0,0.0
215,76,117.0,172.0,0.0,463.0,0.0
215,76,118.0,168.0,0.0,470.0,0.0
215,76,119.0,164.0,0.0,479.0,0.0
215,76,120.0,165.0,0.0,486.0,0.0
215,76,121.0,164.0,0.0,490.0,0.0
215,76,122.0,164.0,0.0,493.0,0.0
215,76,123.0,163.0,0.0,496.0,0.0
215,76,124.0,162.0,0.0,500.0,0.0
215,76,125.0,165.0,0.0,507.0,0.0
215,76,126.0,160.0,0.0,513.0,0.0
215,76,127.0,164.0,0.0,524.0,0.0
215,76,128.0,167.0,0.0,528.0,0.0
215,76,129.0,167.0,0.0,532.0,0.0
215,76,130.0,169.0,0.0,538.0,0.0
215,76,131.0,171.0,0.0,541.0,0.0
215,76,132.0,169.0,0.0,544.0,0.0
215,76,133.0,170.0,0.0,553.0,0.0
215,76,134.0,171.0,0.0,556.0,0.0
215,76,135.0,173.0,0.0,560.0,0.0
215,76,136.0,175.0,0.0,568.0,0.0
215,76,137.0,176.0,0.0,572.0,0.0
215,76,138.0,174.0,0.0,579.0,0.0
215,76,139.0,174.0,0.0,586.0,0.0
215,76,140.0,174.0,0.0,592.0,0.0
215,76,141.0,176.0,0.0,598.0,0.0
215,76,142.0,176.0,0.0,601.0,0.0
215,76,143.0,175.0,0.0,606.0,0.0
215,76,144.0,180.0,0.0,611.0,0.0
215,76,145.0,176.0,0.0,615.0,0.0
215,76,146.0,176.0,0.0,625.0,0.0
215,76,147.0,173.0,0.0,629.0,0.0
215,76,148.0,176.0,0.0,635.0,0.0
215,76,149.0,174.0,0.0,639.0,0.0
215,76,150.0,173.0,0.0,644.0,0.0
215,76,151.0,177.0,0.0,650.0,0.0
215,76,152.0,175.0,0.0,654.0,0.0
215,76,153.0,169.0,0.0,662.0,0.0
215,76,154.0,174.0,0.0,671.0,0.0
215,76,155.0,168.0,0.0,675.0,0.0
215,76,156.0,171.0,0.0,684.0,0.0
215,76,157.0,170.0,0.0,688.0,0.0
215,76,158.0,173.0,0.0,694.0,0.0
215,76,159.0,174.0,0.0,697.0,0.0
215,76,160.0,174.0,0.0,700.0,0.0
215,76,161.0,166.0,0.0,704.0,0.0
215,76,162.0,167.0,0.0,715.0,0.0
215,76,163.0,165.0,0.0,721.0,0.0
215,76,164.0,163.0,0.0,730.0,0.0
215,76,165.0,167.0,0.0,734.0,0.0
215,76,166.0,167.0,0.0,738.0,0.0
215,76,167.0,165.0,0.0,743.0,0.0
215,76,168.0,166.0,0.0,750.0,0.0
215,76,169.0,168.0,0.0,756.0,0.0
215,76,170.0,164.0,0.0,761.0,0.0
215,76,171.0,164.0,0.0,767.0,0.0
215,76,172.0,167.0,0.0,772.0,0.0
215,76,173.0,173.0,0.0,778.0,0.0
215,76,174.0,173.0,0.0,781.0,0.0
215,76,175.0,173.0,0.0,787.0,0.0
215,76,176.0,171.0,0.0,795.0,0.0
215,76,177.0,174.0,0.0,801.0,0.0
215,76,178.0,174.0,0.0,805.0,0.0
215,76,179.0,174.0,0.0,812.0,0.0
215,76,180.0,171.0,0.0,817.0,0.0
215,76,181.0,171.0,0.0,823.0,0.0
215,76,182.0,173.0,0.0,828.0,0.0
215,76,183.0,174.0,0.0,832.0,0.0
215,76,184.0,174.0,0.0,836.0,0.0
215,76,185.0,172.0,0.0,840.0,0.0
215,76,186.0,175.0,0.0,846.0,0.0
215,76,187.0,172.0,0.0,851.0,0.0
215,76,188.0,175.0,0.0,856.0,0.0
215,76,189.0,174.0,0.0,860.0,0.0
215,76,190.0,175.0,0.0,866.0,0.0
215,76,191.0,175.0,0.0,870.0,0.0
215,76,192.0,173.0,0.0,876.0,0.0
215,76,193.0,170.0,0.0,881.0,0.0
215,76,194.0,169.0,0.0,888.0,0.0
215,76,195.0,172.0,0.0,893.0,0.0
215,76,196.0,174.0,0.0,899.0,0.0
215,76,197.0,173.0,0.0,903.0,0.0
215,76,198.0,173.0,0.0,908.0,0.0
215,76,199.0,173.0,0.0,913.0,0.0
215,76,200.0,172.0,0.0,921.0,0.0
215,76,201.0,165.0,0.0,923.0,0.0
215,76,202.0,157.0,0.0,930.0,0.0
215,76,203.0,148.0,0.0,938.0,0.0
215,76,204.0,146.0,0.0,947.0,0.0
215,76,205.0,145.0,0.0,949.0,0.0
215,76,206.0,138.0,0.0,950.0,0.0
215,76,207.0,134.0,0.0,957.0,0.0
215,76,208.0,129.0,0.0,961.0,0.0
215,76,209.0,121.0,0.0,966.0,0.0
215,76,210.0,115.0,0.0,974.0,0.0
215,76,211.0,110.0,0.0,980.0,0.0
215,76,212.0,105.0,0.0,985.0,0.0
215,76,213.0,98.0,0.0,990.0,0.0
215,76,214.0,94.0,0.0,997.0,0.0
215,76,215.0,91.0,0.0,1001.0,0.0
215,76,216.0,85.0,0.0,1004.0,0.0
215,76,217.0,81.0,0.0,1010.0,0.0
215,76,218.0,75.0,0.0,1014.0,0.0
215,76,219.0,69.0,0.0,1020.0,0.0
215,76,220.0,67.0,0.0,1026.0,0.0
215,76,221.0,61.0,0.0,1028.0,0.0
215,76,222.0,57.0,0.0,1034.0,0.0
215,76,223.0,55.0,0.0,1038.0,0.0
215,76,224.0,51.0,0.0,1040.0,0.0
215,76,225.0,50.0,0.0,1044.0,0.0
215,76,226.0,48.0,0.0,1045.0,0.0
215,76,227.0,46.0,0.0,1047.0,0.0
215,76,228.0,42.0,0.0,1049.0,0.0
215,76,229.0,38.0,0.0,1053.0,0.0
215,76,230.0,35.0,0.0,1057.0,0.0
215,76,231.0,33.0,0.0,1060.0,0.0
215,76,232.0,32.0,0.0,1062.0,0.0
215,76,233.0,28.0,0.0,1063.0,0.0
215,76,234.0,27.0,0.0,1067.0,0.0
215,76,235.0,26.0,0.0,1068.0,0.0
215,76,236.0,23.0,0.0,1069.0,0.0
215,76,237.0,18.0,0.0,1072.0,0.0
215,76,238.0,17.0,0.0,1077.0,0.0
215,76,239.0,17.0,0.0,1078.0,0.0
215,76,240.0,16.0,0.0,1078.0,0.0
215,76,241.0,15.0,0.0,1079.0,0.0
215,76,242.0,13.0,0.0,1080.0,0.0
215,76,243.0,12.0,0.0,1082.0,0.0
215,76,244.0,10.0,0.0,1083.0,0.0
215,76,245.0,9.0,0.0,1085.0,0.0
215,76,246.0,8.0,0.0,1086.0,0.0
215,76,247.0,6.0,0.0,1087.0,0.0
215,76,248.0,4.0,0.0,1089.0,0.0
215,76,249.0,4.0,0.0,1091.0,0.0
215,76,250.0,4.0,0.0,1091.0,0.0
215,76,251.0,2.0,0.0,1091.0,0.0
215,76,252.0,1.0,0.0,1093.0,0.0
215,76,253.0,0.0,0.0,1094.0,0.0
215,76,254.0,0.0,0.0,1095.0,0.0
215,77,0.0,8.0,0.0,0.0,0.0
215,77,1.0,13.0,0.0,0.0,0.0
215,77,2.0,17.0,0.0,0.0,0.0
215,77,3.0,21.0,0.0,0.0,0.0
215,77,4.0,26.0,0.0,0.0,0.0
215,77,5.0,31.0,0.0,0.0,0.0
215,77,6.0,37.0,0.0,0.0,0.0
215,77,7.0,43.0,0.0,0.0,0.0
215,77,8.0,47.0,0.0,0.0,0.0
215,77,9.0,54.0,0.0,0.0,0.0
215,77,10.0,56.0,0.0,0.0,0.0
215,77,11.0,61.0,0.0,0.0,0.0
215,77,12.0,66.0,0.0,0.0,0.0
215,77,13.0,70.0,0.0,0.0,0.0
215,77,14.0,77.0,0.0,1.0,0.0
215,77,15.0,80.0,0.0,1.0,0.0
215,77,16.0,84.0,0.0,2.0,0.0
215,77,17.0,87.0,0.0,2.0,0.0
215,77,18.0,91.0,0.0,3.0,0.0
215,77,19.0,96.0,0.0,4.0,0.0
215,77,20.0,102.0,0.0,4.0,0.0
215,77,21.0,106.0,0.0,4.0,0.0
215,77,22.0,110.0,0.0,6.0,0.0
215,77,23.0,113.0,0.0,6.0,0.0
215,77,24.0,118.0,0.0,6.0,0.0
215,77,25.0,119.0,0.0,9.0,0.0
215,77,26.0,124.0,0.0,13.0,0.0
215,77,27.0,125.0,0.0,14.0,0.0
215,77,28.0,126.0,0.0,16.0,0.0
215,77,29.0,129.0,0.0,18.0,0.0
215,77,30.0,130.0,0.0,23.0,0.0
215,77,31.0,128.0,0.0,27.0,0.0
215,77,32.0,127.0,0.0,32.0,0.0
215,77,33.0,132.0,0.0,37.0,0.0
215,77,34.0,136.0,0.0,40.0,0.0
215,77,35.0,142.0,0.0,45.0,0.0
215,77,36.0,145.0,0.0,47.0,0.0
215,77,37.0,149.0,0.0,50.0,0.0
215,77,38.0,152.0,0.0,54.0,0.0
215,77,39.0,153.0,0.0,57.0,0.0
215,77,40.0,157.0,0.0,60.0,0.0
215,77,41.0,158.0,0.0,62.0,0.0
215,77,42.0,160.0,0.0,67.0,0.0
215,77,43.0,163.0,0.0,70.0,0.0
215,77,44.0,162.0,0.0,73.0,0.0
215,77,45.0,164.0,0.0,81.0,0.0
215,77,46.0,167.0,0.0,83.0,0.0
215,77,47.0,169.0,0.0,87.0,0.0
215,77,48.0,172.0,0.0,91.0,0.0
215,77,49.0,174.0,0.0,92.0,0.0
215,77,50.0,168.0,0.0,94.0,0.0
215,77,51.0,166.0,0.0,103.0,0.0
215,77,52.0,166.0,0.0,108.0,0.0
215,77,53.0,164.0,0.0,112.0,0.0
215,77,54.0,165.0,0.0,118.0,0.0
215,77,55.0,170.0,0.0,124.0,0.0
215,77,56.0,169.0,0.0,126.0,0.0
215,77,57.0,166.0,0.0,131.0,0.0
215,77,58.0,167.0,0.0,142.0,0.0
215,77,59.0,169.0,0.0,147.0,0.0
215,77,60.0,169.0,0.0,149.0,0.0
215,77,61.0,167.0,0.0,153.0,0.0
215,77,62.0,168.0,0.0,160.0,0.0
215,77,63.0,169.0,0.0,162.0,0.0
215,77,64.0,165.0,0.0,167.0,0.0
215,77,65.0,163.0,0.0,179.0,0.0
215,77,66.0,165.0,0.0,186.0,0.0
215,77,67.0,162.0,0.0,189.0,0.0
215,77,68.0,160.0,0.0,196.0,0.0
215,77,69.0,160.0,0.0,202.0,0.0
215,77,70.0,160.0,0.0,206.0,0.0
215,77,71.0,161.0,0.0,210.0,0.0
215,77,72.0,159.0,0.0,214.0,0.0
215,77,73.0,155.0,0.0,219.0,0.0
215,77,74.0,158.0,0.0,230.0,0.0
215,77,75.0,158.0,0.0,234.0,0.0
215,77,76.0,159.0,0.0,241.0,0.0
215,77,77.0,157.0,0.0,245.0,0.0
215,77,78.0,156.0,0.0,252.0,0.0
215,77,79.0,158.0,0.0,256.0,0.0
215,77,80.0,162.0,0.0,260.0,0.0
215,77,81.0,160.0,0.0,262.0,0.0
215,77,82.0,155.0,0.0,271.0,0.0
215,77,83.0,154.0,0.0,278.0,0.0
215,77,84.0,152.0,0.0,284.0,0.0
215,77,85.0,152.0,0.0,290.0,0.0
215,77,86.0,152.0,0.0,293.0,0.0
215,77,87.0,154.0,0.0,300.0,0.0
215,77,88.0,154.0,0.0,305.0,0.0
215,77,89.0,159.0,0.0,308.0,0.0
215,77,90.0,162.0,0.0,309.0,0.0
215,77,91.0,161.0,0.0,312.0,0.0
215,77,92.0,158.0,0.0,317.0,0.0
215,77,93.0,160.0,0.0,323.0,0.0
215,77,94.0,160.0,0.0,328.0,0.0
215,77,95.0,161.0,0.0,336.0,0.0
215,77,96.0,160.0,0.0,341.0,0.0
215,77,97.0,169.0,0.0,347.0,0.0
215,77,98.0,169.0,0.0,350.0,0.0
215,77,99.0,170.0,0.0,354.0,0.0
215,77,100.0,170.0,0.0,359.0,0.0
215,77,101.0,176.0,0.0,364.0,0.0
215,77,102.0,176.0,0.0,366.0,0.0
215,77,103.0,178.0,0.0,369.0,0.0
215,77,104.0,176.0,0.0,373.0,0.0
215,77,105.0,179.0,0.0,380.0,0.0
215,77,106.0,176.0,0.0,383.0,0.0
215,77,107.0,182.0,0.0,390.0,0.0
215,77,108.0,183.0,0.0,392.0,0.0
215,77,109.0,181.0,0.0,396.0,0.0
215,77,110.0,179.0,0.0,402.0,0.0
215,77,111.0,174.0,0.0,411.0,0.0
215,77,112.0,169.0,0.0,420.0,0.0
215,77,113.0,169.0,0.0,426.0,0.0
215,77,114.0,171.0,0.0,431.0,0.0
215,77,115.0,171.0,0.0,437.0,0.0
215,77,116.0,171.0,0.0,443.0,0.0
215,77,117.0,171.0,0.0,448.0,0.0
215,77,118.0,165.0,0.0,454.0,0.0
215,77,119.0,170.0,0.0,465.0,0.0
215,77,120.0,177.0,0.0,467.0,0.0
215,77,121.0,184.0,0.0,471.0,0.0
215,77,122.0,179.0,0.0,474.0,0.0
215,77,123.0,176.0,0.0,486.0,0.0
215,77,124.0,182.0,0.0,491.0,0.0
215,77,125.0,182.0,0.0,493.0,0.0
215,77,126.0,180.0,0.0,500.0,0.0
215,77,127.0,178.0,0.0,506.0,0.0
215,77,128.0,177.0,0.0,512.0,0.0
215,77,129.0,181.0,0.0,520.0,0.0
215,77,130.0,181.0,0.0,524.0,0.0
215,77,131.0,184.0,0.0,529.0,0.0
215,77,132.0,182.0,0.0,535.0,0.0
215,77,133.0,174.0,0.0,540.0,0.0
215,77,134.0,171.0,0.0,550.0,0.0
215,77,135.0,171.0,0.0,559.0,0.0
215,77,136.0,171.0,0.0,566.0,0.0
215,77,137.0,175.0,0.0,571.0,0.0
215,77,138.0,175.0,0.0,575.0,0.0
215,77,139.0,175.0,0.0,579.0,0.0
215,77,140.0,177.0,0.0,587.0,0.0
215,77,141.0,178.0,0.0,592.0,0.0
215,77,142.0,182.0,0.0,598.0,0.0
215,77,143.0,185.0,0.0,604.0,0.0
215,77,144.0,183.0,0.0,607.0,0.0
215,77,145.0,183.0,0.0,613.0,0.0
215,77,146.0,185.0,0.0,618.0,0.0
215,77,147.0,187.0,0.0,623.0,0.0
215,77,148.0,190.0,0.0,627.0,0.0
215,77,149.0,190.0,0.0,629.0,0.0
215,77,150.0,194.0,0.0,634.0,0.0
215,77,151.0,193.0,0.0,639.0,0.0
215,77,152.0,188.0,0.0,645.0,0.0
215,77,153.0,191.0,0.0,654.0,0.0
215,77,154.0,191.0,0.0,656.0,0.0
215,77,155.0,190.0,0.0,661.0,0.0
215,77,156.0,193.0,0.0,667.0,0.0
215,77,157.0,197.0,0.0,673.0,0.0
215,77,158.0,194.0,0.0,675.0,0.0
215,77,159.0,189.0,0.0,683.0,0.0
215,77,160.0,190.0,0.0,694.0,0.0
215,77,161.0,195.0,0.0,700.0,0.0
215,77,162.0,198.0,0.0,706.0,0.0
215,77,163.0,197.0,0.0,710.0,0.0
215,77,164.0,194.0,0.0,715.0,0.0
215,77,165.0,198.0,0.0,722.0,0.0
215,77,166.0,196.0,0.0,725.0,0.0
215,77,167.0,193.0,0.0,732.0,0.0
215,77,168.0,194.0,0.0,740.0,0.0
215,77,169.0,191.0,0.0,745.0,0.0
215,77,170.0,187.0,0.0,753.0,0.0
215,77,171.0,187.0,0.0,762.0,0.0
215,77,172.0,190.0,0.0,766.0,0.0
215,77,173.0,189.0,0.0,770.0,0.0
215,77,174.0,186.0,0.0,778.0,0.0
215,77,175.0,188.0,0.0,788.0,0.0
215,77,176.0,184.0,0.0,794.0,0.0
215,77,177.0,185.0,0.0,804.0,0.0
215,77,178.0,186.0,0.0,809.0,0.0
215,77,179.0,180.0,0.0,815.0,0.0
215,77,180.0,182.0,0.0,824.0,0.0
215,77,181.0,181.0,0.0,829.0,0.0
215,77,182.0,181.0,0.0,836.0,0.0
215,77,183.0,184.0,0.0,842.0,0.0
215,77,184.0,181.0,0.0,847.0,0.0
215,77,185.0,182.0,0.0,854.0,0.0
215,77,186.0,182.0,0.0,859.0,0.0
215,77,187.0,179.0,0.0,863.0,0.0
215,77,188.0,176.0,0.0,870.0,0.0
215,77,189.0,177.0,0.0,876.0,0.0
215,77,190.0,175.0,0.0,880.0,0.0
215,77,191.0,176.0,0.0,890.0,0.0
215,77,192.0,179.0,0.0,895.0,0.0
215,77,193.0,177.0,0.0,900.0,0.0
215,77,194.0,177.0,0.0,908.0,0.0
215,77,195.0,177.0,0.0,913.0,0.0
215,77,196.0,175.0,0.0,919.0,0.0
215,77,197.0,175.0,0.0,925.0,0.0
215,77,198.0,179.0,0.0,931.0,0.0
215,77,199.0,177.0,0.0,936.0,0.0
215,77,200.0,175.0,0.0,942.0,0.0
215,77,201.0,167.0,0.0,948.0,0.0
215,77,202.0,158.0,0.0,956.0,0.0
215,77,203.0,155.0,0.0,965.0,0.0
215,77,204.0,149.0,0.0,968.0,0.0
215,77,205.0,147.0,0.0,974.0,0.0
215,77,206.0,142.0,0.0,976.0,0.0
215,77,207.0,134.0,0.0,981.0,0.0
215,77,208.0,128.0,0.0,989.0,0.0
215,77,209.0,123.0,0.0,995.0,0.0
215,77,210.0,119.0,0.0,1000.0,0.0
215,77,211.0,113.0,0.0,1004.0,0.0
215,77,212.0,107.0,0.0,1010.0,0.0
215,77,213.0,100.0,0.0,1016.0,0.0
215,77,214.0,98.0,0.0,1023.0,0.0
215,77,215.0,93.0,0.0,1025.0,0.0
215,77,216.0,88.0,0.0,1030.0,0.0
215,77,217.0,81.0,0.0,1035.0,0.0
215,77,218.0,78.0,0.0,1042.0,0.0
215,77,219.0,71.0,0.0,1045.0,0.0
215,77,220.0,65.0,0.0,1052.0,0.0
215,77,221.0,58.0,0.0,1058.0,0.0
215,77,222.0,56.0,0.0,1065.0,0.0
215,77,223.0,53.0,0.0,1067.0,0.0
215,77,224.0,49.0,0.0,1070.0,0.0
215,77,225.0,46.0,0.0,1074.0,0.0
215,77,226.0,42.0,0.0,1077.0,0.0
215,77,227.0,40.0,0.0,1081.0,0.0
215,77,228.0,40.0,0.0,1083.0,0.0
215,77,229.0,40.0,0.0,1083.0,0.0
215,77,230.0,36.0,0.0,1083.0,0.0
215,77,231.0,32.0,0.0,1087.0,0.0
215,77,232.0,30.0,0.0,1091.0,0.0
215,77,233.0,27.0,0.0,1093.0,0.0
215,77,234.0,27.0,0.0,1096.0,0.0
215,77,235.0,25.0,0.0,1096.0,0.0
215,77,236.0,23.0,0.0,1098.0,0.0
215,77,237.0,21.0,0.0,1100.0,0.0
215,77,238.0,21.0,0.0,1102.0,0.0
215,77,239.0,21.0,0.0,1102.0,0.0
215,77,240.0,20.0,0.0,1102.0,0.0
215,77,241.0,18.0,0.0,1103.0,0.0
215,77,242.0,17.0,0.0,1105.0,0.0
215,77,243.0,15.0,0.0,1106.0,0.0
215,77,244.0,14.0,0.0,1108.0,0.0
215,77,245.0,12.0,0.0,1109.0,0.0
215,77,246.0,10.0,0.0,1111.0,0.0
215,77,247.0,8.0,0.0,1113.0,0.0
215,77,248.0,8.0,0.0,1115.0,0.0
215,77,249.0,8.0,0.0,1115.0,0.0
215,77,250.0,8.0,0.0,1115.0,0.0
215,77,251.0,7.0,0.0,1115.0,0.0
215,77,252.0,6.0,0.0,1116.0,0.0
215,77,253.0,5.0,0.0,1117.0,0.0
215,77,254.0,5.0,0.0,1118.0,0.0
215,77,255.0,5.0,0.0,1118.0,0.0
215,77,256.0,4.0,0.0,1118.0,0.0
215,77,257.0,3.0,0.0,1119.0,0.0
215,77,258.0,3.0,0.0,1120.0,0.0
215,77,259.0,3.0,0.0,1120.0,0.0
215,77,260.0,2.0,0.0,1120.0,0.0
215,77,261.0,2.0,0.0,1121.0,0.0
215,77,262.0,2.0,0.0,1121.0,0.0
215,77,263.0,2.0,0.0,1121.0,0.0
215,77,264.0,1.0,0.0,1121.0,0.0
215,77,265.0,0.0,0.0,1122.0,0.0
215,77,266.0,0.0,0.0,1123.0,0.0
215,78,0.0,6.0,0.0,0.0,0.0
215,78,1.0,10.0,0.0,0.0,0.0
215,78,2.0,14.0,0.0,0.0,0.0
215,78,3.0,19.0,0.0,0.0,0.0
215,78,4.0,25.0,0.0,0.0,0.0
215,78,5.0,29.0,0.0,0.0,0.0
215,78,6.0,35.0,0.0,0.0,0.0
215,78,7.0,38.0,0.0,0.0,0.0
215,78,8.0,47.0,0.0,0.0,0.0
215,78,9.0,54.0,0.0,0.0,0.0
215,78,10.0,58.0,0.0,0.0,0.0
215,78,11.0,62.0,0.0,0.0,0.0
215,78,12.0,70.0,0.0,0.0,0.0
215,78,13.0,77.0,0.0,0.0,0.0
215,78,14.0,83.0,0.0,0.0,0.0
215,78,15.0,85.0,0.0,0.0,0.0
215,78,16.0,89.0,0.0,1.0,0.0
215,78,17.0,96.0,0.0,1.0,0.0
215,78,18.0,101.0,0.0,1.0,0.0
215,78,19.0,107.0,0.0,1.0,0.0
215,78,20.0,112.0,0.0,1.0,0.0
215,78,21.0,115.0,0.0,2.0,0.0
215,78,22.0,115.0,0.0,2.0,0.0
215,78,23.0,118.0,0.0,6.0,0.0
215,78,24.0,119.0,0.0,7.0,0.0
215,78,25.0,123.0,0.0,9.0,0.0
215,78,26.0,125.0,0.0,11.0,0.0
215,78,27.0,131.0,0.0,13.0,0.0
215,78,28.0,133.0,0.0,15.0,0.0
215,78,29.0,137.0,0.0,20.0,0.0
215,78,30.0,142.0,0.0,23.0,0.0
215,78,31.0,144.0,0.0,24.0,0.0
215,78,32.0,144.0,0.0,26.0,0.0
215,78,33.0,143.0,0.0,31.0,0.0
215,78,34.0,143.0,0.0,34.0,0.0
215,78,35.0,144.0,0.0,37.0,0.0
215,78,36.0,149.0,0.0,41.0,0.0
215,78,37.0,149.0,0.0,43.0,0.0
215,78,38.0,149.0,0.0,48.0,0.0
215,78,39.0,149.0,0.0,54.0,0.0
215,78,40.0,153.0,0.0,57.0,0.0
215,78,41.0,153.0,0.0,63.0,0.0
215,78,42.0,156.0,0.0,68.0,0.0
215,78,43.0,159.0,0.0,71.0,0.0
215,78,44.0,161.0,0.0,75.0,0.0
215,78,45.0,163.0,0.0,80.0,0.0
215,78,46.0,162.0,0.0,85.0,0.0
215,78,47.0,162.0,0.0,91.0,0.0
215,78,48.0,168.0,0.0,98.0,0.0
215,78,49.0,168.0,0.0,101.0,0.0
215,78,50.0,167.0,0.0,106.0,0.0
215,78,51.0,166.0,0.0,113.0,0.0
215,78,52.0,166.0,0.0,120.0,0.0
215,78,53.0,167.0,0.0,126.0,0.0
215,78,54.0,172.0,0.0,131.0,0.0
215,78,55.0,173.0,0.0,135.0,0.0
215,78,56.0,171.0,0.0,139.0,0.0
215,78,57.0,174.0,0.0,145.0,0.0
215,78,58.0,176.0,0.0,149.0,0.0
215,78,59.0,174.0,0.0,154.0,0.0
215,78,60.0,174.0,0.0,160.0,0.0
215,78,61.0,172.0,0.0,164.0,0.0
215,78,62.0,172.0,0.0,170.0,0.0
215,78,63.0,171.0,0.0,173.0,0.0
215,78,64.0,173.0,0.0,179.0,0.0
215,78,65.0,173.0,0.0,183.0,0.0
215,78,66.0,176.0,0.0,189.0,0.0
215,78,67.0,173.0,0.0,195.0,0.0
215,78,68.0,174.0,0.0,201.0,0.0
215,78,69.0,173.0,0.0,204.0,0.0
215,78,70.0,170.0,0.0,211.0,0.0
215,78,71.0,168.0,0.0,218.0,0.0
215,78,72.0,171.0,0.0,225.0,0.0
215,78,73.0,170.0,0.0,229.0,0.0
215,78,74.0,173.0,0.0,235.0,0.0
215,78,75.0,172.0,0.0,241.0,0.0
215,78,76.0,170.0,0.0,245.0,0.0
215,78,77.0,172.0,0.0,250.0,0.0
215,78,78.0,170.0,0.0,254.0,0.0
215,78,79.0,169.0,0.0,262.0,0.0
215,78,80.0,168.0,0.0,269.0,0.0
215,78,81.0,166.0,0.0,274.0,0.0
215,78,82.0,163.0,0.0,281.0,0.0
215,78,83.0,162.0,0.0,287.0,0.0
215,78,84.0,161.0,0.0,295.0,0.0
215,78,85.0,160.0,0.0,301.0,0.0
215,78,86.0,165.0,0.0,311.0,0.0
215,78,87.0,166.0,0.0,315.0,0.0
215,78,88.0,167.0,0.0,320.0,0.0
215,78,89.0,163.0,0.0,326.0,0.0
215,78,90.0,162.0,0.0,333.0,0.0
215,78,91.0,164.0,0.0,338.0,0.0
215,78,92.0,166.0,0.0,342.0,0.0
215,78,93.0,167.0,0.0,346.0,0.0
215,78,94.0,169.0,0.0,352.0,0.0
215,78,95.0,168.0,0.0,353.0,0.0
215,78,96.0,169.0,0.0,360.0,0.0
215,78,97.0,164.0,0.0,363.0,0.0
215,78,98.0,161.0,0.0,372.0,0.0
215,78,99.0,158.0,0.0,378.0,0.0
215,78,100.0,162.0,0.0,385.0,0.0
215,78,101.0,165.0,0.0,390.0,0.0
215,78,102.0,163.0,0.0,393.0,0.0
215,78,103.0,162.0,0.0,401.0,0.0
215,78,104.0,163.0,0.0,408.0,0.0
215,78,105.0,160.0,0.0,412.0,0.0
215,78,106.0,159.0,0.0,419.0,0.0
215,78,107.0,157.0,0.0,424.0,0.0
215,78,108.0,158.0,0.0,430.0,0.0
215,78,109.0,157.0,0.0,435.0,0.0
215,78,110.0,159.0,0.0,438.0,0.0
215,78,111.0,154.0,0.0,441.0,0.0
215,78,112.0,155.0,0.0,449.0,0.0
215,78,113.0,155.0,0.0,452.0,0.0
215,78,114.0,157.0,0.0,454.0,0.0
215,78,115.0,148.0,0.0,455.0,0.0
215,78,116.0,149.0,0.0,465.0,0.0
215,78,117.0,148.0,0.0,468.0,0.0
215,78,118.0,153.0,0.0,476.0,0.0
215,78,119.0,155.0,0.0,478.0,0.0
215,78,120.0,158.0,0.0,480.0,0.0
215,78,121.0,157.0,0.0,486.0,0.0
215,78,122.0,159.0,0.0,491.0,0.0
215,78,123.0,160.0,0.0,497.0,0.0
215,78,124.0,158.0,0.0,502.0,0.0
215,78,125.0,155.0,0.0,508.0,0.0
215,78,126.0,159.0,0.0,512.0,0.0
215,78,127.0,155.0,0.0,516.0,0.0
215,78,128.0,160.0,0.0,522.0,0.0
215,78,129.0,155.0,0.0,524.0,0.0
215,78,130.0,156.0,0.0,534.0,0.0
215,78,131.0,156.0,0.0,536.0,0.0
215,78,132.0,154.0,0.0,540.0,0.0
215,78,133.0,155.0,0.0,546.0,0.0
215,78,134.0,155.0,0.0,549.0,0.0
215,78,135.0,154.0,0.0,554.0,0.0
215,78,136.0,153.0,0.0,558.0,0.0
215,78,137.0,155.0,0.0,564.0,0.0
215,78,138.0,157.0,0.0,569.0,0.0
215,78,139.0,162.0,0.0,572.0,0.0
215,78,140.0,168.0,0.0,575.0,0.0
215,78,141.0,168.0,0.0,576.0,0.0
215,78,142.0,167.0,0.0,582.0,0.0
215,78,143.0,171.0,0.0,587.0,0.0
215,78,144.0,174.0,0.0,592.0,0.0
215,78,145.0,175.0,0.0,595.0,0.0
215,78,146.0,176.0,0.0,602.0,0.0
215,78,147.0,173.0,0.0,609.0,0.0
215,78,148.0,173.0,0.0,616.0,0.0
215,78,149.0,169.0,0.0,622.0,0.0
215,78,150.0,171.0,0.0,630.0,0.0
215,78,151.0,168.0,0.0,635.0,0.0
215,78,152.0,166.0,0.0,641.0,0.0
215,78,153.0,169.0,0.0,648.0,0.0
215,78,154.0,170.0,0.0,649.0,0.0
215,78,155.0,170.0,0.0,653.0,0.0
215,78,156.0,173.0,0.0,657.0,0.0
215,78,157.0,181.0,0.0,659.0,0.0
215,78,158.0,179.0,0.0,663.0,0.0
215,78,159.0,181.0,0.0,669.0,0.0
215,78,160.0,183.0,0.0,671.0,0.0
215,78,161.0,183.0,0.0,675.0,0.0
215,78,162.0,181.0,0.0,681.0,0.0
215,78,163.0,183.0,0.0,690.0,0.0
215,78,164.0,186.0,0.0,694.0,0.0
215,78,165.0,180.0,0.0,701.0,0.0
215,78,166.0,179.0,0.0,711.0,0.0
215,78,167.0,177.0,0.0,719.0,0.0
215,78,168.0,172.0,0.0,725.0,0.0
215,78,169.0,173.0,0.0,734.0,0.0
215,78,170.0,177.0,0.0,740.0,0.0
215,78,171.0,173.0,0.0,745.0,0.0
215,78,172.0,175.0,0.0,753.0,0.0
215,78,173.0,175.0,0.0,756.0,0.0
215,78,174.0,175.0,0.0,765.0,0.0
215,78,175.0,167.0,0.0,770.0,0.0
215,78,176.0,173.0,0.0,780.0,0.0
215,78,177.0,180.0,0.0,783.0,0.0
215,78,178.0,178.0,0.0,784.0,0.0
215,78,179.0,176.0,0.0,793.0,0.0
215,78,180.0,181.0,0.0,799.0,0.0
215,78,181.0,180.0,0.0,804.0,0.0
215,78,182.0,176.0,0.0,809.0,0.0
215,78,183.0,180.0,0.0,814.0,0.0
215,78,184.0,181.0,0.0,820.0,0.0
215,78,185.0,178.0,0.0,826.0,0.0
215,78,186.0,176.0,0.0,833.0,0.0
215,78,187.0,177.0,0.0,839.0,0.0
215,78,188.0,174.0,0.0,844.0,0.0
215,78,189.0,173.0,0.0,849.0,0.0
215,78,190.0,170.0,0.0,856.0,0.0
215,78,191.0,169.0,0.0,862.0,0.0
215,78,192.0,171.0,0.0,867.0,0.0
215,78,193.0,170.0,0.0,871.0,0.0
215,78,194.0,171.0,0.0,876.0,0.0
215,78,195.0,168.0,0.0,880.0,0.0
215,78,196.0,170.0,0.0,887.0,0.0
215,78,197.0,167.0,0.0,890.0,0.0
215,78,198.0,167.0,0.0,899.0,0.0
215,78,199.0,167.0,0.0,905.0,0.0
215,78,200.0,167.0,0.0,910.0,0.0
215,78,201.0,158.0,0.0,916.0,0.0
215,78,202.0,151.0,0.0,925.0,0.0
215,78,203.0,146.0,0.0,932.0,0.0
215,78,204.0,141.0,0.0,937.0,0.0
215,78,205.0,136.0,0.0,942.0,0.0
215,78,206.0,133.0,0.0,947.0,0.0
215,78,207.0,127.0,0.0,950.0,0.0
215,78,208.0,121.0,0.0,956.0,0.0
215,78,209.0,116.0,0.0,962.0,0.0
215,78,210.0,111.0,0.0,967.0,0.0
215,78,211.0,108.0,0.0,972.0,0.0
215,78,212.0,103.0,0.0,975.0,0.0
215,78,213.0,94.0,0.0,980.0,0.0
215,78,214.0,91.0,0.0,989.0,0.0
215,78,215.0,86.0,0.0,992.0,0.0
215,78,216.0,82.0,0.0,997.0,0.0
215,78,217.0,77.0,0.0,1001.0,0.0
215,78,218.0,74.0,0.0,1006.0,0.0
215,78,219.0,69.0,0.0,1009.0,0.0
215,78,220.0,60.0,0.0,1014.0,0.0
215,78,221.0,57.0,0.0,1023.0,0.0
215,78,222.0,53.0,0.0,1026.0,0.0
215,78,223.0,47.0,0.0,1030.0,0.0
215,78,224.0,43.0,0.0,1036.0,0.0
215,78,225.0,39.0,0.0,1040.0,0.0
215,78,226.0,36.0,0.0,1044.0,0.0
215,78,227.0,34.0,0.0,1047.0,0.0
215,78,228.0,32.0,0.0,1049.0,0.0
215,78,229.0,30.0,0.0,1051.0,0.0
215,78,230.0,28.0,0.0,1053.0,0.0
215,78,231.0,25.0,0.0,1055.0,0.0
215,78,232.0,23.0,0.0,1058.0,0.0
215,78,233.0,23.0,0.0,1060.0,0.0
215,78,234.0,20.0,0.0,1060.0,0.0
215,78,235.0,18.0,0.0,1063.0,0.0
215,78,236.0,17.0,0.0,1065.0,0.0
215,78,237.0,17.0,0.0,1066.0,0.0
215,78,238.0,15.0,0.0,1066.0,0.0
215,78,239.0,14.0,0.0,1068.0,0.0
215,78,240.0,14.0,0.0,1069.0,0.0
215,78,241.0,12.0,0.0,1069.0,0.0
215,78,242.0,12.0,0.0,1071.0,0.0
215,78,243.0,10.0,0.0,1071.0,0.0
215,78,244.0,10.0,0.0,1073.0,0.0
215,78,245.0,10.0,0.0,1073.0,0.0
215,78,246.0,9.0,0.0,1073.0,0.0
215,78,247.0,9.0,0.0,1074.0,0.0
215,78,248.0,9.0,0.0,1074.0,0.0
215,78,249.0,9.0,0.0,1074.0,0.0
215,78,250.0,9.0,0.0,1074.0,0.0
215,78,251.0,7.0,0.0,1074.0,0.0
215,78,252.0,7.0,0.0,1076.0,0.0
215,78,253.0,7.0,0.0,1076.0,0.0
215,78,254.0,6.0,0.0,1076.0,0.0
215,78,255.0,6.0,0.0,1077.0,0.0
215,78,256.0,5.0,0.0,1077.0,0.0
215,78,257.0,5.0,0.0,1078.0,0.0
215,78,258.0,4.0,0.0,1078.0,0.0
215,78,259.0,4.0,0.0,1079.0,0.0
215,78,260.0,4.0,0.0,1079.0,0.0
215,78,261.0,4.0,0.0,1079.0,0.0
215,78,262.0,3.0,0.0,1079.0,0.0
215,78,263.0,3.0,0.0,1080.0,0.0
215,78,264.0,3.0,0.0,1080.0,0.0
215,78,265.0,2.0,0.0,1080.0,0.0
215,78,266.0,1.0,0.0,1081.0,0.0
215,78,267.0,0.0,0.0,1082.0,0.0
215,78,268.0,0.0,0.0,1083.0,0.0
215,79,0.0,7.0,0.0,0.0,0.0
215,79,1.0,10.0,0.0,0.0,0.0
215,79,2.0,20.0,0.0,0.0,0.0
215,79,3.0,25.0,0.0,0.0,0.0
215,79,4.0,30.0,0.0,0.0,0.0
215,79,5.0,37.0,0.0,0.0,0.0
215,79,6.0,42.0,0.0,0.0,0.0
215,79,7.0,49.0,0.0,0.0,0.0
215,79,8.0,55.0,0.0,0.0,0.0
215,79,9.0,61.0,0.0,0.0,0.0
215,79,10.0,67.0,0.0,0.0,0.0
215,79,11.0,73.0,0.0,0.0,0.0
215,79,12.0,79.0,0.0,0.0,0.0
215,79,13.0,85.0,0.0,0.0,0.0
215,79,14.0,92.0,0.0,0.0,0.0
215,79,15.0,95.0,0.0,0.0,0.0
215,79,16.0,99.0,0.0,1.0,0.0
215,79,17.0,103.0,0.0,2.0,0.0
215,79,18.0,109.0,0.0,2.0,0.0
215,79,19.0,110.0,0.0,2.0,0.0
215,79,20.0,115.0,0.0,3.0,0.0
215,79,21.0,119.0,0.0,5.0,0.0
215,79,22.0,123.0,0.0,6.0,0.0
215,79,23.0,130.0,0.0,8.0,0.0
215,79,24.0,131.0,0.0,8.0,0.0
215,79,25.0,132.0,0.0,12.0,0.0
215,79,26.0,136.0,0.0,15.0,0.0
215,79,27.0,140.0,0.0,17.0,0.0
215,79,28.0,138.0,0.0,19.0,0.0
215,79,29.0,142.0,0.0,26.0,0.0
215,79,30.0,140.0,0.0,28.0,0.0
215,79,31.0,144.0,0.0,32.0,0.0
215,79,32.0,151.0,0.0,37.0,0.0
215,79,33.0,150.0,0.0,41.0,0.0
215,79,34.0,151.0,0.0,48.0,0.0
215,79,35.0,152.0,0.0,52.0,0.0
215,79,36.0,155.0,0.0,56.0,0.0
215,79,37.0,159.0,0.0,58.0,0.0
215,79,38.0,158.0,0.0,60.0,0.0
215,79,39.0,161.0,0.0,65.0,0.0
215,79,40.0,156.0,0.0,68.0,0.0
215,79,41.0,158.0,0.0,75.0,0.0
215,79,42.0,161.0,0.0,78.0,0.0
215,79,43.0,161.0,0.0,82.0,0.0
215,79,44.0,161.0,0.0,86.0,0.0
215,79,45.0,159.0,0.0,90.0,0.0
215,79,46.0,160.0,0.0,96.0,0.0
215,79,47.0,160.0,0.0,101.0,0.0
215,79,48.0,164.0,0.0,105.0,0.0
215,79,49.0,167.0,0.0,108.0,0.0
215,79,50.0,168.0,0.0,110.0,0.0
215,79,51.0,175.0,0.0,117.0,0.0
215,79,52.0,177.0,0.0,121.0,0.0
215,79,53.0,178.0,0.0,123.0,0.0
215,79,54.0,175.0,0.0,129.0,0.0
215,79,55.0,170.0,0.0,136.0,0.0
215,79,56.0,172.0,0.0,149.0,0.0
215,79,57.0,174.0,0.0,152.0,0.0
215,79,58.0,175.0,0.0,156.0,0.0
215,79,59.0,175.0,0.0,162.0,0.0
215,79,60.0,170.0,0.0,168.0,0.0
215,79,61.0,171.0,0.0,176.0,0.0
215,79,62.0,174.0,0.0,180.0,0.0
215,79,63.0,175.0,0.0,186.0,0.0
215,79,64.0,171.0,0.0,191.0,0.0
215,79,65.0,172.0,0.0,197.0,0.0
215,79,66.0,171.0,0.0,202.0,0.0
215,79,67.0,175.0,0.0,208.0,0.0
215,79,68.0,176.0,0.0,211.0,0.0
215,79,69.0,175.0,0.0,214.0,0.0
215,79,70.0,177.0,0.0,217.0,0.0
215,79,71.0,178.0,0.0,222.0,0.0
215,79,72.0,177.0,0.0,229.0,0.0
215,79,73.0,179.0,0.0,233.0,0.0
215,79,74.0,176.0,0.0,238.0,0.0
215,79,75.0,176.0,0.0,246.0,0.0
215,79,76.0,175.0,0.0,252.0,0.0
215,79,77.0,175.0,0.0,260.0,0.0
215,79,78.0,175.0,0.0,264.0,0.0
215,79,79.0,176.0,0.0,272.0,0.0
215,79,80.0,178.0,0.0,277.0,0.0
215,79,81.0,178.0,0.0,282.0,0.0
215,79,82.0,180.0,0.0,288.0,0.0
215,79,83.0,179.0,0.0,292.0,0.0
215,79,84.0,181.0,0.0,298.0,0.0
215,79,85.0,178.0,0.0,300.0,0.0
215,79,86.0,174.0,0.0,308.0,0.0
215,79,87.0,169.0,0.0,315.0,0.0
215,79,88.0,169.0,0.0,322.0,0.0
215,79,89.0,168.0,0.0,328.0,0.0
215,79,90.0,168.0,0.0,334.0,0.0
215,79,91.0,169.0,0.0,341.0,0.0
215,79,92.0,171.0,0.0,344.0,0.0
215,79,93.0,173.0,0.0,350.0,0.0
215,79,94.0,173.0,0.0,355.0,0.0
215,79,95.0,169.0,0.0,361.0,0.0
215,79,96.0,174.0,0.0,372.0,0.0
215,79,97.0,174.0,0.0,377.0,0.0
215,79,98.0,170.0,0.0,383.0,0.0
215,79,99.0,174.0,0.0,390.0,0.0
215,79,100.0,178.0,0.0,393.0,0.0
215,79,101.0,173.0,0.0,396.0,0.0
215,79,102.0,170.0,0.0,402.0,0.0
215,79,103.0,171.0,0.0,411.0,0.0
215,79,104.0,170.0,0.0,414.0,0.0
215,79,105.0,173.0,0.0,419.0,0.0
215,79,106.0,174.0,0.0,424.0,0.0
215,79,107.0,177.0,0.0,429.0,0.0
215,79,108.0,173.0,0.0,432.0,0.0
215,79,109.0,172.0,0.0,440.0,0.0
215,79,110.0,169.0,0.0,446.0,0.0
215,79,111.0,167.0,0.0,452.0,0.0
215,79,112.0,170.0,0.0,460.0,0.0
215,79,113.0,171.0,0.0,463.0,0.0
215,79,114.0,169.0,0.0,467.0,0.0
215,79,115.0,172.0,0.0,474.0,0.0
215,79,116.0,174.0,0.0,477.0,0.0
215,79,117.0,172.0,0.0,481.0,0.0
215,79,118.0,176.0,0.0,486.0,0.0
215,79,119.0,170.0,0.0,491.0,0.0
215,79,120.0,171.0,0.0,501.0,0.0
215,79,121.0,171.0,0.0,506.0,0.0
215,79,122.0,170.0,0.0,514.0,0.0
215,79,123.0,171.0,0.0,519.0,0.0
215,79,124.0,172.0,0.0,526.0,0.0
215,79,125.0,166.0,0.0,532.0,0.0
215,79,126.0,163.0,0.0,542.0,0.0
215,79,127.0,166.0,0.0,550.0,0.0
215,79,128.0,162.0,0.0,556.0,0.0
215,79,129.0,164.0,0.0,566.0,0.0
215,79,130.0,166.0,0.0,569.0,0.0
215,79,131.0,166.0,0.0,572.0,0.0
215,79,132.0,164.0,0.0,578.0,0.0
215,79,133.0,162.0,0.0,586.0,0.0
215,79,134.0,165.0,0.0,593.0,0.0
215,79,135.0,165.0,0.0,596.0,0.0
215,79,136.0,166.0,0.0,602.0,0.0
215,79,137.0,163.0,0.0,606.0,0.0
215,79,138.0,163.0,0.0,613.0,0.0
215,79,139.0,162.0,0.0,618.0,0.0
215,79,140.0,163.0,0.0,624.0,0.0
215,79,141.0,169.0,0.0,627.0,0.0
215,79,142.0,175.0,0.0,628.0,0.0
215,79,143.0,173.0,0.0,631.0,0.0
215,79,144.0,172.0,0.0,636.0,0.0
215,79,145.0,171.0,0.0,641.0,0.0
215,79,146.0,167.0,0.0,648.0,0.0
215,79,147.0,166.0,0.0,656.0,0.0
215,79,148.0,171.0,0.0,664.0,0.0
215,79,149.0,172.0,0.0,667.0,0.0
215,79,150.0,173.0,0.0,673.0,0.0
215,79,151.0,173.0,0.0,678.0,0.0
215,79,152.0,172.0,0.0,686.0,0.0
215,79,153.0,172.0,0.0,691.0,0.0
215,79,154.0,170.0,0.0,696.0,0.0
215,79,155.0,170.0,0.0,702.0,0.0
215,79,156.0,174.0,0.0,707.0,0.0
215,79,157.0,176.0,0.0,711.0,0.0
215,79,158.0,176.0,0.0,716.0,0.0
215,79,159.0,177.0,0.0,721.0,0.0
215,79,160.0,180.0,0.0,726.0,0.0
215,79,161.0,178.0,0.0,728.0,0.0
215,79,162.0,177.0,0.0,735.0,0.0
215,79,163.0,174.0,0.0,739.0,0.0
215,79,164.0,175.0,0.0,747.0,0.0
215,79,165.0,179.0,0.0,750.0,0.0
215,79,166.0,181.0,0.0,753.0,0.0
215,79,167.0,182.0,0.0,758.0,0.0
215,79,168.0,183.0,0.0,763.0,0.0
215,79,169.0,181.0,0.0,768.0,0.0
215,79,170.0,182.0,0.0,773.0,0.0
215,79,171.0,178.0,0.0,778.0,0.0
215,79,172.0,174.0,0.0,785.0,0.0
215,79,173.0,176.0,0.0,793.0,0.0
215,79,174.0,177.0,0.0,796.0,0.0
215,79,175.0,171.0,0.0,801.0,0.0
215,79,176.0,168.0,0.0,810.0,0.0
215,79,177.0,164.0,0.0,817.0,0.0
215,79,178.0,160.0,0.0,824.0,0.0
215,79,179.0,163.0,0.0,831.0,0.0
215,79,180.0,161.0,0.0,835.0,0.0
215,79,181.0,159.0,0.0,842.0,0.0
215,79,182.0,154.0,0.0,850.0,0.0
215,79,183.0,155.0,0.0,857.0,0.0
215,79,184.0,160.0,0.0,862.0,0.0
215,79,185.0,165.0,0.0,864.0,0.0
215,79,186.0,166.0,0.0,867.0,0.0
215,79,187.0,167.0,0.0,872.0,0.0
215,79,188.0,165.0,0.0,877.0,0.0
215,79,189.0,164.0,0.0,882.0,0.0
215,79,190.0,164.0,0.0,885.0,0.0
215,79,191.0,158.0,0.0,889.0,0.0
215,79,192.0,159.0,0.0,897.0,0.0
215,79,193.0,157.0,0.0,902.0,0.0
215,79,194.0,161.0,0.0,906.0,0.0
215,79,195.0,161.0,0.0,912.0,0.0
215,79,196.0,163.0,0.0,917.0,0.0
215,79,197.0,166.0,0.0,921.0,0.0
215,79,198.0,169.0,0.0,925.0,0.0
215,79,199.0,171.0,0.0,929.0,0.0
215,79,200.0,173.0,0.0,934.0,0.0
215,79,201.0,168.0,0.0,938.0,0.0
215,79,202.0,164.0,0.0,943.0,0.0
215,79,203.0,161.0,0.0,947.0,0.0
215,79,204.0,154.0,0.0,950.0,0.0
215,79,205.0,147.0,0.0,957.0,0.0
215,79,206.0,141.0,0.0,964.0,0.0
215,79,207.0,136.0,0.0,970.0,0.0
215,79,208.0,124.0,0.0,975.0,0.0
215,79,209.0,122.0,0.0,987.0,0.0
215,79,210.0,118.0,0.0,989.0,0.0
215,79,211.0,115.0,0.0,993.0,0.0
215,79,212.0,110.0,0.0,996.0,0.0
215,79,213.0,107.0,0.0,1001.0,0.0
215,79,214.0,98.0,0.0,1004.0,0.0
215,79,215.0,89.0,0.0,1013.0,0.0
215,79,216.0,85.0,0.0,1022.0,0.0
215,79,217.0,81.0,0.0,1026.0,0.0
215,79,218.0,76.0,0.0,1030.0,0.0
215,79,219.0,72.0,0.0,1035.0,0.0
215,79,220.0,69.0,0.0,1039.0,0.0
215,79,221.0,62.0,0.0,1042.0,0.0
215,79,222.0,57.0,0.0,1049.0,0.0
215,79,223.0,52.0,0.0,1054.0,0.0
215,79,224.0,46.0,0.0,1059.0,0.0
215,79,225.0,42.0,0.0,1065.0,0.0
215,79,226.0,39.0,0.0,1069.0,0.0
215,79,227.0,37.0,0.0,1072.0,0.0
215,79,228.0,33.0,0.0,1074.0,0.0
215,79,229.0,30.0,0.0,1078.0,0.0
215,79,230.0,27.0,0.0,1081.0,0.0
215,79,231.0,26.0,0.0,1084.0,0.0
215,79,232.0,26.0,0.0,1085.0,0.0
215,79,233.0,25.0,0.0,1085.0,0.0
215,79,234.0,24.0,0.0,1086.0,0.0
215,79,235.0,23.0,0.0,1087.0,0.0
215,79,236.0,20.0,0.0,1088.0,0.0
215,79,237.0,19.0,0.0,1091.0,0.0
215,79,238.0,17.0,0.0,1092.0,0.0
215,79,239.0,16.0,0.0,1094.0,0.0
215,79,240.0,14.0,0.0,1095.0,0.0
215,79,241.0,13.0,0.0,1097.0,0.0
215,79,242.0,13.0,0.0,1098.0,0.0
215,79,243.0,12.0,0.0,1098.0,0.0
215,79,244.0,11.0,0.0,1099.0,0.0
215,79,245.0,9.0,0.0,1100.0,0.0
215,79,246.0,9.0,0.0,1102.0,0.0
215,79,247.0,9.0,0.0,1102.0,0.0
215,79,248.0,9.0,0.0,1102.0,0.0
215,79,249.0,8.0,0.0,1102.0,0.0
215,79,250.0,6.0,0.0,1103.0,0.0
215,79,251.0,5.0,0.0,1105.0,0.0
215,79,252.0,5.0,0.0,1106.0,0.0
215,79,253.0,5.0,0.0,1106.0,0.0
215,79,254.0,5.0,0.0,1106.0,0.0
215,79,255.0,3.0,0.0,1106.0,0.0
215,79,256.0,3.0,0.0,1108.0,0.0
215,79,257.0,2.0,0.0,1108.0,0.0
215,79,258.0,2.0,0.0,1109.0,0.0
215,79,259.0,2.0,0.0,1109.0,0.0
215,79,260.0,2.0,0.0,1109.0,0.0
215,79,261.0,2.0,0.0,1109.0,0.0
215,79,262.0,2.0,0.0,1109.0,0.0
215,79,263.0,2.0,0.0,1109.0,0.0
215,79,264.0,2.0,0.0,1109.0,0.0
215,79,265.0,2.0,0.0,1109.0,0.0
215,79,266.0,2.0,0.0,1109.0,0.0
215,79,267.0,2.0,0.0,1109.0,0.0
215,79,268.0,0.0,0.0,1109.0,0.0
215,79,269.0,0.0,0.0,1111.0,0.0
215,80,0.0,3.0,0.0,0.0,0.0
215,80,1.0,7.0,0.0,0.0,0.0
215,80,2.0,11.0,0.0,0.0,0.0
215,80,3.0,16.0,0.0,0.0,0.0
215,80,4.0,21.0,0.0,0.0,0.0
215,80,5.0,27.0,0.0,0.0,0.0
215,80,6.0,33.0,0.0,0.0,0.0
215,80,7.0,38.0,0.0,0.0,0.0
215,80,8.0,42.0,0.0,0.0,0.0
215,80,9.0,48.0,0.0,0.0,0.0
215,80,10.0,53.0,0.0,0.0,0.0
215,80,11.0,58.0,0.0,0.0,0.0
215,80,12.0,62.0,0.0,0.0,0.0
215,80,13.0,68.0,0.0,0.0,0.0
215,80,14.0,71.0,0.0,0.0,0.0
215,80,15.0,74.0,0.0,0.0,0.0
215,80,16.0,80.0,0.0,1.0,0.0
215,80,17.0,87.0,0.0,1.0,0.0
215,80,18.0,92.0,0.0,1.0,0.0
215,80,19.0,98.0,0.0,2.0,0.0
215,80,20.0,100.0,0.0,2.0,0.0
215,80,21.0,104.0,0.0,3.0,0.0
215,80,22.0,108.0,0.0,4.0,0.0
215,80,23.0,113.0,0.0,5.0,0.0
215,80,24.0,113.0,0.0,5.0,0.0
215,80,25.0,114.0,0.0,7.0,0.0
215,80,26.0,122.0,0.0,9.0,0.0
215,80,27.0,121.0,0.0,10.0,0.0
215,80,28.0,125.0,0.0,15.0,0.0
215,80,29.0,127.0,0.0,19.0,0.0
215,80,30.0,130.0,0.0,21.0,0.0
215,80,31.0,129.0,0.0,22.0,0.0
215,80,32.0,131.0,0.0,28.0,0.0
215,80,33.0,130.0,0.0,33.0,0.0
215,80,34.0,133.0,0.0,40.0,0.0
215,80,35.0,135.0,0.0,43.0,0.0
215,80,36.0,131.0,0.0,46.0,0.0
215,80,37.0,131.0,0.0,52.0,0.0
215,80,38.0,136.0,0.0,55.0,0.0
215,80,39.0,144.0,0.0,56.0,0.0
215,80,40.0,146.0,0.0,59.0,0.0
215,80,41.0,145.0,0.0,61.0,0.0
215,80,42.0,150.0,0.0,65.0,0.0
215,80,43.0,151.0,0.0,69.0,0.0
215,80,44.0,152.0,0.0,74.0,0.0
215,80,45.0,153.0,0.0,79.0,0.0
215,80,46.0,151.0,0.0,83.0,0.0
215,80,47.0,155.0,0.0,90.0,0.0
215,80,48.0,153.0,0.0,92.0,0.0
215,80,49.0,152.0,0.0,100.0,0.0
215,80,50.0,152.0,0.0,106.0,0.0
215,80,51.0,155.0,0.0,112.0,0.0
215,80,52.0,156.0,0.0,114.0,0.0
215,80,53.0,160.0,0.0,119.0,0.0
215,80,54.0,162.0,0.0,125.0,0.0
215,80,55.0,159.0,0.0,128.0,0.0
215,80,56.0,160.0,0.0,134.0,0.0
215,80,57.0,162.0,0.0,138.0,0.0
215,80,58.0,161.0,0.0,143.0,0.0
215,80,59.0,159.0,0.0,148.0,0.0
215,80,60.0,155.0,0.0,156.0,0.0
215,80,61.0,153.0,0.0,165.0,0.0
215,80,62.0,156.0,0.0,169.0,0.0
215,80,63.0,154.0,0.0,178.0,0.0
215,80,64.0,157.0,0.0,181.0,0.0
215,80,65.0,155.0,0.0,183.0,0.0
215,80,66.0,157.0,0.0,191.0,0.0
215,80,67.0,161.0,0.0,195.0,0.0
215,80,68.0,159.0,0.0,196.0,0.0
215,80,69.0,159.0,0.0,200.0,0.0
215,80,70.0,160.0,0.0,205.0,0.0
215,80,71.0,163.0,0.0,208.0,0.0
215,80,72.0,167.0,0.0,210.0,0.0
215,80,73.0,163.0,0.0,214.0,0.0
215,80,74.0,163.0,0.0,222.0,0.0
215,80,75.0,162.0,0.0,229.0,0.0
215,80,76.0,162.0,0.0,233.0,0.0
215,80,77.0,165.0,0.0,239.0,0.0
215,80,78.0,165.0,0.0,241.0,0.0
215,80,79.0,160.0,0.0,246.0,0.0
215,80,80.0,159.0,0.0,255.0,0.0
215,80,81.0,161.0,0.0,262.0,0.0
215,80,82.0,158.0,0.0,263.0,0.0
215,80,83.0,159.0,0.0,271.0,0.0
215,80,84.0,159.0,0.0,275.0,0.0
215,80,85.0,158.0,0.0,283.0,0.0
215,80,86.0,162.0,0.0,289.0,0.0
215,80,87.0,167.0,0.0,291.0,0.0
215,80,88.0,165.0,0.0,295.0,0.0
215,80,89.0,167.0,0.0,300.0,0.0
215,80,90.0,170.0,0.0,303.0,0.0
215,80,91.0,166.0,0.0,309.0,0.0
215,80,92.0,168.0,0.0,317.0,0.0
215,80,93.0,170.0,0.0,321.0,0.0
215,80,94.0,171.0,0.0,327.0,0.0
215,80,95.0,177.0,0.0,330.0,0.0
215,80,96.0,178.0,0.0,333.0,0.0
215,80,97.0,173.0,0.0,337.0,0.0
215,80,98.0,174.0,0.0,345.0,0.0
215,80,99.0,177.0,0.0,353.0,0.0
215,80,100.0,176.0,0.0,357.0,0.0
215,80,101.0,174.0,0.0,362.0,0.0
215,80,102.0,173.0,0.0,369.0,0.0
215,80,103.0,177.0,0.0,373.0,0.0
215,80,104.0,178.0,0.0,376.0,0.0
215,80,105.0,178.0,0.0,381.0,0.0
215,80,106.0,177.0,0.0,388.0,0.0
215,80,107.0,179.0,0.0,394.0,0.0
215,80,108.0,178.0,0.0,400.0,0.0
215,80,109.0,175.0,0.0,406.0,0.0
215,80,110.0,173.0,0.0,413.0,0.0
215,80,111.0,173.0,0.0,419.0,0.0
215,80,112.0,172.0,0.0,427.0,0.0
215,80,113.0,170.0,0.0,432.0,0.0
215,80,114.0,170.0,0.0,438.0,0.0
215,80,115.0,171.0,0.0,443.0,0.0
215,80,116.0,176.0,0.0,448.0,0.0
215,80,117.0,176.0,0.0,452.0,0.0
215,80,118.0,176.0,0.0,456.0,0.0
215,80,119.0,175.0,0.0,463.0,0.0
215,80,120.0,183.0,0.0,471.0,0.0
215,80,121.0,180.0,0.0,473.0,0.0
215,80,122.0,180.0,0.0,480.0,0.0
215,80,123.0,182.0,0.0,485.0,0.0
215,80,124.0,182.0,0.0,488.0,0.0
215,80,125.0,175.0,0.0,492.0,0.0
215,80,126.0,175.0,0.0,501.0,0.0
215,80,127.0,179.0,0.0,508.0,0.0
215,80,128.0,183.0,0.0,509.0,0.0
215,80,129.0,180.0,0.0,514.0,0.0
215,80,130.0,188.0,0.0,520.0,0.0
215,80,131.0,186.0,0.0,523.0,0.0
215,80,132.0,182.0,0.0,531.0,0.0
215,80,133.0,181.0,0.0,540.0,0.0
215,80,134.0,186.0,0.0,549.0,0.0
215,80,135.0,187.0,0.0,552.0,0.0
215,80,136.0,187.0,0.0,559.0,0.0
215,80,137.0,187.0,0.0,564.0,0.0
215,80,138.0,184.0,0.0,569.0,0.0
215,80,139.0,182.0,0.0,578.0,0.0
215,80,140.0,183.0,0.0,585.0,0.0
215,80,141.0,180.0,0.0,589.0,0.0
215,80,142.0,184.0,0.0,599.0,0.0
215,80,143.0,189.0,0.0,605.0,0.0
215,80,144.0,185.0,0.0,609.0,0.0
215,80,145.0,181.0,0.0,617.0,0.0
215,80,146.0,184.0,0.0,625.0,0.0
215,80,147.0,179.0,0.0,627.0,0.0
215,80,148.0,177.0,0.0,634.0,0.0
215,80,149.0,176.0,0.0,641.0,0.0
215,80,150.0,177.0,0.0,648.0,0.0
215,80,151.0,178.0,0.0,654.0,0.0
215,80,152.0,182.0,0.0,659.0,0.0
215,80,153.0,183.0,0.0,662.0,0.0
215,80,154.0,186.0,0.0,668.0,0.0
215,80,155.0,182.0,0.0,673.0,0.0
215,80,156.0,182.0,0.0,681.0,0.0
215,80,157.0,182.0,0.0,686.0,0.0
215,80,158.0,182.0,0.0,691.0,0.0
215,80,159.0,182.0,0.0,696.0,0.0
215,80,160.0,184.0,0.0,701.0,0.0
215,80,161.0,179.0,0.0,706.0,0.0
215,80,162.0,177.0,0.0,715.0,0.0
215,80,163.0,175.0,0.0,724.0,0.0
215,80,164.0,175.0,0.0,730.0,0.0
215,80,165.0,177.0,0.0,737.0,0.0
215,80,166.0,180.0,0.0,743.0,0.0
215,80,167.0,181.0,0.0,748.0,0.0
215,80,168.0,180.0,0.0,754.0,0.0
215,80,169.0,179.0,0.0,761.0,0.0
215,80,170.0,179.0,0.0,766.0,0.0
215,80,171.0,177.0,0.0,770.0,0.0
215,80,172.0,181.0,0.0,776.0,0.0
215,80,173.0,180.0,0.0,781.0,0.0
215,80,174.0,180.0,0.0,786.0,0.0
215,80,175.0,183.0,0.0,792.0,0.0
215,80,176.0,181.0,0.0,798.0,0.0
215,80,177.0,179.0,0.0,804.0,0.0
215,80,178.0,178.0,0.0,809.0,0.0
215,80,179.0,177.0,0.0,814.0,0.0
215,80,180.0,174.0,0.0,822.0,0.0
215,80,181.0,169.0,0.0,830.0,0.0
215,80,182.0,167.0,0.0,838.0,0.0
215,80,183.0,166.0,0.0,845.0,0.0
215,80,184.0,170.0,0.0,853.0,0.0
215,80,185.0,167.0,0.0,855.0,0.0
215,80,186.0,168.0,0.0,862.0,0.0
215,80,187.0,170.0,0.0,866.0,0.0
215,80,188.0,178.0,0.0,868.0,0.0
215,80,189.0,181.0,0.0,870.0,0.0
215,80,190.0,181.0,0.0,875.0,0.0
215,80,191.0,181.0,0.0,883.0,0.0
215,80,192.0,182.0,0.0,889.0,0.0
215,80,193.0,179.0,0.0,892.0,0.0
215,80,194.0,179.0,0.0,899.0,0.0
215,80,195.0,180.0,0.0,905.0,0.0
215,80,196.0,178.0,0.0,911.0,0.0
215,80,197.0,172.0,0.0,916.0,0.0
215,80,198.0,171.0,0.0,923.0,0.0
215,80,199.0,171.0,0.0,929.0,0.0
215,80,200.0,178.0,0.0,934.0,0.0
215,80,201.0,170.0,0.0,936.0,0.0
215,80,202.0,163.0,0.0,944.0,0.0
215,80,203.0,158.0,0.0,951.0,0.0
215,80,204.0,151.0,0.0,956.0,0.0
215,80,205.0,150.0,0.0,963.0,0.0
215,80,206.0,141.0,0.0,964.0,0.0
215,80,207.0,137.0,0.0,973.0,0.0
215,80,208.0,133.0,0.0,977.0,0.0
215,80,209.0,124.0,0.0,981.0,0.0
215,80,210.0,121.0,0.0,990.0,0.0
215,80,211.0,119.0,0.0,993.0,0.0
215,80,212.0,116.0,0.0,995.0,0.0
215,80,213.0,110.0,0.0,998.0,0.0
215,80,214.0,104.0,0.0,1004.0,0.0
215,80,215.0,100.0,0.0,1010.0,0.0
215,80,216.0,93.0,0.0,1014.0,0.0
215,80,217.0,82.0,0.0,1021.0,0.0
215,80,218.0,76.0,0.0,1032.0,0.0
215,80,219.0,67.0,0.0,1038.0,0.0
215,80,220.0,63.0,0.0,1047.0,0.0
215,80,221.0,55.0,0.0,1051.0,0.0
215,80,222.0,50.0,0.0,1059.0,0.0
215,80,223.0,43.0,0.0,1064.0,0.0
215,80,224.0,39.0,0.0,1071.0,0.0
215,80,225.0,39.0,0.0,1075.0,0.0
215,80,226.0,34.0,0.0,1075.0,0.0
215,80,227.0,33.0,0.0,1080.0,0.0
215,80,228.0,31.0,0.0,1081.0,0.0
215,80,229.0,26.0,0.0,1083.0,0.0
215,80,230.0,23.0,0.0,1088.0,0.0
215,80,231.0,23.0,0.0,1091.0,0.0
215,80,232.0,20.0,0.0,1091.0,0.0
215,80,233.0,19.0,0.0,1094.0,0.0
215,80,234.0,19.0,0.0,1095.0,0.0
215,80,235.0,19.0,0.0,1095.0,0.0
215,80,236.0,18.0,0.0,1095.0,0.0
215,80,237.0,17.0,0.0,1096.0,0.0
215,80,238.0,17.0,0.0,1097.0,0.0
215,80,239.0,16.0,0.0,1097.0,0.0
215,80,240.0,16.0,0.0,1098.0,0.0
215,80,241.0,16.0,0.0,1098.0,0.0
215,80,242.0,13.0,0.0,1098.0,0.0
215,80,243.0,12.0,0.0,1101.0,0.0
215,80,244.0,12.0,0.0,1102.0,0.0
215,80,245.0,11.0,0.0,1102.0,0.0
215,80,246.0,11.0,0.0,1103.0,0.0
215,80,247.0,10.0,0.0,1103.0,0.0
215,80,248.0,9.0,0.0,1104.0,0.0
215,80,249.0,7.0,0.0,1105.0,0.0
215,80,250.0,7.0,0.0,1107.0,0.0
215,80,251.0,5.0,0.0,1107.0,0.0
215,80,252.0,5.0,0.0,1109.0,0.0
215,80,253.0,4.0,0.0,1109.0,0.0
215,80,254.0,4.0,0.0,1110.0,0.0
215,80,255.0,4.0,0.0,1110.0,0.0
215,80,256.0,3.0,0.0,1110.0,0.0
215,80,257.0,2.0,0.0,1111.0,0.0
215,80,258.0,2.0,0.0,1112.0,0.0
215,80,259.0,2.0,0.0,1112.0,0.0
215,80,260.0,1.0,0.0,1112.0,0.0
215,80,261.0,1.0,0.0,1113.0,0.0
215,80,262.0,1.0,0.0,1113.0,0.0
215,80,263.0,1.0,0.0,1113.0,0.0
215,80,264.0,1.0,0.0,1113.0,0.0
215,80,265.0,1.0,0.0,1113.0,0.0
215,80,266.0,0.0,0.0,1113.0,0.0
215,80,267.0,0.0,0.0,1114.0,0.0
215,81,0.0,5.0,0.0,0.0,0.0
215,81,1.0,11.0,0.0,0.0,0.0
215,81,2.0,15.0,0.0,0.0,0.0
215,81,3.0,20.0,0.0,0.0,0.0
215,81,4.0,25.0,0.0,0.0,0.0
215,81,5.0,31.0,0.0,0.0,0.0
215,81,6.0,39.0,0.0,0.0,0.0
215,81,7.0,44.0,0.0,0.0,0.0
215,81,8.0,47.0,0.0,0.0,0.0
215,81,9.0,56.0,0.0,0.0,0.0
215,81,10.0,66.0,0.0,0.0,0.0
215,81,11.0,71.0,0.0,0.0,0.0
215,81,12.0,76.0,0.0,0.0,0.0
215,81,13.0,79.0,0.0,0.0,0.0
215,81,14.0,86.0,0.0,0.0,0.0
215,81,15.0,92.0,0.0,0.0,0.0
215,81,16.0,98.0,0.0,0.0,0.0
215,81,17.0,102.0,0.0,0.0,0.0
215,81,18.0,106.0,0.0,0.0,0.0
215,81,19.0,111.0,0.0,0.0,0.0
215,81,20.0,115.0,0.0,1.0,0.0
215,81,21.0,117.0,0.0,5.0,0.0
215,81,22.0,119.0,0.0,6.0,0.0
215,81,23.0,125.0,0.0,6.0,0.0
215,81,24.0,128.0,0.0,7.0,0.0
215,81,25.0,132.0,0.0,9.0,0.0
215,81,26.0,135.0,0.0,11.0,0.0
215,81,27.0,139.0,0.0,13.0,0.0
215,81,28.0,141.0,0.0,14.0,0.0
215,81,29.0,145.0,0.0,20.0,0.0
215,81,30.0,145.0,0.0,23.0,0.0
215,81,31.0,147.0,0.0,26.0,0.0
215,81,32.0,147.0,0.0,31.0,0.0
215,81,33.0,151.0,0.0,38.0,0.0
215,81,34.0,152.0,0.0,40.0,0.0
215,81,35.0,148.0,0.0,47.0,0.0
215,81,36.0,143.0,0.0,53.0,0.0
215,81,37.0,143.0,0.0,62.0,0.0
215,81,38.0,149.0,0.0,67.0,0.0
215,81,39.0,149.0,0.0,71.0,0.0
215,81,40.0,154.0,0.0,74.0,0.0
215,81,41.0,153.0,0.0,79.0,0.0
215,81,42.0,157.0,0.0,82.0,0.0
215,81,43.0,158.0,0.0,84.0,0.0
215,81,44.0,160.0,0.0,90.0,0.0
215,81,45.0,164.0,0.0,93.0,0.0
215,81,46.0,171.0,0.0,98.0,0.0
215,81,47.0,171.0,0.0,103.0,0.0
215,81,48.0,171.0,0.0,107.0,0.0
215,81,49.0,174.0,0.0,113.0,0.0
215,81,50.0,175.0,0.0,118.0,0.0
215,81,51.0,177.0,0.0,123.0,0.0
215,81,52.0,180.0,0.0,126.0,0.0
215,81,53.0,181.0,0.0,131.0,0.0
215,81,54.0,175.0,0.0,135.0,0.0
215,81,55.0,181.0,0.0,144.0,0.0
215,81,56.0,183.0,0.0,147.0,0.0
215,81,57.0,179.0,0.0,151.0,0.0
215,81,58.0,178.0,0.0,156.0,0.0
215,81,59.0,178.0,0.0,164.0,0.0
215,81,60.0,178.0,0.0,169.0,0.0
215,81,61.0,177.0,0.0,174.0,0.0
215,81,62.0,174.0,0.0,181.0,0.0
215,81,63.0,176.0,0.0,187.0,0.0
215,81,64.0,173.0,0.0,192.0,0.0
215,81,65.0,171.0,0.0,202.0,0.0
215,81,66.0,173.0,0.0,208.0,0.0
215,81,67.0,172.0,0.0,211.0,0.0
215,81,68.0,174.0,0.0,216.0,0.0
215,81,69.0,167.0,0.0,220.0,0.0
215,81,70.0,168.0,0.0,230.0,0.0
215,81,71.0,171.0,0.0,236.0,0.0
215,81,72.0,173.0,0.0,240.0,0.0
215,81,73.0,174.0,0.0,244.0,0.0
215,81,74.0,176.0,0.0,249.0,0.0
215,81,75.0,177.0,0.0,255.0,0.0
215,81,76.0,176.0,0.0,260.0,0.0
215,81,77.0,175.0,0.0,264.0,0.0
215,81,78.0,169.0,0.0,269.0,0.0
215,81,79.0,166.0,0.0,277.0,0.0
215,81,80.0,163.0,0.0,284.0,0.0
215,81,81.0,164.0,0.0,293.0,0.0
215,81,82.0,162.0,0.0,297.0,0.0
215,81,83.0,166.0,0.0,301.0,0.0
215,81,84.0,162.0,0.0,304.0,0.0
215,81,85.0,161.0,0.0,312.0,0.0
215,81,86.0,162.0,0.0,316.0,0.0
215,81,87.0,159.0,0.0,325.0,0.0
215,81,88.0,162.0,0.0,332.0,0.0
215,81,89.0,161.0,0.0,337.0,0.0
215,81,90.0,161.0,0.0,342.0,0.0
215,81,91.0,162.0,0.0,348.0,0.0
215,81,92.0,158.0,0.0,352.0,0.0
215,81,93.0,158.0,0.0,358.0,0.0
215,81,94.0,158.0,0.0,364.0,0.0
215,81,95.0,157.0,0.0,368.0,0.0
215,81,96.0,159.0,0.0,373.0,0.0
215,81,97.0,157.0,0.0,376.0,0.0
215,81,98.0,155.0,0.0,381.0,0.0
215,81,99.0,154.0,0.0,387.0,0.0
215,81,100.0,156.0,0.0,391.0,0.0
215,81,101.0,155.0,0.0,396.0,0.0
215,81,102.0,153.0,0.0,402.0,0.0
215,81,103.0,157.0,0.0,408.0,0.0
215,81,104.0,156.0,0.0,410.0,0.0
215,81,105.0,154.0,0.0,417.0,0.0
215,81,106.0,155.0,0.0,423.0,0.0
215,81,107.0,152.0,0.0,428.0,0.0
215,81,108.0,158.0,0.0,435.0,0.0
215,81,109.0,159.0,0.0,438.0,0.0
215,81,110.0,158.0,0.0,443.0,0.0
215,81,111.0,154.0,0.0,448.0,0.0
215,81,112.0,154.0,0.0,456.0,0.0
215,81,113.0,150.0,0.0,459.0,0.0
215,81,114.0,154.0,0.0,467.0,0.0
215,81,115.0,157.0,0.0,472.0,0.0
215,81,116.0,157.0,0.0,475.0,0.0
215,81,117.0,159.0,0.0,483.0,0.0
215,81,118.0,160.0,0.0,486.0,0.0
215,81,119.0,164.0,0.0,492.0,0.0
215,81,120.0,162.0,0.0,494.0,0.0
215,81,121.0,161.0,0.0,500.0,0.0
215,81,122.0,159.0,0.0,506.0,0.0
215,81,123.0,159.0,0.0,513.0,0.0
215,81,124.0,161.0,0.0,519.0,0.0
215,81,125.0,165.0,0.0,523.0,0.0
215,81,126.0,162.0,0.0,527.0,0.0
215,81,127.0,158.0,0.0,533.0,0.0
215,81,128.0,157.0,0.0,542.0,0.0
215,81,129.0,157.0,0.0,547.0,0.0
215,81,130.0,155.0,0.0,550.0,0.0
215,81,131.0,158.0,0.0,556.0,0.0
215,81,132.0,161.0,0.0,560.0,0.0
215,81,133.0,160.0,0.0,564.0,0.0
215,81,134.0,161.0,0.0,569.0,0.0
215,81,135.0,162.0,0.0,574.0,0.0
215,81,136.0,162.0,0.0,579.0,0.0
215,81,137.0,166.0,0.0,586.0,0.0
215,81,138.0,168.0,0.0,588.0,0.0
215,81,139.0,167.0,0.0,592.0,0.0
215,81,140.0,163.0,0.0,596.0,0.0
215,81,141.0,162.0,0.0,606.0,0.0
215,81,142.0,163.0,0.0,612.0,0.0
215,81,143.0,165.0,0.0,615.0,0.0
215,81,144.0,164.0,0.0,618.0,0.0
215,81,145.0,166.0,0.0,623.0,0.0
215,81,146.0,170.0,0.0,630.0,0.0
215,81,147.0,172.0,0.0,634.0,0.0
215,81,148.0,170.0,0.0,640.0,0.0
215,81,149.0,170.0,0.0,648.0,0.0
215,81,150.0,167.0,0.0,654.0,0.0
215,81,151.0,172.0,0.0,659.0,0.0
215,81,152.0,175.0,0.0,664.0,0.0
215,81,153.0,176.0,0.0,668.0,0.0
215,81,154.0,176.0,0.0,672.0,0.0
215,81,155.0,175.0,0.0,676.0,0.0
215,81,156.0,172.0,0.0,681.0,0.0
215,81,157.0,171.0,0.0,690.0,0.0
215,81,158.0,171.0,0.0,695.0,0.0
215,81,159.0,175.0,0.0,699.0,0.0
215,81,160.0,173.0,0.0,702.0,0.0
215,81,161.0,179.0,0.0,707.0,0.0
215,81,162.0,178.0,0.0,709.0,0.0
215,81,163.0,173.0,0.0,716.0,0.0
215,81,164.0,172.0,0.0,725.0,0.0
215,81,165.0,174.0,0.0,729.0,0.0
215,81,166.0,171.0,0.0,733.0,0.0
215,81,167.0,168.0,0.0,740.0,0.0
215,81,168.0,169.0,0.0,747.0,0.0
215,81,169.0,165.0,0.0,751.0,0.0
215,81,170.0,162.0,0.0,759.0,0.0
215,81,171.0,166.0,0.0,766.0,0.0
215,81,172.0,168.0,0.0,769.0,0.0
215,81,173.0,169.0,0.0,775.0,0.0
215,81,174.0,172.0,0.0,782.0,0.0
215,81,175.0,171.0,0.0,786.0,0.0
215,81,176.0,173.0,0.0,791.0,0.0
215,81,177.0,170.0,0.0,797.0,0.0
215,81,178.0,173.0,0.0,803.0,0.0
215,81,179.0,166.0,0.0,810.0,0.0
215,81,180.0,166.0,0.0,820.0,0.0
215,81,181.0,162.0,0.0,824.0,0.0
215,81,182.0,164.0,0.0,833.0,0.0
215,81,183.0,167.0,0.0,837.0,0.0
215,81,184.0,166.0,0.0,840.0,0.0
215,81,185.0,167.0,0.0,847.0,0.0
215,81,186.0,166.0,0.0,853.0,0.0
215,81,187.0,163.0,0.0,859.0,0.0
215,81,188.0,159.0,0.0,866.0,0.0
215,81,189.0,165.0,0.0,872.0,0.0
215,81,190.0,165.0,0.0,874.0,0.0
215,81,191.0,161.0,0.0,877.0,0.0
215,81,192.0,162.0,0.0,882.0,0.0
215,81,193.0,165.0,0.0,889.0,0.0
215,81,194.0,167.0,0.0,892.0,0.0
215,81,195.0,165.0,0.0,898.0,0.0
215,81,196.0,164.0,0.0,904.0,0.0
215,81,197.0,166.0,0.0,910.0,0.0
215,81,198.0,167.0,0.0,916.0,0.0
215,81,199.0,172.0,0.0,919.0,0.0
215,81,200.0,173.0,0.0,922.0,0.0
215,81,201.0,167.0,0.0,926.0,0.0
215,81,202.0,162.0,0.0,932.0,0.0
215,81,203.0,154.0,0.0,937.0,0.0
215,81,204.0,148.0,0.0,945.0,0.0
215,81,205.0,143.0,0.0,951.0,0.0
215,81,206.0,138.0,0.0,956.0,0.0
215,81,207.0,136.0,0.0,961.0,0.0
215,81,208.0,131.0,0.0,963.0,0.0
215,81,209.0,124.0,0.0,968.0,0.0
215,81,210.0,118.0,0.0,975.0,0.0
215,81,211.0,115.0,0.0,981.0,0.0
215,81,212.0,112.0,0.0,984.0,0.0
215,81,213.0,107.0,0.0,987.0,0.0
215,81,214.0,101.0,0.0,992.0,0.0
215,81,215.0,97.0,0.0,998.0,0.0
215,81,216.0,90.0,0.0,1002.0,0.0
215,81,217.0,82.0,0.0,1009.0,0.0
215,81,218.0,73.0,0.0,1017.0,0.0
215,81,219.0,69.0,0.0,1026.0,0.0
215,81,220.0,67.0,0.0,1030.0,0.0
215,81,221.0,65.0,0.0,1032.0,0.0
215,81,222.0,63.0,0.0,1034.0,0.0
215,81,223.0,59.0,0.0,1036.0,0.0
215,81,224.0,55.0,0.0,1040.0,0.0
215,81,225.0,53.0,0.0,1044.0,0.0
215,81,226.0,50.0,0.0,1046.0,0.0
215,81,227.0,50.0,0.0,1049.0,0.0
215,81,228.0,48.0,0.0,1049.0,0.0
215,81,229.0,46.0,0.0,1051.0,0.0
215,81,230.0,43.0,0.0,1053.0,0.0
215,81,231.0,39.0,0.0,1056.0,0.0
215,81,232.0,38.0,0.0,1060.0,0.0
215,81,233.0,36.0,0.0,1061.0,0.0
215,81,234.0,35.0,0.0,1063.0,0.0
215,81,235.0,34.0,0.0,1064.0,0.0
215,81,236.0,32.0,0.0,1065.0,0.0
215,81,237.0,31.0,0.0,1067.0,0.0
215,81,238.0,30.0,0.0,1068.0,0.0
215,81,239.0,29.0,0.0,1069.0,0.0
215,81,240.0,28.0,0.0,1070.0,0.0
215,81,241.0,27.0,0.0,1071.0,0.0
215,81,242.0,26.0,0.0,1072.0,0.0
215,81,243.0,24.0,0.0,1073.0,0.0
215,81,244.0,22.0,0.0,1075.0,0.0
215,81,245.0,21.0,0.0,1077.0,0.0
215,81,246.0,17.0,0.0,1078.0,0.0
215,81,247.0,16.0,0.0,1082.0,0.0
215,81,248.0,15.0,0.0,1083.0,0.0
215,81,249.0,15.0,0.0,1084.0,0.0
215,81,250.0,14.0,0.0,1084.0,0.0
215,81,251.0,14.0,0.0,1085.0,0.0
215,81,252.0,13.0,0.0,1085.0,0.0
215,81,253.0,13.0,0.0,1086.0,0.0
215,81,254.0,11.0,0.0,1086.0,0.0
215,81,255.0,11.0,0.0,1088.0,0.0
215,81,256.0,9.0,0.0,1088.0,0.0
215,81,257.0,9.0,0.0,1090.0,0.0
215,81,258.0,8.0,0.0,1090.0,0.0
215,81,259.0,7.0,0.0,1091.0,0.0
215,81,260.0,7.0,0.0,1092.0,0.0
215,81,261.0,6.0,0.0,1092.0,0.0
215,81,262.0,3.0,0.0,1093.0,0.0
215,81,263.0,3.0,0.0,1096.0,0.0
215,81,264.0,2.0,0.0,1096.0,0.0
215,81,265.0,2.0,0.0,1097.0,0.0
215,81,266.0,1.0,0.0,1097.0,0.0
215,81,267.0,1.0,0.0,1098.0,0.0
215,81,268.0,1.0,0.0,1098.0,0.0
215,81,269.0,0.0,0.0,1098.0,0.0
215,81,270.0,0.0,0.0,1099.0,0.0
215,82,0.0,6.0,0.0,0.0,0.0
215,82,1.0,12.0,0.0,0.0,0.0
215,82,2.0,14.0,0.0,0.0,0.0
215,82,3.0,18.0,0.0,0.0,0.0
215,82,4.0,29.0,0.0,0.0,0.0
215,82,5.0,32.0,0.0,0.0,0.0
215,82,6.0,35.0,0.0,0.0,0.0
215,82,7.0,44.0,0.0,0.0,0.0
215,82,8.0,51.0,0.0,0.0,0.0
215,82,9.0,56.0,0.0,0.0,0.0
215,82,10.0,61.0,0.0,0.0,0.0
215,82,11.0,67.0,0.0,0.0,0.0
215,82,12.0,69.0,0.0,0.0,0.0
215,82,13.0,73.0,0.0,0.0,0.0
215,82,14.0,79.0,0.0,0.0,0.0
215,82,15.0,85.0,0.0,0.0,0.0
215,82,16.0,91.0,0.0,0.0,0.0
215,82,17.0,95.0,0.0,0.0,0.0
215,82,18.0,100.0,0.0,1.0,0.0
215,82,19.0,103.0,0.0,1.0,0.0
215,82,20.0,106.0,0.0,1.0,0.0
215,82,21.0,110.0,0.0,2.0,0.0
215,82,22.0,115.0,0.0,5.0,0.0
215,82,23.0,118.0,0.0,5.0,0.0
215,82,24.0,119.0,0.0,8.0,0.0
215,82,25.0,124.0,0.0,10.0,0.0
215,82,26.0,128.0,0.0,11.0,0.0
215,82,27.0,127.0,0.0,13.0,0.0
215,82,28.0,128.0,0.0,17.0,0.0
215,82,29.0,123.0,0.0,22.0,0.0
215,82,30.0,126.0,0.0,29.0,0.0
215,82,31.0,131.0,0.0,34.0,0.0
215,82,32.0,130.0,0.0,36.0,0.0
215,82,33.0,130.0,0.0,41.0,0.0
215,82,34.0,133.0,0.0,44.0,0.0
215,82,35.0,137.0,0.0,48.0,0.0
215,82,36.0,137.0,0.0,51.0,0.0
215,82,37.0,139.0,0.0,56.0,0.0
215,82,38.0,138.0,0.0,58.0,0.0
215,82,39.0,137.0,0.0,65.0,0.0
215,82,40.0,142.0,0.0,70.0,0.0
215,82,41.0,144.0,0.0,74.0,0.0
215,82,42.0,141.0,0.0,78.0,0.0
215,82,43.0,140.0,0.0,85.0,0.0
215,82,44.0,143.0,0.0,88.0,0.0
215,82,45.0,142.0,0.0,92.0,0.0
215,82,46.0,146.0,0.0,97.0,0.0
215,82,47.0,150.0,0.0,100.0,0.0
215,82,48.0,154.0,0.0,102.0,0.0
215,82,49.0,153.0,0.0,104.0,0.0
215,82,50.0,152.0,0.0,110.0,0.0
215,82,51.0,157.0,0.0,113.0,0.0
215,82,52.0,156.0,0.0,114.0,0.0
215,82,53.0,155.0,0.0,120.0,0.0
215,82,54.0,157.0,0.0,124.0,0.0
215,82,55.0,157.0,0.0,128.0,0.0
215,82,56.0,160.0,0.0,133.0,0.0
215,82,57.0,160.0,0.0,137.0,0.0
215,82,58.0,163.0,0.0,142.0,0.0
215,82,59.0,166.0,0.0,144.0,0.0
215,82,60.0,169.0,0.0,147.0,0.0
215,82,61.0,167.0,0.0,150.0,0.0
215,82,62.0,166.0,0.0,157.0,0.0
215,82,63.0,166.0,0.0,161.0,0.0
215,82,64.0,165.0,0.0,169.0,0.0
215,82,65.0,161.0,0.0,175.0,0.0
215,82,66.0,162.0,0.0,183.0,0.0
215,82,67.0,165.0,0.0,188.0,0.0
215,82,68.0,159.0,0.0,192.0,0.0
215,82,69.0,158.0,0.0,201.0,0.0
215,82,70.0,160.0,0.0,207.0,0.0
215,82,71.0,162.0,0.0,209.0,0.0
215,82,72.0,167.0,0.0,214.0,0.0
215,82,73.0,162.0,0.0,217.0,0.0
215,82,74.0,164.0,0.0,227.0,0.0
215,82,75.0,165.0,0.0,232.0,0.0
215,82,76.0,163.0,0.0,236.0,0.0
215,82,77.0,162.0,0.0,243.0,0.0
215,82,78.0,164.0,0.0,250.0,0.0
215,82,79.0,166.0,0.0,256.0,0.0
215,82,80.0,172.0,0.0,258.0,0.0
215,82,81.0,170.0,0.0,261.0,0.0
215,82,82.0,170.0,0.0,267.0,0.0
215,82,83.0,168.0,0.0,272.0,0.0
215,82,84.0,167.0,0.0,277.0,0.0
215,82,85.0,168.0,0.0,282.0,0.0
215,82,86.0,170.0,0.0,285.0,0.0
215,82,87.0,170.0,0.0,290.0,0.0
215,82,88.0,174.0,0.0,295.0,0.0
215,82,89.0,170.0,0.0,299.0,0.0
215,82,90.0,176.0,0.0,308.0,0.0
215,82,91.0,176.0,0.0,311.0,0.0
215,82,92.0,176.0,0.0,314.0,0.0
215,82,93.0,177.0,0.0,321.0,0.0
215,82,94.0,178.0,0.0,327.0,0.0
215,82,95.0,176.0,0.0,334.0,0.0
215,82,96.0,174.0,0.0,340.0,0.0
215,82,97.0,175.0,0.0,346.0,0.0
215,82,98.0,175.0,0.0,350.0,0.0
215,82,99.0,176.0,0.0,353.0,0.0
215,82,100.0,173.0,0.0,360.0,0.0
215,82,101.0,174.0,0.0,367.0,0.0
215,82,102.0,175.0,0.0,371.0,0.0
215,82,103.0,174.0,0.0,375.0,0.0
215,82,104.0,173.0,0.0,381.0,0.0
215,82,105.0,173.0,0.0,387.0,0.0
215,82,106.0,176.0,0.0,392.0,0.0
215,82,107.0,175.0,0.0,397.0,0.0
215,82,108.0,182.0,0.0,401.0,0.0
215,82,109.0,186.0,0.0,404.0,0.0
215,82,110.0,187.0,0.0,407.0,0.0
215,82,111.0,188.0,0.0,413.0,0.0
215,82,112.0,185.0,0.0,417.0,0.0
215,82,113.0,187.0,0.0,425.0,0.0
215,82,114.0,182.0,0.0,429.0,0.0
215,82,115.0,182.0,0.0,438.0,0.0
215,82,116.0,183.0,0.0,443.0,0.0
215,82,117.0,183.0,0.0,447.0,0.0
215,82,118.0,185.0,0.0,453.0,0.0
215,82,119.0,184.0,0.0,456.0,0.0
215,82,120.0,183.0,0.0,463.0,0.0
215,82,121.0,183.0,0.0,469.0,0.0
215,82,122.0,185.0,0.0,476.0,0.0
215,82,123.0,181.0,0.0,480.0,0.0
215,82,124.0,179.0,0.0,488.0,0.0
215,82,125.0,180.0,0.0,494.0,0.0
215,82,126.0,177.0,0.0,500.0,0.0
215,82,127.0,180.0,0.0,508.0,0.0
215,82,128.0,180.0,0.0,513.0,0.0
215,82,129.0,184.0,0.0,523.0,0.0
215,82,130.0,183.0,0.0,525.0,0.0
215,82,131.0,184.0,0.0,532.0,0.0
215,82,132.0,186.0,0.0,536.0,0.0
215,82,133.0,186.0,0.0,539.0,0.0
215,82,134.0,185.0,0.0,541.0,0.0
215,82,135.0,186.0,0.0,547.0,0.0
215,82,136.0,181.0,0.0,551.0,0.0
215,82,137.0,180.0,0.0,559.0,0.0
215,82,138.0,180.0,0.0,566.0,0.0
215,82,139.0,180.0,0.0,572.0,0.0
215,82,140.0,177.0,0.0,578.0,0.0
215,82,141.0,182.0,0.0,586.0,0.0
215,82,142.0,185.0,0.0,588.0,0.0
215,82,143.0,187.0,0.0,592.0,0.0
215,82,144.0,188.0,0.0,599.0,0.0
215,82,145.0,188.0,0.0,605.0,0.0
215,82,146.0,189.0,0.0,611.0,0.0
215,82,147.0,191.0,0.0,613.0,0.0
215,82,148.0,192.0,0.0,619.0,0.0
215,82,149.0,192.0,0.0,623.0,0.0
215,82,150.0,189.0,0.0,628.0,0.0
215,82,151.0,189.0,0.0,634.0,0.0
215,82,152.0,186.0,0.0,639.0,0.0
215,82,153.0,186.0,0.0,644.0,0.0
215,82,154.0,186.0,0.0,650.0,0.0
215,82,155.0,184.0,0.0,655.0,0.0
215,82,156.0,186.0,0.0,663.0,0.0
215,82,157.0,182.0,0.0,667.0,0.0
215,82,158.0,183.0,0.0,675.0,0.0
215,82,159.0,181.0,0.0,682.0,0.0
215,82,160.0,186.0,0.0,688.0,0.0
215,82,161.0,186.0,0.0,693.0,0.0
215,82,162.0,180.0,0.0,697.0,0.0
215,82,163.0,180.0,0.0,708.0,0.0
215,82,164.0,176.0,0.0,715.0,0.0
215,82,165.0,183.0,0.0,725.0,0.0
215,82,166.0,183.0,0.0,728.0,0.0
215,82,167.0,186.0,0.0,735.0,0.0
215,82,168.0,187.0,0.0,740.0,0.0
215,82,169.0,180.0,0.0,747.0,0.0
215,82,170.0,182.0,0.0,757.0,0.0
215,82,171.0,184.0,0.0,759.0,0.0
215,82,172.0,182.0,0.0,764.0,0.0
215,82,173.0,179.0,0.0,771.0,0.0
215,82,174.0,180.0,0.0,776.0,0.0
215,82,175.0,176.0,0.0,780.0,0.0
215,82,176.0,177.0,0.0,788.0,0.0
215,82,177.0,174.0,0.0,793.0,0.0
215,82,178.0,171.0,0.0,799.0,0.0
215,82,179.0,173.0,0.0,807.0,0.0
215,82,180.0,174.0,0.0,811.0,0.0
215,82,181.0,170.0,0.0,815.0,0.0
215,82,182.0,170.0,0.0,825.0,0.0
215,82,183.0,163.0,0.0,830.0,0.0
215,82,184.0,162.0,0.0,842.0,0.0
215,82,185.0,170.0,0.0,851.0,0.0
215,82,186.0,175.0,0.0,854.0,0.0
215,82,187.0,172.0,0.0,857.0,0.0
215,82,188.0,172.0,0.0,863.0,0.0
215,82,189.0,171.0,0.0,865.0,0.0
215,82,190.0,171.0,0.0,871.0,0.0
215,82,191.0,165.0,0.0,876.0,0.0
215,82,192.0,160.0,0.0,883.0,0.0
215,82,193.0,159.0,0.0,890.0,0.0
215,82,194.0,157.0,0.0,894.0,0.0
215,82,195.0,158.0,0.0,900.0,0.0
215,82,196.0,161.0,0.0,906.0,0.0
215,82,197.0,164.0,0.0,909.0,0.0
215,82,198.0,164.0,0.0,913.0,0.0
215,82,199.0,160.0,0.0,923.0,0.0
215,82,200.0,160.0,0.0,931.0,0.0
215,82,201.0,155.0,0.0,935.0,0.0
215,82,202.0,150.0,0.0,940.0,0.0
215,82,203.0,145.0,0.0,945.0,0.0
215,82,204.0,138.0,0.0,950.0,0.0
215,82,205.0,135.0,0.0,957.0,0.0
215,82,206.0,130.0,0.0,960.0,0.0
215,82,207.0,127.0,0.0,965.0,0.0
215,82,208.0,124.0,0.0,968.0,0.0
215,82,209.0,115.0,0.0,971.0,0.0
215,82,210.0,113.0,0.0,980.0,0.0
215,82,211.0,108.0,0.0,982.0,0.0
215,82,212.0,105.0,0.0,987.0,0.0
215,82,213.0,101.0,0.0,990.0,0.0
215,82,214.0,96.0,0.0,994.0,0.0
215,82,215.0,93.0,0.0,999.0,0.0
215,82,216.0,85.0,0.0,1002.0,0.0
215,82,217.0,81.0,0.0,1010.0,0.0
215,82,218.0,76.0,0.0,1014.0,0.0
215,82,219.0,73.0,0.0,1019.0,0.0
215,82,220.0,67.0,0.0,1022.0,0.0
215,82,221.0,66.0,0.0,1028.0,0.0
215,82,222.0,59.0,0.0,1029.0,0.0
215,82,223.0,58.0,0.0,1036.0,0.0
215,82,224.0,50.0,0.0,1037.0,0.0
215,82,225.0,48.0,0.0,1045.0,0.0
215,82,226.0,48.0,0.0,1047.0,0.0
215,82,227.0,44.0,0.0,1047.0,0.0
215,82,228.0,40.0,0.0,1051.0,0.0
215,82,229.0,38.0,0.0,1055.0,0.0
215,82,230.0,37.0,0.0,1057.0,0.0
215,82,231.0,35.0,0.0,1058.0,0.0
215,82,232.0,34.0,0.0,1060.0,0.0
215,82,233.0,33.0,0.0,1061.0,0.0
215,82,234.0,29.0,0.0,1062.0,0.0
215,82,235.0,29.0,0.0,1066.0,0.0
215,82,236.0,26.0,0.0,1066.0,0.0
215,82,237.0,25.0,0.0,1069.0,0.0
215,82,238.0,24.0,0.0,1070.0,0.0
215,82,239.0,21.0,0.0,1071.0,0.0
215,82,240.0,20.0,0.0,1074.0,0.0
215,82,241.0,17.0,0.0,1075.0,0.0
215,82,242.0,14.0,0.0,1078.0,0.0
215,82,243.0,14.0,0.0,1081.0,0.0
215,82,244.0,13.0,0.0,1081.0,0.0
215,82,245.0,13.0,0.0,1082.0,0.0
215,82,246.0,12.0,0.0,1082.0,0.0
215,82,247.0,12.0,0.0,1083.0,0.0
215,82,248.0,10.0,0.0,1083.0,0.0
215,82,249.0,8.0,0.0,1085.0,0.0
215,82,250.0,8.0,0.0,1087.0,0.0
215,82,251.0,7.0,0.0,1087.0,0.0
215,82,252.0,5.0,0.0,1088.0,0.0
215,82,253.0,5.0,0.0,1090.0,0.0
215,82,254.0,4.0,0.0,1090.0,0.0
215,82,255.0,4.0,0.0,1091.0,0.0
215,82,256.0,4.0,0.0,1091.0,0.0
215,82,257.0,4.0,0.0,1091.0,0.0
215,82,258.0,4.0,0.0,1091.0,0.0
215,82,259.0,4.0,0.0,1091.0,0.0
215,82,260.0,3.0,0.0,1091.0,0.0
215,82,261.0,3.0,0.0,1092.0,0.0
215,82,262.0,3.0,0.0,1092.0,0.0
215,82,263.0,2.0,0.0,1092.0,0.0
215,82,264.0,2.0,0.0,1093.0,0.0
215,82,265.0,2.0,0.0,1093.0,0.0
215,82,266.0,1.0,0.0,1093.0,0.0
215,82,267.0,1.0,0.0,1094.0,0.0
215,82,268.0,1.0,0.0,1094.0,0.0
215,82,269.0,1.0,0.0,1094.0,0.0
215,82,270.0,1.0,0.0,1094.0,0.0
215,82,271.0,0.0,0.0,1094.0,0.0
215,82,272.0,0.0,0.0,1095.0,0.0
215,83,0.0,4.0,0.0,0.0,0.0
215,83,1.0,12.0,0.0,0.0,0.0
215,83,2.0,20.0,0.0,0.0,0.0
215,83,3.0,26.0,0.0,0.0,0.0
215,83,4.0,31.0,0.0,0.0,0.0
215,83,5.0,37.0,0.0,0.0,0.0
215,83,6.0,41.0,0.0,0.0,0.0
215,83,7.0,47.0,0.0,0.0,0.0
215,83,8.0,53.0,0.0,0.0,0.0
215,83,9.0,58.0,0.0,0.0,0.0
215,83,10.0,62.0,0.0,1.0,0.0
215,83,11.0,73.0,0.0,1.0,0.0
215,83,12.0,76.0,0.0,1.0,0.0
215,83,13.0,80.0,0.0,1.0,0.0
215,83,14.0,84.0,0.0,1.0,0.0
215,83,15.0,90.0,0.0,2.0,0.0
215,83,16.0,98.0,0.0,2.0,0.0
215,83,17.0,107.0,0.0,3.0,0.0
215,83,18.0,114.0,0.0,3.0,0.0
215,83,19.0,117.0,0.0,3.0,0.0
215,83,20.0,119.0,0.0,4.0,0.0
215,83,21.0,123.0,0.0,6.0,0.0
215,83,22.0,133.0,0.0,7.0,0.0
215,83,23.0,140.0,0.0,7.0,0.0
215,83,24.0,140.0,0.0,8.0,0.0
215,83,25.0,146.0,0.0,11.0,0.0
215,83,26.0,149.0,0.0,14.0,0.0
215,83,27.0,152.0,0.0,18.0,0.0
215,83,28.0,153.0,0.0,22.0,0.0
215,83,29.0,155.0,0.0,25.0,0.0
215,83,30.0,153.0,0.0,32.0,0.0
215,83,31.0,154.0,0.0,38.0,0.0
215,83,32.0,155.0,0.0,39.0,0.0
215,83,33.0,155.0,0.0,42.0,0.0
215,83,34.0,154.0,0.0,45.0,0.0
215,83,35.0,154.0,0.0,49.0,0.0
215,83,36.0,152.0,0.0,52.0,0.0
215,83,37.0,149.0,0.0,60.0,0.0
215,83,38.0,150.0,0.0,67.0,0.0
215,83,39.0,148.0,0.0,73.0,0.0
215,83,40.0,150.0,0.0,81.0,0.0
215,83,41.0,151.0,0.0,87.0,0.0
215,83,42.0,150.0,0.0,92.0,0.0
215,83,43.0,156.0,0.0,101.0,0.0
215,83,44.0,157.0,0.0,104.0,0.0
215,83,45.0,152.0,0.0,108.0,0.0
215,83,46.0,148.0,0.0,115.0,0.0
215,83,47.0,151.0,0.0,125.0,0.0
215,83,48.0,154.0,0.0,129.0,0.0
215,83,49.0,156.0,0.0,133.0,0.0
215,83,50.0,151.0,0.0,136.0,0.0
215,83,51.0,147.0,0.0,144.0,0.0
215,83,52.0,150.0,0.0,149.0,0.0
215,83,53.0,155.0,0.0,151.0,0.0
215,83,54.0,157.0,0.0,155.0,0.0
215,83,55.0,161.0,0.0,159.0,0.0
215,83,56.0,155.0,0.0,164.0,0.0
215,83,57.0,156.0,0.0,173.0,0.0
215,83,58.0,156.0,0.0,178.0,0.0
215,83,59.0,156.0,0.0,180.0,0.0
215,83,60.0,162.0,0.0,184.0,0.0
215,83,61.0,164.0,0.0,187.0,0.0
215,83,62.0,163.0,0.0,192.0,0.0
215,83,63.0,159.0,0.0,195.0,0.0
215,83,64.0,162.0,0.0,203.0,0.0
215,83,65.0,159.0,0.0,205.0,0.0
215,83,66.0,154.0,0.0,209.0,0.0
215,83,67.0,158.0,0.0,218.0,0.0
215,83,68.0,160.0,0.0,224.0,0.0
215,83,69.0,163.0,0.0,229.0,0.0
215,83,70.0,164.0,0.0,233.0,0.0
215,83,71.0,170.0,0.0,237.0,0.0
215,83,72.0,170.0,0.0,241.0,0.0
215,83,73.0,172.0,0.0,245.0,0.0
215,83,74.0,175.0,0.0,249.0,0.0
215,83,75.0,170.0,0.0,252.0,0.0
215,83,76.0,167.0,0.0,262.0,0.0
215,83,77.0,166.0,0.0,269.0,0.0
215,83,78.0,164.0,0.0,273.0,0.0
215,83,79.0,159.0,0.0,279.0,0.0
215,83,80.0,162.0,0.0,289.0,0.0
215,83,81.0,164.0,0.0,292.0,0.0
215,83,82.0,162.0,0.0,296.0,0.0
215,83,83.0,156.0,0.0,301.0,0.0
215,83,84.0,159.0,0.0,311.0,0.0
215,83,85.0,162.0,0.0,315.0,0.0
215,83,86.0,161.0,0.0,318.0,0.0
215,83,87.0,160.0,0.0,323.0,0.0
215,83,88.0,158.0,0.0,328.0,0.0
215,83,89.0,157.0,0.0,335.0,0.0
215,83,90.0,156.0,0.0,340.0,0.0
215,83,91.0,162.0,0.0,344.0,0.0
215,83,92.0,167.0,0.0,345.0,0.0
215,83,93.0,167.0,0.0,348.0,0.0
215,83,94.0,173.0,0.0,352.0,0.0
215,83,95.0,172.0,0.0,357.0,0.0
215,83,96.0,168.0,0.0,363.0,0.0
215,83,97.0,171.0,0.0,371.0,0.0
215,83,98.0,162.0,0.0,374.0,0.0
215,83,99.0,165.0,0.0,388.0,0.0
215,83,100.0,166.0,0.0,392.0,0.0
215,83,101.0,167.0,0.0,395.0,0.0
215,83,102.0,162.0,0.0,400.0,0.0
215,83,103.0,163.0,0.0,408.0,0.0
215,83,104.0,165.0,0.0,413.0,0.0
215,83,105.0,170.0,0.0,416.0,0.0
215,83,106.0,171.0,0.0,419.0,0.0
215,83,107.0,172.0,0.0,424.0,0.0
215,83,108.0,173.0,0.0,428.0,0.0
215,83,109.0,178.0,0.0,432.0,0.0
215,83,110.0,176.0,0.0,434.0,0.0
215,83,111.0,173.0,0.0,440.0,0.0
215,83,112.0,172.0,0.0,445.0,0.0
215,83,113.0,173.0,0.0,451.0,0.0
215,83,114.0,171.0,0.0,456.0,0.0
215,83,115.0,169.0,0.0,463.0,0.0
215,83,116.0,165.0,0.0,467.0,0.0
215,83,117.0,160.0,0.0,476.0,0.0
215,83,118.0,155.0,0.0,485.0,0.0
215,83,119.0,155.0,0.0,493.0,0.0
215,83,120.0,155.0,0.0,498.0,0.0
215,83,121.0,154.0,0.0,503.0,0.0
215,83,122.0,153.0,0.0,509.0,0.0
215,83,123.0,152.0,0.0,516.0,0.0
215,83,124.0,154.0,0.0,524.0,0.0
215,83,125.0,155.0,0.0,530.0,0.0
215,83,126.0,149.0,0.0,535.0,0.0
215,83,127.0,152.0,0.0,543.0,0.0
215,83,128.0,152.0,0.0,546.0,0.0
215,83,129.0,155.0,0.0,549.0,0.0
215,83,130.0,157.0,0.0,553.0,0.0
215,83,131.0,158.0,0.0,558.0,0.0
215,83,132.0,163.0,0.0,561.0,0.0
215,83,133.0,160.0,0.0,565.0,0.0
215,83,134.0,155.0,0.0,571.0,0.0
215,83,135.0,155.0,0.0,578.0,0.0
215,83,136.0,153.0,0.0,585.0,0.0
215,83,137.0,153.0,0.0,593.0,0.0
215,83,138.0,147.0,0.0,600.0,0.0
215,83,139.0,146.0,0.0,607.0,0.0
215,83,140.0,146.0,0.0,613.0,0.0
215,83,141.0,149.0,0.0,620.0,0.0
215,83,142.0,150.0,0.0,623.0,0.0
215,83,143.0,150.0,0.0,628.0,0.0
215,83,144.0,149.0,0.0,631.0,0.0
215,83,145.0,147.0,0.0,637.0,0.0
215,83,146.0,145.0,0.0,644.0,0.0
215,83,147.0,146.0,0.0,650.0,0.0
215,83,148.0,147.0,0.0,653.0,0.0
215,83,149.0,147.0,0.0,657.0,0.0
215,83,150.0,147.0,0.0,662.0,0.0
215,83,151.0,147.0,0.0,667.0,0.0
215,83,152.0,150.0,0.0,672.0,0.0
215,83,153.0,152.0,0.0,674.0,0.0
215,83,154.0,155.0,0.0,677.0,0.0
215,83,155.0,153.0,0.0,680.0,0.0
215,83,156.0,149.0,0.0,686.0,0.0
215,83,157.0,150.0,0.0,693.0,0.0
215,83,158.0,153.0,0.0,697.0,0.0
215,83,159.0,153.0,0.0,700.0,0.0
215,83,160.0,150.0,0.0,705.0,0.0
215,83,161.0,148.0,0.0,711.0,0.0
215,83,162.0,150.0,0.0,722.0,0.0
215,83,163.0,153.0,0.0,729.0,0.0
215,83,164.0,150.0,0.0,732.0,0.0
215,83,165.0,154.0,0.0,738.0,0.0
215,83,166.0,152.0,0.0,740.0,0.0
215,83,167.0,149.0,0.0,746.0,0.0
215,83,168.0,149.0,0.0,753.0,0.0
215,83,169.0,150.0,0.0,759.0,0.0
215,83,170.0,151.0,0.0,764.0,0.0
215,83,171.0,152.0,0.0,772.0,0.0
215,83,172.0,153.0,0.0,776.0,0.0
215,83,173.0,154.0,0.0,779.0,0.0
215,83,174.0,153.0,0.0,785.0,0.0
215,83,175.0,151.0,0.0,791.0,0.0
215,83,176.0,153.0,0.0,798.0,0.0
215,83,177.0,158.0,0.0,800.0,0.0
215,83,178.0,163.0,0.0,802.0,0.0
215,83,179.0,163.0,0.0,803.0,0.0
215,83,180.0,162.0,0.0,810.0,0.0
215,83,181.0,159.0,0.0,816.0,0.0
215,83,182.0,160.0,0.0,823.0,0.0
215,83,183.0,160.0,0.0,826.0,0.0
215,83,184.0,162.0,0.0,831.0,0.0
215,83,185.0,163.0,0.0,836.0,0.0
215,83,186.0,164.0,0.0,840.0,0.0
215,83,187.0,164.0,0.0,848.0,0.0
215,83,188.0,165.0,0.0,853.0,0.0
215,83,189.0,164.0,0.0,861.0,0.0
215,83,190.0,167.0,0.0,870.0,0.0
215,83,191.0,168.0,0.0,873.0,0.0
215,83,192.0,171.0,0.0,878.0,0.0
215,83,193.0,171.0,0.0,882.0,0.0
215,83,194.0,172.0,0.0,886.0,0.0
215,83,195.0,176.0,0.0,889.0,0.0
215,83,196.0,179.0,0.0,896.0,0.0
215,83,197.0,177.0,0.0,900.0,0.0
215,83,198.0,171.0,0.0,907.0,0.0
215,83,199.0,169.0,0.0,918.0,0.0
215,83,200.0,175.0,0.0,924.0,0.0
215,83,201.0,169.0,0.0,927.0,0.0
215,83,202.0,168.0,0.0,933.0,0.0
215,83,203.0,163.0,0.0,934.0,0.0
215,83,204.0,152.0,0.0,939.0,0.0
215,83,205.0,145.0,0.0,950.0,0.0
215,83,206.0,140.0,0.0,957.0,0.0
215,83,207.0,135.0,0.0,962.0,0.0
215,83,208.0,129.0,0.0,967.0,0.0
215,83,209.0,127.0,0.0,973.0,0.0
215,83,210.0,123.0,0.0,975.0,0.0
215,83,211.0,120.0,0.0,979.0,0.0
215,83,212.0,113.0,0.0,982.0,0.0
215,83,213.0,108.0,0.0,989.0,0.0
215,83,214.0,103.0,0.0,994.0,0.0
215,83,215.0,97.0,0.0,999.0,0.0
215,83,216.0,95.0,0.0,1005.0,0.0
215,83,217.0,92.0,0.0,1007.0,0.0
215,83,218.0,84.0,0.0,1010.0,0.0
215,83,219.0,77.0,0.0,1018.0,0.0
215,83,220.0,70.0,0.0,1025.0,0.0
215,83,221.0,64.0,0.0,1032.0,0.0
215,83,222.0,59.0,0.0,1038.0,0.0
215,83,223.0,53.0,0.0,1043.0,0.0
215,83,224.0,49.0,0.0,1049.0,0.0
215,83,225.0,45.0,0.0,1053.0,0.0
215,83,226.0,43.0,0.0,1057.0,0.0
215,83,227.0,39.0,0.0,1059.0,0.0
215,83,228.0,36.0,0.0,1063.0,0.0
215,83,229.0,34.0,0.0,1066.0,0.0
215,83,230.0,32.0,0.0,1068.0,0.0
215,83,231.0,31.0,0.0,1070.0,0.0
215,83,232.0,31.0,0.0,1071.0,0.0
215,83,233.0,28.0,0.0,1071.0,0.0
215,83,234.0,27.0,0.0,1074.0,0.0
215,83,235.0,25.0,0.0,1075.0,0.0
215,83,236.0,23.0,0.0,1077.0,0.0
215,83,237.0,23.0,0.0,1079.0,0.0
215,83,238.0,23.0,0.0,1079.0,0.0
215,83,239.0,21.0,0.0,1079.0,0.0
215,83,240.0,21.0,0.0,1081.0,0.0
215,83,241.0,20.0,0.0,1081.0,0.0
215,83,242.0,19.0,0.0,1082.0,0.0
215,83,243.0,17.0,0.0,1083.0,0.0
215,83,244.0,16.0,0.0,1085.0,0.0
215,83,245.0,14.0,0.0,1086.0,0.0
215,83,246.0,13.0,0.0,1088.0,0.0
215,83,247.0,13.0,0.0,1089.0,0.0
215,83,248.0,13.0,0.0,1089.0,0.0
215,83,249.0,12.0,0.0,1089.0,0.0
215,83,250.0,11.0,0.0,1090.0,0.0
215,83,251.0,11.0,0.0,1091.0,0.0
215,83,252.0,10.0,0.0,1091.0,0.0
215,83,253.0,10.0,0.0,1092.0,0.0
215,83,254.0,9.0,0.0,1092.0,0.0
215,83,255.0,8.0,0.0,1093.0,0.0
215,83,256.0,8.0,0.0,1094.0,0.0
215,83,257.0,8.0,0.0,1094.0,0.0
215,83,258.0,4.0,0.0,1094.0,0.0
215,83,259.0,3.0,0.0,1098.0,0.0
215,83,260.0,3.0,0.0,1099.0,0.0
215,83,261.0,3.0,0.0,1099.0,0.0
215,83,262.0,1.0,0.0,1099.0,0.0
215,83,263.0,1.0,0.0,1101.0,0.0
215,83,264.0,1.0,0.0,1101.0,0.0
215,83,265.0,1.0,0.0,1101.0,0.0
215,83,266.0,1.0,0.0,1101.0,0.0
215,83,267.0,1.0,0.0,1101.0,0.0
215,83,268.0,1.0,0.0,1101.0,0.0
215,83,269.0,0.0,0.0,1101.0,0.0
215,83,270.0,0.0,0.0,1102.0,0.0
215,84,0.0,4.0,0.0,0.0,0.0
215,84,1.0,9.0,0.0,0.0,0.0
215,84,2.0,15.0,0.0,0.0,0.0
215,84,3.0,22.0,0.0,0.0,0.0
215,84,4.0,31.0,0.0,0.0,0.0
215,84,5.0,37.0,0.0,0.0,0.0
215,84,6.0,43.0,0.0,0.0,0.0
215,84,7.0,51.0,0.0,0.0,0.0
215,84,8.0,56.0,0.0,0.0,0.0
215,84,9.0,66.0,0.0,0.0,0.0
215,84,10.0,70.0,0.0,0.0,0.0
215,84,11.0,73.0,0.0,0.0,0.0
215,84,12.0,82.0,0.0,0.0,0.0
215,84,13.0,85.0,0.0,0.0,0.0
215,84,14.0,92.0,0.0,0.0,0.0
215,84,15.0,97.0,0.0,0.0,0.0
215,84,16.0,103.0,0.0,1.0,0.0
215,84,17.0,112.0,0.0,1.0,0.0
215,84,18.0,118.0,0.0,1.0,0.0
215,84,19.0,127.0,0.0,1.0,0.0
215,84,20.0,131.0,0.0,1.0,0.0
215,84,21.0,135.0,0.0,2.0,0.0
215,84,22.0,138.0,0.0,2.0,0.0
215,84,23.0,143.0,0.0,3.0,0.0
215,84,24.0,147.0,0.0,4.0,0.0
215,84,25.0,145.0,0.0,6.0,0.0
215,84,26.0,146.0,0.0,9.0,0.0
215,84,27.0,148.0,0.0,14.0,0.0
215,84,28.0,147.0,0.0,16.0,0.0
215,84,29.0,148.0,0.0,20.0,0.0
215,84,30.0,151.0,0.0,26.0,0.0
215,84,31.0,152.0,0.0,28.0,0.0
215,84,32.0,150.0,0.0,36.0,0.0
215,84,33.0,149.0,0.0,45.0,0.0
215,84,34.0,147.0,0.0,51.0,0.0
215,84,35.0,149.0,0.0,59.0,0.0
215,84,36.0,146.0,0.0,67.0,0.0
215,84,37.0,146.0,0.0,73.0,0.0
215,84,38.0,144.0,0.0,77.0,0.0
215,84,39.0,139.0,0.0,84.0,0.0
215,84,40.0,139.0,0.0,91.0,0.0
215,84,41.0,136.0,0.0,95.0,0.0
215,84,42.0,139.0,0.0,100.0,0.0
215,84,43.0,137.0,0.0,103.0,0.0
215,84,44.0,140.0,0.0,109.0,0.0
215,84,45.0,145.0,0.0,110.0,0.0
215,84,46.0,145.0,0.0,113.0,0.0
215,84,47.0,147.0,0.0,120.0,0.0
215,84,48.0,148.0,0.0,127.0,0.0
215,84,49.0,151.0,0.0,132.0,0.0
215,84,50.0,157.0,0.0,135.0,0.0
215,84,51.0,156.0,0.0,137.0,0.0
215,84,52.0,158.0,0.0,141.0,0.0
215,84,53.0,160.0,0.0,147.0,0.0
215,84,54.0,163.0,0.0,151.0,0.0
215,84,55.0,162.0,0.0,154.0,0.0
215,84,56.0,167.0,0.0,158.0,0.0
215,84,57.0,168.0,0.0,161.0,0.0
215,84,58.0,162.0,0.0,168.0,0.0
215,84,59.0,167.0,0.0,180.0,0.0
215,84,60.0,166.0,0.0,182.0,0.0
215,84,61.0,166.0,0.0,187.0,0.0
215,84,62.0,171.0,0.0,192.0,0.0
215,84,63.0,175.0,0.0,194.0,0.0
215,84,64.0,173.0,0.0,195.0,0.0
215,84,65.0,174.0,0.0,203.0,0.0
215,84,66.0,169.0,0.0,206.0,0.0
215,84,67.0,166.0,0.0,213.0,0.0
215,84,68.0,169.0,0.0,221.0,0.0
215,84,69.0,173.0,0.0,226.0,0.0
215,84,70.0,173.0,0.0,230.0,0.0
215,84,71.0,176.0,0.0,235.0,0.0
215,84,72.0,176.0,0.0,238.0,0.0
215,84,73.0,181.0,0.0,242.0,0.0
215,84,74.0,181.0,0.0,246.0,0.0
215,84,75.0,181.0,0.0,249.0,0.0
215,84,76.0,183.0,0.0,254.0,0.0
215,84,77.0,181.0,0.0,260.0,0.0
215,84,78.0,177.0,0.0,268.0,0.0
215,84,79.0,178.0,0.0,278.0,0.0
215,84,80.0,178.0,0.0,284.0,0.0
215,84,81.0,177.0,0.0,288.0,0.0
215,84,82.0,180.0,0.0,294.0,0.0
215,84,83.0,178.0,0.0,298.0,0.0
215,84,84.0,174.0,0.0,305.0,0.0
215,84,85.0,175.0,0.0,315.0,0.0
215,84,86.0,174.0,0.0,320.0,0.0
215,84,87.0,174.0,0.0,328.0,0.0
215,84,88.0,172.0,0.0,335.0,0.0
215,84,89.0,174.0,0.0,342.0,0.0
215,84,90.0,173.0,0.0,346.0,0.0
215,84,91.0,175.0,0.0,352.0,0.0
215,84,92.0,175.0,0.0,359.0,0.0
215,84,93.0,177.0,0.0,363.0,0.0
215,84,94.0,177.0,0.0,370.0,0.0
215,84,95.0,178.0,0.0,378.0,0.0
215,84,96.0,177.0,0.0,383.0,0.0
215,84,97.0,175.0,0.0,387.0,0.0
215,84,98.0,172.0,0.0,393.0,0.0
215,84,99.0,170.0,0.0,399.0,0.0
215,84,100.0,171.0,0.0,403.0,0.0
215,84,101.0,171.0,0.0,407.0,0.0
215,84,102.0,170.0,0.0,413.0,0.0
215,84,103.0,170.0,0.0,418.0,0.0
215,84,104.0,170.0,0.0,421.0,0.0
215,84,105.0,172.0,0.0,428.0,0.0
215,84,106.0,173.0,0.0,432.0,0.0
215,84,107.0,172.0,0.0,436.0,0.0
215,84,108.0,171.0,0.0,440.0,0.0
215,84,109.0,168.0,0.0,445.0,0.0
215,84,110.0,167.0,0.0,452.0,0.0
215,84,111.0,165.0,0.0,456.0,0.0
215,84,112.0,163.0,0.0,463.0,0.0
215,84,113.0,162.0,0.0,468.0,0.0
215,84,114.0,159.0,0.0,476.0,0.0
215,84,115.0,156.0,0.0,483.0,0.0
215,84,116.0,156.0,0.0,490.0,0.0
215,84,117.0,155.0,0.0,495.0,0.0
215,84,118.0,161.0,0.0,500.0,0.0
215,84,119.0,162.0,0.0,502.0,0.0
215,84,120.0,155.0,0.0,507.0,0.0
215,84,121.0,154.0,0.0,516.0,0.0
215,84,122.0,155.0,0.0,523.0,0.0
215,84,123.0,156.0,0.0,528.0,0.0
215,84,124.0,157.0,0.0,533.0,0.0
215,84,125.0,160.0,0.0,537.0,0.0
215,84,126.0,162.0,0.0,541.0,0.0
215,84,127.0,164.0,0.0,544.0,0.0
215,84,128.0,163.0,0.0,549.0,0.0
215,84,129.0,165.0,0.0,555.0,0.0
215,84,130.0,164.0,0.0,556.0,0.0
215,84,131.0,163.0,0.0,561.0,0.0
215,84,132.0,171.0,0.0,565.0,0.0
215,84,133.0,169.0,0.0,567.0,0.0
215,84,134.0,172.0,0.0,572.0,0.0
215,84,135.0,165.0,0.0,576.0,0.0
215,84,136.0,167.0,0.0,586.0,0.0
215,84,137.0,170.0,0.0,590.0,0.0
215,84,138.0,170.0,0.0,592.0,0.0
215,84,139.0,173.0,0.0,599.0,0.0
215,84,140.0,177.0,0.0,605.0,0.0
215,84,141.0,172.0,0.0,608.0,0.0
215,84,142.0,175.0,0.0,614.0,0.0
215,84,143.0,176.0,0.0,618.0,0.0
215,84,144.0,176.0,0.0,624.0,0.0
215,84,145.0,175.0,0.0,629.0,0.0
215,84,146.0,173.0,0.0,635.0,0.0
215,84,147.0,177.0,0.0,639.0,0.0
215,84,148.0,178.0,0.0,643.0,0.0
215,84,149.0,178.0,0.0,647.0,0.0
215,84,150.0,179.0,0.0,650.0,0.0
215,84,151.0,178.0,0.0,654.0,0.0
215,84,152.0,179.0,0.0,661.0,0.0
215,84,153.0,176.0,0.0,668.0,0.0
215,84,154.0,179.0,0.0,676.0,0.0
215,84,155.0,176.0,0.0,677.0,0.0
215,84,156.0,174.0,0.0,682.0,0.0
215,84,157.0,180.0,0.0,688.0,0.0
215,84,158.0,177.0,0.0,690.0,0.0
215,84,159.0,179.0,0.0,701.0,0.0
215,84,160.0,181.0,0.0,704.0,0.0
215,84,161.0,175.0,0.0,709.0,0.0
215,84,162.0,174.0,0.0,719.0,0.0
215,84,163.0,170.0,0.0,725.0,0.0
215,84,164.0,168.0,0.0,731.0,0.0
215,84,165.0,164.0,0.0,736.0,0.0
215,84,166.0,163.0,0.0,745.0,0.0
215,84,167.0,166.0,0.0,752.0,0.0
215,84,168.0,164.0,0.0,756.0,0.0
215,84,169.0,164.0,0.0,764.0,0.0
215,84,170.0,166.0,0.0,770.0,0.0
215,84,171.0,171.0,0.0,775.0,0.0
215,84,172.0,173.0,0.0,778.0,0.0
215,84,173.0,168.0,0.0,782.0,0.0
215,84,174.0,174.0,0.0,789.0,0.0
215,84,175.0,172.0,0.0,794.0,0.0
215,84,176.0,174.0,0.0,800.0,0.0
215,84,177.0,175.0,0.0,803.0,0.0
215,84,178.0,172.0,0.0,807.0,0.0
215,84,179.0,174.0,0.0,813.0,0.0
215,84,180.0,173.0,0.0,815.0,0.0
215,84,181.0,176.0,0.0,820.0,0.0
215,84,182.0,179.0,0.0,824.0,0.0
215,84,183.0,177.0,0.0,828.0,0.0
215,84,184.0,172.0,0.0,836.0,0.0
215,84,185.0,173.0,0.0,845.0,0.0
215,84,186.0,176.0,0.0,849.0,0.0
215,84,187.0,178.0,0.0,854.0,0.0
215,84,188.0,173.0,0.0,860.0,0.0
215,84,189.0,170.0,0.0,868.0,0.0
215,84,190.0,166.0,0.0,875.0,0.0
215,84,191.0,165.0,0.0,880.0,0.0
215,84,192.0,172.0,0.0,884.0,0.0
215,84,193.0,175.0,0.0,887.0,0.0
215,84,194.0,173.0,0.0,891.0,0.0
215,84,195.0,174.0,0.0,896.0,0.0
215,84,196.0,171.0,0.0,902.0,0.0
215,84,197.0,171.0,0.0,909.0,0.0
215,84,198.0,168.0,0.0,916.0,0.0
215,84,199.0,172.0,0.0,923.0,0.0
215,84,200.0,177.0,0.0,927.0,0.0
215,84,201.0,170.0,0.0,933.0,0.0
215,84,202.0,165.0,0.0,940.0,0.0
215,84,203.0,161.0,0.0,945.0,0.0
215,84,204.0,153.0,0.0,949.0,0.0
215,84,205.0,148.0,0.0,957.0,0.0
215,84,206.0,142.0,0.0,962.0,0.0
215,84,207.0,139.0,0.0,968.0,0.0
215,84,208.0,133.0,0.0,971.0,0.0
215,84,209.0,127.0,0.0,977.0,0.0
215,84,210.0,125.0,0.0,983.0,0.0
215,84,211.0,121.0,0.0,985.0,0.0
215,84,212.0,118.0,0.0,989.0,0.0
215,84,213.0,110.0,0.0,992.0,0.0
215,84,214.0,103.0,0.0,1000.0,0.0
215,84,215.0,95.0,0.0,1007.0,0.0
215,84,216.0,88.0,0.0,1015.0,0.0
215,84,217.0,87.0,0.0,1022.0,0.0
215,84,218.0,80.0,0.0,1023.0,0.0
215,84,219.0,78.0,0.0,1030.0,0.0
215,84,220.0,74.0,0.0,1032.0,0.0
215,84,221.0,67.0,0.0,1036.0,0.0
215,84,222.0,61.0,0.0,1043.0,0.0
215,84,223.0,55.0,0.0,1049.0,0.0
215,84,224.0,49.0,0.0,1055.0,0.0
215,84,225.0,47.0,0.0,1061.0,0.0
215,84,226.0,42.0,0.0,1063.0,0.0
215,84,227.0,40.0,0.0,1068.0,0.0
215,84,228.0,38.0,0.0,1070.0,0.0
215,84,229.0,35.0,0.0,1072.0,0.0
215,84,230.0,33.0,0.0,1075.0,0.0
215,84,231.0,32.0,0.0,1077.0,0.0
215,84,232.0,30.0,0.0,1078.0,0.0
215,84,233.0,28.0,0.0,1080.0,0.0
215,84,234.0,24.0,0.0,1082.0,0.0
215,84,235.0,22.0,0.0,1086.0,0.0
215,84,236.0,21.0,0.0,1088.0,0.0
215,84,237.0,20.0,0.0,1089.0,0.0
215,84,238.0,19.0,0.0,1090.0,0.0
215,84,239.0,19.0,0.0,1091.0,0.0
215,84,240.0,17.0,0.0,1091.0,0.0
215,84,241.0,16.0,0.0,1093.0,0.0
215,84,242.0,15.0,0.0,1094.0,0.0
215,84,243.0,13.0,0.0,1095.0,0.0
215,84,244.0,13.0,0.0,1097.0,0.0
215,84,245.0,12.0,0.0,1097.0,0.0
215,84,246.0,12.0,0.0,1098.0,0.0
215,84,247.0,11.0,0.0,1098.0,0.0
215,84,248.0,11.0,0.0,1099.0,0.0
215,84,249.0,11.0,0.0,1099.0,0.0
215,84,250.0,9.0,0.0,1099.0,0.0
215,84,251.0,9.0,0.0,1101.0,0.0
215,84,252.0,9.0,0.0,1101.0,0.0
215,84,253.0,7.0,0.0,1101.0,0.0
215,84,254.0,7.0,0.0,1103.0,0.0
215,84,255.0,7.0,0.0,1103.0,0.0
215,84,256.0,6.0,0.0,1103.0,0.0
215,84,257.0,6.0,0.0,1104.0,0.0
215,84,258.0,6.0,0.0,1104.0,0.0
215,84,259.0,6.0,0.0,1104.0,0.0
215,84,260.0,6.0,0.0,1104.0,0.0
215,84,261.0,5.0,0.0,1104.0,0.0
215,84,262.0,2.0,0.0,1105.0,0.0
215,84,263.0,1.0,0.0,1108.0,0.0
215,84,264.0,1.0,0.0,1109.0,0.0
215,84,265.0,1.0,0.0,1109.0,0.0
215,84,266.0,0.0,0.0,1109.0,0.0
215,84,267.0,0.0,0.0,1110.0,0.0
215,85,0.0,6.0,0.0,0.0,0.0
215,85,1.0,11.0,0.0,0.0,0.0
215,85,2.0,19.0,0.0,0.0,0.0
215,85,3.0,24.0,0.0,0.0,0.0
215,85,4.0,28.0,0.0,0.0,0.0
215,85,5.0,34.0,0.0,0.0,0.0
215,85,6.0,40.0,0.0,0.0,0.0
215,85,7.0,45.0,0.0,0.0,0.0
215,85,8.0,51.0,0.0,0.0,0.0
215,85,9.0,58.0,0.0,0.0,0.0
215,85,10.0,64.0,0.0,0.0,0.0
215,85,11.0,70.0,0.0,0.0,0.0
215,85,12.0,73.0,0.0,0.0,0.0
215,85,13.0,76.0,0.0,1.0,0.0
215,85,14.0,86.0,0.0,1.0,0.0
215,85,15.0,91.0,0.0,1.0,0.0
215,85,16.0,95.0,0.0,1.0,0.0
215,85,17.0,98.0,0.0,1.0,0.0
215,85,18.0,104.0,0.0,1.0,0.0
215,85,19.0,108.0,0.0,2.0,0.0
215,85,20.0,113.0,0.0,3.0,0.0
215,85,21.0,119.0,0.0,4.0,0.0
215,85,22.0,124.0,0.0,5.0,0.0
215,85,23.0,127.0,0.0,6.0,0.0
215,85,24.0,132.0,0.0,9.0,0.0
215,85,25.0,137.0,0.0,11.0,0.0
215,85,26.0,145.0,0.0,13.0,0.0
215,85,27.0,152.0,0.0,14.0,0.0
215,85,28.0,157.0,0.0,16.0,0.0
215,85,29.0,159.0,0.0,18.0,0.0
215,85,30.0,160.0,0.0,21.0,0.0
215,85,31.0,162.0,0.0,24.0,0.0
215,85,32.0,160.0,0.0,28.0,0.0
215,85,33.0,165.0,0.0,34.0,0.0
215,85,34.0,166.0,0.0,39.0,0.0
215,85,35.0,168.0,0.0,42.0,0.0
215,85,36.0,167.0,0.0,45.0,0.0
215,85,37.0,167.0,0.0,51.0,0.0
215,85,38.0,167.0,0.0,57.0,0.0
215,85,39.0,168.0,0.0,61.0,0.0
215,85,40.0,166.0,0.0,65.0,0.0
215,85,41.0,169.0,0.0,69.0,0.0
215,85,42.0,165.0,0.0,73.0,0.0
215,85,43.0,164.0,0.0,80.0,0.0
215,85,44.0,162.0,0.0,85.0,0.0
215,85,45.0,163.0,0.0,90.0,0.0
215,85,46.0,164.0,0.0,93.0,0.0
215,85,47.0,159.0,0.0,97.0,0.0
215,85,48.0,160.0,0.0,107.0,0.0
215,85,49.0,160.0,0.0,113.0,0.0
215,85,50.0,161.0,0.0,118.0,0.0
215,85,51.0,163.0,0.0,122.0,0.0
215,85,52.0,163.0,0.0,126.0,0.0
215,85,53.0,164.0,0.0,131.0,0.0
215,85,54.0,162.0,0.0,137.0,0.0
215,85,55.0,159.0,0.0,144.0,0.0
215,85,56.0,161.0,0.0,149.0,0.0
215,85,57.0,159.0,0.0,154.0,0.0
215,85,58.0,162.0,0.0,159.0,0.0
215,85,59.0,163.0,0.0,161.0,0.0
215,85,60.0,165.0,0.0,165.0,0.0
215,85,61.0,162.0,0.0,169.0,0.0
215,85,62.0,161.0,0.0,178.0,0.0
215,85,63.0,163.0,0.0,186.0,0.0
215,85,64.0,164.0,0.0,188.0,0.0
215,85,65.0,160.0,0.0,193.0,0.0
215,85,66.0,159.0,0.0,200.0,0.0
215,85,67.0,163.0,0.0,204.0,0.0
215,85,68.0,164.0,0.0,206.0,0.0
215,85,69.0,166.0,0.0,211.0,0.0
215,85,70.0,160.0,0.0,214.0,0.0
215,85,71.0,160.0,0.0,224.0,0.0
215,85,72.0,157.0,0.0,229.0,0.0
215,85,73.0,151.0,0.0,234.0,0.0
215,85,74.0,156.0,0.0,243.0,0.0
215,85,75.0,157.0,0.0,249.0,0.0
215,85,76.0,155.0,0.0,254.0,0.0
215,85,77.0,158.0,0.0,261.0,0.0
215,85,78.0,160.0,0.0,266.0,0.0
215,85,79.0,165.0,0.0,269.0,0.0
215,85,80.0,168.0,0.0,272.0,0.0
215,85,81.0,168.0,0.0,276.0,0.0
215,85,82.0,166.0,0.0,282.0,0.0
215,85,83.0,165.0,0.0,288.0,0.0
215,85,84.0,166.0,0.0,294.0,0.0
215,85,85.0,168.0,0.0,300.0,0.0
215,85,86.0,169.0,0.0,303.0,0.0
215,85,87.0,171.0,0.0,308.0,0.0
215,85,88.0,169.0,0.0,311.0,0.0
215,85,89.0,167.0,0.0,316.0,0.0
215,85,90.0,165.0,0.0,320.0,0.0
215,85,91.0,165.0,0.0,326.0,0.0
215,85,92.0,169.0,0.0,330.0,0.0
215,85,93.0,166.0,0.0,334.0,0.0
215,85,94.0,172.0,0.0,342.0,0.0
215,85,95.0,174.0,0.0,345.0,0.0
215,85,96.0,174.0,0.0,351.0,0.0
215,85,97.0,179.0,0.0,354.0,0.0
215,85,98.0,179.0,0.0,358.0,0.0
215,85,99.0,178.0,0.0,361.0,0.0
215,85,100.0,174.0,0.0,368.0,0.0
215,85,101.0,172.0,0.0,378.0,0.0
215,85,102.0,170.0,0.0,385.0,0.0
215,85,103.0,174.0,0.0,393.0,0.0
215,85,104.0,179.0,0.0,396.0,0.0
215,85,105.0,175.0,0.0,398.0,0.0
215,85,106.0,175.0,0.0,404.0,0.0
215,85,107.0,168.0,0.0,411.0,0.0
215,85,108.0,167.0,0.0,421.0,0.0
215,85,109.0,166.0,0.0,428.0,0.0
215,85,110.0,164.0,0.0,437.0,0.0
215,85,111.0,168.0,0.0,442.0,0.0
215,85,112.0,163.0,0.0,444.0,0.0
215,85,113.0,161.0,0.0,451.0,0.0
215,85,114.0,164.0,0.0,457.0,0.0
215,85,115.0,164.0,0.0,462.0,0.0
215,85,116.0,162.0,0.0,466.0,0.0
215,85,117.0,163.0,0.0,471.0,0.0
215,85,118.0,161.0,0.0,476.0,0.0
215,85,119.0,162.0,0.0,482.0,0.0
215,85,120.0,166.0,0.0,488.0,0.0
215,85,121.0,163.0,0.0,490.0,0.0
215,85,122.0,160.0,0.0,497.0,0.0
215,85,123.0,154.0,0.0,503.0,0.0
215,85,124.0,157.0,0.0,512.0,0.0
215,85,125.0,159.0,0.0,516.0,0.0
215,85,126.0,154.0,0.0,523.0,0.0
215,85,127.0,155.0,0.0,532.0,0.0
215,85,128.0,160.0,0.0,537.0,0.0
215,85,129.0,165.0,0.0,542.0,0.0
215,85,130.0,164.0,0.0,544.0,0.0
215,85,131.0,169.0,0.0,551.0,0.0
215,85,132.0,169.0,0.0,555.0,0.0
215,85,133.0,174.0,0.0,560.0,0.0
215,85,134.0,175.0,0.0,565.0,0.0
215,85,135.0,175.0,0.0,569.0,0.0
215,85,136.0,170.0,0.0,576.0,0.0
215,85,137.0,171.0,0.0,586.0,0.0
215,85,138.0,174.0,0.0,593.0,0.0
215,85,139.0,174.0,0.0,598.0,0.0
215,85,140.0,173.0,0.0,600.0,0.0
215,85,141.0,175.0,0.0,604.0,0.0
215,85,142.0,172.0,0.0,608.0,0.0
215,85,143.0,170.0,0.0,613.0,0.0
215,85,144.0,167.0,0.0,616.0,0.0
215,85,145.0,172.0,0.0,622.0,0.0
215,85,146.0,176.0,0.0,626.0,0.0
215,85,147.0,176.0,0.0,630.0,0.0
215,85,148.0,178.0,0.0,632.0,0.0
215,85,149.0,172.0,0.0,637.0,0.0
215,85,150.0,177.0,0.0,648.0,0.0
215,85,151.0,183.0,0.0,650.0,0.0
215,85,152.0,186.0,0.0,653.0,0.0
215,85,153.0,185.0,0.0,658.0,0.0
215,85,154.0,186.0,0.0,664.0,0.0
215,85,155.0,185.0,0.0,667.0,0.0
215,85,156.0,185.0,0.0,672.0,0.0
215,85,157.0,186.0,0.0,678.0,0.0
215,85,158.0,188.0,0.0,681.0,0.0
215,85,159.0,191.0,0.0,687.0,0.0
215,85,160.0,192.0,0.0,691.0,0.0
215,85,161.0,191.0,0.0,700.0,0.0
215,85,162.0,191.0,0.0,706.0,0.0
215,85,163.0,187.0,0.0,711.0,0.0
215,85,164.0,189.0,0.0,721.0,0.0
215,85,165.0,190.0,0.0,727.0,0.0
215,85,166.0,192.0,0.0,730.0,0.0
215,85,167.0,190.0,0.0,738.0,0.0
215,85,168.0,193.0,0.0,746.0,0.0
215,85,169.0,194.0,0.0,749.0,0.0
215,85,170.0,194.0,0.0,755.0,0.0
215,85,171.0,196.0,0.0,760.0,0.0
215,85,172.0,200.0,0.0,766.0,0.0
215,85,173.0,198.0,0.0,769.0,0.0
215,85,174.0,201.0,0.0,776.0,0.0
215,85,175.0,206.0,0.0,779.0,0.0
215,85,176.0,207.0,0.0,782.0,0.0
215,85,177.0,207.0,0.0,786.0,0.0
215,85,178.0,208.0,0.0,792.0,0.0
215,85,179.0,198.0,0.0,798.0,0.0
215,85,180.0,198.0,0.0,811.0,0.0
215,85,181.0,199.0,0.0,816.0,0.0
215,85,182.0,194.0,0.0,819.0,0.0
215,85,183.0,190.0,0.0,828.0,0.0
215,85,184.0,185.0,0.0,837.0,0.0
215,85,185.0,184.0,0.0,846.0,0.0
215,85,186.0,185.0,0.0,850.0,0.0
215,85,187.0,181.0,0.0,853.0,0.0
215,85,188.0,181.0,0.0,861.0,0.0
215,85,189.0,178.0,0.0,867.0,0.0
215,85,190.0,180.0,0.0,874.0,0.0
215,85,191.0,175.0,0.0,881.0,0.0
215,85,192.0,182.0,0.0,889.0,0.0
215,85,193.0,183.0,0.0,891.0,0.0
215,85,194.0,183.0,0.0,896.0,0.0
215,85,195.0,175.0,0.0,901.0,0.0
215,85,196.0,173.0,0.0,913.0,0.0
215,85,197.0,174.0,0.0,919.0,0.0
215,85,198.0,173.0,0.0,926.0,0.0
215,85,199.0,174.0,0.0,933.0,0.0
215,85,200.0,175.0,0.0,937.0,0.0
215,85,201.0,169.0,0.0,944.0,0.0
215,85,202.0,162.0,0.0,950.0,0.0
215,85,203.0,156.0,0.0,957.0,0.0
215,85,204.0,149.0,0.0,963.0,0.0
215,85,205.0,144.0,0.0,970.0,0.0
215,85,206.0,139.0,0.0,975.0,0.0
215,85,207.0,135.0,0.0,980.0,0.0
215,85,208.0,133.0,0.0,984.0,0.0
215,85,209.0,128.0,0.0,986.0,0.0
215,85,210.0,123.0,0.0,991.0,0.0
215,85,211.0,117.0,0.0,996.0,0.0
215,85,212.0,114.0,0.0,1002.0,0.0
215,85,213.0,109.0,0.0,1005.0,0.0
215,85,214.0,101.0,0.0,1010.0,0.0
215,85,215.0,95.0,0.0,1018.0,0.0
215,85,216.0,91.0,0.0,1024.0,0.0
215,85,217.0,84.0,0.0,1028.0,0.0
215,85,218.0,78.0,0.0,1035.0,0.0
215,85,219.0,72.0,0.0,1041.0,0.0
215,85,220.0,66.0,0.0,1047.0,0.0
215,85,221.0,61.0,0.0,1053.0,0.0
215,85,222.0,57.0,0.0,1058.0,0.0
215,85,223.0,53.0,0.0,1062.0,0.0
215,85,224.0,47.0,0.0,1066.0,0.0
215,85,225.0,43.0,0.0,1072.0,0.0
215,85,226.0,40.0,0.0,1076.0,0.0
215,85,227.0,35.0,0.0,1079.0,0.0
215,85,228.0,33.0,0.0,1084.0,0.0
215,85,229.0,32.0,0.0,1086.0,0.0
215,85,230.0,28.0,0.0,1087.0,0.0
215,85,231.0,26.0,0.0,1091.0,0.0
215,85,232.0,25.0,0.0,1093.0,0.0
215,85,233.0,25.0,0.0,1094.0,0.0
215,85,234.0,25.0,0.0,1094.0,0.0
215,85,235.0,22.0,0.0,1094.0,0.0
215,85,236.0,22.0,0.0,1097.0,0.0
215,85,237.0,22.0,0.0,1097.0,0.0
215,85,238.0,21.0,0.0,1097.0,0.0
215,85,239.0,21.0,0.0,1098.0,0.0
215,85,240.0,20.0,0.0,1098.0,0.0
215,85,241.0,17.0,0.0,1099.0,0.0
215,85,242.0,16.0,0.0,1102.0,0.0
215,85,243.0,14.0,0.0,1103.0,0.0
215,85,244.0,14.0,0.0,1105.0,0.0
215,85,245.0,14.0,0.0,1105.0,0.0
215,85,246.0,13.0,0.0,1105.0,0.0
215,85,247.0,11.0,0.0,1106.0,0.0
215,85,248.0,9.0,0.0,1108.0,0.0
215,85,249.0,9.0,0.0,1110.0,0.0
215,85,250.0,8.0,0.0,1110.0,0.0
215,85,251.0,7.0,0.0,1111.0,0.0
215,85,252.0,7.0,0.0,1112.0,0.0
215,85,253.0,7.0,0.0,1112.0,0.0
215,85,254.0,6.0,0.0,1112.0,0.0
215,85,255.0,6.0,0.0,1113.0,0.0
215,85,256.0,6.0,0.0,1113.0,0.0
215,85,257.0,5.0,0.0,1113.0,0.0
215,85,258.0,5.0,0.0,1114.0,0.0
215,85,259.0,5.0,0.0,1114.0,0.0
215,85,260.0,4.0,0.0,1114.0,0.0
215,85,261.0,4.0,0.0,1115.0,0.0
215,85,262.0,3.0,0.0,1115.0,0.0
215,85,263.0,3.0,0.0,1116.0,0.0
215,85,264.0,3.0,0.0,1116.0,0.0
215,85,265.0,2.0,0.0,1116.0,0.0
215,85,266.0,1.0,0.0,1117.0,0.0
215,85,267.0,0.0,0.0,1118.0,0.0
215,85,268.0,0.0,0.0,1119.0,0.0
215,86,0.0,9.0,0.0,0.0,0.0
215,86,1.0,13.0,0.0,0.0,0.0
215,86,2.0,18.0,0.0,0.0,0.0
215,86,3.0,22.0,0.0,0.0,0.0
215,86,4.0,28.0,0.0,0.0,0.0
215,86,5.0,34.0,0.0,0.0,0.0
215,86,6.0,40.0,0.0,0.0,0.0
215,86,7.0,49.0,0.0,0.0,0.0
215,86,8.0,55.0,0.0,0.0,0.0
215,86,9.0,58.0,0.0,0.0,0.0
215,86,10.0,62.0,0.0,0.0,0.0
215,86,11.0,71.0,0.0,0.0,0.0
215,86,12.0,76.0,0.0,0.0,0.0
215,86,13.0,85.0,0.0,0.0,0.0
215,86,14.0,91.0,0.0,0.0,0.0
215,86,15.0,94.0,0.0,1.0,0.0
215,86,16.0,103.0,0.0,1.0,0.0
215,86,17.0,108.0,0.0,1.0,0.0
215,86,18.0,115.0,0.0,1.0,0.0
215,86,19.0,119.0,0.0,1.0,0.0
215,86,20.0,124.0,0.0,1.0,0.0
215,86,21.0,126.0,0.0,1.0,0.0
215,86,22.0,130.0,0.0,3.0,0.0
215,86,23.0,135.0,0.0,3.0,0.0
215,86,24.0,137.0,0.0,6.0,0.0
215,86,25.0,140.0,0.0,10.0,0.0
215,86,26.0,140.0,0.0,14.0,0.0
215,86,27.0,145.0,0.0,18.0,0.0
215,86,28.0,145.0,0.0,20.0,0.0
215,86,29.0,143.0,0.0,24.0,0.0
215,86,30.0,147.0,0.0,30.0,0.0
215,86,31.0,152.0,0.0,33.0,0.0
215,86,32.0,157.0,0.0,38.0,0.0
215,86,33.0,149.0,0.0,39.0,0.0
215,86,34.0,154.0,0.0,50.0,0.0
215,86,35.0,155.0,0.0,54.0,0.0
215,86,36.0,158.0,0.0,58.0,0.0
215,86,37.0,157.0,0.0,61.0,0.0
215,86,38.0,156.0,0.0,67.0,0.0
215,86,39.0,151.0,0.0,74.0,0.0
215,86,40.0,151.0,0.0,82.0,0.0
215,86,41.0,152.0,0.0,87.0,0.0
215,86,42.0,154.0,0.0,91.0,0.0
215,86,43.0,156.0,0.0,95.0,0.0
215,86,44.0,162.0,0.0,99.0,0.0
215,86,45.0,163.0,0.0,103.0,0.0
215,86,46.0,162.0,0.0,106.0,0.0
215,86,47.0,162.0,0.0,112.0,0.0
215,86,48.0,162.0,0.0,117.0,0.0
215,86,49.0,164.0,0.0,126.0,0.0
215,86,50.0,161.0,0.0,128.0,0.0
215,86,51.0,161.0,0.0,137.0,0.0
215,86,52.0,162.0,0.0,143.0,0.0
215,86,53.0,167.0,0.0,146.0,0.0
215,86,54.0,168.0,0.0,149.0,0.0
215,86,55.0,164.0,0.0,151.0,0.0
215,86,56.0,163.0,0.0,158.0,0.0
215,86,57.0,164.0,0.0,163.0,0.0
215,86,58.0,165.0,0.0,166.0,0.0
215,86,59.0,161.0,0.0,172.0,0.0
215,86,60.0,162.0,0.0,183.0,0.0
215,86,61.0,161.0,0.0,189.0,0.0
215,86,62.0,156.0,0.0,193.0,0.0
215,86,63.0,159.0,0.0,200.0,0.0
215,86,64.0,159.0,0.0,205.0,0.0
215,86,65.0,162.0,0.0,212.0,0.0
215,86,66.0,157.0,0.0,216.0,0.0
215,86,67.0,158.0,0.0,225.0,0.0
215,86,68.0,161.0,0.0,230.0,0.0
215,86,69.0,158.0,0.0,235.0,0.0
215,86,70.0,161.0,0.0,242.0,0.0
215,86,71.0,160.0,0.0,245.0,0.0
215,86,72.0,165.0,0.0,250.0,0.0
215,86,73.0,165.0,0.0,253.0,0.0
215,86,74.0,168.0,0.0,259.0,0.0
215,86,75.0,168.0,0.0,264.0,0.0
215,86,76.0,168.0,0.0,268.0,0.0
215,86,77.0,165.0,0.0,274.0,0.0
215,86,78.0,167.0,0.0,283.0,0.0
215,86,79.0,165.0,0.0,286.0,0.0
215,86,80.0,169.0,0.0,294.0,0.0
215,86,81.0,169.0,0.0,295.0,0.0
215,86,82.0,171.0,0.0,299.0,0.0
215,86,83.0,171.0,0.0,302.0,0.0
215,86,84.0,169.0,0.0,307.0,0.0
215,86,85.0,165.0,0.0,314.0,0.0
215,86,86.0,167.0,0.0,321.0,0.0
215,86,87.0,168.0,0.0,325.0,0.0
215,86,88.0,166.0,0.0,328.0,0.0
215,86,89.0,169.0,0.0,334.0,0.0
215,86,90.0,166.0,0.0,340.0,0.0
215,86,91.0,165.0,0.0,347.0,0.0
215,86,92.0,165.0,0.0,351.0,0.0
215,86,93.0,165.0,0.0,354.0,0.0
215,86,94.0,164.0,0.0,359.0,0.0
215,86,95.0,163.0,0.0,365.0,0.0
215,86,96.0,161.0,0.0,371.0,0.0
215,86,97.0,159.0,0.0,377.0,0.0
215,86,98.0,161.0,0.0,387.0,0.0
215,86,99.0,164.0,0.0,392.0,0.0
215,86,100.0,162.0,0.0,397.0,0.0
215,86,101.0,163.0,0.0,406.0,0.0
215,86,102.0,160.0,0.0,411.0,0.0
215,86,103.0,163.0,0.0,420.0,0.0
215,86,104.0,165.0,0.0,423.0,0.0
215,86,105.0,166.0,0.0,427.0,0.0
215,86,106.0,171.0,0.0,430.0,0.0
215,86,107.0,166.0,0.0,434.0,0.0
215,86,108.0,165.0,0.0,443.0,0.0
215,86,109.0,162.0,0.0,447.0,0.0
215,86,110.0,161.0,0.0,453.0,0.0
215,86,111.0,163.0,0.0,461.0,0.0
215,86,112.0,162.0,0.0,464.0,0.0
215,86,113.0,164.0,0.0,466.0,0.0
215,86,114.0,163.0,0.0,471.0,0.0
215,86,115.0,161.0,0.0,474.0,0.0
215,86,116.0,169.0,0.0,480.0,0.0
215,86,117.0,168.0,0.0,481.0,0.0
215,86,118.0,168.0,0.0,486.0,0.0
215,86,119.0,169.0,0.0,493.0,0.0
215,86,120.0,168.0,0.0,497.0,0.0
215,86,121.0,163.0,0.0,503.0,0.0
215,86,122.0,165.0,0.0,511.0,0.0
215,86,123.0,169.0,0.0,517.0,0.0
215,86,124.0,172.0,0.0,522.0,0.0
215,86,125.0,168.0,0.0,527.0,0.0
215,86,126.0,170.0,0.0,535.0,0.0
215,86,127.0,171.0,0.0,539.0,0.0
215,86,128.0,173.0,0.0,545.0,0.0
215,86,129.0,176.0,0.0,550.0,0.0
215,86,130.0,174.0,0.0,553.0,0.0
215,86,131.0,170.0,0.0,560.0,0.0
215,86,132.0,169.0,0.0,567.0,0.0
215,86,133.0,167.0,0.0,574.0,0.0
215,86,134.0,170.0,0.0,580.0,0.0
215,86,135.0,175.0,0.0,585.0,0.0
215,86,136.0,176.0,0.0,588.0,0.0
215,86,137.0,175.0,0.0,594.0,0.0
215,86,138.0,171.0,0.0,601.0,0.0
215,86,139.0,172.0,0.0,608.0,0.0
215,86,140.0,175.0,0.0,613.0,0.0
215,86,141.0,174.0,0.0,619.0,0.0
215,86,142.0,171.0,0.0,627.0,0.0
215,86,143.0,173.0,0.0,633.0,0.0
215,86,144.0,175.0,0.0,636.0,0.0
215,86,145.0,173.0,0.0,641.0,0.0
215,86,146.0,171.0,0.0,647.0,0.0
215,86,147.0,167.0,0.0,653.0,0.0
215,86,148.0,169.0,0.0,664.0,0.0
215,86,149.0,166.0,0.0,666.0,0.0
215,86,150.0,165.0,0.0,674.0,0.0
215,86,151.0,160.0,0.0,680.0,0.0
215,86,152.0,164.0,0.0,690.0,0.0
215,86,153.0,166.0,0.0,694.0,0.0
215,86,154.0,167.0,0.0,700.0,0.0
215,86,155.0,168.0,0.0,703.0,0.0
215,86,156.0,169.0,0.0,707.0,0.0
215,86,157.0,171.0,0.0,710.0,0.0
215,86,158.0,173.0,0.0,715.0,0.0
215,86,159.0,170.0,0.0,718.0,0.0
215,86,160.0,168.0,0.0,725.0,0.0
215,86,161.0,163.0,0.0,732.0,0.0
215,86,162.0,166.0,0.0,739.0,0.0
215,86,163.0,171.0,0.0,745.0,0.0
215,86,164.0,171.0,0.0,749.0,0.0
215,86,165.0,172.0,0.0,756.0,0.0
215,86,166.0,168.0,0.0,761.0,0.0
215,86,167.0,167.0,0.0,768.0,0.0
215,86,168.0,165.0,0.0,774.0,0.0
215,86,169.0,169.0,0.0,781.0,0.0
215,86,170.0,166.0,0.0,782.0,0.0
215,86,171.0,167.0,0.0,789.0,0.0
215,86,172.0,162.0,0.0,794.0,0.0
215,86,173.0,162.0,0.0,804.0,0.0
215,86,174.0,163.0,0.0,808.0,0.0
215,86,175.0,164.0,0.0,814.0,0.0
215,86,176.0,162.0,0.0,818.0,0.0
215,86,177.0,164.0,0.0,823.0,0.0
215,86,178.0,164.0,0.0,825.0,0.0
215,86,179.0,160.0,0.0,830.0,0.0
215,86,180.0,160.0,0.0,840.0,0.0
215,86,181.0,165.0,0.0,844.0,0.0
215,86,182.0,167.0,0.0,846.0,0.0
215,86,183.0,169.0,0.0,850.0,0.0
215,86,184.0,167.0,0.0,855.0,0.0
215,86,185.0,172.0,0.0,861.0,0.0
215,86,186.0,167.0,0.0,862.0,0.0
215,86,187.0,167.0,0.0,871.0,0.0
215,86,188.0,164.0,0.0,878.0,0.0
215,86,189.0,165.0,0.0,883.0,0.0
215,86,190.0,164.0,0.0,887.0,0.0
215,86,191.0,165.0,0.0,893.0,0.0
215,86,192.0,162.0,0.0,898.0,0.0
215,86,193.0,164.0,0.0,904.0,0.0
215,86,194.0,170.0,0.0,908.0,0.0
215,86,195.0,173.0,0.0,913.0,0.0
215,86,196.0,173.0,0.0,916.0,0.0
215,86,197.0,178.0,0.0,923.0,0.0
215,86,198.0,183.0,0.0,925.0,0.0
215,86,199.0,184.0,0.0,928.0,0.0
215,86,200.0,186.0,0.0,931.0,0.0
215,86,201.0,183.0,0.0,936.0,0.0
215,86,202.0,175.0,0.0,939.0,0.0
215,86,203.0,171.0,0.0,947.0,0.0
215,86,204.0,163.0,0.0,951.0,0.0
215,86,205.0,158.0,0.0,959.0,0.0
215,86,206.0,150.0,0.0,964.0,0.0
215,86,207.0,144.0,0.0,972.0,0.0
215,86,208.0,137.0,0.0,978.0,0.0
215,86,209.0,131.0,0.0,985.0,0.0
215,86,210.0,125.0,0.0,991.0,0.0
215,86,211.0,120.0,0.0,997.0,0.0
215,86,212.0,114.0,0.0,1002.0,0.0
215,86,213.0,107.0,0.0,1008.0,0.0
215,86,214.0,103.0,0.0,1015.0,0.0
215,86,215.0,99.0,0.0,1019.0,0.0
215,86,216.0,93.0,0.0,1023.0,0.0
215,86,217.0,90.0,0.0,1029.0,0.0
215,86,218.0,85.0,0.0,1032.0,0.0
215,86,219.0,76.0,0.0,1037.0,0.0
215,86,220.0,72.0,0.0,1046.0,0.0
215,86,221.0,67.0,0.0,1050.0,0.0
215,86,222.0,63.0,0.0,1055.0,0.0
215,86,223.0,59.0,0.0,1059.0,0.0
215,86,224.0,56.0,0.0,1063.0,0.0
215,86,225.0,52.0,0.0,1066.0,0.0
215,86,226.0,48.0,0.0,1070.0,0.0
215,86,227.0,45.0,0.0,1074.0,0.0
215,86,228.0,43.0,0.0,1077.0,0.0
215,86,229.0,39.0,0.0,1079.0,0.0
215,86,230.0,37.0,0.0,1083.0,0.0
215,86,231.0,36.0,0.0,1085.0,0.0
215,86,232.0,32.0,0.0,1086.0,0.0
215,86,233.0,31.0,0.0,1090.0,0.0
215,86,234.0,30.0,0.0,1091.0,0.0
215,86,235.0,30.0,0.0,1092.0,0.0
215,86,236.0,27.0,0.0,1092.0,0.0
215,86,237.0,21.0,0.0,1095.0,0.0
215,86,238.0,21.0,0.0,1101.0,0.0
215,86,239.0,19.0,0.0,1101.0,0.0
215,86,240.0,19.0,0.0,1103.0,0.0
215,86,241.0,15.0,0.0,1103.0,0.0
215,86,242.0,15.0,0.0,1107.0,0.0
215,86,243.0,12.0,0.0,1107.0,0.0
215,86,244.0,10.0,0.0,1110.0,0.0
215,86,245.0,10.0,0.0,1112.0,0.0
215,86,246.0,7.0,0.0,1112.0,0.0
215,86,247.0,7.0,0.0,1115.0,0.0
215,86,248.0,7.0,0.0,1115.0,0.0
215,86,249.0,6.0,0.0,1115.0,0.0
215,86,250.0,6.0,0.0,1116.0,0.0
215,86,251.0,4.0,0.0,1116.0,0.0
215,86,252.0,4.0,0.0,1118.0,0.0
215,86,253.0,4.0,0.0,1118.0,0.0
215,86,254.0,4.0,0.0,1118.0,0.0
215,86,255.0,3.0,0.0,1118.0,0.0
215,86,256.0,3.0,0.0,1119.0,0.0
215,86,257.0,3.0,0.0,1119.0,0.0
215,86,258.0,2.0,0.0,1119.0,0.0
215,86,259.0,2.0,0.0,1120.0,0.0
215,86,260.0,2.0,0.0,1120.0,0.0
215,86,261.0,1.0,0.0,1120.0,0.0
215,86,262.0,1.0,0.0,1121.0,0.0
215,86,263.0,1.0,0.0,1121.0,0.0
215,86,264.0,1.0,0.0,1121.0,0.0
215,86,265.0,1.0,0.0,1121.0,0.0
215,86,266.0,1.0,0.0,1121.0,0.0
215,86,267.0,1.0,0.0,1121.0,0.0
215,86,268.0,0.0,0.0,1121.0,0.0
215,86,269.0,0.0,0.0,1122.0,0.0
215,87,0.0,6.0,0.0,0.0,0.0
215,87,1.0,9.0,0.0,0.0,0.0
215,87,2.0,11.0,0.0,0.0,0.0
215,87,3.0,14.0,0.0,0.0,0.0
215,87,4.0,16.0,0.0,0.0,0.0
215,87,5.0,20.0,0.0,0.0,0.0
215,87,6.0,25.0,0.0,0.0,0.0
215,87,7.0,30.0,0.0,0.0,0.0
215,87,8.0,36.0,0.0,0.0,0.0
215,87,9.0,40.0,0.0,0.0,0.0
215,87,10.0,49.0,0.0,0.0,0.0
215,87,11.0,55.0,0.0,1.0,0.0
215,87,12.0,59.0,0.0,1.0,0.0
215,87,13.0,63.0,0.0,1.0,0.0
215,87,14.0,68.0,0.0,1.0,0.0
215,87,15.0,73.0,0.0,1.0,0.0
215,87,16.0,79.0,0.0,1.0,0.0
215,87,17.0,84.0,0.0,1.0,0.0
215,87,18.0,93.0,0.0,1.0,0.0
215,87,19.0,99.0,0.0,1.0,0.0
215,87,20.0,105.0,0.0,2.0,0.0
215,87,21.0,107.0,0.0,3.0,0.0
215,87,22.0,112.0,0.0,4.0,0.0
215,87,23.0,119.0,0.0,5.0,0.0
215,87,24.0,121.0,0.0,6.0,0.0
215,87,25.0,126.0,0.0,8.0,0.0
215,87,26.0,129.0,0.0,9.0,0.0
215,87,27.0,132.0,0.0,11.0,0.0
215,87,28.0,134.0,0.0,13.0,0.0
215,87,29.0,134.0,0.0,15.0,0.0
215,87,30.0,134.0,0.0,18.0,0.0
215,87,31.0,133.0,0.0,21.0,0.0
215,87,32.0,133.0,0.0,26.0,0.0
215,87,33.0,137.0,0.0,31.0,0.0
215,87,34.0,144.0,0.0,33.0,0.0
215,87,35.0,148.0,0.0,34.0,0.0
215,87,36.0,144.0,0.0,35.0,0.0
215,87,37.0,144.0,0.0,40.0,0.0
215,87,38.0,143.0,0.0,43.0,0.0
215,87,39.0,132.0,0.0,48.0,0.0
215,87,40.0,128.0,0.0,61.0,0.0
215,87,41.0,131.0,0.0,68.0,0.0
215,87,42.0,132.0,0.0,72.0,0.0
215,87,43.0,133.0,0.0,76.0,0.0
215,87,44.0,136.0,0.0,83.0,0.0
215,87,45.0,137.0,0.0,86.0,0.0
215,87,46.0,141.0,0.0,89.0,0.0
215,87,47.0,145.0,0.0,92.0,0.0
215,87,48.0,147.0,0.0,94.0,0.0
215,87,49.0,147.0,0.0,98.0,0.0
215,87,50.0,147.0,0.0,101.0,0.0
215,87,51.0,150.0,0.0,106.0,0.0
215,87,52.0,152.0,0.0,110.0,0.0
215,87,53.0,154.0,0.0,113.0,0.0
215,87,54.0,160.0,0.0,119.0,0.0
215,87,55.0,163.0,0.0,122.0,0.0
215,87,56.0,165.0,0.0,126.0,0.0
215,87,57.0,162.0,0.0,129.0,0.0
215,87,58.0,164.0,0.0,133.0,0.0
215,87,59.0,164.0,0.0,138.0,0.0
215,87,60.0,165.0,0.0,145.0,0.0
215,87,61.0,164.0,0.0,148.0,0.0
215,87,62.0,166.0,0.0,154.0,0.0
215,87,63.0,166.0,0.0,157.0,0.0
215,87,64.0,169.0,0.0,162.0,0.0
215,87,65.0,170.0,0.0,164.0,0.0
215,87,66.0,169.0,0.0,167.0,0.0
215,87,67.0,170.0,0.0,172.0,0.0
215,87,68.0,171.0,0.0,176.0,0.0
215,87,69.0,167.0,0.0,181.0,0.0
215,87,70.0,171.0,0.0,191.0,0.0
215,87,71.0,167.0,0.0,194.0,0.0
215,87,72.0,168.0,0.0,202.0,0.0
215,87,73.0,166.0,0.0,209.0,0.0
215,87,74.0,165.0,0.0,217.0,0.0
215,87,75.0,162.0,0.0,222.0,0.0
215,87,76.0,155.0,0.0,230.0,0.0
215,87,77.0,151.0,0.0,241.0,0.0
215,87,78.0,155.0,0.0,248.0,0.0
215,87,79.0,156.0,0.0,256.0,0.0
215,87,80.0,153.0,0.0,259.0,0.0
215,87,81.0,155.0,0.0,265.0,0.0
215,87,82.0,156.0,0.0,271.0,0.0
215,87,83.0,157.0,0.0,276.0,0.0
215,87,84.0,155.0,0.0,281.0,0.0
215,87,85.0,156.0,0.0,286.0,0.0
215,87,86.0,155.0,0.0,290.0,0.0
215,87,87.0,160.0,0.0,297.0,0.0
215,87,88.0,164.0,0.0,299.0,0.0
215,87,89.0,169.0,0.0,303.0,0.0
215,87,90.0,169.0,0.0,308.0,0.0
215,87,91.0,168.0,0.0,314.0,0.0
215,87,92.0,165.0,0.0,319.0,0.0
215,87,93.0,169.0,0.0,327.0,0.0
215,87,94.0,173.0,0.0,329.0,0.0
215,87,95.0,179.0,0.0,332.0,0.0
215,87,96.0,182.0,0.0,336.0,0.0
215,87,97.0,185.0,0.0,341.0,0.0
215,87,98.0,186.0,0.0,346.0,0.0
215,87,99.0,186.0,0.0,351.0,0.0
215,87,100.0,184.0,0.0,356.0,0.0
215,87,101.0,181.0,0.0,365.0,0.0
215,87,102.0,182.0,0.0,372.0,0.0
215,87,103.0,188.0,0.0,374.0,0.0
215,87,104.0,183.0,0.0,376.0,0.0
215,87,105.0,185.0,0.0,385.0,0.0
215,87,106.0,182.0,0.0,388.0,0.0
215,87,107.0,182.0,0.0,395.0,0.0
215,87,108.0,182.0,0.0,401.0,0.0
215,87,109.0,185.0,0.0,406.0,0.0
215,87,110.0,185.0,0.0,412.0,0.0
215,87,111.0,186.0,0.0,416.0,0.0
215,87,112.0,190.0,0.0,421.0,0.0
215,87,113.0,185.0,0.0,424.0,0.0
215,87,114.0,183.0,0.0,433.0,0.0
215,87,115.0,179.0,0.0,437.0,0.0
215,87,116.0,179.0,0.0,444.0,0.0
215,87,117.0,177.0,0.0,449.0,0.0
215,87,118.0,172.0,0.0,458.0,0.0
215,87,119.0,171.0,0.0,467.0,0.0
215,87,120.0,166.0,0.0,474.0,0.0
215,87,121.0,168.0,0.0,481.0,0.0
215,87,122.0,166.0,0.0,487.0,0.0
215,87,123.0,165.0,0.0,497.0,0.0
215,87,124.0,166.0,0.0,502.0,0.0
215,87,125.0,165.0,0.0,508.0,0.0
215,87,126.0,157.0,0.0,513.0,0.0
215,87,127.0,161.0,0.0,523.0,0.0
215,87,128.0,163.0,0.0,527.0,0.0
215,87,129.0,163.0,0.0,532.0,0.0
215,87,130.0,165.0,0.0,535.0,0.0
215,87,131.0,163.0,0.0,540.0,0.0
215,87,132.0,162.0,0.0,548.0,0.0
215,87,133.0,159.0,0.0,552.0,0.0
215,87,134.0,162.0,0.0,558.0,0.0
215,87,135.0,165.0,0.0,562.0,0.0
215,87,136.0,166.0,0.0,564.0,0.0
215,87,137.0,167.0,0.0,569.0,0.0
215,87,138.0,165.0,0.0,572.0,0.0
215,87,139.0,169.0,0.0,579.0,0.0
215,87,140.0,169.0,0.0,585.0,0.0
215,87,141.0,165.0,0.0,589.0,0.0
215,87,142.0,159.0,0.0,595.0,0.0
215,87,143.0,157.0,0.0,606.0,0.0
215,87,144.0,157.0,0.0,613.0,0.0
215,87,145.0,158.0,0.0,620.0,0.0
215,87,146.0,163.0,0.0,623.0,0.0
215,87,147.0,165.0,0.0,627.0,0.0
215,87,148.0,164.0,0.0,630.0,0.0
215,87,149.0,163.0,0.0,635.0,0.0
215,87,150.0,167.0,0.0,639.0,0.0
215,87,151.0,165.0,0.0,641.0,0.0
215,87,152.0,171.0,0.0,651.0,0.0
215,87,153.0,173.0,0.0,654.0,0.0
215,87,154.0,171.0,0.0,658.0,0.0
215,87,155.0,171.0,0.0,664.0,0.0
215,87,156.0,172.0,0.0,672.0,0.0
215,87,157.0,169.0,0.0,677.0,0.0
215,87,158.0,169.0,0.0,683.0,0.0
215,87,159.0,169.0,0.0,688.0,0.0
215,87,160.0,172.0,0.0,692.0,0.0
215,87,161.0,167.0,0.0,695.0,0.0
215,87,162.0,170.0,0.0,704.0,0.0
215,87,163.0,172.0,0.0,707.0,0.0
215,87,164.0,171.0,0.0,712.0,0.0
215,87,165.0,167.0,0.0,720.0,0.0
215,87,166.0,170.0,0.0,728.0,0.0
215,87,167.0,171.0,0.0,732.0,0.0
215,87,168.0,172.0,0.0,738.0,0.0
215,87,169.0,169.0,0.0,742.0,0.0
215,87,170.0,171.0,0.0,749.0,0.0
215,87,171.0,173.0,0.0,754.0,0.0
215,87,172.0,172.0,0.0,757.0,0.0
215,87,173.0,171.0,0.0,762.0,0.0
215,87,174.0,173.0,0.0,769.0,0.0
215,87,175.0,171.0,0.0,773.0,0.0
215,87,176.0,180.0,0.0,781.0,0.0
215,87,177.0,175.0,0.0,783.0,0.0
215,87,178.0,172.0,0.0,795.0,0.0
215,87,179.0,176.0,0.0,799.0,0.0
215,87,180.0,179.0,0.0,801.0,0.0
215,87,181.0,180.0,0.0,804.0,0.0
215,87,182.0,177.0,0.0,811.0,0.0
215,87,183.0,174.0,0.0,819.0,0.0
215,87,184.0,178.0,0.0,828.0,0.0
215,87,185.0,174.0,0.0,831.0,0.0
215,87,186.0,171.0,0.0,837.0,0.0
215,87,187.0,168.0,0.0,843.0,0.0
215,87,188.0,167.0,0.0,850.0,0.0
215,87,189.0,169.0,0.0,855.0,0.0
215,87,190.0,163.0,0.0,857.0,0.0
215,87,191.0,166.0,0.0,867.0,0.0
215,87,192.0,166.0,0.0,874.0,0.0
215,87,193.0,167.0,0.0,877.0,0.0
215,87,194.0,165.0,0.0,879.0,0.0
215,87,195.0,170.0,0.0,885.0,0.0
215,87,196.0,167.0,0.0,888.0,0.0
215,87,197.0,162.0,0.0,894.0,0.0
215,87,198.0,158.0,0.0,903.0,0.0
215,87,199.0,158.0,0.0,910.0,0.0
215,87,200.0,155.0,0.0,913.0,0.0
215,87,201.0,151.0,0.0,920.0,0.0
215,87,202.0,148.0,0.0,924.0,0.0
215,87,203.0,145.0,0.0,927.0,0.0
215,87,204.0,139.0,0.0,930.0,0.0
215,87,205.0,130.0,0.0,936.0,0.0
215,87,206.0,124.0,0.0,945.0,0.0
215,87,207.0,117.0,0.0,951.0,0.0
215,87,208.0,112.0,0.0,958.0,0.0
215,87,209.0,107.0,0.0,963.0,0.0
215,87,210.0,103.0,0.0,968.0,0.0
215,87,211.0,97.0,0.0,972.0,0.0
215,87,212.0,94.0,0.0,978.0,0.0
215,87,213.0,90.0,0.0,981.0,0.0
215,87,214.0,86.0,0.0,985.0,0.0
215,87,215.0,83.0,0.0,989.0,0.0
215,87,216.0,79.0,0.0,992.0,0.0
215,87,217.0,77.0,0.0,996.0,0.0
215,87,218.0,73.0,0.0,998.0,0.0
215,87,219.0,67.0,0.0,1002.0,0.0
215,87,220.0,66.0,0.0,1008.0,0.0
215,87,221.0,58.0,0.0,1009.0,0.0
215,87,222.0,50.0,0.0,1017.0,0.0
215,87,223.0,47.0,0.0,1025.0,0.0
215,87,224.0,44.0,0.0,1028.0,0.0
215,87,225.0,39.0,0.0,1031.0,0.0
215,87,226.0,38.0,0.0,1036.0,0.0
215,87,227.0,38.0,0.0,1037.0,0.0
215,87,228.0,35.0,0.0,1037.0,0.0
215,87,229.0,34.0,0.0,1040.0,0.0
215,87,230.0,33.0,0.0,1041.0,0.0
215,87,231.0,32.0,0.0,1042.0,0.0
215,87,232.0,31.0,0.0,1043.0,0.0
215,87,233.0,31.0,0.0,1044.0,0.0
215,87,234.0,27.0,0.0,1044.0,0.0
215,87,235.0,27.0,0.0,1048.0,0.0
215,87,236.0,25.0,0.0,1048.0,0.0
215,87,237.0,23.0,0.0,1050.0,0.0
215,87,238.0,21.0,0.0,1052.0,0.0
215,87,239.0,19.0,0.0,1054.0,0.0
215,87,240.0,17.0,0.0,1056.0,0.0
215,87,241.0,15.0,0.0,1058.0,0.0
215,87,242.0,15.0,0.0,1060.0,0.0
215,87,243.0,14.0,0.0,1060.0,0.0
215,87,244.0,12.0,0.0,1061.0,0.0
215,87,245.0,12.0,0.0,1063.0,0.0
215,87,246.0,12.0,0.0,1063.0,0.0
215,87,247.0,11.0,0.0,1063.0,0.0
215,87,248.0,11.0,0.0,1064.0,0.0
215,87,249.0,11.0,0.0,1064.0,0.0
215,87,250.0,11.0,0.0,1064.0,0.0
215,87,251.0,9.0,0.0,1064.0,0.0
215,87,252.0,8.0,0.0,1066.0,0.0
215,87,253.0,7.0,0.0,1067.0,0.0
215,87,254.0,6.0,0.0,1068.0,0.0
215,87,255.0,6.0,0.0,1069.0,0.0
215,87,256.0,5.0,0.0,1069.0,0.0
215,87,257.0,3.0,0.0,1070.0,0.0
215,87,258.0,2.0,0.0,1072.0,0.0
215,87,259.0,2.0,0.0,1073.0,0.0
215,87,260.0,2.0,0.0,1073.0,0.0
215,87,261.0,1.0,0.0,1073.0,0.0
215,87,262.0,1.0,0.0,1074.0,0.0
215,87,263.0,1.0,0.0,1074.0,0.0
215,87,264.0,1.0,0.0,1074.0,0.0
215,87,265.0,1.0,0.0,1074.0,0.0
215,87,266.0,0.0,0.0,1074.0,0.0
215,87,267.0,0.0,0.0,1075.0,0.0
215,88,0.0,10.0,0.0,0.0,0.0
215,88,1.0,13.0,0.0,0.0,0.0
215,88,2.0,17.0,0.0,0.0,0.0
215,88,3.0,24.0,0.0,0.0,0.0
215,88,4.0,27.0,0.0,0.0,0.0
215,88,5.0,31.0,0.0,0.0,0.0
215,88,6.0,39.0,0.0,0.0,0.0
215,88,7.0,45.0,0.0,0.0,0.0
215,88,8.0,49.0,0.0,0.0,0.0
215,88,9.0,53.0,0.0,0.0,0.0
215,88,10.0,56.0,0.0,0.0,0.0
215,88,11.0,60.0,0.0,0.0,0.0
215,88,12.0,66.0,0.0,0.0,0.0
215,88,13.0,72.0,0.0,1.0,0.0
215,88,14.0,77.0,0.0,1.0,0.0
215,88,15.0,83.0,0.0,1.0,0.0
215,88,16.0,92.0,0.0,1.0,0.0
215,88,17.0,93.0,0.0,1.0,0.0
215,88,18.0,95.0,0.0,3.0,0.0
215,88,19.0,101.0,0.0,3.0,0.0
215,88,20.0,105.0,0.0,3.0,0.0
215,88,21.0,108.0,0.0,3.0,0.0
215,88,22.0,111.0,0.0,5.0,0.0
215,88,23.0,115.0,0.0,8.0,0.0
215,88,24.0,120.0,0.0,9.0,0.0
215,88,25.0,122.0,0.0,10.0,0.0
215,88,26.0,121.0,0.0,13.0,0.0
215,88,27.0,122.0,0.0,16.0,0.0
215,88,28.0,121.0,0.0,19.0,0.0
215,88,29.0,125.0,0.0,22.0,0.0
215,88,30.0,125.0,0.0,24.0,0.0
215,88,31.0,132.0,0.0,28.0,0.0
215,88,32.0,135.0,0.0,30.0,0.0
215,88,33.0,139.0,0.0,33.0,0.0
215,88,34.0,139.0,0.0,36.0,0.0
215,88,35.0,141.0,0.0,39.0,0.0
215,88,36.0,141.0,0.0,44.0,0.0
215,88,37.0,142.0,0.0,50.0,0.0
215,88,38.0,145.0,0.0,54.0,0.0
215,88,39.0,144.0,0.0,57.0,0.0
215,88,40.0,147.0,0.0,63.0,0.0
215,88,41.0,151.0,0.0,67.0,0.0
215,88,42.0,152.0,0.0,70.0,0.0
215,88,43.0,152.0,0.0,74.0,0.0
215,88,44.0,154.0,0.0,80.0,0.0
215,88,45.0,156.0,0.0,82.0,0.0
215,88,46.0,159.0,0.0,84.0,0.0
215,88,47.0,158.0,0.0,88.0,0.0
215,88,48.0,157.0,0.0,92.0,0.0
215,88,49.0,155.0,0.0,98.0,0.0
215,88,50.0,157.0,0.0,104.0,0.0
215,88,51.0,160.0,0.0,108.0,0.0
215,88,52.0,162.0,0.0,111.0,0.0
215,88,53.0,162.0,0.0,115.0,0.0
215,88,54.0,164.0,0.0,120.0,0.0
215,88,55.0,161.0,0.0,123.0,0.0
215,88,56.0,161.0,0.0,129.0,0.0
215,88,57.0,161.0,0.0,133.0,0.0
215,88,58.0,160.0,0.0,136.0,0.0
215,88,59.0,161.0,0.0,142.0,0.0
215,88,60.0,157.0,0.0,147.0,0.0
215,88,61.0,158.0,0.0,154.0,0.0
215,88,62.0,157.0,0.0,161.0,0.0
215,88,63.0,155.0,0.0,166.0,0.0
215,88,64.0,157.0,0.0,174.0,0.0
215,88,65.0,157.0,0.0,176.0,0.0
215,88,66.0,148.0,0.0,179.0,0.0
215,88,67.0,146.0,0.0,191.0,0.0
215,88,68.0,147.0,0.0,196.0,0.0
215,88,69.0,148.0,0.0,201.0,0.0
215,88,70.0,151.0,0.0,205.0,0.0
215,88,71.0,154.0,0.0,211.0,0.0
215,88,72.0,148.0,0.0,214.0,0.0
215,88,73.0,151.0,0.0,225.0,0.0
215,88,74.0,153.0,0.0,228.0,0.0
215,88,75.0,153.0,0.0,233.0,0.0
215,88,76.0,155.0,0.0,240.0,0.0
215,88,77.0,155.0,0.0,245.0,0.0
215,88,78.0,156.0,0.0,248.0,0.0
215,88,79.0,155.0,0.0,252.0,0.0
215,88,80.0,156.0,0.0,257.0,0.0
215,88,81.0,155.0,0.0,260.0,0.0
215,88,82.0,152.0,0.0,264.0,0.0
215,88,83.0,152.0,0.0,272.0,0.0
215,88,84.0,155.0,0.0,277.0,0.0
215,88,85.0,157.0,0.0,282.0,0.0
215,88,86.0,157.0,0.0,287.0,0.0
215,88,87.0,157.0,0.0,291.0,0.0
215,88,88.0,165.0,0.0,296.0,0.0
215,88,89.0,166.0,0.0,298.0,0.0
215,88,90.0,166.0,0.0,304.0,0.0
215,88,91.0,165.0,0.0,309.0,0.0
215,88,92.0,166.0,0.0,316.0,0.0
215,88,93.0,164.0,0.0,320.0,0.0
215,88,94.0,163.0,0.0,327.0,0.0
215,88,95.0,166.0,0.0,334.0,0.0
215,88,96.0,172.0,0.0,338.0,0.0
215,88,97.0,173.0,0.0,340.0,0.0
215,88,98.0,171.0,0.0,346.0,0.0
215,88,99.0,174.0,0.0,353.0,0.0
215,88,100.0,169.0,0.0,354.0,0.0
215,88,101.0,174.0,0.0,363.0,0.0
215,88,102.0,173.0,0.0,366.0,0.0
215,88,103.0,177.0,0.0,372.0,0.0
215,88,104.0,176.0,0.0,375.0,0.0
215,88,105.0,176.0,0.0,380.0,0.0
215,88,106.0,180.0,0.0,386.0,0.0
215,88,107.0,182.0,0.0,389.0,0.0
215,88,108.0,181.0,0.0,392.0,0.0
215,88,109.0,189.0,0.0,402.0,0.0
215,88,110.0,185.0,0.0,407.0,0.0
215,88,111.0,186.0,0.0,416.0,0.0
215,88,112.0,189.0,0.0,422.0,0.0
215,88,113.0,190.0,0.0,428.0,0.0
215,88,114.0,190.0,0.0,435.0,0.0
215,88,115.0,191.0,0.0,439.0,0.0
215,88,116.0,188.0,0.0,443.0,0.0
215,88,117.0,187.0,0.0,449.0,0.0
215,88,118.0,190.0,0.0,455.0,0.0
215,88,119.0,194.0,0.0,461.0,0.0
215,88,120.0,194.0,0.0,464.0,0.0
215,88,121.0,199.0,0.0,471.0,0.0
215,88,122.0,198.0,0.0,475.0,0.0
215,88,123.0,197.0,0.0,481.0,0.0
215,88,124.0,199.0,0.0,486.0,0.0
215,88,125.0,196.0,0.0,492.0,0.0
215,88,126.0,191.0,0.0,498.0,0.0
215,88,127.0,191.0,0.0,508.0,0.0
215,88,128.0,192.0,0.0,511.0,0.0
215,88,129.0,193.0,0.0,515.0,0.0
215,88,130.0,189.0,0.0,521.0,0.0
215,88,131.0,188.0,0.0,532.0,0.0
215,88,132.0,184.0,0.0,538.0,0.0
215,88,133.0,180.0,0.0,546.0,0.0
215,88,134.0,173.0,0.0,555.0,0.0
215,88,135.0,172.0,0.0,565.0,0.0
215,88,136.0,172.0,0.0,570.0,0.0
215,88,137.0,168.0,0.0,575.0,0.0
215,88,138.0,167.0,0.0,582.0,0.0
215,88,139.0,165.0,0.0,587.0,0.0
215,88,140.0,159.0,0.0,594.0,0.0
215,88,141.0,160.0,0.0,606.0,0.0
215,88,142.0,156.0,0.0,611.0,0.0
215,88,143.0,159.0,0.0,619.0,0.0
215,88,144.0,160.0,0.0,623.0,0.0
215,88,145.0,161.0,0.0,631.0,0.0
215,88,146.0,156.0,0.0,633.0,0.0
215,88,147.0,157.0,0.0,639.0,0.0
215,88,148.0,155.0,0.0,644.0,0.0
215,88,149.0,154.0,0.0,650.0,0.0
215,88,150.0,152.0,0.0,656.0,0.0
215,88,151.0,152.0,0.0,665.0,0.0
215,88,152.0,155.0,0.0,671.0,0.0
215,88,153.0,154.0,0.0,673.0,0.0
215,88,154.0,156.0,0.0,679.0,0.0
215,88,155.0,155.0,0.0,683.0,0.0
215,88,156.0,155.0,0.0,688.0,0.0
215,88,157.0,159.0,0.0,695.0,0.0
215,88,158.0,158.0,0.0,697.0,0.0
215,88,159.0,158.0,0.0,706.0,0.0
215,88,160.0,161.0,0.0,713.0,0.0
215,88,161.0,166.0,0.0,717.0,0.0
215,88,162.0,168.0,0.0,720.0,0.0
215,88,163.0,166.0,0.0,724.0,0.0
215,88,164.0,167.0,0.0,729.0,0.0
215,88,165.0,170.0,0.0,734.0,0.0
215,88,166.0,172.0,0.0,736.0,0.0
215,88,167.0,173.0,0.0,741.0,0.0
215,88,168.0,177.0,0.0,745.0,0.0
215,88,169.0,175.0,0.0,748.0,0.0
215,88,170.0,172.0,0.0,752.0,0.0
215,88,171.0,168.0,0.0,763.0,0.0
215,88,172.0,170.0,0.0,770.0,0.0
215,88,173.0,168.0,0.0,774.0,0.0
215,88,174.0,167.0,0.0,780.0,0.0
215,88,175.0,174.0,0.0,784.0,0.0
215,88,176.0,177.0,0.0,785.0,0.0
215,88,177.0,182.0,0.0,789.0,0.0
215,88,178.0,182.0,0.0,794.0,0.0
215,88,179.0,187.0,0.0,799.0,0.0
215,88,180.0,187.0,0.0,802.0,0.0
215,88,181.0,185.0,0.0,806.0,0.0
215,88,182.0,181.0,0.0,812.0,0.0
215,88,183.0,181.0,0.0,823.0,0.0
215,88,184.0,186.0,0.0,829.0,0.0
215,88,185.0,187.0,0.0,834.0,0.0
215,88,186.0,190.0,0.0,839.0,0.0
215,88,187.0,187.0,0.0,846.0,0.0
215,88,188.0,186.0,0.0,852.0,0.0
215,88,189.0,187.0,0.0,857.0,0.0
215,88,190.0,190.0,0.0,862.0,0.0
215,88,191.0,189.0,0.0,865.0,0.0
215,88,192.0,189.0,0.0,870.0,0.0
215,88,193.0,187.0,0.0,874.0,0.0
215,88,194.0,191.0,0.0,882.0,0.0
215,88,195.0,195.0,0.0,885.0,0.0
215,88,196.0,193.0,0.0,888.0,0.0
215,88,197.0,192.0,0.0,896.0,0.0
215,88,198.0,196.0,0.0,903.0,0.0
215,88,199.0,193.0,0.0,906.0,0.0
215,88,200.0,187.0,0.0,915.0,0.0
215,88,201.0,178.0,0.0,925.0,0.0
215,88,202.0,173.0,0.0,934.0,0.0
215,88,203.0,167.0,0.0,939.0,0.0
215,88,204.0,161.0,0.0,945.0,0.0
215,88,205.0,154.0,0.0,951.0,0.0
215,88,206.0,148.0,0.0,958.0,0.0
215,88,207.0,142.0,0.0,964.0,0.0
215,88,208.0,137.0,0.0,970.0,0.0
215,88,209.0,134.0,0.0,975.0,0.0
215,88,210.0,129.0,0.0,978.0,0.0
215,88,211.0,122.0,0.0,983.0,0.0
215,88,212.0,114.0,0.0,990.0,0.0
215,88,213.0,104.0,0.0,998.0,0.0
215,88,214.0,99.0,0.0,1008.0,0.0
215,88,215.0,95.0,0.0,1013.0,0.0
215,88,216.0,88.0,0.0,1017.0,0.0
215,88,217.0,86.0,0.0,1024.0,0.0
215,88,218.0,78.0,0.0,1026.0,0.0
215,88,219.0,73.0,0.0,1034.0,0.0
215,88,220.0,68.0,0.0,1039.0,0.0
215,88,221.0,61.0,0.0,1044.0,0.0
215,88,222.0,60.0,0.0,1051.0,0.0
215,88,223.0,56.0,0.0,1052.0,0.0
215,88,224.0,49.0,0.0,1056.0,0.0
215,88,225.0,47.0,0.0,1063.0,0.0
215,88,226.0,44.0,0.0,1065.0,0.0
215,88,227.0,42.0,0.0,1068.0,0.0
215,88,228.0,40.0,0.0,1070.0,0.0
215,88,229.0,32.0,0.0,1072.0,0.0
215,88,230.0,30.0,0.0,1080.0,0.0
215,88,231.0,30.0,0.0,1082.0,0.0
215,88,232.0,28.0,0.0,1082.0,0.0
215,88,233.0,26.0,0.0,1084.0,0.0
215,88,234.0,24.0,0.0,1086.0,0.0
215,88,235.0,24.0,0.0,1088.0,0.0
215,88,236.0,23.0,0.0,1088.0,0.0
215,88,237.0,21.0,0.0,1089.0,0.0
215,88,238.0,18.0,0.0,1091.0,0.0
215,88,239.0,17.0,0.0,1094.0,0.0
215,88,240.0,16.0,0.0,1095.0,0.0
215,88,241.0,13.0,0.0,1096.0,0.0
215,88,242.0,13.0,0.0,1099.0,0.0
215,88,243.0,12.0,0.0,1099.0,0.0
215,88,244.0,11.0,0.0,1100.0,0.0
215,88,245.0,9.0,0.0,1101.0,0.0
215,88,246.0,8.0,0.0,1103.0,0.0
215,88,247.0,8.0,0.0,1104.0,0.0
215,88,248.0,7.0,0.0,1104.0,0.0
215,88,249.0,6.0,0.0,1105.0,0.0
215,88,250.0,5.0,0.0,1106.0,0.0
215,88,251.0,4.0,0.0,1107.0,0.0
215,88,252.0,4.0,0.0,1108.0,0.0
215,88,253.0,2.0,0.0,1108.0,0.0
215,88,254.0,2.0,0.0,1110.0,0.0
215,88,255.0,2.0,0.0,1110.0,0.0
215,88,256.0,2.0,0.0,1110.0,0.0
215,88,257.0,2.0,0.0,1110.0,0.0
215,88,258.0,2.0,0.0,1110.0,0.0
215,88,259.0,2.0,0.0,1110.0,0.0
215,88,260.0,2.0,0.0,1110.0,0.0
215,88,261.0,1.0,0.0,1110.0,0.0
215,88,262.0,0.0,0.0,1111.0,0.0
215,88,263.0,0.0,0.0,1112.0,0.0
215,89,0.0,9.0,0.0,0.0,0.0
215,89,1.0,13.0,0.0,0.0,0.0
215,89,2.0,17.0,0.0,0.0,0.0
215,89,3.0,24.0,0.0,0.0,0.0
215,89,4.0,29.0,0.0,0.0,0.0
215,89,5.0,33.0,0.0,0.0,0.0
215,89,6.0,39.0,0.0,0.0,0.0
215,89,7.0,43.0,0.0,0.0,0.0
215,89,8.0,49.0,0.0,0.0,0.0
215,89,9.0,56.0,0.0,0.0,0.0
215,89,10.0,61.0,0.0,0.0,0.0
215,89,11.0,68.0,0.0,0.0,0.0
215,89,12.0,71.0,0.0,0.0,0.0
215,89,13.0,76.0,0.0,0.0,0.0
215,89,14.0,79.0,0.0,0.0,0.0
215,89,15.0,85.0,0.0,1.0,0.0
215,89,16.0,92.0,0.0,1.0,0.0
215,89,17.0,97.0,0.0,1.0,0.0
215,89,18.0,102.0,0.0,1.0,0.0
215,89,19.0,111.0,0.0,2.0,0.0
215,89,20.0,116.0,0.0,3.0,0.0
215,89,21.0,119.0,0.0,3.0,0.0
215,89,22.0,123.0,0.0,4.0,0.0
215,89,23.0,129.0,0.0,6.0,0.0
215,89,24.0,127.0,0.0,7.0,0.0
215,89,25.0,132.0,0.0,11.0,0.0
215,89,26.0,134.0,0.0,12.0,0.0
215,89,27.0,140.0,0.0,15.0,0.0
215,89,28.0,140.0,0.0,17.0,0.0
215,89,29.0,142.0,0.0,22.0,0.0
215,89,30.0,146.0,0.0,26.0,0.0
215,89,31.0,150.0,0.0,27.0,0.0
215,89,32.0,150.0,0.0,29.0,0.0
215,89,33.0,150.0,0.0,33.0,0.0
215,89,34.0,153.0,0.0,39.0,0.0
215,89,35.0,153.0,0.0,41.0,0.0
215,89,36.0,154.0,0.0,47.0,0.0
215,89,37.0,156.0,0.0,51.0,0.0
215,89,38.0,160.0,0.0,55.0,0.0
215,89,39.0,166.0,0.0,57.0,0.0
215,89,40.0,166.0,0.0,61.0,0.0
215,89,41.0,168.0,0.0,68.0,0.0
215,89,42.0,166.0,0.0,72.0,0.0
215,89,43.0,166.0,0.0,78.0,0.0
215,89,44.0,170.0,0.0,85.0,0.0
215,89,45.0,168.0,0.0,88.0,0.0
215,89,46.0,171.0,0.0,92.0,0.0
215,89,47.0,168.0,0.0,96.0,0.0
215,89,48.0,171.0,0.0,103.0,0.0
215,89,49.0,173.0,0.0,107.0,0.0
215,89,50.0,174.0,0.0,113.0,0.0
215,89,51.0,172.0,0.0,118.0,0.0
215,89,52.0,173.0,0.0,123.0,0.0
215,89,53.0,174.0,0.0,129.0,0.0
215,89,54.0,173.0,0.0,132.0,0.0
215,89,55.0,174.0,0.0,137.0,0.0
215,89,56.0,172.0,0.0,142.0,0.0
215,89,57.0,170.0,0.0,146.0,0.0
215,89,58.0,169.0,0.0,154.0,0.0
215,89,59.0,173.0,0.0,159.0,0.0
215,89,60.0,169.0,0.0,162.0,0.0
215,89,61.0,168.0,0.0,168.0,0.0
215,89,62.0,170.0,0.0,174.0,0.0
215,89,63.0,168.0,0.0,176.0,0.0
215,89,64.0,163.0,0.0,183.0,0.0
215,89,65.0,164.0,0.0,192.0,0.0
215,89,66.0,166.0,0.0,196.0,0.0
215,89,67.0,169.0,0.0,200.0,0.0
215,89,68.0,170.0,0.0,205.0,0.0
215,89,69.0,172.0,0.0,210.0,0.0
215,89,70.0,174.0,0.0,215.0,0.0
215,89,71.0,171.0,0.0,221.0,0.0
215,89,72.0,173.0,0.0,228.0,0.0
215,89,73.0,171.0,0.0,230.0,0.0
215,89,74.0,170.0,0.0,236.0,0.0
215,89,75.0,167.0,0.0,241.0,0.0
215,89,76.0,166.0,0.0,247.0,0.0
215,89,77.0,161.0,0.0,253.0,0.0
215,89,78.0,159.0,0.0,262.0,0.0
215,89,79.0,158.0,0.0,269.0,0.0
215,89,80.0,156.0,0.0,274.0,0.0
215,89,81.0,154.0,0.0,282.0,0.0
215,89,82.0,157.0,0.0,287.0,0.0
215,89,83.0,158.0,0.0,289.0,0.0
215,89,84.0,158.0,0.0,294.0,0.0
215,89,85.0,160.0,0.0,299.0,0.0
215,89,86.0,158.0,0.0,302.0,0.0
215,89,87.0,156.0,0.0,307.0,0.0
215,89,88.0,156.0,0.0,313.0,0.0
215,89,89.0,156.0,0.0,316.0,0.0
215,89,90.0,156.0,0.0,322.0,0.0
215,89,91.0,157.0,0.0,329.0,0.0
215,89,92.0,153.0,0.0,333.0,0.0
215,89,93.0,156.0,0.0,341.0,0.0
215,89,94.0,155.0,0.0,345.0,0.0
215,89,95.0,154.0,0.0,351.0,0.0
215,89,96.0,154.0,0.0,356.0,0.0
215,89,97.0,155.0,0.0,360.0,0.0
215,89,98.0,151.0,0.0,364.0,0.0
215,89,99.0,150.0,0.0,372.0,0.0
215,89,100.0,149.0,0.0,379.0,0.0
215,89,101.0,155.0,0.0,385.0,0.0
215,89,102.0,158.0,0.0,388.0,0.0
215,89,103.0,153.0,0.0,391.0,0.0
215,89,104.0,152.0,0.0,401.0,0.0
215,89,105.0,155.0,0.0,407.0,0.0
215,89,106.0,158.0,0.0,409.0,0.0
215,89,107.0,161.0,0.0,412.0,0.0
215,89,108.0,163.0,0.0,415.0,0.0
215,89,109.0,162.0,0.0,419.0,0.0
215,89,110.0,167.0,0.0,424.0,0.0
215,89,111.0,167.0,0.0,429.0,0.0
215,89,112.0,167.0,0.0,434.0,0.0
215,89,113.0,169.0,0.0,439.0,0.0
215,89,114.0,171.0,0.0,442.0,0.0
215,89,115.0,174.0,0.0,446.0,0.0
215,89,116.0,173.0,0.0,451.0,0.0
215,89,117.0,173.0,0.0,457.0,0.0
215,89,118.0,174.0,0.0,461.0,0.0
215,89,119.0,172.0,0.0,468.0,0.0
215,89,120.0,172.0,0.0,475.0,0.0
215,89,121.0,170.0,0.0,481.0,0.0
215,89,122.0,171.0,0.0,487.0,0.0
215,89,123.0,169.0,0.0,492.0,0.0
215,89,124.0,170.0,0.0,498.0,0.0
215,89,125.0,171.0,0.0,502.0,0.0
215,89,126.0,174.0,0.0,508.0,0.0
215,89,127.0,175.0,0.0,511.0,0.0
215,89,128.0,173.0,0.0,515.0,0.0
215,89,129.0,170.0,0.0,521.0,0.0
215,89,130.0,167.0,0.0,528.0,0.0
215,89,131.0,168.0,0.0,534.0,0.0
215,89,132.0,167.0,0.0,537.0,0.0
215,89,133.0,165.0,0.0,542.0,0.0
215,89,134.0,167.0,0.0,548.0,0.0
215,89,135.0,163.0,0.0,551.0,0.0
215,89,136.0,163.0,0.0,560.0,0.0
215,89,137.0,162.0,0.0,566.0,0.0
215,89,138.0,161.0,0.0,572.0,0.0
215,89,139.0,166.0,0.0,576.0,0.0
215,89,140.0,163.0,0.0,579.0,0.0
215,89,141.0,170.0,0.0,586.0,0.0
215,89,142.0,169.0,0.0,587.0,0.0
215,89,143.0,166.0,0.0,594.0,0.0
215,89,144.0,167.0,0.0,603.0,0.0
215,89,145.0,172.0,0.0,608.0,0.0
215,89,146.0,166.0,0.0,610.0,0.0
215,89,147.0,163.0,0.0,618.0,0.0
215,89,148.0,161.0,0.0,624.0,0.0
215,89,149.0,166.0,0.0,631.0,0.0
215,89,150.0,164.0,0.0,634.0,0.0
215,89,151.0,164.0,0.0,644.0,0.0
215,89,152.0,166.0,0.0,650.0,0.0
215,89,153.0,168.0,0.0,654.0,0.0
215,89,154.0,167.0,0.0,659.0,0.0
215,89,155.0,169.0,0.0,664.0,0.0
215,89,156.0,170.0,0.0,670.0,0.0
215,89,157.0,169.0,0.0,675.0,0.0
215,89,158.0,170.0,0.0,680.0,0.0
215,89,159.0,166.0,0.0,685.0,0.0
215,89,160.0,166.0,0.0,693.0,0.0
215,89,161.0,161.0,0.0,695.0,0.0
215,89,162.0,161.0,0.0,702.0,0.0
215,89,163.0,159.0,0.0,707.0,0.0
215,89,164.0,159.0,0.0,712.0,0.0
215,89,165.0,161.0,0.0,715.0,0.0
215,89,166.0,160.0,0.0,718.0,0.0
215,89,167.0,158.0,0.0,726.0,0.0
215,89,168.0,160.0,0.0,733.0,0.0
215,89,169.0,156.0,0.0,737.0,0.0
215,89,170.0,157.0,0.0,743.0,0.0
215,89,171.0,154.0,0.0,747.0,0.0
215,89,172.0,157.0,0.0,755.0,0.0
215,89,173.0,157.0,0.0,759.0,0.0
215,89,174.0,157.0,0.0,765.0,0.0
215,89,175.0,155.0,0.0,770.0,0.0
215,89,176.0,163.0,0.0,779.0,0.0
215,89,177.0,168.0,0.0,780.0,0.0
215,89,178.0,162.0,0.0,783.0,0.0
215,89,179.0,166.0,0.0,792.0,0.0
215,89,180.0,164.0,0.0,797.0,0.0
215,89,181.0,167.0,0.0,801.0,0.0
215,89,182.0,168.0,0.0,806.0,0.0
215,89,183.0,168.0,0.0,812.0,0.0
215,89,184.0,167.0,0.0,815.0,0.0
215,89,185.0,166.0,0.0,821.0,0.0
215,89,186.0,171.0,0.0,826.0,0.0
215,89,187.0,172.0,0.0,830.0,0.0
215,89,188.0,174.0,0.0,835.0,0.0
215,89,189.0,174.0,0.0,839.0,0.0
215,89,190.0,174.0,0.0,847.0,0.0
215,89,191.0,169.0,0.0,850.0,0.0
215,89,192.0,169.0,0.0,858.0,0.0
215,89,193.0,167.0,0.0,863.0,0.0
215,89,194.0,168.0,0.0,867.0,0.0
215,89,195.0,172.0,0.0,871.0,0.0
215,89,196.0,174.0,0.0,875.0,0.0
215,89,197.0,174.0,0.0,877.0,0.0
215,89,198.0,171.0,0.0,881.0,0.0
215,89,199.0,170.0,0.0,890.0,0.0
215,89,200.0,171.0,0.0,894.0,0.0
215,89,201.0,162.0,0.0,897.0,0.0
215,89,202.0,159.0,0.0,906.0,0.0
215,89,203.0,152.0,0.0,909.0,0.0
215,89,204.0,145.0,0.0,916.0,0.0
215,89,205.0,137.0,0.0,923.0,0.0
215,89,206.0,132.0,0.0,931.0,0.0
215,89,207.0,127.0,0.0,936.0,0.0
215,89,208.0,123.0,0.0,941.0,0.0
215,89,209.0,114.0,0.0,945.0,0.0
215,89,210.0,107.0,0.0,954.0,0.0
215,89,211.0,99.0,0.0,961.0,0.0
215,89,212.0,94.0,0.0,969.0,0.0
215,89,213.0,87.0,0.0,974.0,0.0
215,89,214.0,83.0,0.0,981.0,0.0
215,89,215.0,75.0,0.0,985.0,0.0
215,89,216.0,70.0,0.0,993.0,0.0
215,89,217.0,65.0,0.0,998.0,0.0
215,89,218.0,61.0,0.0,1003.0,0.0
215,89,219.0,56.0,0.0,1007.0,0.0
215,89,220.0,53.0,0.0,1012.0,0.0
215,89,221.0,49.0,0.0,1015.0,0.0
215,89,222.0,47.0,0.0,1019.0,0.0
215,89,223.0,41.0,0.0,1021.0,0.0
215,89,224.0,37.0,0.0,1027.0,0.0
215,89,225.0,37.0,0.0,1031.0,0.0
215,89,226.0,37.0,0.0,1031.0,0.0
215,89,227.0,34.0,0.0,1031.0,0.0
215,89,228.0,34.0,0.0,1034.0,0.0
215,89,229.0,32.0,0.0,1034.0,0.0
215,89,230.0,29.0,0.0,1036.0,0.0
215,89,231.0,27.0,0.0,1039.0,0.0
215,89,232.0,26.0,0.0,1041.0,0.0
215,89,233.0,25.0,0.0,1042.0,0.0
215,89,234.0,25.0,0.0,1043.0,0.0
215,89,235.0,25.0,0.0,1043.0,0.0
215,89,236.0,24.0,0.0,1043.0,0.0
215,89,237.0,22.0,0.0,1044.0,0.0
215,89,238.0,22.0,0.0,1046.0,0.0
215,89,239.0,22.0,0.0,1046.0,0.0
215,89,240.0,21.0,0.0,1046.0,0.0
215,89,241.0,18.0,0.0,1047.0,0.0
215,89,242.0,16.0,0.0,1050.0,0.0
215,89,243.0,15.0,0.0,1052.0,0.0
215,89,244.0,13.0,0.0,1053.0,0.0
215,89,245.0,12.0,0.0,1055.0,0.0
215,89,246.0,11.0,0.0,1056.0,0.0
215,89,247.0,11.0,0.0,1057.0,0.0
215,89,248.0,10.0,0.0,1057.0,0.0
215,89,249.0,10.0,0.0,1058.0,0.0
215,89,250.0,9.0,0.0,1058.0,0.0
215,89,251.0,7.0,0.0,1059.0,0.0
215,89,252.0,7.0,0.0,1061.0,0.0
215,89,253.0,6.0,0.0,1061.0,0.0
215,89,254.0,6.0,0.0,1062.0,0.0
215,89,255.0,5.0,0.0,1062.0,0.0
215,89,256.0,5.0,0.0,1063.0,0.0
215,89,257.0,5.0,0.0,1063.0,0.0
215,89,258.0,4.0,0.0,1063.0,0.0
215,89,259.0,4.0,0.0,1064.0,0.0
215,89,260.0,3.0,0.0,1064.0,0.0
215,89,261.0,3.0,0.0,1065.0,0.0
215,89,262.0,3.0,0.0,1065.0,0.0
215,89,263.0,2.0,0.0,1065.0,0.0
215,89,264.0,1.0,0.0,1066.0,0.0
215,89,265.0,0.0,0.0,1067.0,0.0
215,89,266.0,0.0,0.0,1068.0,0.0
215,90,0.0,7.0,0.0,0.0,0.0
215,90,1.0,11.0,0.0,0.0,0.0
215,90,2.0,16.0,0.0,0.0,0.0
215,90,3.0,18.0,0.0,0.0,0.0
215,90,4.0,24.0,0.0,0.0,0.0
215,90,5.0,30.0,0.0,0.0,0.0
215,90,6.0,37.0,0.0,0.0,0.0
215,90,7.0,41.0,0.0,0.0,0.0
215,90,8.0,45.0,0.0,0.0,0.0
215,90,9.0,51.0,0.0,1.0,0.0
215,90,10.0,55.0,0.0,1.0,0.0
215,90,11.0,58.0,0.0,1.0,0.0
215,90,12.0,64.0,0.0,1.0,0.0
215,90,13.0,66.0,0.0,1.0,0.0
215,90,14.0,73.0,0.0,1.0,0.0
215,90,15.0,79.0,0.0,1.0,0.0
215,90,16.0,84.0,0.0,1.0,0.0
215,90,17.0,88.0,0.0,1.0,0.0
215,90,18.0,90.0,0.0,2.0,0.0
215,90,19.0,98.0,0.0,2.0,0.0
215,90,20.0,101.0,0.0,2.0,0.0
215,90,21.0,104.0,0.0,3.0,0.0
215,90,22.0,112.0,0.0,4.0,0.0
215,90,23.0,121.0,0.0,4.0,0.0
215,90,24.0,123.0,0.0,4.0,0.0
215,90,25.0,123.0,0.0,6.0,0.0
215,90,26.0,127.0,0.0,10.0,0.0
215,90,27.0,127.0,0.0,14.0,0.0
215,90,28.0,134.0,0.0,18.0,0.0
215,90,29.0,135.0,0.0,20.0,0.0
215,90,30.0,134.0,0.0,22.0,0.0
215,90,31.0,134.0,0.0,29.0,0.0
215,90,32.0,135.0,0.0,32.0,0.0
215,90,33.0,138.0,0.0,35.0,0.0
215,90,34.0,144.0,0.0,37.0,0.0
215,90,35.0,148.0,0.0,38.0,0.0
215,90,36.0,149.0,0.0,40.0,0.0
215,90,37.0,147.0,0.0,43.0,0.0
215,90,38.0,149.0,0.0,50.0,0.0
215,90,39.0,150.0,0.0,53.0,0.0
215,90,40.0,154.0,0.0,58.0,0.0
215,90,41.0,156.0,0.0,61.0,0.0
215,90,42.0,157.0,0.0,65.0,0.0
215,90,43.0,155.0,0.0,68.0,0.0
215,90,44.0,152.0,0.0,77.0,0.0
215,90,45.0,150.0,0.0,83.0,0.0
215,90,46.0,155.0,0.0,88.0,0.0
215,90,47.0,159.0,0.0,91.0,0.0
215,90,48.0,157.0,0.0,95.0,0.0
215,90,49.0,157.0,0.0,104.0,0.0
215,90,50.0,161.0,0.0,110.0,0.0
215,90,51.0,164.0,0.0,113.0,0.0
215,90,52.0,167.0,0.0,116.0,0.0
215,90,53.0,168.0,0.0,120.0,0.0
215,90,54.0,172.0,0.0,127.0,0.0
215,90,55.0,175.0,0.0,132.0,0.0
215,90,56.0,178.0,0.0,138.0,0.0
215,90,57.0,181.0,0.0,140.0,0.0
215,90,58.0,184.0,0.0,144.0,0.0
215,90,59.0,185.0,0.0,151.0,0.0
215,90,60.0,182.0,0.0,153.0,0.0
215,90,61.0,184.0,0.0,158.0,0.0
215,90,62.0,187.0,0.0,163.0,0.0
215,90,63.0,188.0,0.0,168.0,0.0
215,90,64.0,187.0,0.0,174.0,0.0
215,90,65.0,191.0,0.0,178.0,0.0
215,90,66.0,188.0,0.0,183.0,0.0
215,90,67.0,191.0,0.0,190.0,0.0
215,90,68.0,189.0,0.0,192.0,0.0
215,90,69.0,189.0,0.0,199.0,0.0
215,90,70.0,189.0,0.0,205.0,0.0
215,90,71.0,191.0,0.0,208.0,0.0
215,90,72.0,192.0,0.0,210.0,0.0
215,90,73.0,194.0,0.0,215.0,0.0
215,90,74.0,192.0,0.0,222.0,0.0
215,90,75.0,190.0,0.0,229.0,0.0
215,90,76.0,191.0,0.0,238.0,0.0
215,90,77.0,185.0,0.0,244.0,0.0
215,90,78.0,180.0,0.0,253.0,0.0
215,90,79.0,180.0,0.0,262.0,0.0
215,90,80.0,184.0,0.0,267.0,0.0
215,90,81.0,185.0,0.0,273.0,0.0
215,90,82.0,183.0,0.0,280.0,0.0
215,90,83.0,178.0,0.0,286.0,0.0
215,90,84.0,181.0,0.0,297.0,0.0
215,90,85.0,184.0,0.0,300.0,0.0
215,90,86.0,182.0,0.0,303.0,0.0
215,90,87.0,182.0,0.0,309.0,0.0
215,90,88.0,183.0,0.0,315.0,0.0
215,90,89.0,180.0,0.0,319.0,0.0
215,90,90.0,180.0,0.0,327.0,0.0
215,90,91.0,176.0,0.0,332.0,0.0
215,90,92.0,176.0,0.0,341.0,0.0
215,90,93.0,176.0,0.0,348.0,0.0
215,90,94.0,176.0,0.0,352.0,0.0
215,90,95.0,181.0,0.0,358.0,0.0
215,90,96.0,180.0,0.0,360.0,0.0
215,90,97.0,175.0,0.0,367.0,0.0
215,90,98.0,173.0,0.0,374.0,0.0
215,90,99.0,171.0,0.0,379.0,0.0
215,90,100.0,172.0,0.0,384.0,0.0
215,90,101.0,173.0,0.0,388.0,0.0
215,90,102.0,170.0,0.0,393.0,0.0
215,90,103.0,168.0,0.0,402.0,0.0
215,90,104.0,166.0,0.0,409.0,0.0
215,90,105.0,167.0,0.0,416.0,0.0
215,90,106.0,163.0,0.0,423.0,0.0
215,90,107.0,164.0,0.0,430.0,0.0
215,90,108.0,166.0,0.0,436.0,0.0
215,90,109.0,166.0,0.0,441.0,0.0
215,90,110.0,164.0,0.0,447.0,0.0
215,90,111.0,163.0,0.0,453.0,0.0
215,90,112.0,161.0,0.0,457.0,0.0
215,90,113.0,163.0,0.0,463.0,0.0
215,90,114.0,157.0,0.0,470.0,0.0
215,90,115.0,162.0,0.0,480.0,0.0
215,90,116.0,158.0,0.0,483.0,0.0
215,90,117.0,161.0,0.0,494.0,0.0
215,90,118.0,160.0,0.0,498.0,0.0
215,90,119.0,162.0,0.0,503.0,0.0
215,90,120.0,164.0,0.0,507.0,0.0
215,90,121.0,165.0,0.0,511.0,0.0
215,90,122.0,169.0,0.0,515.0,0.0
215,90,123.0,167.0,0.0,518.0,0.0
215,90,124.0,169.0,0.0,524.0,0.0
215,90,125.0,165.0,0.0,528.0,0.0
215,90,126.0,172.0,0.0,537.0,0.0
215,90,127.0,172.0,0.0,538.0,0.0
215,90,128.0,168.0,0.0,542.0,0.0
215,90,129.0,167.0,0.0,550.0,0.0
215,90,130.0,166.0,0.0,553.0,0.0
215,90,131.0,164.0,0.0,558.0,0.0
215,90,132.0,171.0,0.0,565.0,0.0
215,90,133.0,172.0,0.0,568.0,0.0
215,90,134.0,171.0,0.0,572.0,0.0
215,90,135.0,172.0,0.0,577.0,0.0
215,90,136.0,173.0,0.0,583.0,0.0
215,90,137.0,171.0,0.0,587.0,0.0
215,90,138.0,171.0,0.0,595.0,0.0
215,90,139.0,168.0,0.0,601.0,0.0
215,90,140.0,166.0,0.0,608.0,0.0
215,90,141.0,165.0,0.0,615.0,0.0
215,90,142.0,171.0,0.0,621.0,0.0
215,90,143.0,170.0,0.0,627.0,0.0
215,90,144.0,167.0,0.0,634.0,0.0
215,90,145.0,169.0,0.0,639.0,0.0
215,90,146.0,170.0,0.0,642.0,0.0
215,90,147.0,169.0,0.0,649.0,0.0
215,90,148.0,170.0,0.0,655.0,0.0
215,90,149.0,169.0,0.0,661.0,0.0
215,90,150.0,175.0,0.0,665.0,0.0
215,90,151.0,179.0,0.0,667.0,0.0
215,90,152.0,180.0,0.0,672.0,0.0
215,90,153.0,174.0,0.0,674.0,0.0
215,90,154.0,165.0,0.0,685.0,0.0
215,90,155.0,166.0,0.0,696.0,0.0
215,90,156.0,166.0,0.0,700.0,0.0
215,90,157.0,165.0,0.0,706.0,0.0
215,90,158.0,165.0,0.0,711.0,0.0
215,90,159.0,166.0,0.0,716.0,0.0
215,90,160.0,167.0,0.0,720.0,0.0
215,90,161.0,168.0,0.0,726.0,0.0
215,90,162.0,168.0,0.0,730.0,0.0
215,90,163.0,173.0,0.0,737.0,0.0
215,90,164.0,175.0,0.0,741.0,0.0
215,90,165.0,176.0,0.0,746.0,0.0
215,90,166.0,175.0,0.0,751.0,0.0
215,90,167.0,175.0,0.0,754.0,0.0
215,90,168.0,176.0,0.0,763.0,0.0
215,90,169.0,177.0,0.0,768.0,0.0
215,90,170.0,176.0,0.0,775.0,0.0
215,90,171.0,173.0,0.0,780.0,0.0
215,90,172.0,171.0,0.0,785.0,0.0
215,90,173.0,169.0,0.0,791.0,0.0
215,90,174.0,170.0,0.0,799.0,0.0
215,90,175.0,168.0,0.0,806.0,0.0
215,90,176.0,173.0,0.0,813.0,0.0
215,90,177.0,173.0,0.0,816.0,0.0
215,90,178.0,179.0,0.0,819.0,0.0
215,90,179.0,176.0,0.0,822.0,0.0
215,90,180.0,174.0,0.0,829.0,0.0
215,90,181.0,177.0,0.0,838.0,0.0
215,90,182.0,176.0,0.0,842.0,0.0
215,90,183.0,174.0,0.0,845.0,0.0
215,90,184.0,176.0,0.0,849.0,0.0
215,90,185.0,175.0,0.0,854.0,0.0
215,90,186.0,176.0,0.0,862.0,0.0
215,90,187.0,176.0,0.0,867.0,0.0
215,90,188.0,179.0,0.0,874.0,0.0
215,90,189.0,177.0,0.0,879.0,0.0
215,90,190.0,176.0,0.0,888.0,0.0
215,90,191.0,177.0,0.0,896.0,0.0
215,90,192.0,179.0,0.0,902.0,0.0
215,90,193.0,174.0,0.0,907.0,0.0
215,90,194.0,170.0,0.0,918.0,0.0
215,90,195.0,170.0,0.0,926.0,0.0
215,90,196.0,169.0,0.0,931.0,0.0
215,90,197.0,176.0,0.0,936.0,0.0
215,90,198.0,178.0,0.0,938.0,0.0
215,90,199.0,182.0,0.0,942.0,0.0
215,90,200.0,183.0,0.0,944.0,0.0
215,90,201.0,176.0,0.0,948.0,0.0
215,90,202.0,170.0,0.0,955.0,0.0
215,90,203.0,165.0,0.0,961.0,0.0
215,90,204.0,161.0,0.0,966.0,0.0
215,90,205.0,154.0,0.0,970.0,0.0
215,90,206.0,148.0,0.0,977.0,0.0
215,90,207.0,142.0,0.0,983.0,0.0
215,90,208.0,130.0,0.0,989.0,0.0
215,90,209.0,128.0,0.0,1001.0,0.0
215,90,210.0,122.0,0.0,1003.0,0.0
215,90,211.0,117.0,0.0,1009.0,0.0
215,90,212.0,111.0,0.0,1014.0,0.0
215,90,213.0,108.0,0.0,1020.0,0.0
215,90,214.0,102.0,0.0,1023.0,0.0
215,90,215.0,98.0,0.0,1029.0,0.0
215,90,216.0,94.0,0.0,1033.0,0.0
215,90,217.0,85.0,0.0,1037.0,0.0
215,90,218.0,80.0,0.0,1046.0,0.0
215,90,219.0,76.0,0.0,1051.0,0.0
215,90,220.0,71.0,0.0,1055.0,0.0
215,90,221.0,65.0,0.0,1060.0,0.0
215,90,222.0,61.0,0.0,1066.0,0.0
215,90,223.0,56.0,0.0,1070.0,0.0
215,90,224.0,51.0,0.0,1075.0,0.0
215,90,225.0,46.0,0.0,1080.0,0.0
215,90,226.0,41.0,0.0,1085.0,0.0
215,90,227.0,39.0,0.0,1090.0,0.0
215,90,228.0,37.0,0.0,1092.0,0.0
215,90,229.0,34.0,0.0,1094.0,0.0
215,90,230.0,33.0,0.0,1097.0,0.0
215,90,231.0,30.0,0.0,1098.0,0.0
215,90,232.0,28.0,0.0,1101.0,0.0
215,90,233.0,26.0,0.0,1103.0,0.0
215,90,234.0,24.0,0.0,1105.0,0.0
215,90,235.0,22.0,0.0,1107.0,0.0
215,90,236.0,22.0,0.0,1109.0,0.0
215,90,237.0,22.0,0.0,1109.0,0.0
215,90,238.0,21.0,0.0,1109.0,0.0
215,90,239.0,19.0,0.0,1110.0,0.0
215,90,240.0,17.0,0.0,1112.0,0.0
215,90,241.0,15.0,0.0,1114.0,0.0
215,90,242.0,14.0,0.0,1116.0,0.0
215,90,243.0,14.0,0.0,1117.0,0.0
215,90,244.0,12.0,0.0,1117.0,0.0
215,90,245.0,11.0,0.0,1119.0,0.0
215,90,246.0,10.0,0.0,1120.0,0.0
215,90,247.0,9.0,0.0,1121.0,0.0
215,90,248.0,9.0,0.0,1122.0,0.0
215,90,249.0,9.0,0.0,1122.0,0.0
215,90,250.0,6.0,0.0,1122.0,0.0
215,90,251.0,5.0,0.0,1125.0,0.0
215,90,252.0,5.0,0.0,1126.0,0.0
215,90,253.0,5.0,0.0,1126.0,0.0
215,90,254.0,3.0,0.0,1126.0,0.0
215,90,255.0,3.0,0.0,1128.0,0.0
215,90,256.0,2.0,0.0,1128.0,0.0
215,90,257.0,2.0,0.0,1129.0,0.0
215,90,258.0,2.0,0.0,1129.0,0.0
215,90,259.0,2.0,0.0,1129.0,0.0
215,90,260.0,2.0,0.0,1129.0,0.0
215,90,261.0,2.0,0.0,1129.0,0.0
215,90,262.0,2.0,0.0,1129.0,0.0
215,90,263.0,2.0,0.0,1129.0,0.0
215,90,264.0,2.0,0.0,1129.0,0.0
215,90,265.0,2.0,0.0,1129.0,0.0
215,90,266.0,2.0,0.0,1129.0,0.0
215,90,267.0,1.0,0.0,1129.0,0.0
215,90,268.0,0.0,0.0,1130.0,0.0
215,90,269.0,0.0,0.0,1131.0,0.0
215,91,0.0,6.0,0.0,0.0,0.0
215,91,1.0,13.0,0.0,0.0,0.0
215,91,2.0,18.0,0.0,0.0,0.0
215,91,3.0,25.0,0.0,0.0,0.0
215,91,4.0,37.0,0.0,0.0,0.0
215,91,5.0,39.0,0.0,0.0,0.0
215,91,6.0,47.0,0.0,0.0,0.0
215,91,7.0,55.0,0.0,0.0,0.0
215,91,8.0,59.0,0.0,0.0,0.0
215,91,9.0,66.0,0.0,0.0,0.0
215,91,10.0,71.0,0.0,0.0,0.0
215,91,11.0,74.0,0.0,0.0,0.0
215,91,12.0,80.0,0.0,0.0,0.0
215,91,13.0,86.0,0.0,0.0,0.0
215,91,14.0,90.0,0.0,0.0,0.0
215,91,15.0,97.0,0.0,0.0,0.0
215,91,16.0,101.0,0.0,0.0,0.0
215,91,17.0,110.0,0.0,0.0,0.0
215,91,18.0,115.0,0.0,0.0,0.0
215,91,19.0,123.0,0.0,0.0,0.0
215,91,20.0,127.0,0.0,0.0,0.0
215,91,21.0,132.0,0.0,1.0,0.0
215,91,22.0,134.0,0.0,2.0,0.0
215,91,23.0,138.0,0.0,4.0,0.0
215,91,24.0,142.0,0.0,5.0,0.0
215,91,25.0,140.0,0.0,8.0,0.0
215,91,26.0,140.0,0.0,16.0,0.0
215,91,27.0,146.0,0.0,19.0,0.0
215,91,28.0,153.0,0.0,20.0,0.0
215,91,29.0,152.0,0.0,22.0,0.0
215,91,30.0,154.0,0.0,29.0,0.0
215,91,31.0,156.0,0.0,31.0,0.0
215,91,32.0,157.0,0.0,38.0,0.0
215,91,33.0,157.0,0.0,42.0,0.0
215,91,34.0,159.0,0.0,46.0,0.0
215,91,35.0,165.0,0.0,50.0,0.0
215,91,36.0,165.0,0.0,53.0,0.0
215,91,37.0,166.0,0.0,60.0,0.0
215,91,38.0,163.0,0.0,65.0,0.0
215,91,39.0,166.0,0.0,71.0,0.0
215,91,40.0,171.0,0.0,74.0,0.0
215,91,41.0,169.0,0.0,77.0,0.0
215,91,42.0,169.0,0.0,82.0,0.0
215,91,43.0,171.0,0.0,86.0,0.0
215,91,44.0,175.0,0.0,90.0,0.0
215,91,45.0,176.0,0.0,95.0,0.0
215,91,46.0,174.0,0.0,101.0,0.0
215,91,47.0,175.0,0.0,109.0,0.0
215,91,48.0,174.0,0.0,115.0,0.0
215,91,49.0,173.0,0.0,121.0,0.0
215,91,50.0,175.0,0.0,125.0,0.0
215,91,51.0,180.0,0.0,131.0,0.0
215,91,52.0,183.0,0.0,134.0,0.0
215,91,53.0,182.0,0.0,139.0,0.0
215,91,54.0,179.0,0.0,144.0,0.0
215,91,55.0,176.0,0.0,151.0,0.0
215,91,56.0,178.0,0.0,160.0,0.0
215,91,57.0,176.0,0.0,165.0,0.0
215,91,58.0,174.0,0.0,171.0,0.0
215,91,59.0,178.0,0.0,176.0,0.0
215,91,60.0,176.0,0.0,179.0,0.0
215,91,61.0,177.0,0.0,184.0,0.0
215,91,62.0,175.0,0.0,190.0,0.0
215,91,63.0,173.0,0.0,198.0,0.0
215,91,64.0,173.0,0.0,203.0,0.0
215,91,65.0,178.0,0.0,210.0,0.0
215,91,66.0,178.0,0.0,213.0,0.0
215,91,67.0,180.0,0.0,214.0,0.0
215,91,68.0,181.0,0.0,217.0,0.0
215,91,69.0,176.0,0.0,222.0,0.0
215,91,70.0,176.0,0.0,230.0,0.0
215,91,71.0,178.0,0.0,237.0,0.0
215,91,72.0,177.0,0.0,243.0,0.0
215,91,73.0,170.0,0.0,248.0,0.0
215,91,74.0,166.0,0.0,257.0,0.0
215,91,75.0,170.0,0.0,267.0,0.0
215,91,76.0,174.0,0.0,272.0,0.0
215,91,77.0,172.0,0.0,279.0,0.0
215,91,78.0,175.0,0.0,286.0,0.0
215,91,79.0,172.0,0.0,293.0,0.0
215,91,80.0,167.0,0.0,298.0,0.0
215,91,81.0,165.0,0.0,306.0,0.0
215,91,82.0,163.0,0.0,314.0,0.0
215,91,83.0,168.0,0.0,322.0,0.0
215,91,84.0,167.0,0.0,327.0,0.0
215,91,85.0,167.0,0.0,332.0,0.0
215,91,86.0,168.0,0.0,338.0,0.0
215,91,87.0,168.0,0.0,341.0,0.0
215,91,88.0,167.0,0.0,347.0,0.0
215,91,89.0,170.0,0.0,353.0,0.0
215,91,90.0,170.0,0.0,358.0,0.0
215,91,91.0,171.0,0.0,365.0,0.0
215,91,92.0,175.0,0.0,371.0,0.0
215,91,93.0,176.0,0.0,374.0,0.0
215,91,94.0,181.0,0.0,378.0,0.0
215,91,95.0,184.0,0.0,382.0,0.0
215,91,96.0,189.0,0.0,389.0,0.0
215,91,97.0,190.0,0.0,392.0,0.0
215,91,98.0,193.0,0.0,395.0,0.0
215,91,99.0,195.0,0.0,401.0,0.0
215,91,100.0,194.0,0.0,405.0,0.0
215,91,101.0,196.0,0.0,412.0,0.0
215,91,102.0,195.0,0.0,417.0,0.0
215,91,103.0,195.0,0.0,424.0,0.0
215,91,104.0,192.0,0.0,430.0,0.0
215,91,105.0,192.0,0.0,437.0,0.0
215,91,106.0,190.0,0.0,443.0,0.0
215,91,107.0,190.0,0.0,449.0,0.0
215,91,108.0,192.0,0.0,456.0,0.0
215,91,109.0,195.0,0.0,461.0,0.0
215,91,110.0,199.0,0.0,465.0,0.0
215,91,111.0,199.0,0.0,468.0,0.0
215,91,112.0,196.0,0.0,473.0,0.0
215,91,113.0,196.0,0.0,479.0,0.0
215,91,114.0,195.0,0.0,486.0,0.0
215,91,115.0,201.0,0.0,493.0,0.0
215,91,116.0,195.0,0.0,497.0,0.0
215,91,117.0,191.0,0.0,508.0,0.0
215,91,118.0,192.0,0.0,516.0,0.0
215,91,119.0,190.0,0.0,522.0,0.0
215,91,120.0,189.0,0.0,528.0,0.0
215,91,121.0,188.0,0.0,535.0,0.0
215,91,122.0,187.0,0.0,544.0,0.0
215,91,123.0,191.0,0.0,550.0,0.0
215,91,124.0,189.0,0.0,553.0,0.0
215,91,125.0,191.0,0.0,564.0,0.0
215,91,126.0,190.0,0.0,568.0,0.0
215,91,127.0,189.0,0.0,578.0,0.0
215,91,128.0,187.0,0.0,583.0,0.0
215,91,129.0,182.0,0.0,589.0,0.0
215,91,130.0,179.0,0.0,600.0,0.0
215,91,131.0,178.0,0.0,608.0,0.0
215,91,132.0,178.0,0.0,614.0,0.0
215,91,133.0,175.0,0.0,618.0,0.0
215,91,134.0,172.0,0.0,624.0,0.0
215,91,135.0,171.0,0.0,631.0,0.0
215,91,136.0,170.0,0.0,635.0,0.0
215,91,137.0,166.0,0.0,642.0,0.0
215,91,138.0,170.0,0.0,651.0,0.0
215,91,139.0,174.0,0.0,653.0,0.0
215,91,140.0,176.0,0.0,658.0,0.0
215,91,141.0,182.0,0.0,664.0,0.0
215,91,142.0,181.0,0.0,667.0,0.0
215,91,143.0,179.0,0.0,673.0,0.0
215,91,144.0,184.0,0.0,681.0,0.0
215,91,145.0,182.0,0.0,685.0,0.0
215,91,146.0,183.0,0.0,693.0,0.0
215,91,147.0,186.0,0.0,699.0,0.0
215,91,148.0,190.0,0.0,704.0,0.0
215,91,149.0,189.0,0.0,707.0,0.0
215,91,150.0,191.0,0.0,715.0,0.0
215,91,151.0,187.0,0.0,719.0,0.0
215,91,152.0,182.0,0.0,727.0,0.0
215,91,153.0,184.0,0.0,736.0,0.0
215,91,154.0,184.0,0.0,742.0,0.0
215,91,155.0,184.0,0.0,747.0,0.0
215,91,156.0,182.0,0.0,753.0,0.0
215,91,157.0,181.0,0.0,757.0,0.0
215,91,158.0,181.0,0.0,763.0,0.0
215,91,159.0,182.0,0.0,769.0,0.0
215,91,160.0,188.0,0.0,773.0,0.0
215,91,161.0,185.0,0.0,778.0,0.0
215,91,162.0,182.0,0.0,787.0,0.0
215,91,163.0,183.0,0.0,795.0,0.0
215,91,164.0,179.0,0.0,802.0,0.0
215,91,165.0,177.0,0.0,811.0,0.0
215,91,166.0,178.0,0.0,819.0,0.0
215,91,167.0,177.0,0.0,824.0,0.0
215,91,168.0,170.0,0.0,828.0,0.0
215,91,169.0,171.0,0.0,839.0,0.0
215,91,170.0,171.0,0.0,844.0,0.0
215,91,171.0,171.0,0.0,851.0,0.0
215,91,172.0,173.0,0.0,858.0,0.0
215,91,173.0,175.0,0.0,864.0,0.0
215,91,174.0,174.0,0.0,868.0,0.0
215,91,175.0,173.0,0.0,874.0,0.0
215,91,176.0,176.0,0.0,878.0,0.0
215,91,177.0,180.0,0.0,883.0,0.0
215,91,178.0,183.0,0.0,886.0,0.0
215,91,179.0,180.0,0.0,892.0,0.0
215,91,180.0,182.0,0.0,898.0,0.0
215,91,181.0,182.0,0.0,905.0,0.0
215,91,182.0,186.0,0.0,913.0,0.0
215,91,183.0,182.0,0.0,919.0,0.0
215,91,184.0,181.0,0.0,928.0,0.0
215,91,185.0,177.0,0.0,935.0,0.0
215,91,186.0,177.0,0.0,945.0,0.0
215,91,187.0,176.0,0.0,950.0,0.0
215,91,188.0,174.0,0.0,955.0,0.0
215,91,189.0,174.0,0.0,960.0,0.0
215,91,190.0,173.0,0.0,965.0,0.0
215,91,191.0,168.0,0.0,968.0,0.0
215,91,192.0,165.0,0.0,977.0,0.0
215,91,193.0,167.0,0.0,985.0,0.0
215,91,194.0,168.0,0.0,989.0,0.0
215,91,195.0,169.0,0.0,993.0,0.0
215,91,196.0,169.0,0.0,996.0,0.0
215,91,197.0,169.0,0.0,1002.0,0.0
215,91,198.0,173.0,0.0,1008.0,0.0
215,91,199.0,185.0,0.0,1012.0,0.0
215,91,200.0,188.0,0.0,1013.0,0.0
215,91,201.0,182.0,0.0,1014.0,0.0
215,91,202.0,175.0,0.0,1020.0,0.0
215,91,203.0,171.0,0.0,1027.0,0.0
215,91,204.0,165.0,0.0,1031.0,0.0
215,91,205.0,153.0,0.0,1037.0,0.0
215,91,206.0,146.0,0.0,1049.0,0.0
215,91,207.0,143.0,0.0,1056.0,0.0
215,91,208.0,135.0,0.0,1059.0,0.0
215,91,209.0,131.0,0.0,1067.0,0.0
215,91,210.0,123.0,0.0,1071.0,0.0
215,91,211.0,119.0,0.0,1079.0,0.0
215,91,212.0,111.0,0.0,1083.0,0.0
215,91,213.0,105.0,0.0,1091.0,0.0
215,91,214.0,100.0,0.0,1097.0,0.0
215,91,215.0,94.0,0.0,1102.0,0.0
215,91,216.0,89.0,0.0,1108.0,0.0
215,91,217.0,86.0,0.0,1113.0,0.0
215,91,218.0,83.0,0.0,1116.0,0.0
215,91,219.0,80.0,0.0,1119.0,0.0
215,91,220.0,77.0,0.0,1122.0,0.0
215,91,221.0,71.0,0.0,1125.0,0.0
215,91,222.0,67.0,0.0,1131.0,0.0
215,91,223.0,62.0,0.0,1135.0,0.0
215,91,224.0,55.0,0.0,1140.0,0.0
215,91,225.0,53.0,0.0,1147.0,0.0
215,91,226.0,48.0,0.0,1149.0,0.0
215,91,227.0,44.0,0.0,1154.0,0.0
215,91,228.0,38.0,0.0,1158.0,0.0
215,91,229.0,35.0,0.0,1164.0,0.0
215,91,230.0,33.0,0.0,1167.0,0.0
215,91,231.0,31.0,0.0,1169.0,0.0
215,91,232.0,29.0,0.0,1171.0,0.0
215,91,233.0,27.0,0.0,1173.0,0.0
215,91,234.0,27.0,0.0,1175.0,0.0
215,91,235.0,24.0,0.0,1175.0,0.0
215,91,236.0,24.0,0.0,1178.0,0.0
215,91,237.0,23.0,0.0,1178.0,0.0
215,91,238.0,22.0,0.0,1179.0,0.0
215,91,239.0,20.0,0.0,1180.0,0.0
215,91,240.0,19.0,0.0,1182.0,0.0
215,91,241.0,19.0,0.0,1183.0,0.0
215,91,242.0,19.0,0.0,1183.0,0.0
215,91,243.0,16.0,0.0,1183.0,0.0
215,91,244.0,15.0,0.0,1186.0,0.0
215,91,245.0,13.0,0.0,1187.0,0.0
215,91,246.0,12.0,0.0,1189.0,0.0
215,91,247.0,9.0,0.0,1190.0,0.0
215,91,248.0,9.0,0.0,1193.0,0.0
215,91,249.0,9.0,0.0,1193.0,0.0
215,91,250.0,8.0,0.0,1193.0,0.0
215,91,251.0,7.0,0.0,1194.0,0.0
215,91,252.0,7.0,0.0,1195.0,0.0
215,91,253.0,7.0,0.0,1195.0,0.0
215,91,254.0,7.0,0.0,1195.0,0.0
215,91,255.0,6.0,0.0,1195.0,0.0
215,91,256.0,6.0,0.0,1196.0,0.0
215,91,257.0,5.0,0.0,1196.0,0.0
215,91,258.0,5.0,0.0,1197.0,0.0
215,91,259.0,5.0,0.0,1197.0,0.0
215,91,260.0,5.0,0.0,1197.0,0.0
215,91,261.0,3.0,0.0,1197.0,0.0
215,91,262.0,3.0,0.0,1199.0,0.0
215,91,263.0,2.0,0.0,1199.0,0.0
215,91,264.0,1.0,0.0,1200.0,0.0
215,91,265.0,0.0,0.0,1201.0,0.0
215,91,266.0,0.0,0.0,1202.0,0.0
215,92,0.0,9.0,0.0,0.0,0.0
215,92,1.0,11.0,0.0,0.0,0.0
215,92,2.0,15.0,0.0,0.0,0.0
215,92,3.0,20.0,0.0,0.0,0.0
215,92,4.0,26.0,0.0,0.0,0.0
215,92,5.0,29.0,0.0,0.0,0.0
215,92,6.0,34.0,0.0,0.0,0.0
215,92,7.0,37.0,0.0,0.0,0.0
215,92,8.0,41.0,0.0,0.0,0.0
215,92,9.0,45.0,0.0,0.0,0.0
215,92,10.0,53.0,0.0,0.0,0.0
215,92,11.0,60.0,0.0,0.0,0.0
215,92,12.0,66.0,0.0,0.0,0.0
215,92,13.0,72.0,0.0,0.0,0.0
215,92,14.0,78.0,0.0,0.0,0.0
215,92,15.0,88.0,0.0,0.0,0.0
215,92,16.0,94.0,0.0,0.0,0.0
215,92,17.0,102.0,0.0,0.0,0.0
215,92,18.0,107.0,0.0,0.0,0.0
215,92,19.0,112.0,0.0,0.0,0.0
215,92,20.0,118.0,0.0,0.0,0.0
215,92,21.0,122.0,0.0,1.0,0.0
215,92,22.0,124.0,0.0,1.0,0.0
215,92,23.0,129.0,0.0,5.0,0.0
215,92,24.0,132.0,0.0,5.0,0.0
215,92,25.0,136.0,0.0,6.0,0.0
215,92,26.0,140.0,0.0,9.0,0.0
215,92,27.0,142.0,0.0,11.0,0.0
215,92,28.0,144.0,0.0,15.0,0.0
215,92,29.0,146.0,0.0,19.0,0.0
215,92,30.0,150.0,0.0,23.0,0.0
215,92,31.0,153.0,0.0,24.0,0.0
215,92,32.0,155.0,0.0,27.0,0.0
215,92,33.0,157.0,0.0,31.0,0.0
215,92,34.0,163.0,0.0,35.0,0.0
215,92,35.0,168.0,0.0,40.0,0.0
215,92,36.0,172.0,0.0,43.0,0.0
215,92,37.0,175.0,0.0,45.0,0.0
215,92,38.0,172.0,0.0,47.0,0.0
215,92,39.0,172.0,0.0,58.0,0.0
215,92,40.0,169.0,0.0,65.0,0.0
215,92,41.0,171.0,0.0,72.0,0.0
215,92,42.0,171.0,0.0,77.0,0.0
215,92,43.0,173.0,0.0,80.0,0.0
215,92,44.0,179.0,0.0,84.0,0.0
215,92,45.0,178.0,0.0,89.0,0.0
215,92,46.0,178.0,0.0,95.0,0.0
215,92,47.0,182.0,0.0,100.0,0.0
215,92,48.0,180.0,0.0,104.0,0.0
215,92,49.0,181.0,0.0,110.0,0.0
215,92,50.0,182.0,0.0,115.0,0.0
215,92,51.0,184.0,0.0,120.0,0.0
215,92,52.0,184.0,0.0,122.0,0.0
215,92,53.0,189.0,0.0,127.0,0.0
215,92,54.0,191.0,0.0,132.0,0.0
215,92,55.0,190.0,0.0,138.0,0.0
215,92,56.0,190.0,0.0,145.0,0.0
215,92,57.0,189.0,0.0,148.0,0.0
215,92,58.0,193.0,0.0,156.0,0.0
215,92,59.0,195.0,0.0,160.0,0.0
215,92,60.0,197.0,0.0,165.0,0.0
215,92,61.0,195.0,0.0,171.0,0.0
215,92,62.0,188.0,0.0,176.0,0.0
215,92,63.0,191.0,0.0,188.0,0.0
215,92,64.0,190.0,0.0,192.0,0.0
215,92,65.0,187.0,0.0,197.0,0.0
215,92,66.0,185.0,0.0,205.0,0.0
215,92,67.0,183.0,0.0,211.0,0.0
215,92,68.0,176.0,0.0,217.0,0.0
215,92,69.0,178.0,0.0,226.0,0.0
215,92,70.0,171.0,0.0,231.0,0.0
215,92,71.0,171.0,0.0,240.0,0.0
215,92,72.0,173.0,0.0,247.0,0.0
215,92,73.0,170.0,0.0,252.0,0.0
215,92,74.0,171.0,0.0,261.0,0.0
215,92,75.0,173.0,0.0,266.0,0.0
215,92,76.0,173.0,0.0,271.0,0.0
215,92,77.0,176.0,0.0,278.0,0.0
215,92,78.0,178.0,0.0,281.0,0.0
215,92,79.0,179.0,0.0,284.0,0.0
215,92,80.0,174.0,0.0,289.0,0.0
215,92,81.0,177.0,0.0,298.0,0.0
215,92,82.0,175.0,0.0,302.0,0.0
215,92,83.0,171.0,0.0,311.0,0.0
215,92,84.0,172.0,0.0,318.0,0.0
215,92,85.0,166.0,0.0,323.0,0.0
215,92,86.0,167.0,0.0,333.0,0.0
215,92,87.0,170.0,0.0,337.0,0.0
215,92,88.0,171.0,0.0,341.0,0.0
215,92,89.0,172.0,0.0,343.0,0.0
215,92,90.0,169.0,0.0,349.0,0.0
215,92,91.0,165.0,0.0,355.0,0.0
215,92,92.0,168.0,0.0,360.0,0.0
215,92,93.0,165.0,0.0,363.0,0.0
215,92,94.0,159.0,0.0,371.0,0.0
215,92,95.0,161.0,0.0,382.0,0.0
215,92,96.0,161.0,0.0,385.0,0.0
215,92,97.0,160.0,0.0,390.0,0.0
215,92,98.0,158.0,0.0,393.0,0.0
215,92,99.0,155.0,0.0,399.0,0.0
215,92,100.0,151.0,0.0,409.0,0.0
215,92,101.0,155.0,0.0,416.0,0.0
215,92,102.0,153.0,0.0,418.0,0.0
215,92,103.0,155.0,0.0,423.0,0.0
215,92,104.0,155.0,0.0,427.0,0.0
215,92,105.0,152.0,0.0,431.0,0.0
215,92,106.0,152.0,0.0,438.0,0.0
215,92,107.0,150.0,0.0,448.0,0.0
215,92,108.0,148.0,0.0,457.0,0.0
215,92,109.0,150.0,0.0,462.0,0.0
215,92,110.0,152.0,0.0,465.0,0.0
215,92,111.0,156.0,0.0,470.0,0.0
215,92,112.0,157.0,0.0,474.0,0.0
215,92,113.0,157.0,0.0,478.0,0.0
215,92,114.0,159.0,0.0,482.0,0.0
215,92,115.0,162.0,0.0,489.0,0.0
215,92,116.0,159.0,0.0,492.0,0.0
215,92,117.0,160.0,0.0,497.0,0.0
215,92,118.0,157.0,0.0,500.0,0.0
215,92,119.0,167.0,0.0,506.0,0.0
215,92,120.0,169.0,0.0,507.0,0.0
215,92,121.0,173.0,0.0,512.0,0.0
215,92,122.0,173.0,0.0,514.0,0.0
215,92,123.0,173.0,0.0,519.0,0.0
215,92,124.0,173.0,0.0,522.0,0.0
215,92,125.0,169.0,0.0,526.0,0.0
215,92,126.0,166.0,0.0,535.0,0.0
215,92,127.0,169.0,0.0,542.0,0.0
215,92,128.0,169.0,0.0,546.0,0.0
215,92,129.0,167.0,0.0,553.0,0.0
215,92,130.0,164.0,0.0,558.0,0.0
215,92,131.0,167.0,0.0,563.0,0.0
215,92,132.0,170.0,0.0,565.0,0.0
215,92,133.0,167.0,0.0,568.0,0.0
215,92,134.0,172.0,0.0,576.0,0.0
215,92,135.0,169.0,0.0,580.0,0.0
215,92,136.0,168.0,0.0,587.0,0.0
215,92,137.0,164.0,0.0,590.0,0.0
215,92,138.0,161.0,0.0,597.0,0.0
215,92,139.0,161.0,0.0,603.0,0.0
215,92,140.0,158.0,0.0,607.0,0.0
215,92,141.0,158.0,0.0,614.0,0.0
215,92,142.0,158.0,0.0,621.0,0.0
215,92,143.0,162.0,0.0,628.0,0.0
215,92,144.0,158.0,0.0,631.0,0.0
215,92,145.0,165.0,0.0,641.0,0.0
215,92,146.0,167.0,0.0,643.0,0.0
215,92,147.0,166.0,0.0,649.0,0.0
215,92,148.0,168.0,0.0,659.0,0.0
215,92,149.0,166.0,0.0,664.0,0.0
215,92,150.0,165.0,0.0,668.0,0.0
215,92,151.0,168.0,0.0,673.0,0.0
215,92,152.0,169.0,0.0,676.0,0.0
215,92,153.0,172.0,0.0,680.0,0.0
215,92,154.0,172.0,0.0,684.0,0.0
215,92,155.0,171.0,0.0,691.0,0.0
215,92,156.0,170.0,0.0,698.0,0.0
215,92,157.0,169.0,0.0,704.0,0.0
215,92,158.0,170.0,0.0,711.0,0.0
215,92,159.0,171.0,0.0,716.0,0.0
215,92,160.0,174.0,0.0,721.0,0.0
215,92,161.0,175.0,0.0,724.0,0.0
215,92,162.0,179.0,0.0,729.0,0.0
215,92,163.0,179.0,0.0,732.0,0.0
215,92,164.0,185.0,0.0,735.0,0.0
215,92,165.0,183.0,0.0,737.0,0.0
215,92,166.0,181.0,0.0,742.0,0.0
215,92,167.0,182.0,0.0,750.0,0.0
215,92,168.0,177.0,0.0,756.0,0.0
215,92,169.0,174.0,0.0,766.0,0.0
215,92,170.0,175.0,0.0,771.0,0.0
215,92,171.0,170.0,0.0,776.0,0.0
215,92,172.0,174.0,0.0,783.0,0.0
215,92,173.0,175.0,0.0,786.0,0.0
215,92,174.0,174.0,0.0,790.0,0.0
215,92,175.0,171.0,0.0,798.0,0.0
215,92,176.0,172.0,0.0,806.0,0.0
215,92,177.0,172.0,0.0,813.0,0.0
215,92,178.0,170.0,0.0,819.0,0.0
215,92,179.0,173.0,0.0,824.0,0.0
215,92,180.0,171.0,0.0,829.0,0.0
215,92,181.0,174.0,0.0,833.0,0.0
215,92,182.0,177.0,0.0,837.0,0.0
215,92,183.0,175.0,0.0,840.0,0.0
215,92,184.0,180.0,0.0,848.0,0.0
215,92,185.0,180.0,0.0,851.0,0.0
215,92,186.0,179.0,0.0,856.0,0.0
215,92,187.0,178.0,0.0,863.0,0.0
215,92,188.0,181.0,0.0,870.0,0.0
215,92,189.0,185.0,0.0,878.0,0.0
215,92,190.0,185.0,0.0,883.0,0.0
215,92,191.0,186.0,0.0,889.0,0.0
215,92,192.0,187.0,0.0,894.0,0.0
215,92,193.0,186.0,0.0,896.0,0.0
215,92,194.0,190.0,0.0,901.0,0.0
215,92,195.0,189.0,0.0,905.0,0.0
215,92,196.0,189.0,0.0,911.0,0.0
215,92,197.0,187.0,0.0,914.0,0.0
215,92,198.0,184.0,0.0,921.0,0.0
215,92,199.0,184.0,0.0,929.0,0.0
215,92,200.0,182.0,0.0,933.0,0.0
215,92,201.0,177.0,0.0,941.0,0.0
215,92,202.0,172.0,0.0,946.0,0.0
215,92,203.0,164.0,0.0,951.0,0.0
215,92,204.0,158.0,0.0,959.0,0.0
215,92,205.0,157.0,0.0,965.0,0.0
215,92,206.0,149.0,0.0,966.0,0.0
215,92,207.0,141.0,0.0,974.0,0.0
215,92,208.0,135.0,0.0,982.0,0.0
215,92,209.0,127.0,0.0,988.0,0.0
215,92,210.0,123.0,0.0,996.0,0.0
215,92,211.0,117.0,0.0,1000.0,0.0
215,92,212.0,110.0,0.0,1006.0,0.0
215,92,213.0,104.0,0.0,1013.0,0.0
215,92,214.0,94.0,0.0,1019.0,0.0
215,92,215.0,88.0,0.0,1029.0,0.0
215,92,216.0,81.0,0.0,1035.0,0.0
215,92,217.0,74.0,0.0,1042.0,0.0
215,92,218.0,69.0,0.0,1049.0,0.0
215,92,219.0,65.0,0.0,1054.0,0.0
215,92,220.0,62.0,0.0,1058.0,0.0
215,92,221.0,59.0,0.0,1061.0,0.0
215,92,222.0,56.0,0.0,1064.0,0.0
215,92,223.0,53.0,0.0,1067.0,0.0
215,92,224.0,50.0,0.0,1070.0,0.0
215,92,225.0,43.0,0.0,1073.0,0.0
215,92,226.0,41.0,0.0,1080.0,0.0
215,92,227.0,38.0,0.0,1082.0,0.0
215,92,228.0,34.0,0.0,1085.0,0.0
215,92,229.0,33.0,0.0,1089.0,0.0
215,92,230.0,31.0,0.0,1090.0,0.0
215,92,231.0,28.0,0.0,1092.0,0.0
215,92,232.0,27.0,0.0,1095.0,0.0
215,92,233.0,25.0,0.0,1096.0,0.0
215,92,234.0,25.0,0.0,1098.0,0.0
215,92,235.0,23.0,0.0,1098.0,0.0
215,92,236.0,23.0,0.0,1100.0,0.0
215,92,237.0,23.0,0.0,1100.0,0.0
215,92,238.0,20.0,0.0,1100.0,0.0
215,92,239.0,20.0,0.0,1103.0,0.0
215,92,240.0,18.0,0.0,1103.0,0.0
215,92,241.0,18.0,0.0,1105.0,0.0
215,92,242.0,16.0,0.0,1105.0,0.0
215,92,243.0,15.0,0.0,1107.0,0.0
215,92,244.0,15.0,0.0,1108.0,0.0
215,92,245.0,15.0,0.0,1108.0,0.0
215,92,246.0,13.0,0.0,1108.0,0.0
215,92,247.0,13.0,0.0,1110.0,0.0
215,92,248.0,12.0,0.0,1110.0,0.0
215,92,249.0,11.0,0.0,1111.0,0.0
215,92,250.0,9.0,0.0,1112.0,0.0
215,92,251.0,7.0,0.0,1114.0,0.0
215,92,252.0,5.0,0.0,1116.0,0.0
215,92,253.0,5.0,0.0,1118.0,0.0
215,92,254.0,5.0,0.0,1118.0,0.0
215,92,255.0,4.0,0.0,1118.0,0.0
215,92,256.0,4.0,0.0,1119.0,0.0
215,92,257.0,2.0,0.0,1119.0,0.0
215,92,258.0,2.0,0.0,1121.0,0.0
215,92,259.0,1.0,0.0,1121.0,0.0
215,92,260.0,1.0,0.0,1122.0,0.0
215,92,261.0,1.0,0.0,1122.0,0.0
215,92,262.0,1.0,0.0,1122.0,0.0
215,92,263.0,1.0,0.0,1122.0,0.0
215,92,264.0,0.0,0.0,1122.0,0.0
215,92,265.0,0.0,0.0,1123.0,0.0
215,93,0.0,9.0,0.0,0.0,0.0
215,93,1.0,17.0,0.0,0.0,0.0
215,93,2.0,22.0,0.0,0.0,0.0
215,93,3.0,26.0,0.0,0.0,0.0
215,93,4.0,31.0,0.0,0.0,0.0
215,93,5.0,36.0,0.0,0.0,0.0
215,93,6.0,41.0,0.0,0.0,0.0
215,93,7.0,46.0,0.0,0.0,0.0
215,93,8.0,55.0,0.0,0.0,0.0
215,93,9.0,59.0,0.0,0.0,0.0
215,93,10.0,63.0,0.0,0.0,0.0
215,93,11.0,68.0,0.0,1.0,0.0
215,93,12.0,73.0,0.0,1.0,0.0
215,93,13.0,79.0,0.0,1.0,0.0
215,93,14.0,82.0,0.0,1.0,0.0
215,93,15.0,90.0,0.0,1.0,0.0
215,93,16.0,97.0,0.0,1.0,0.0
215,93,17.0,99.0,0.0,1.0,0.0
215,93,18.0,104.0,0.0,1.0,0.0
215,93,19.0,109.0,0.0,3.0,0.0
215,93,20.0,111.0,0.0,3.0,0.0
215,93,21.0,116.0,0.0,5.0,0.0
215,93,22.0,122.0,0.0,5.0,0.0
215,93,23.0,124.0,0.0,5.0,0.0
215,93,24.0,123.0,0.0,6.0,0.0
215,93,25.0,122.0,0.0,9.0,0.0
215,93,26.0,124.0,0.0,14.0,0.0
215,93,27.0,126.0,0.0,15.0,0.0
215,93,28.0,125.0,0.0,18.0,0.0
215,93,29.0,125.0,0.0,23.0,0.0
215,93,30.0,123.0,0.0,27.0,0.0
215,93,31.0,123.0,0.0,30.0,0.0
215,93,32.0,124.0,0.0,35.0,0.0
215,93,33.0,127.0,0.0,40.0,0.0
215,93,34.0,129.0,0.0,43.0,0.0
215,93,35.0,130.0,0.0,46.0,0.0
215,93,36.0,133.0,0.0,52.0,0.0
215,93,37.0,132.0,0.0,54.0,0.0
215,93,38.0,133.0,0.0,59.0,0.0
215,93,39.0,136.0,0.0,62.0,0.0
215,93,40.0,137.0,0.0,68.0,0.0
215,93,41.0,140.0,0.0,72.0,0.0
215,93,42.0,147.0,0.0,77.0,0.0
215,93,43.0,150.0,0.0,79.0,0.0
215,93,44.0,149.0,0.0,83.0,0.0
215,93,45.0,147.0,0.0,87.0,0.0
215,93,46.0,152.0,0.0,93.0,0.0
215,93,47.0,159.0,0.0,96.0,0.0
215,93,48.0,160.0,0.0,98.0,0.0
215,93,49.0,160.0,0.0,101.0,0.0
215,93,50.0,161.0,0.0,107.0,0.0
215,93,51.0,160.0,0.0,110.0,0.0
215,93,52.0,162.0,0.0,114.0,0.0
215,93,53.0,162.0,0.0,118.0,0.0
215,93,54.0,160.0,0.0,123.0,0.0
215,93,55.0,158.0,0.0,127.0,0.0
215,93,56.0,164.0,0.0,136.0,0.0
215,93,57.0,162.0,0.0,140.0,0.0
215,93,58.0,165.0,0.0,146.0,0.0
215,93,59.0,168.0,0.0,149.0,0.0
215,93,60.0,172.0,0.0,153.0,0.0
215,93,61.0,178.0,0.0,156.0,0.0
215,93,62.0,180.0,0.0,160.0,0.0
215,93,63.0,184.0,0.0,164.0,0.0
215,93,64.0,183.0,0.0,169.0,0.0
215,93,65.0,185.0,0.0,174.0,0.0
215,93,66.0,191.0,0.0,181.0,0.0
215,93,67.0,192.0,0.0,184.0,0.0
215,93,68.0,194.0,0.0,190.0,0.0
215,93,69.0,195.0,0.0,195.0,0.0
215,93,70.0,192.0,0.0,198.0,0.0
215,93,71.0,193.0,0.0,208.0,0.0
215,93,72.0,192.0,0.0,214.0,0.0
215,93,73.0,191.0,0.0,221.0,0.0
215,93,74.0,188.0,0.0,227.0,0.0
215,93,75.0,193.0,0.0,238.0,0.0
215,93,76.0,192.0,0.0,242.0,0.0
215,93,77.0,189.0,0.0,249.0,0.0
215,93,78.0,187.0,0.0,255.0,0.0
215,93,79.0,183.0,0.0,264.0,0.0
215,93,80.0,183.0,0.0,271.0,0.0
215,93,81.0,181.0,0.0,275.0,0.0
215,93,82.0,182.0,0.0,282.0,0.0
215,93,83.0,185.0,0.0,289.0,0.0
215,93,84.0,180.0,0.0,292.0,0.0
215,93,85.0,180.0,0.0,299.0,0.0
215,93,86.0,178.0,0.0,303.0,0.0
215,93,87.0,175.0,0.0,307.0,0.0
215,93,88.0,174.0,0.0,314.0,0.0
215,93,89.0,171.0,0.0,321.0,0.0
215,93,90.0,169.0,0.0,329.0,0.0
215,93,91.0,169.0,0.0,336.0,0.0
215,93,92.0,168.0,0.0,340.0,0.0
215,93,93.0,163.0,0.0,344.0,0.0
215,93,94.0,160.0,0.0,352.0,0.0
215,93,95.0,158.0,0.0,358.0,0.0
215,93,96.0,160.0,0.0,366.0,0.0
215,93,97.0,162.0,0.0,371.0,0.0
215,93,98.0,160.0,0.0,374.0,0.0
215,93,99.0,164.0,0.0,380.0,0.0
215,93,100.0,164.0,0.0,384.0,0.0
215,93,101.0,157.0,0.0,389.0,0.0
215,93,102.0,157.0,0.0,398.0,0.0
215,93,103.0,155.0,0.0,407.0,0.0
215,93,104.0,153.0,0.0,412.0,0.0
215,93,105.0,155.0,0.0,422.0,0.0
215,93,106.0,154.0,0.0,426.0,0.0
215,93,107.0,155.0,0.0,431.0,0.0
215,93,108.0,157.0,0.0,435.0,0.0
215,93,109.0,157.0,0.0,440.0,0.0
215,93,110.0,154.0,0.0,444.0,0.0
215,93,111.0,158.0,0.0,451.0,0.0
215,93,112.0,165.0,0.0,452.0,0.0
215,93,113.0,165.0,0.0,453.0,0.0
215,93,114.0,164.0,0.0,461.0,0.0
215,93,115.0,166.0,0.0,465.0,0.0
215,93,116.0,171.0,0.0,469.0,0.0
215,93,117.0,166.0,0.0,472.0,0.0
215,93,118.0,170.0,0.0,478.0,0.0
215,93,119.0,174.0,0.0,480.0,0.0
215,93,120.0,180.0,0.0,481.0,0.0
215,93,121.0,182.0,0.0,483.0,0.0
215,93,122.0,175.0,0.0,485.0,0.0
215,93,123.0,179.0,0.0,496.0,0.0
215,93,124.0,180.0,0.0,499.0,0.0
215,93,125.0,181.0,0.0,505.0,0.0
215,93,126.0,176.0,0.0,513.0,0.0
215,93,127.0,172.0,0.0,523.0,0.0
215,93,128.0,169.0,0.0,532.0,0.0
215,93,129.0,168.0,0.0,539.0,0.0
215,93,130.0,161.0,0.0,546.0,0.0
215,93,131.0,164.0,0.0,555.0,0.0
215,93,132.0,168.0,0.0,559.0,0.0
215,93,133.0,164.0,0.0,561.0,0.0
215,93,134.0,164.0,0.0,567.0,0.0
215,93,135.0,166.0,0.0,571.0,0.0
215,93,136.0,166.0,0.0,576.0,0.0
215,93,137.0,164.0,0.0,579.0,0.0
215,93,138.0,164.0,0.0,585.0,0.0
215,93,139.0,166.0,0.0,592.0,0.0
215,93,140.0,167.0,0.0,596.0,0.0
215,93,141.0,166.0,0.0,601.0,0.0
215,93,142.0,169.0,0.0,606.0,0.0
215,93,143.0,170.0,0.0,611.0,0.0
215,93,144.0,171.0,0.0,614.0,0.0
215,93,145.0,168.0,0.0,615.0,0.0
215,93,146.0,169.0,0.0,624.0,0.0
215,93,147.0,164.0,0.0,630.0,0.0
215,93,148.0,165.0,0.0,639.0,0.0
215,93,149.0,168.0,0.0,644.0,0.0
215,93,150.0,172.0,0.0,649.0,0.0
215,93,151.0,165.0,0.0,652.0,0.0
215,93,152.0,167.0,0.0,663.0,0.0
215,93,153.0,171.0,0.0,668.0,0.0
215,93,154.0,171.0,0.0,673.0,0.0
215,93,155.0,173.0,0.0,677.0,0.0
215,93,156.0,174.0,0.0,681.0,0.0
215,93,157.0,170.0,0.0,688.0,0.0
215,93,158.0,170.0,0.0,697.0,0.0
215,93,159.0,173.0,0.0,705.0,0.0
215,93,160.0,177.0,0.0,710.0,0.0
215,93,161.0,174.0,0.0,713.0,0.0
215,93,162.0,175.0,0.0,719.0,0.0
215,93,163.0,173.0,0.0,725.0,0.0
215,93,164.0,171.0,0.0,731.0,0.0
215,93,165.0,170.0,0.0,737.0,0.0
215,93,166.0,174.0,0.0,741.0,0.0
215,93,167.0,176.0,0.0,743.0,0.0
215,93,168.0,173.0,0.0,746.0,0.0
215,93,169.0,176.0,0.0,754.0,0.0
215,93,170.0,175.0,0.0,756.0,0.0
215,93,171.0,170.0,0.0,761.0,0.0
215,93,172.0,169.0,0.0,770.0,0.0
215,93,173.0,167.0,0.0,774.0,0.0
215,93,174.0,166.0,0.0,780.0,0.0
215,93,175.0,167.0,0.0,786.0,0.0
215,93,176.0,164.0,0.0,790.0,0.0
215,93,177.0,161.0,0.0,796.0,0.0
215,93,178.0,162.0,0.0,803.0,0.0
215,93,179.0,159.0,0.0,809.0,0.0
215,93,180.0,160.0,0.0,816.0,0.0
215,93,181.0,161.0,0.0,821.0,0.0
215,93,182.0,162.0,0.0,827.0,0.0
215,93,183.0,167.0,0.0,832.0,0.0
215,93,184.0,166.0,0.0,836.0,0.0
215,93,185.0,167.0,0.0,843.0,0.0
215,93,186.0,167.0,0.0,847.0,0.0
215,93,187.0,165.0,0.0,852.0,0.0
215,93,188.0,165.0,0.0,860.0,0.0
215,93,189.0,162.0,0.0,867.0,0.0
215,93,190.0,158.0,0.0,874.0,0.0
215,93,191.0,157.0,0.0,881.0,0.0
215,93,192.0,154.0,0.0,886.0,0.0
215,93,193.0,156.0,0.0,891.0,0.0
215,93,194.0,157.0,0.0,895.0,0.0
215,93,195.0,160.0,0.0,900.0,0.0
215,93,196.0,161.0,0.0,901.0,0.0
215,93,197.0,163.0,0.0,909.0,0.0
215,93,198.0,167.0,0.0,914.0,0.0
215,93,199.0,167.0,0.0,917.0,0.0
215,93,200.0,167.0,0.0,922.0,0.0
215,93,201.0,161.0,0.0,928.0,0.0
215,93,202.0,153.0,0.0,934.0,0.0
215,93,203.0,147.0,0.0,942.0,0.0
215,93,204.0,139.0,0.0,948.0,0.0
215,93,205.0,138.0,0.0,956.0,0.0
215,93,206.0,134.0,0.0,957.0,0.0
215,93,207.0,130.0,0.0,961.0,0.0
215,93,208.0,126.0,0.0,965.0,0.0
215,93,209.0,119.0,0.0,969.0,0.0
215,93,210.0,113.0,0.0,976.0,0.0
215,93,211.0,106.0,0.0,982.0,0.0
215,93,212.0,101.0,0.0,989.0,0.0
215,93,213.0,95.0,0.0,994.0,0.0
215,93,214.0,89.0,0.0,1000.0,0.0
215,93,215.0,83.0,0.0,1006.0,0.0
215,93,216.0,80.0,0.0,1012.0,0.0
215,93,217.0,76.0,0.0,1015.0,0.0
215,93,218.0,73.0,0.0,1019.0,0.0
215,93,219.0,64.0,0.0,1022.0,0.0
215,93,220.0,60.0,0.0,1031.0,0.0
215,93,221.0,54.0,0.0,1035.0,0.0
215,93,222.0,50.0,0.0,1041.0,0.0
215,93,223.0,47.0,0.0,1045.0,0.0
215,93,224.0,45.0,0.0,1048.0,0.0
215,93,225.0,45.0,0.0,1050.0,0.0
215,93,226.0,43.0,0.0,1050.0,0.0
215,93,227.0,40.0,0.0,1052.0,0.0
215,93,228.0,39.0,0.0,1055.0,0.0
215,93,229.0,38.0,0.0,1056.0,0.0
215,93,230.0,33.0,0.0,1057.0,0.0
215,93,231.0,32.0,0.0,1062.0,0.0
215,93,232.0,30.0,0.0,1063.0,0.0
215,93,233.0,28.0,0.0,1065.0,0.0
215,93,234.0,25.0,0.0,1067.0,0.0
215,93,235.0,23.0,0.0,1070.0,0.0
215,93,236.0,23.0,0.0,1072.0,0.0
215,93,237.0,23.0,0.0,1072.0,0.0
215,93,238.0,21.0,0.0,1072.0,0.0
215,93,239.0,21.0,0.0,1074.0,0.0
215,93,240.0,19.0,0.0,1074.0,0.0
215,93,241.0,17.0,0.0,1076.0,0.0
215,93,242.0,16.0,0.0,1078.0,0.0
215,93,243.0,15.0,0.0,1079.0,0.0
215,93,244.0,15.0,0.0,1080.0,0.0
215,93,245.0,14.0,0.0,1080.0,0.0
215,93,246.0,13.0,0.0,1081.0,0.0
215,93,247.0,13.0,0.0,1082.0,0.0
215,93,248.0,10.0,0.0,1082.0,0.0
215,93,249.0,10.0,0.0,1085.0,0.0
215,93,250.0,9.0,0.0,1085.0,0.0
215,93,251.0,9.0,0.0,1086.0,0.0
215,93,252.0,9.0,0.0,1086.0,0.0
215,93,253.0,7.0,0.0,1086.0,0.0
215,93,254.0,5.0,0.0,1088.0,0.0
215,93,255.0,5.0,0.0,1090.0,0.0
215,93,256.0,4.0,0.0,1090.0,0.0
215,93,257.0,4.0,0.0,1091.0,0.0
215,93,258.0,4.0,0.0,1091.0,0.0
215,93,259.0,4.0,0.0,1091.0,0.0
215,93,260.0,4.0,0.0,1091.0,0.0
215,93,261.0,4.0,0.0,1091.0,0.0
215,93,262.0,4.0,0.0,1091.0,0.0
215,93,263.0,4.0,0.0,1091.0,0.0
215,93,264.0,4.0,0.0,1091.0,0.0
215,93,265.0,3.0,0.0,1091.0,0.0
215,93,266.0,2.0,0.0,1092.0,0.0
215,93,267.0,1.0,0.0,1093.0,0.0
215,93,268.0,1.0,0.0,1094.0,0.0
215,93,269.0,0.0,0.0,1094.0,0.0
215,93,270.0,0.0,0.0,1095.0,0.0
215,94,0.0,7.0,0.0,0.0,0.0
215,94,1.0,14.0,0.0,0.0,0.0
215,94,2.0,18.0,0.0,0.0,0.0
215,94,3.0,24.0,0.0,0.0,0.0
215,94,4.0,31.0,0.0,0.0,0.0
215,94,5.0,36.0,0.0,0.0,0.0
215,94,6.0,39.0,0.0,0.0,0.0
215,94,7.0,46.0,0.0,0.0,0.0
215,94,8.0,54.0,0.0,0.0,0.0
215,94,9.0,60.0,0.0,0.0,0.0
215,94,10.0,67.0,0.0,0.0,0.0
215,94,11.0,73.0,0.0,0.0,0.0
215,94,12.0,80.0,0.0,0.0,0.0
215,94,13.0,86.0,0.0,0.0,0.0
215,94,14.0,94.0,0.0,0.0,0.0
215,94,15.0,103.0,0.0,0.0,0.0
215,94,16.0,110.0,0.0,0.0,0.0
215,94,17.0,113.0,0.0,0.0,0.0
215,94,18.0,122.0,0.0,0.0,0.0
215,94,19.0,128.0,0.0,0.0,0.0
215,94,20.0,133.0,0.0,1.0,0.0
215,94,21.0,136.0,0.0,2.0,0.0
215,94,22.0,142.0,0.0,4.0,0.0
215,94,23.0,148.0,0.0,6.0,0.0
215,94,24.0,150.0,0.0,6.0,0.0
215,94,25.0,151.0,0.0,8.0,0.0
215,94,26.0,154.0,0.0,12.0,0.0
215,94,27.0,156.0,0.0,15.0,0.0
215,94,28.0,155.0,0.0,19.0,0.0
215,94,29.0,162.0,0.0,24.0,0.0
215,94,30.0,166.0,0.0,27.0,0.0
215,94,31.0,168.0,0.0,30.0,0.0
215,94,32.0,169.0,0.0,33.0,0.0
215,94,33.0,171.0,0.0,36.0,0.0
215,94,34.0,171.0,0.0,40.0,0.0
215,94,35.0,173.0,0.0,45.0,0.0
215,94,36.0,174.0,0.0,48.0,0.0
215,94,37.0,176.0,0.0,51.0,0.0
215,94,38.0,177.0,0.0,53.0,0.0
215,94,39.0,176.0,0.0,59.0,0.0
215,94,40.0,173.0,0.0,65.0,0.0
215,94,41.0,168.0,0.0,72.0,0.0
215,94,42.0,168.0,0.0,81.0,0.0
215,94,43.0,168.0,0.0,87.0,0.0
215,94,44.0,166.0,0.0,91.0,0.0
215,94,45.0,162.0,0.0,99.0,0.0
215,94,46.0,160.0,0.0,108.0,0.0
215,94,47.0,158.0,0.0,113.0,0.0
215,94,48.0,155.0,0.0,117.0,0.0
215,94,49.0,157.0,0.0,122.0,0.0
215,94,50.0,159.0,0.0,126.0,0.0
215,94,51.0,157.0,0.0,127.0,0.0
215,94,52.0,156.0,0.0,132.0,0.0
215,94,53.0,155.0,0.0,137.0,0.0
215,94,54.0,153.0,0.0,142.0,0.0
215,94,55.0,149.0,0.0,149.0,0.0
215,94,56.0,152.0,0.0,156.0,0.0
215,94,57.0,152.0,0.0,161.0,0.0
215,94,58.0,151.0,0.0,164.0,0.0
215,94,59.0,154.0,0.0,171.0,0.0
215,94,60.0,156.0,0.0,173.0,0.0
215,94,61.0,154.0,0.0,176.0,0.0
215,94,62.0,154.0,0.0,182.0,0.0
215,94,63.0,160.0,0.0,185.0,0.0
215,94,64.0,157.0,0.0,188.0,0.0
215,94,65.0,157.0,0.0,196.0,0.0
215,94,66.0,158.0,0.0,202.0,0.0
215,94,67.0,155.0,0.0,206.0,0.0
215,94,68.0,155.0,0.0,213.0,0.0
215,94,69.0,164.0,0.0,218.0,0.0
215,94,70.0,164.0,0.0,221.0,0.0
215,94,71.0,168.0,0.0,224.0,0.0
215,94,72.0,165.0,0.0,229.0,0.0
215,94,73.0,163.0,0.0,238.0,0.0
215,94,74.0,154.0,0.0,244.0,0.0
215,94,75.0,153.0,0.0,256.0,0.0
215,94,76.0,156.0,0.0,264.0,0.0
215,94,77.0,159.0,0.0,268.0,0.0
215,94,78.0,164.0,0.0,271.0,0.0
215,94,79.0,162.0,0.0,274.0,0.0
215,94,80.0,168.0,0.0,280.0,0.0
215,94,81.0,167.0,0.0,282.0,0.0
215,94,82.0,167.0,0.0,286.0,0.0
215,94,83.0,170.0,0.0,292.0,0.0
215,94,84.0,168.0,0.0,296.0,0.0
215,94,85.0,174.0,0.0,303.0,0.0
215,94,86.0,169.0,0.0,305.0,0.0
215,94,87.0,168.0,0.0,313.0,0.0
215,94,88.0,170.0,0.0,323.0,0.0
215,94,89.0,170.0,0.0,326.0,0.0
215,94,90.0,175.0,0.0,331.0,0.0
215,94,91.0,174.0,0.0,336.0,0.0
215,94,92.0,174.0,0.0,344.0,0.0
215,94,93.0,177.0,0.0,348.0,0.0
215,94,94.0,175.0,0.0,353.0,0.0
215,94,95.0,174.0,0.0,358.0,0.0
215,94,96.0,176.0,0.0,365.0,0.0
215,94,97.0,171.0,0.0,369.0,0.0
215,94,98.0,169.0,0.0,378.0,0.0
215,94,99.0,164.0,0.0,383.0,0.0
215,94,100.0,164.0,0.0,391.0,0.0
215,94,101.0,164.0,0.0,395.0,0.0
215,94,102.0,155.0,0.0,400.0,0.0
215,94,103.0,158.0,0.0,412.0,0.0
215,94,104.0,154.0,0.0,416.0,0.0
215,94,105.0,152.0,0.0,422.0,0.0
215,94,106.0,146.0,0.0,428.0,0.0
215,94,107.0,146.0,0.0,437.0,0.0
215,94,108.0,148.0,0.0,444.0,0.0
215,94,109.0,144.0,0.0,448.0,0.0
215,94,110.0,148.0,0.0,457.0,0.0
215,94,111.0,149.0,0.0,458.0,0.0
215,94,112.0,152.0,0.0,463.0,0.0
215,94,113.0,152.0,0.0,468.0,0.0
215,94,114.0,157.0,0.0,472.0,0.0
215,94,115.0,161.0,0.0,474.0,0.0
215,94,116.0,163.0,0.0,478.0,0.0
215,94,117.0,165.0,0.0,482.0,0.0
215,94,118.0,165.0,0.0,489.0,0.0
215,94,119.0,162.0,0.0,494.0,0.0
215,94,120.0,157.0,0.0,501.0,0.0
215,94,121.0,161.0,0.0,510.0,0.0
215,94,122.0,168.0,0.0,514.0,0.0
215,94,123.0,169.0,0.0,516.0,0.0
215,94,124.0,170.0,0.0,521.0,0.0
215,94,125.0,172.0,0.0,525.0,0.0
215,94,126.0,176.0,0.0,528.0,0.0
215,94,127.0,182.0,0.0,531.0,0.0
215,94,128.0,179.0,0.0,533.0,0.0
215,94,129.0,182.0,0.0,540.0,0.0
215,94,130.0,184.0,0.0,545.0,0.0
215,94,131.0,185.0,0.0,550.0,0.0
215,94,132.0,184.0,0.0,555.0,0.0
215,94,133.0,185.0,0.0,564.0,0.0
215,94,134.0,184.0,0.0,569.0,0.0
215,94,135.0,185.0,0.0,575.0,0.0
215,94,136.0,185.0,0.0,581.0,0.0
215,94,137.0,189.0,0.0,584.0,0.0
215,94,138.0,189.0,0.0,588.0,0.0
215,94,139.0,185.0,0.0,592.0,0.0
215,94,140.0,186.0,0.0,599.0,0.0
215,94,141.0,195.0,0.0,605.0,0.0
215,94,142.0,195.0,0.0,607.0,0.0
215,94,143.0,191.0,0.0,614.0,0.0
215,94,144.0,188.0,0.0,621.0,0.0
215,94,145.0,185.0,0.0,630.0,0.0
215,94,146.0,183.0,0.0,639.0,0.0
215,94,147.0,188.0,0.0,647.0,0.0
215,94,148.0,192.0,0.0,653.0,0.0
215,94,149.0,197.0,0.0,656.0,0.0
215,94,150.0,192.0,0.0,658.0,0.0
215,94,151.0,192.0,0.0,666.0,0.0
215,94,152.0,198.0,0.0,671.0,0.0
215,94,153.0,201.0,0.0,673.0,0.0
215,94,154.0,199.0,0.0,675.0,0.0
215,94,155.0,197.0,0.0,682.0,0.0
215,94,156.0,201.0,0.0,687.0,0.0
215,94,157.0,199.0,0.0,692.0,0.0
215,94,158.0,193.0,0.0,700.0,0.0
215,94,159.0,195.0,0.0,710.0,0.0
215,94,160.0,201.0,0.0,716.0,0.0
215,94,161.0,202.0,0.0,719.0,0.0
215,94,162.0,200.0,0.0,729.0,0.0
215,94,163.0,197.0,0.0,736.0,0.0
215,94,164.0,198.0,0.0,745.0,0.0
215,94,165.0,199.0,0.0,749.0,0.0
215,94,166.0,203.0,0.0,755.0,0.0
215,94,167.0,202.0,0.0,760.0,0.0
215,94,168.0,195.0,0.0,763.0,0.0
215,94,169.0,197.0,0.0,775.0,0.0
215,94,170.0,190.0,0.0,781.0,0.0
215,94,171.0,189.0,0.0,793.0,0.0
215,94,172.0,189.0,0.0,798.0,0.0
215,94,173.0,190.0,0.0,802.0,0.0
215,94,174.0,192.0,0.0,809.0,0.0
215,94,175.0,187.0,0.0,813.0,0.0
215,94,176.0,185.0,0.0,821.0,0.0
215,94,177.0,181.0,0.0,830.0,0.0
215,94,178.0,183.0,0.0,839.0,0.0
215,94,179.0,175.0,0.0,844.0,0.0
215,94,180.0,182.0,0.0,857.0,0.0
215,94,181.0,183.0,0.0,860.0,0.0
215,94,182.0,181.0,0.0,866.0,0.0
215,94,183.0,182.0,0.0,870.0,0.0
215,94,184.0,183.0,0.0,873.0,0.0
215,94,185.0,185.0,0.0,877.0,0.0
215,94,186.0,186.0,0.0,885.0,0.0
215,94,187.0,184.0,0.0,891.0,0.0
215,94,188.0,183.0,0.0,895.0,0.0
215,94,189.0,181.0,0.0,901.0,0.0
215,94,190.0,180.0,0.0,907.0,0.0
215,94,191.0,180.0,0.0,913.0,0.0
215,94,192.0,174.0,0.0,917.0,0.0
215,94,193.0,169.0,0.0,927.0,0.0
215,94,194.0,170.0,0.0,937.0,0.0
215,94,195.0,173.0,0.0,945.0,0.0
215,94,196.0,176.0,0.0,949.0,0.0
215,94,197.0,173.0,0.0,952.0,0.0
215,94,198.0,174.0,0.0,959.0,0.0
215,94,199.0,178.0,0.0,965.0,0.0
215,94,200.0,175.0,0.0,968.0,0.0
215,94,201.0,166.0,0.0,975.0,0.0
215,94,202.0,158.0,0.0,984.0,0.0
215,94,203.0,153.0,0.0,992.0,0.0
215,94,204.0,149.0,0.0,997.0,0.0
215,94,205.0,144.0,0.0,1001.0,0.0
215,94,206.0,141.0,0.0,1006.0,0.0
215,94,207.0,134.0,0.0,1009.0,0.0
215,94,208.0,130.0,0.0,1016.0,0.0
215,94,209.0,126.0,0.0,1020.0,0.0
215,94,210.0,119.0,0.0,1024.0,0.0
215,94,211.0,108.0,0.0,1031.0,0.0
215,94,212.0,95.0,0.0,1042.0,0.0
215,94,213.0,90.0,0.0,1055.0,0.0
215,94,214.0,82.0,0.0,1060.0,0.0
215,94,215.0,79.0,0.0,1068.0,0.0
215,94,216.0,77.0,0.0,1071.0,0.0
215,94,217.0,72.0,0.0,1073.0,0.0
215,94,218.0,67.0,0.0,1078.0,0.0
215,94,219.0,64.0,0.0,1083.0,0.0
215,94,220.0,60.0,0.0,1086.0,0.0
215,94,221.0,57.0,0.0,1090.0,0.0
215,94,222.0,52.0,0.0,1093.0,0.0
215,94,223.0,48.0,0.0,1098.0,0.0
215,94,224.0,40.0,0.0,1102.0,0.0
215,94,225.0,37.0,0.0,1110.0,0.0
215,94,226.0,36.0,0.0,1113.0,0.0
215,94,227.0,34.0,0.0,1114.0,0.0
215,94,228.0,34.0,0.0,1116.0,0.0
215,94,229.0,28.0,0.0,1116.0,0.0
215,94,230.0,24.0,0.0,1122.0,0.0
215,94,231.0,23.0,0.0,1126.0,0.0
215,94,232.0,22.0,0.0,1127.0,0.0
215,94,233.0,22.0,0.0,1128.0,0.0
215,94,234.0,22.0,0.0,1128.0,0.0
215,94,235.0,20.0,0.0,1128.0,0.0
215,94,236.0,20.0,0.0,1130.0,0.0
215,94,237.0,18.0,0.0,1130.0,0.0
215,94,238.0,17.0,0.0,1132.0,0.0
215,94,239.0,17.0,0.0,1133.0,0.0
215,94,240.0,16.0,0.0,1133.0,0.0
215,94,241.0,15.0,0.0,1134.0,0.0
215,94,242.0,15.0,0.0,1135.0,0.0
215,94,243.0,15.0,0.0,1135.0,0.0
215,94,244.0,12.0,0.0,1135.0,0.0
215,94,245.0,10.0,0.0,1138.0,0.0
215,94,246.0,9.0,0.0,1140.0,0.0
215,94,247.0,9.0,0.0,1141.0,0.0
215,94,248.0,6.0,0.0,1141.0,0.0
215,94,249.0,6.0,0.0,1144.0,0.0
215,94,250.0,6.0,0.0,1144.0,0.0
215,94,251.0,5.0,0.0,1144.0,0.0
215,94,252.0,5.0,0.0,1145.0,0.0
215,94,253.0,5.0,0.0,1145.0,0.0
215,94,254.0,3.0,0.0,1145.0,0.0
215,94,255.0,3.0,0.0,1147.0,0.0
215,94,256.0,2.0,0.0,1147.0,0.0
215,94,257.0,2.0,0.0,1148.0,0.0
215,94,258.0,2.0,0.0,1148.0,0.0
215,94,259.0,2.0,0.0,1148.0,0.0
215,94,260.0,2.0,0.0,1148.0,0.0
215,94,261.0,1.0,0.0,1148.0,0.0
215,94,262.0,1.0,0.0,1149.0,0.0
215,94,263.0,1.0,0.0,1149.0,0.0
215,94,264.0,1.0,0.0,1149.0,0.0
215,94,265.0,1.0,0.0,1149.0,0.0
215,94,266.0,1.0,0.0,1149.0,0.0
215,94,267.0,1.0,0.0,1149.0,0.0
215,94,268.0,0.0,0.0,1149.0,0.0
215,94,269.0,0.0,0.0,1150.0,0.0
215,95,0.0,9.0,0.0,0.0,0.0
215,95,1.0,16.0,0.0,0.0,0.0
215,95,2.0,28.0,0.0,0.0,0.0
215,95,3.0,32.0,0.0,0.0,0.0
215,95,4.0,38.0,0.0,0.0,0.0
215,95,5.0,41.0,0.0,0.0,0.0
215,95,6.0,45.0,0.0,0.0,0.0
215,95,7.0,47.0,0.0,0.0,0.0
215,95,8.0,50.0,0.0,0.0,0.0
215,95,9.0,57.0,0.0,0.0,0.0
215,95,10.0,66.0,0.0,0.0,0.0
215,95,11.0,72.0,0.0,0.0,0.0
215,95,12.0,80.0,0.0,0.0,0.0
215,95,13.0,82.0,0.0,0.0,0.0
215,95,14.0,86.0,0.0,1.0,0.0
215,95,15.0,93.0,0.0,1.0,0.0
215,95,16.0,98.0,0.0,2.0,0.0
215,95,17.0,102.0,0.0,2.0,0.0
215,95,18.0,106.0,0.0,3.0,0.0
215,95,19.0,114.0,0.0,3.0,0.0
215,95,20.0,119.0,0.0,5.0,0.0
215,95,21.0,124.0,0.0,6.0,0.0
215,95,22.0,126.0,0.0,6.0,0.0
215,95,23.0,130.0,0.0,8.0,0.0
215,95,24.0,134.0,0.0,8.0,0.0
215,95,25.0,136.0,0.0,11.0,0.0
215,95,26.0,137.0,0.0,14.0,0.0
215,95,27.0,136.0,0.0,18.0,0.0
215,95,28.0,142.0,0.0,21.0,0.0
215,95,29.0,145.0,0.0,23.0,0.0
215,95,30.0,148.0,0.0,29.0,0.0
215,95,31.0,150.0,0.0,36.0,0.0
215,95,32.0,150.0,0.0,41.0,0.0
215,95,33.0,154.0,0.0,48.0,0.0
215,95,34.0,154.0,0.0,51.0,0.0
215,95,35.0,155.0,0.0,56.0,0.0
215,95,36.0,158.0,0.0,59.0,0.0
215,95,37.0,161.0,0.0,62.0,0.0
215,95,38.0,164.0,0.0,67.0,0.0
215,95,39.0,163.0,0.0,70.0,0.0
215,95,40.0,160.0,0.0,76.0,0.0
215,95,41.0,163.0,0.0,81.0,0.0
215,95,42.0,164.0,0.0,86.0,0.0
215,95,43.0,164.0,0.0,91.0,0.0
215,95,44.0,163.0,0.0,95.0,0.0
215,95,45.0,163.0,0.0,101.0,0.0
215,95,46.0,167.0,0.0,105.0,0.0
215,95,47.0,171.0,0.0,108.0,0.0
215,95,48.0,169.0,0.0,110.0,0.0
215,95,49.0,168.0,0.0,119.0,0.0
215,95,50.0,170.0,0.0,125.0,0.0
215,95,51.0,173.0,0.0,129.0,0.0
215,95,52.0,172.0,0.0,132.0,0.0
215,95,53.0,174.0,0.0,137.0,0.0
215,95,54.0,178.0,0.0,140.0,0.0
215,95,55.0,179.0,0.0,145.0,0.0
215,95,56.0,179.0,0.0,150.0,0.0
215,95,57.0,181.0,0.0,158.0,0.0
215,95,58.0,187.0,0.0,163.0,0.0
215,95,59.0,190.0,0.0,166.0,0.0
215,95,60.0,191.0,0.0,169.0,0.0
215,95,61.0,194.0,0.0,175.0,0.0
215,95,62.0,188.0,0.0,184.0,0.0
215,95,63.0,190.0,0.0,194.0,0.0
215,95,64.0,188.0,0.0,196.0,0.0
215,95,65.0,191.0,0.0,203.0,0.0
215,95,66.0,190.0,0.0,207.0,0.0
215,95,67.0,191.0,0.0,213.0,0.0
215,95,68.0,191.0,0.0,218.0,0.0
215,95,69.0,192.0,0.0,224.0,0.0
215,95,70.0,190.0,0.0,228.0,0.0
215,95,71.0,191.0,0.0,234.0,0.0
215,95,72.0,191.0,0.0,238.0,0.0
215,95,73.0,189.0,0.0,244.0,0.0
215,95,74.0,187.0,0.0,250.0,0.0
215,95,75.0,183.0,0.0,257.0,0.0
215,95,76.0,184.0,0.0,270.0,0.0
215,95,77.0,180.0,0.0,275.0,0.0
215,95,78.0,175.0,0.0,285.0,0.0
215,95,79.0,175.0,0.0,292.0,0.0
215,95,80.0,171.0,0.0,296.0,0.0
215,95,81.0,171.0,0.0,303.0,0.0
215,95,82.0,171.0,0.0,310.0,0.0
215,95,83.0,174.0,0.0,316.0,0.0
215,95,84.0,175.0,0.0,318.0,0.0
215,95,85.0,173.0,0.0,323.0,0.0
215,95,86.0,175.0,0.0,330.0,0.0
215,95,87.0,175.0,0.0,336.0,0.0
215,95,88.0,183.0,0.0,343.0,0.0
215,95,89.0,180.0,0.0,345.0,0.0
215,95,90.0,181.0,0.0,352.0,0.0
215,95,91.0,181.0,0.0,358.0,0.0
215,95,92.0,185.0,0.0,364.0,0.0
215,95,93.0,180.0,0.0,369.0,0.0
215,95,94.0,179.0,0.0,377.0,0.0
215,95,95.0,177.0,0.0,383.0,0.0
215,95,96.0,174.0,0.0,388.0,0.0
215,95,97.0,167.0,0.0,396.0,0.0
215,95,98.0,171.0,0.0,406.0,0.0
215,95,99.0,174.0,0.0,409.0,0.0
215,95,100.0,171.0,0.0,415.0,0.0
215,95,101.0,174.0,0.0,421.0,0.0
215,95,102.0,176.0,0.0,424.0,0.0
215,95,103.0,175.0,0.0,429.0,0.0
215,95,104.0,177.0,0.0,435.0,0.0
215,95,105.0,178.0,0.0,439.0,0.0
215,95,106.0,181.0,0.0,442.0,0.0
215,95,107.0,187.0,0.0,449.0,0.0
215,95,108.0,189.0,0.0,453.0,0.0
215,95,109.0,186.0,0.0,459.0,0.0
215,95,110.0,182.0,0.0,467.0,0.0
215,95,111.0,181.0,0.0,475.0,0.0
215,95,112.0,184.0,0.0,483.0,0.0
215,95,113.0,189.0,0.0,490.0,0.0
215,95,114.0,189.0,0.0,494.0,0.0
215,95,115.0,188.0,0.0,497.0,0.0
215,95,116.0,187.0,0.0,502.0,0.0
215,95,117.0,185.0,0.0,511.0,0.0
215,95,118.0,184.0,0.0,519.0,0.0
215,95,119.0,183.0,0.0,528.0,0.0
215,95,120.0,185.0,0.0,534.0,0.0
215,95,121.0,189.0,0.0,539.0,0.0
215,95,122.0,190.0,0.0,543.0,0.0
215,95,123.0,189.0,0.0,546.0,0.0
215,95,124.0,191.0,0.0,551.0,0.0
215,95,125.0,188.0,0.0,556.0,0.0
215,95,126.0,185.0,0.0,563.0,0.0
215,95,127.0,181.0,0.0,571.0,0.0
215,95,128.0,178.0,0.0,583.0,0.0
215,95,129.0,174.0,0.0,591.0,0.0
215,95,130.0,171.0,0.0,598.0,0.0
215,95,131.0,172.0,0.0,606.0,0.0
215,95,132.0,172.0,0.0,610.0,0.0
215,95,133.0,173.0,0.0,615.0,0.0
215,95,134.0,175.0,0.0,619.0,0.0
215,95,135.0,177.0,0.0,623.0,0.0
215,95,136.0,181.0,0.0,628.0,0.0
215,95,137.0,178.0,0.0,634.0,0.0
215,95,138.0,179.0,0.0,641.0,0.0
215,95,139.0,183.0,0.0,644.0,0.0
215,95,140.0,180.0,0.0,648.0,0.0
215,95,141.0,185.0,0.0,658.0,0.0
215,95,142.0,184.0,0.0,662.0,0.0
215,95,143.0,183.0,0.0,670.0,0.0
215,95,144.0,181.0,0.0,676.0,0.0
215,95,145.0,178.0,0.0,683.0,0.0
215,95,146.0,173.0,0.0,690.0,0.0
215,95,147.0,169.0,0.0,697.0,0.0
215,95,148.0,167.0,0.0,705.0,0.0
215,95,149.0,169.0,0.0,710.0,0.0
215,95,150.0,169.0,0.0,716.0,0.0
215,95,151.0,171.0,0.0,722.0,0.0
215,95,152.0,171.0,0.0,727.0,0.0
215,95,153.0,170.0,0.0,733.0,0.0
215,95,154.0,169.0,0.0,738.0,0.0
215,95,155.0,167.0,0.0,744.0,0.0
215,95,156.0,168.0,0.0,751.0,0.0
215,95,157.0,167.0,0.0,756.0,0.0
215,95,158.0,173.0,0.0,762.0,0.0
215,95,159.0,170.0,0.0,766.0,0.0
215,95,160.0,166.0,0.0,773.0,0.0
215,95,161.0,166.0,0.0,782.0,0.0
215,95,162.0,166.0,0.0,786.0,0.0
215,95,163.0,172.0,0.0,790.0,0.0
215,95,164.0,176.0,0.0,793.0,0.0
215,95,165.0,176.0,0.0,798.0,0.0
215,95,166.0,173.0,0.0,804.0,0.0
215,95,167.0,176.0,0.0,810.0,0.0
215,95,168.0,175.0,0.0,816.0,0.0
215,95,169.0,177.0,0.0,823.0,0.0
215,95,170.0,179.0,0.0,827.0,0.0
215,95,171.0,178.0,0.0,830.0,0.0
215,95,172.0,178.0,0.0,837.0,0.0
215,95,173.0,181.0,0.0,843.0,0.0
215,95,174.0,183.0,0.0,846.0,0.0
215,95,175.0,181.0,0.0,851.0,0.0
215,95,176.0,183.0,0.0,858.0,0.0
215,95,177.0,182.0,0.0,864.0,0.0
215,95,178.0,180.0,0.0,870.0,0.0
215,95,179.0,176.0,0.0,875.0,0.0
215,95,180.0,180.0,0.0,882.0,0.0
215,95,181.0,179.0,0.0,884.0,0.0
215,95,182.0,176.0,0.0,891.0,0.0
215,95,183.0,179.0,0.0,897.0,0.0
215,95,184.0,177.0,0.0,901.0,0.0
215,95,185.0,182.0,0.0,910.0,0.0
215,95,186.0,184.0,0.0,912.0,0.0
215,95,187.0,184.0,0.0,918.0,0.0
215,95,188.0,180.0,0.0,922.0,0.0
215,95,189.0,181.0,0.0,930.0,0.0
215,95,190.0,180.0,0.0,935.0,0.0
215,95,191.0,181.0,0.0,941.0,0.0
215,95,192.0,180.0,0.0,946.0,0.0
215,95,193.0,179.0,0.0,952.0,0.0
215,95,194.0,179.0,0.0,957.0,0.0
215,95,195.0,181.0,0.0,961.0,0.0
215,95,196.0,182.0,0.0,966.0,0.0
215,95,197.0,179.0,0.0,969.0,0.0
215,95,198.0,183.0,0.0,977.0,0.0
215,95,199.0,183.0,0.0,981.0,0.0
215,95,200.0,181.0,0.0,987.0,0.0
215,95,201.0,173.0,0.0,993.0,0.0
215,95,202.0,166.0,0.0,1001.0,0.0
215,95,203.0,162.0,0.0,1008.0,0.0
215,95,204.0,157.0,0.0,1012.0,0.0
215,95,205.0,150.0,0.0,1017.0,0.0
215,95,206.0,147.0,0.0,1024.0,0.0
215,95,207.0,141.0,0.0,1027.0,0.0
215,95,208.0,137.0,0.0,1033.0,0.0
215,95,209.0,136.0,0.0,1037.0,0.0
215,95,210.0,129.0,0.0,1038.0,0.0
215,95,211.0,121.0,0.0,1045.0,0.0
215,95,212.0,115.0,0.0,1053.0,0.0
215,95,213.0,106.0,0.0,1059.0,0.0
215,95,214.0,101.0,0.0,1068.0,0.0
215,95,215.0,96.0,0.0,1073.0,0.0
215,95,216.0,93.0,0.0,1078.0,0.0
215,95,217.0,86.0,0.0,1081.0,0.0
215,95,218.0,79.0,0.0,1088.0,0.0
215,95,219.0,73.0,0.0,1095.0,0.0
215,95,220.0,69.0,0.0,1101.0,0.0
215,95,221.0,62.0,0.0,1105.0,0.0
215,95,222.0,54.0,0.0,1112.0,0.0
215,95,223.0,51.0,0.0,1120.0,0.0
215,95,224.0,48.0,0.0,1123.0,0.0
215,95,225.0,46.0,0.0,1126.0,0.0
215,95,226.0,45.0,0.0,1128.0,0.0
215,95,227.0,43.0,0.0,1129.0,0.0
215,95,228.0,42.0,0.0,1131.0,0.0
215,95,229.0,36.0,0.0,1132.0,0.0
215,95,230.0,31.0,0.0,1138.0,0.0
215,95,231.0,31.0,0.0,1143.0,0.0
215,95,232.0,30.0,0.0,1143.0,0.0
215,95,233.0,29.0,0.0,1144.0,0.0
215,95,234.0,26.0,0.0,1145.0,0.0
215,95,235.0,26.0,0.0,1148.0,0.0
215,95,236.0,20.0,0.0,1148.0,0.0
215,95,237.0,20.0,0.0,1154.0,0.0
215,95,238.0,20.0,0.0,1154.0,0.0
215,95,239.0,17.0,0.0,1154.0,0.0
215,95,240.0,14.0,0.0,1157.0,0.0
215,95,241.0,13.0,0.0,1160.0,0.0
215,95,242.0,11.0,0.0,1161.0,0.0
215,95,243.0,9.0,0.0,1163.0,0.0
215,95,244.0,8.0,0.0,1165.0,0.0
215,95,245.0,8.0,0.0,1166.0,0.0
215,95,246.0,6.0,0.0,1166.0,0.0
215,95,247.0,6.0,0.0,1168.0,0.0
215,95,248.0,6.0,0.0,1168.0,0.0
215,95,249.0,4.0,0.0,1168.0,0.0
215,95,250.0,4.0,0.0,1170.0,0.0
215,95,251.0,3.0,0.0,1170.0,0.0
215,95,252.0,3.0,0.0,1171.0,0.0
215,95,253.0,3.0,0.0,1171.0,0.0
215,95,254.0,3.0,0.0,1171.0,0.0
215,95,255.0,3.0,0.0,1171.0,0.0
215,95,256.0,2.0,0.0,1171.0,0.0
215,95,257.0,2.0,0.0,1172.0,0.0
215,95,258.0,2.0,0.0,1172.0,0.0
215,95,259.0,2.0,0.0,1172.0,0.0
215,95,260.0,1.0,0.0,1172.0,0.0
215,95,261.0,1.0,0.0,1173.0,0.0
215,95,262.0,1.0,0.0,1173.0,0.0
215,95,263.0,1.0,0.0,1173.0,0.0
215,95,264.0,1.0,0.0,1173.0,0.0
215,95,265.0,1.0,0.0,1173.0,0.0
215,95,266.0,0.0,0.0,1173.0,0.0
215,95,267.0,0.0,0.0,1174.0,0.0
215,96,0.0,5.0,0.0,0.0,0.0
215,96,1.0,12.0,0.0,0.0,0.0
215,96,2.0,16.0,0.0,0.0,0.0
215,96,3.0,25.0,0.0,0.0,0.0
215,96,4.0,31.0,0.0,0.0,0.0
215,96,5.0,37.0,0.0,0.0,0.0
215,96,6.0,44.0,0.0,0.0,0.0
215,96,7.0,49.0,0.0,0.0,0.0
215,96,8.0,52.0,0.0,0.0,0.0
215,96,9.0,55.0,0.0,0.0,0.0
215,96,10.0,60.0,0.0,0.0,0.0
215,96,11.0,67.0,0.0,0.0,0.0
215,96,12.0,74.0,0.0,0.0,0.0
215,96,13.0,79.0,0.0,0.0,0.0
215,96,14.0,82.0,0.0,0.0,0.0
215,96,15.0,88.0,0.0,0.0,0.0
215,96,16.0,94.0,0.0,0.0,0.0
215,96,17.0,105.0,0.0,0.0,0.0
215,96,18.0,109.0,0.0,0.0,0.0
215,96,19.0,113.0,0.0,0.0,0.0
215,96,20.0,120.0,0.0,1.0,0.0
215,96,21.0,123.0,0.0,1.0,0.0
215,96,22.0,128.0,0.0,2.0,0.0
215,96,23.0,135.0,0.0,2.0,0.0
215,96,24.0,142.0,0.0,4.0,0.0
215,96,25.0,144.0,0.0,5.0,0.0
215,96,26.0,147.0,0.0,7.0,0.0
215,96,27.0,151.0,0.0,11.0,0.0
215,96,28.0,151.0,0.0,14.0,0.0
215,96,29.0,156.0,0.0,21.0,0.0
215,96,30.0,159.0,0.0,25.0,0.0
215,96,31.0,162.0,0.0,27.0,0.0
215,96,32.0,164.0,0.0,32.0,0.0
215,96,33.0,167.0,0.0,37.0,0.0
215,96,34.0,168.0,0.0,39.0,0.0
215,96,35.0,168.0,0.0,42.0,0.0
215,96,36.0,168.0,0.0,48.0,0.0
215,96,37.0,170.0,0.0,51.0,0.0
215,96,38.0,171.0,0.0,56.0,0.0
215,96,39.0,172.0,0.0,59.0,0.0
215,96,40.0,171.0,0.0,63.0,0.0
215,96,41.0,174.0,0.0,67.0,0.0
215,96,42.0,173.0,0.0,71.0,0.0
215,96,43.0,173.0,0.0,78.0,0.0
215,96,44.0,172.0,0.0,84.0,0.0
215,96,45.0,166.0,0.0,90.0,0.0
215,96,46.0,165.0,0.0,98.0,0.0
215,96,47.0,169.0,0.0,102.0,0.0
215,96,48.0,171.0,0.0,106.0,0.0
215,96,49.0,171.0,0.0,112.0,0.0
215,96,50.0,172.0,0.0,118.0,0.0
215,96,51.0,175.0,0.0,122.0,0.0
215,96,52.0,178.0,0.0,125.0,0.0
215,96,53.0,179.0,0.0,128.0,0.0
215,96,54.0,180.0,0.0,133.0,0.0
215,96,55.0,181.0,0.0,137.0,0.0
215,96,56.0,177.0,0.0,141.0,0.0
215,96,57.0,176.0,0.0,150.0,0.0
215,96,58.0,183.0,0.0,157.0,0.0
215,96,59.0,186.0,0.0,161.0,0.0
215,96,60.0,183.0,0.0,165.0,0.0
215,96,61.0,181.0,0.0,172.0,0.0
215,96,62.0,182.0,0.0,180.0,0.0
215,96,63.0,188.0,0.0,183.0,0.0
215,96,64.0,187.0,0.0,186.0,0.0
215,96,65.0,186.0,0.0,191.0,0.0
215,96,66.0,184.0,0.0,196.0,0.0
215,96,67.0,180.0,0.0,202.0,0.0
215,96,68.0,180.0,0.0,211.0,0.0
215,96,69.0,178.0,0.0,215.0,0.0
215,96,70.0,176.0,0.0,222.0,0.0
215,96,71.0,172.0,0.0,229.0,0.0
215,96,72.0,173.0,0.0,237.0,0.0
215,96,73.0,175.0,0.0,241.0,0.0
215,96,74.0,174.0,0.0,245.0,0.0
215,96,75.0,175.0,0.0,252.0,0.0
215,96,76.0,175.0,0.0,260.0,0.0
215,96,77.0,175.0,0.0,267.0,0.0
215,96,78.0,180.0,0.0,274.0,0.0
215,96,79.0,175.0,0.0,277.0,0.0
215,96,80.0,173.0,0.0,285.0,0.0
215,96,81.0,174.0,0.0,290.0,0.0
215,96,82.0,174.0,0.0,293.0,0.0
215,96,83.0,183.0,0.0,298.0,0.0
215,96,84.0,184.0,0.0,301.0,0.0
215,96,85.0,180.0,0.0,308.0,0.0
215,96,86.0,183.0,0.0,316.0,0.0
215,96,87.0,185.0,0.0,318.0,0.0
215,96,88.0,187.0,0.0,322.0,0.0
215,96,89.0,181.0,0.0,327.0,0.0
215,96,90.0,181.0,0.0,338.0,0.0
215,96,91.0,182.0,0.0,342.0,0.0
215,96,92.0,180.0,0.0,346.0,0.0
215,96,93.0,177.0,0.0,353.0,0.0
215,96,94.0,176.0,0.0,359.0,0.0
215,96,95.0,171.0,0.0,364.0,0.0
215,96,96.0,169.0,0.0,374.0,0.0
215,96,97.0,164.0,0.0,382.0,0.0
215,96,98.0,167.0,0.0,391.0,0.0
215,96,99.0,166.0,0.0,392.0,0.0
215,96,100.0,168.0,0.0,398.0,0.0
215,96,101.0,167.0,0.0,402.0,0.0
215,96,102.0,162.0,0.0,409.0,0.0
215,96,103.0,162.0,0.0,417.0,0.0
215,96,104.0,160.0,0.0,422.0,0.0
215,96,105.0,159.0,0.0,429.0,0.0
215,96,106.0,160.0,0.0,434.0,0.0
215,96,107.0,160.0,0.0,438.0,0.0
215,96,108.0,156.0,0.0,442.0,0.0
215,96,109.0,161.0,0.0,451.0,0.0
215,96,110.0,155.0,0.0,453.0,0.0
215,96,111.0,154.0,0.0,462.0,0.0
215,96,112.0,153.0,0.0,467.0,0.0
215,96,113.0,154.0,0.0,472.0,0.0
215,96,114.0,160.0,0.0,478.0,0.0
215,96,115.0,157.0,0.0,479.0,0.0
215,96,116.0,159.0,0.0,488.0,0.0
215,96,117.0,162.0,0.0,490.0,0.0
215,96,118.0,164.0,0.0,493.0,0.0
215,96,119.0,164.0,0.0,498.0,0.0
215,96,120.0,167.0,0.0,505.0,0.0
215,96,121.0,166.0,0.0,512.0,0.0
215,96,122.0,163.0,0.0,518.0,0.0
215,96,123.0,165.0,0.0,523.0,0.0
215,96,124.0,164.0,0.0,526.0,0.0
215,96,125.0,165.0,0.0,531.0,0.0
215,96,126.0,163.0,0.0,536.0,0.0
215,96,127.0,167.0,0.0,541.0,0.0
215,96,128.0,168.0,0.0,542.0,0.0
215,96,129.0,168.0,0.0,546.0,0.0
215,96,130.0,173.0,0.0,551.0,0.0
215,96,131.0,172.0,0.0,556.0,0.0
215,96,132.0,175.0,0.0,562.0,0.0
215,96,133.0,174.0,0.0,566.0,0.0
215,96,134.0,177.0,0.0,572.0,0.0
215,96,135.0,174.0,0.0,577.0,0.0
215,96,136.0,171.0,0.0,584.0,0.0
215,96,137.0,177.0,0.0,591.0,0.0
215,96,138.0,173.0,0.0,594.0,0.0
215,96,139.0,175.0,0.0,601.0,0.0
215,96,140.0,170.0,0.0,605.0,0.0
215,96,141.0,171.0,0.0,612.0,0.0
215,96,142.0,170.0,0.0,617.0,0.0
215,96,143.0,171.0,0.0,622.0,0.0
215,96,144.0,178.0,0.0,627.0,0.0
215,96,145.0,181.0,0.0,629.0,0.0
215,96,146.0,178.0,0.0,633.0,0.0
215,96,147.0,176.0,0.0,641.0,0.0
215,96,148.0,177.0,0.0,649.0,0.0
215,96,149.0,178.0,0.0,652.0,0.0
215,96,150.0,176.0,0.0,656.0,0.0
215,96,151.0,176.0,0.0,662.0,0.0
215,96,152.0,179.0,0.0,666.0,0.0
215,96,153.0,174.0,0.0,670.0,0.0
215,96,154.0,176.0,0.0,680.0,0.0
215,96,155.0,180.0,0.0,684.0,0.0
215,96,156.0,175.0,0.0,689.0,0.0
215,96,157.0,177.0,0.0,697.0,0.0
215,96,158.0,176.0,0.0,703.0,0.0
215,96,159.0,176.0,0.0,709.0,0.0
215,96,160.0,171.0,0.0,714.0,0.0
215,96,161.0,167.0,0.0,721.0,0.0
215,96,162.0,168.0,0.0,727.0,0.0
215,96,163.0,167.0,0.0,731.0,0.0
215,96,164.0,170.0,0.0,737.0,0.0
215,96,165.0,163.0,0.0,742.0,0.0
215,96,166.0,166.0,0.0,755.0,0.0
215,96,167.0,163.0,0.0,759.0,0.0
215,96,168.0,159.0,0.0,768.0,0.0
215,96,169.0,157.0,0.0,775.0,0.0
215,96,170.0,159.0,0.0,781.0,0.0
215,96,171.0,160.0,0.0,785.0,0.0
215,96,172.0,153.0,0.0,790.0,0.0
215,96,173.0,151.0,0.0,798.0,0.0
215,96,174.0,153.0,0.0,802.0,0.0
215,96,175.0,155.0,0.0,806.0,0.0
215,96,176.0,160.0,0.0,810.0,0.0
215,96,177.0,161.0,0.0,811.0,0.0
215,96,178.0,162.0,0.0,817.0,0.0
215,96,179.0,161.0,0.0,824.0,0.0
215,96,180.0,160.0,0.0,828.0,0.0
215,96,181.0,162.0,0.0,834.0,0.0
215,96,182.0,161.0,0.0,837.0,0.0
215,96,183.0,166.0,0.0,843.0,0.0
215,96,184.0,166.0,0.0,846.0,0.0
215,96,185.0,162.0,0.0,850.0,0.0
215,96,186.0,163.0,0.0,857.0,0.0
215,96,187.0,159.0,0.0,862.0,0.0
215,96,188.0,160.0,0.0,869.0,0.0
215,96,189.0,157.0,0.0,874.0,0.0
215,96,190.0,158.0,0.0,881.0,0.0
215,96,191.0,157.0,0.0,886.0,0.0
215,96,192.0,155.0,0.0,889.0,0.0
215,96,193.0,150.0,0.0,894.0,0.0
215,96,194.0,150.0,0.0,901.0,0.0
215,96,195.0,149.0,0.0,905.0,0.0
215,96,196.0,152.0,0.0,909.0,0.0
215,96,197.0,150.0,0.0,913.0,0.0
215,96,198.0,149.0,0.0,919.0,0.0
215,96,199.0,151.0,0.0,924.0,0.0
215,96,200.0,148.0,0.0,929.0,0.0
215,96,201.0,142.0,0.0,936.0,0.0
215,96,202.0,133.0,0.0,942.0,0.0
215,96,203.0,126.0,0.0,951.0,0.0
215,96,204.0,121.0,0.0,958.0,0.0
215,96,205.0,113.0,0.0,963.0,0.0
215,96,206.0,104.0,0.0,971.0,0.0
215,96,207.0,100.0,0.0,980.0,0.0
215,96,208.0,97.0,0.0,984.0,0.0
215,96,209.0,94.0,0.0,987.0,0.0
215,96,210.0,89.0,0.0,990.0,0.0
215,96,211.0,83.0,0.0,995.0,0.0
215,96,212.0,78.0,0.0,1001.0,0.0
215,96,213.0,73.0,0.0,1006.0,0.0
215,96,214.0,72.0,0.0,1011.0,0.0
215,96,215.0,66.0,0.0,1012.0,0.0
215,96,216.0,62.0,0.0,1018.0,0.0
215,96,217.0,60.0,0.0,1022.0,0.0
215,96,218.0,54.0,0.0,1024.0,0.0
215,96,219.0,49.0,0.0,1030.0,0.0
215,96,220.0,45.0,0.0,1035.0,0.0
215,96,221.0,44.0,0.0,1039.0,0.0
215,96,222.0,42.0,0.0,1040.0,0.0
215,96,223.0,41.0,0.0,1042.0,0.0
215,96,224.0,36.0,0.0,1043.0,0.0
215,96,225.0,33.0,0.0,1048.0,0.0
215,96,226.0,32.0,0.0,1051.0,0.0
215,96,227.0,29.0,0.0,1052.0,0.0
215,96,228.0,27.0,0.0,1055.0,0.0
215,96,229.0,25.0,0.0,1057.0,0.0
215,96,230.0,24.0,0.0,1059.0,0.0
215,96,231.0,24.0,0.0,1060.0,0.0
215,96,232.0,24.0,0.0,1060.0,0.0
215,96,233.0,24.0,0.0,1060.0,0.0
215,96,234.0,22.0,0.0,1060.0,0.0
215,96,235.0,22.0,0.0,1062.0,0.0
215,96,236.0,20.0,0.0,1062.0,0.0
215,96,237.0,17.0,0.0,1064.0,0.0
215,96,238.0,17.0,0.0,1067.0,0.0
215,96,239.0,17.0,0.0,1067.0,0.0
215,96,240.0,15.0,0.0,1067.0,0.0
215,96,241.0,15.0,0.0,1069.0,0.0
215,96,242.0,13.0,0.0,1069.0,0.0
215,96,243.0,12.0,0.0,1071.0,0.0
215,96,244.0,12.0,0.0,1072.0,0.0
215,96,245.0,12.0,0.0,1072.0,0.0
215,96,246.0,11.0,0.0,1072.0,0.0
215,96,247.0,10.0,0.0,1073.0,0.0
215,96,248.0,10.0,0.0,1074.0,0.0
215,96,249.0,10.0,0.0,1074.0,0.0
215,96,250.0,8.0,0.0,1074.0,0.0
215,96,251.0,8.0,0.0,1076.0,0.0
215,96,252.0,7.0,0.0,1076.0,0.0
215,96,253.0,7.0,0.0,1077.0,0.0
215,96,254.0,7.0,0.0,1077.0,0.0
215,96,255.0,6.0,0.0,1077.0,0.0
215,96,256.0,5.0,0.0,1078.0,0.0
215,96,257.0,5.0,0.0,1079.0,0.0
215,96,258.0,5.0,0.0,1079.0,0.0
215,96,259.0,5.0,0.0,1079.0,0.0
215,96,260.0,4.0,0.0,1079.0,0.0
215,96,261.0,4.0,0.0,1080.0,0.0
215,96,262.0,4.0,0.0,1080.0,0.0
215,96,263.0,4.0,0.0,1080.0,0.0
215,96,264.0,4.0,0.0,1080.0,0.0
215,96,265.0,3.0,0.0,1080.0,0.0
215,96,266.0,2.0,0.0,1081.0,0.0
215,96,267.0,2.0,0.0,1082.0,0.0
215,96,268.0,2.0,0.0,1082.0,0.0
215,96,269.0,2.0,0.0,1082.0,0.0
215,96,270.0,1.0,0.0,1082.0,0.0
215,96,271.0,1.0,0.0,1083.0,0.0
215,96,272.0,0.0,0.0,1083.0,0.0
215,96,273.0,0.0,0.0,1084.0,0.0
215,97,0.0,8.0,0.0,0.0,0.0
215,97,1.0,11.0,0.0,0.0,0.0
215,97,2.0,17.0,0.0,0.0,0.0
215,97,3.0,21.0,0.0,0.0,0.0
215,97,4.0,22.0,0.0,0.0,0.0
215,97,5.0,29.0,0.0,0.0,0.0
215,97,6.0,34.0,0.0,0.0,0.0
215,97,7.0,36.0,0.0,0.0,0.0
215,97,8.0,40.0,0.0,0.0,0.0
215,97,9.0,45.0,0.0,0.0,0.0
215,97,10.0,51.0,0.0,0.0,0.0
215,97,11.0,54.0,0.0,0.0,0.0
215,97,12.0,58.0,0.0,0.0,0.0
215,97,13.0,61.0,0.0,0.0,0.0
215,97,14.0,69.0,0.0,1.0,0.0
215,97,15.0,74.0,0.0,1.0,0.0
215,97,16.0,77.0,0.0,1.0,0.0
215,97,17.0,82.0,0.0,1.0,0.0
215,97,18.0,87.0,0.0,1.0,0.0
215,97,19.0,91.0,0.0,2.0,0.0
215,97,20.0,97.0,0.0,3.0,0.0
215,97,21.0,102.0,0.0,3.0,0.0
215,97,22.0,107.0,0.0,3.0,0.0
215,97,23.0,113.0,0.0,4.0,0.0
215,97,24.0,117.0,0.0,4.0,0.0
215,97,25.0,116.0,0.0,5.0,0.0
215,97,26.0,118.0,0.0,8.0,0.0
215,97,27.0,121.0,0.0,11.0,0.0
215,97,28.0,125.0,0.0,12.0,0.0
215,97,29.0,121.0,0.0,16.0,0.0
215,97,30.0,123.0,0.0,24.0,0.0
215,97,31.0,126.0,0.0,26.0,0.0
215,97,32.0,129.0,0.0,29.0,0.0
215,97,33.0,130.0,0.0,32.0,0.0
215,97,34.0,129.0,0.0,35.0,0.0
215,97,35.0,134.0,0.0,40.0,0.0
215,97,36.0,139.0,0.0,44.0,0.0
215,97,37.0,146.0,0.0,47.0,0.0
215,97,38.0,150.0,0.0,50.0,0.0
215,97,39.0,148.0,0.0,53.0,0.0
215,97,40.0,148.0,0.0,58.0,0.0
215,97,41.0,156.0,0.0,62.0,0.0
215,97,42.0,153.0,0.0,63.0,0.0
215,97,43.0,156.0,0.0,69.0,0.0
215,97,44.0,154.0,0.0,71.0,0.0
215,97,45.0,154.0,0.0,78.0,0.0
215,97,46.0,156.0,0.0,83.0,0.0
215,97,47.0,158.0,0.0,86.0,0.0
215,97,48.0,157.0,0.0,89.0,0.0
215,97,49.0,161.0,0.0,95.0,0.0
215,97,50.0,165.0,0.0,98.0,0.0
215,97,51.0,164.0,0.0,99.0,0.0
215,97,52.0,162.0,0.0,108.0,0.0
215,97,53.0,167.0,0.0,114.0,0.0
215,97,54.0,170.0,0.0,118.0,0.0
215,97,55.0,171.0,0.0,121.0,0.0
215,97,56.0,174.0,0.0,126.0,0.0
215,97,57.0,175.0,0.0,130.0,0.0
215,97,58.0,176.0,0.0,135.0,0.0
215,97,59.0,179.0,0.0,141.0,0.0
215,97,60.0,181.0,0.0,145.0,0.0
215,97,61.0,182.0,0.0,149.0,0.0
215,97,62.0,178.0,0.0,155.0,0.0
215,97,63.0,177.0,0.0,164.0,0.0
215,97,64.0,176.0,0.0,170.0,0.0
215,97,65.0,177.0,0.0,175.0,0.0
215,97,66.0,178.0,0.0,182.0,0.0
215,97,67.0,184.0,0.0,184.0,0.0
215,97,68.0,182.0,0.0,187.0,0.0
215,97,69.0,185.0,0.0,193.0,0.0
215,97,70.0,184.0,0.0,197.0,0.0
215,97,71.0,183.0,0.0,201.0,0.0
215,97,72.0,182.0,0.0,210.0,0.0
215,97,73.0,182.0,0.0,217.0,0.0
215,97,74.0,178.0,0.0,224.0,0.0
215,97,75.0,182.0,0.0,231.0,0.0
215,97,76.0,186.0,0.0,235.0,0.0
215,97,77.0,185.0,0.0,237.0,0.0
215,97,78.0,184.0,0.0,240.0,0.0
215,97,79.0,188.0,0.0,248.0,0.0
215,97,80.0,190.0,0.0,254.0,0.0
215,97,81.0,189.0,0.0,260.0,0.0
215,97,82.0,188.0,0.0,267.0,0.0
215,97,83.0,190.0,0.0,273.0,0.0
215,97,84.0,190.0,0.0,278.0,0.0
215,97,85.0,189.0,0.0,284.0,0.0
215,97,86.0,193.0,0.0,288.0,0.0
215,97,87.0,187.0,0.0,295.0,0.0
215,97,88.0,188.0,0.0,304.0,0.0
215,97,89.0,187.0,0.0,310.0,0.0
215,97,90.0,185.0,0.0,315.0,0.0
215,97,91.0,185.0,0.0,321.0,0.0
215,97,92.0,185.0,0.0,326.0,0.0
215,97,93.0,181.0,0.0,331.0,0.0
215,97,94.0,183.0,0.0,338.0,0.0
215,97,95.0,186.0,0.0,342.0,0.0
215,97,96.0,182.0,0.0,348.0,0.0
215,97,97.0,184.0,0.0,355.0,0.0
215,97,98.0,183.0,0.0,358.0,0.0
215,97,99.0,178.0,0.0,364.0,0.0
215,97,100.0,177.0,0.0,373.0,0.0
215,97,101.0,172.0,0.0,381.0,0.0
215,97,102.0,169.0,0.0,391.0,0.0
215,97,103.0,168.0,0.0,399.0,0.0
215,97,104.0,168.0,0.0,404.0,0.0
215,97,105.0,163.0,0.0,410.0,0.0
215,97,106.0,165.0,0.0,418.0,0.0
215,97,107.0,164.0,0.0,422.0,0.0
215,97,108.0,159.0,0.0,427.0,0.0
215,97,109.0,157.0,0.0,435.0,0.0
215,97,110.0,161.0,0.0,442.0,0.0
215,97,111.0,155.0,0.0,444.0,0.0
215,97,112.0,154.0,0.0,455.0,0.0
215,97,113.0,150.0,0.0,461.0,0.0
215,97,114.0,148.0,0.0,466.0,0.0
215,97,115.0,150.0,0.0,474.0,0.0
215,97,116.0,150.0,0.0,478.0,0.0
215,97,117.0,149.0,0.0,483.0,0.0
215,97,118.0,154.0,0.0,488.0,0.0
215,97,119.0,154.0,0.0,491.0,0.0
215,97,120.0,153.0,0.0,497.0,0.0
215,97,121.0,154.0,0.0,503.0,0.0
215,97,122.0,151.0,0.0,506.0,0.0
215,97,123.0,154.0,0.0,514.0,0.0
215,97,124.0,156.0,0.0,519.0,0.0
215,97,125.0,155.0,0.0,524.0,0.0
215,97,126.0,156.0,0.0,530.0,0.0
215,97,127.0,154.0,0.0,534.0,0.0
215,97,128.0,157.0,0.0,541.0,0.0
215,97,129.0,160.0,0.0,543.0,0.0
215,97,130.0,154.0,0.0,547.0,0.0
215,97,131.0,156.0,0.0,555.0,0.0
215,97,132.0,158.0,0.0,557.0,0.0
215,97,133.0,158.0,0.0,561.0,0.0
215,97,134.0,164.0,0.0,566.0,0.0
215,97,135.0,164.0,0.0,570.0,0.0
215,97,136.0,164.0,0.0,575.0,0.0
215,97,137.0,169.0,0.0,580.0,0.0
215,97,138.0,171.0,0.0,584.0,0.0
215,97,139.0,170.0,0.0,586.0,0.0
215,97,140.0,172.0,0.0,592.0,0.0
215,97,141.0,173.0,0.0,599.0,0.0
215,97,142.0,174.0,0.0,603.0,0.0
215,97,143.0,176.0,0.0,609.0,0.0
215,97,144.0,179.0,0.0,615.0,0.0
215,97,145.0,177.0,0.0,618.0,0.0
215,97,146.0,177.0,0.0,624.0,0.0
215,97,147.0,179.0,0.0,630.0,0.0
215,97,148.0,179.0,0.0,633.0,0.0
215,97,149.0,179.0,0.0,641.0,0.0
215,97,150.0,177.0,0.0,644.0,0.0
215,97,151.0,177.0,0.0,651.0,0.0
215,97,152.0,176.0,0.0,655.0,0.0
215,97,153.0,181.0,0.0,661.0,0.0
215,97,154.0,179.0,0.0,664.0,0.0
215,97,155.0,179.0,0.0,668.0,0.0
215,97,156.0,177.0,0.0,673.0,0.0
215,97,157.0,174.0,0.0,679.0,0.0
215,97,158.0,179.0,0.0,687.0,0.0
215,97,159.0,179.0,0.0,689.0,0.0
215,97,160.0,179.0,0.0,696.0,0.0
215,97,161.0,176.0,0.0,701.0,0.0
215,97,162.0,174.0,0.0,709.0,0.0
215,97,163.0,175.0,0.0,715.0,0.0
215,97,164.0,174.0,0.0,719.0,0.0
215,97,165.0,171.0,0.0,725.0,0.0
215,97,166.0,169.0,0.0,733.0,0.0
215,97,167.0,169.0,0.0,738.0,0.0
215,97,168.0,166.0,0.0,747.0,0.0
215,97,169.0,163.0,0.0,754.0,0.0
215,97,170.0,164.0,0.0,760.0,0.0
215,97,171.0,165.0,0.0,766.0,0.0
215,97,172.0,166.0,0.0,771.0,0.0
215,97,173.0,171.0,0.0,776.0,0.0
215,97,174.0,171.0,0.0,780.0,0.0
215,97,175.0,163.0,0.0,785.0,0.0
215,97,176.0,160.0,0.0,795.0,0.0
215,97,177.0,162.0,0.0,802.0,0.0
215,97,178.0,159.0,0.0,806.0,0.0
215,97,179.0,162.0,0.0,812.0,0.0
215,97,180.0,163.0,0.0,818.0,0.0
215,97,181.0,167.0,0.0,823.0,0.0
215,97,182.0,169.0,0.0,825.0,0.0
215,97,183.0,168.0,0.0,831.0,0.0
215,97,184.0,168.0,0.0,837.0,0.0
215,97,185.0,167.0,0.0,843.0,0.0
215,97,186.0,168.0,0.0,849.0,0.0
215,97,187.0,167.0,0.0,854.0,0.0
215,97,188.0,167.0,0.0,860.0,0.0
215,97,189.0,166.0,0.0,866.0,0.0
215,97,190.0,168.0,0.0,873.0,0.0
215,97,191.0,167.0,0.0,877.0,0.0
215,97,192.0,170.0,0.0,883.0,0.0
215,97,193.0,170.0,0.0,886.0,0.0
215,97,194.0,171.0,0.0,892.0,0.0
215,97,195.0,174.0,0.0,896.0,0.0
215,97,196.0,170.0,0.0,897.0,0.0
215,97,197.0,166.0,0.0,904.0,0.0
215,97,198.0,160.0,0.0,910.0,0.0
215,97,199.0,159.0,0.0,918.0,0.0
215,97,200.0,159.0,0.0,923.0,0.0
215,97,201.0,153.0,0.0,927.0,0.0
215,97,202.0,149.0,0.0,933.0,0.0
215,97,203.0,144.0,0.0,937.0,0.0
215,97,204.0,137.0,0.0,942.0,0.0
215,97,205.0,131.0,0.0,949.0,0.0
215,97,206.0,124.0,0.0,955.0,0.0
215,97,207.0,120.0,0.0,962.0,0.0
215,97,208.0,117.0,0.0,966.0,0.0
215,97,209.0,114.0,0.0,969.0,0.0
215,97,210.0,108.0,0.0,972.0,0.0
215,97,211.0,102.0,0.0,978.0,0.0
215,97,212.0,98.0,0.0,984.0,0.0
215,97,213.0,93.0,0.0,988.0,0.0
215,97,214.0,87.0,0.0,993.0,0.0
215,97,215.0,81.0,0.0,999.0,0.0
215,97,216.0,72.0,0.0,1005.0,0.0
215,97,217.0,66.0,0.0,1014.0,0.0
215,97,218.0,64.0,0.0,1020.0,0.0
215,97,219.0,62.0,0.0,1022.0,0.0
215,97,220.0,58.0,0.0,1024.0,0.0
215,97,221.0,54.0,0.0,1028.0,0.0
215,97,222.0,51.0,0.0,1032.0,0.0
215,97,223.0,46.0,0.0,1035.0,0.0
215,97,224.0,44.0,0.0,1040.0,0.0
215,97,225.0,40.0,0.0,1042.0,0.0
215,97,226.0,39.0,0.0,1046.0,0.0
215,97,227.0,34.0,0.0,1047.0,0.0
215,97,228.0,29.0,0.0,1052.0,0.0
215,97,229.0,28.0,0.0,1057.0,0.0
215,97,230.0,27.0,0.0,1058.0,0.0
215,97,231.0,26.0,0.0,1059.0,0.0
215,97,232.0,25.0,0.0,1060.0,0.0
215,97,233.0,24.0,0.0,1061.0,0.0
215,97,234.0,22.0,0.0,1062.0,0.0
215,97,235.0,20.0,0.0,1064.0,0.0
215,97,236.0,20.0,0.0,1066.0,0.0
215,97,237.0,20.0,0.0,1066.0,0.0
215,97,238.0,20.0,0.0,1066.0,0.0
215,97,239.0,17.0,0.0,1066.0,0.0
215,97,240.0,17.0,0.0,1069.0,0.0
215,97,241.0,17.0,0.0,1069.0,0.0
215,97,242.0,17.0,0.0,1069.0,0.0
215,97,243.0,14.0,0.0,1069.0,0.0
215,97,244.0,12.0,0.0,1072.0,0.0
215,97,245.0,11.0,0.0,1074.0,0.0
215,97,246.0,9.0,0.0,1075.0,0.0
215,97,247.0,8.0,0.0,1077.0,0.0
215,97,248.0,8.0,0.0,1078.0,0.0
215,97,249.0,6.0,0.0,1078.0,0.0
215,97,250.0,6.0,0.0,1080.0,0.0
215,97,251.0,5.0,0.0,1080.0,0.0
215,97,252.0,5.0,0.0,1081.0,0.0
215,97,253.0,5.0,0.0,1081.0,0.0
215,97,254.0,5.0,0.0,1081.0,0.0
215,97,255.0,4.0,0.0,1081.0,0.0
215,97,256.0,4.0,0.0,1082.0,0.0
215,97,257.0,3.0,0.0,1082.0,0.0
215,97,258.0,3.0,0.0,1083.0,0.0
215,97,259.0,3.0,0.0,1083.0,0.0
215,97,260.0,2.0,0.0,1083.0,0.0
215,97,261.0,2.0,0.0,1084.0,0.0
215,97,262.0,2.0,0.0,1084.0,0.0
215,97,263.0,2.0,0.0,1084.0,0.0
215,97,264.0,2.0,0.0,1084.0,0.0
215,97,265.0,1.0,0.0,1084.0,0.0
215,97,266.0,1.0,0.0,1085.0,0.0
215,97,267.0,1.0,0.0,1085.0,0.0
215,97,268.0,0.0,0.0,1085.0,0.0
215,97,269.0,0.0,0.0,1086.0,0.0
215,98,0.0,7.0,0.0,0.0,0.0
215,98,1.0,12.0,0.0,0.0,0.0
215,98,2.0,18.0,0.0,0.0,0.0
215,98,3.0,23.0,0.0,0.0,0.0
215,98,4.0,31.0,0.0,0.0,0.0
215,98,5.0,33.0,0.0,0.0,0.0
215,98,6.0,40.0,0.0,0.0,0.0
215,98,7.0,47.0,0.0,0.0,0.0
215,98,8.0,51.0,0.0,0.0,0.0
215,98,9.0,58.0,0.0,0.0,0.0
215,98,10.0,63.0,0.0,0.0,0.0
215,98,11.0,65.0,0.0,0.0,0.0
215,98,12.0,71.0,0.0,0.0,0.0
215,98,13.0,77.0,0.0,1.0,0.0
215,98,14.0,83.0,0.0,1.0,0.0
215,98,15.0,90.0,0.0,1.0,0.0
215,98,16.0,94.0,0.0,3.0,0.0
215,98,17.0,98.0,0.0,4.0,0.0
215,98,18.0,101.0,0.0,4.0,0.0
215,98,19.0,107.0,0.0,5.0,0.0
215,98,20.0,113.0,0.0,5.0,0.0
215,98,21.0,120.0,0.0,6.0,0.0
215,98,22.0,127.0,0.0,6.0,0.0
215,98,23.0,131.0,0.0,7.0,0.0
215,98,24.0,135.0,0.0,8.0,0.0
215,98,25.0,134.0,0.0,10.0,0.0
215,98,26.0,134.0,0.0,14.0,0.0
215,98,27.0,136.0,0.0,17.0,0.0
215,98,28.0,140.0,0.0,20.0,0.0
215,98,29.0,141.0,0.0,25.0,0.0
215,98,30.0,141.0,0.0,30.0,0.0
215,98,31.0,142.0,0.0,33.0,0.0
215,98,32.0,143.0,0.0,35.0,0.0
215,98,33.0,149.0,0.0,38.0,0.0
215,98,34.0,150.0,0.0,42.0,0.0
215,98,35.0,149.0,0.0,48.0,0.0
215,98,36.0,148.0,0.0,52.0,0.0
215,98,37.0,148.0,0.0,57.0,0.0
215,98,38.0,147.0,0.0,59.0,0.0
215,98,39.0,150.0,0.0,66.0,0.0
215,98,40.0,148.0,0.0,70.0,0.0
215,98,41.0,151.0,0.0,76.0,0.0
215,98,42.0,152.0,0.0,80.0,0.0
215,98,43.0,155.0,0.0,85.0,0.0
215,98,44.0,156.0,0.0,88.0,0.0
215,98,45.0,156.0,0.0,94.0,0.0
215,98,46.0,155.0,0.0,100.0,0.0
215,98,47.0,156.0,0.0,106.0,0.0
215,98,48.0,152.0,0.0,109.0,0.0
215,98,49.0,156.0,0.0,115.0,0.0
215,98,50.0,160.0,0.0,118.0,0.0
215,98,51.0,160.0,0.0,122.0,0.0
215,98,52.0,161.0,0.0,126.0,0.0
215,98,53.0,165.0,0.0,130.0,0.0
215,98,54.0,165.0,0.0,132.0,0.0
215,98,55.0,168.0,0.0,136.0,0.0
215,98,56.0,170.0,0.0,139.0,0.0
215,98,57.0,169.0,0.0,143.0,0.0
215,98,58.0,169.0,0.0,151.0,0.0
215,98,59.0,167.0,0.0,157.0,0.0
215,98,60.0,169.0,0.0,163.0,0.0
215,98,61.0,176.0,0.0,167.0,0.0
215,98,62.0,176.0,0.0,172.0,0.0
215,98,63.0,174.0,0.0,177.0,0.0
215,98,64.0,176.0,0.0,183.0,0.0
215,98,65.0,172.0,0.0,188.0,0.0
215,98,66.0,172.0,0.0,197.0,0.0
215,98,67.0,171.0,0.0,202.0,0.0
215,98,68.0,170.0,0.0,209.0,0.0
215,98,69.0,175.0,0.0,214.0,0.0
215,98,70.0,173.0,0.0,218.0,0.0
215,98,71.0,171.0,0.0,223.0,0.0
215,98,72.0,175.0,0.0,231.0,0.0
215,98,73.0,174.0,0.0,234.0,0.0
215,98,74.0,176.0,0.0,238.0,0.0
215,98,75.0,178.0,0.0,240.0,0.0
215,98,76.0,177.0,0.0,243.0,0.0
215,98,77.0,179.0,0.0,249.0,0.0
215,98,78.0,175.0,0.0,255.0,0.0
215,98,79.0,179.0,0.0,263.0,0.0
215,98,80.0,176.0,0.0,266.0,0.0
215,98,81.0,176.0,0.0,273.0,0.0
215,98,82.0,179.0,0.0,277.0,0.0
215,98,83.0,180.0,0.0,280.0,0.0
215,98,84.0,179.0,0.0,283.0,0.0
215,98,85.0,182.0,0.0,289.0,0.0
215,98,86.0,178.0,0.0,292.0,0.0
215,98,87.0,170.0,0.0,300.0,0.0
215,98,88.0,171.0,0.0,311.0,0.0
215,98,89.0,168.0,0.0,314.0,0.0
215,98,90.0,171.0,0.0,319.0,0.0
215,98,91.0,168.0,0.0,322.0,0.0
215,98,92.0,168.0,0.0,329.0,0.0
215,98,93.0,167.0,0.0,335.0,0.0
215,98,94.0,166.0,0.0,341.0,0.0
215,98,95.0,164.0,0.0,349.0,0.0
215,98,96.0,159.0,0.0,355.0,0.0
215,98,97.0,158.0,0.0,364.0,0.0
215,98,98.0,156.0,0.0,368.0,0.0
215,98,99.0,157.0,0.0,374.0,0.0
215,98,100.0,158.0,0.0,378.0,0.0
215,98,101.0,159.0,0.0,383.0,0.0
215,98,102.0,163.0,0.0,390.0,0.0
215,98,103.0,171.0,0.0,397.0,0.0
215,98,104.0,171.0,0.0,399.0,0.0
215,98,105.0,174.0,0.0,402.0,0.0
215,98,106.0,175.0,0.0,405.0,0.0
215,98,107.0,173.0,0.0,409.0,0.0
215,98,108.0,168.0,0.0,413.0,0.0
215,98,109.0,170.0,0.0,419.0,0.0
215,98,110.0,172.0,0.0,424.0,0.0
215,98,111.0,176.0,0.0,430.0,0.0
215,98,112.0,175.0,0.0,434.0,0.0
215,98,113.0,175.0,0.0,439.0,0.0
215,98,114.0,181.0,0.0,445.0,0.0
215,98,115.0,186.0,0.0,448.0,0.0
215,98,116.0,188.0,0.0,453.0,0.0
215,98,117.0,185.0,0.0,460.0,0.0
215,98,118.0,178.0,0.0,466.0,0.0
215,98,119.0,183.0,0.0,476.0,0.0
215,98,120.0,186.0,0.0,477.0,0.0
215,98,121.0,181.0,0.0,479.0,0.0
215,98,122.0,178.0,0.0,488.0,0.0
215,98,123.0,176.0,0.0,494.0,0.0
215,98,124.0,174.0,0.0,503.0,0.0
215,98,125.0,170.0,0.0,508.0,0.0
215,98,126.0,169.0,0.0,518.0,0.0
215,98,127.0,174.0,0.0,526.0,0.0
215,98,128.0,174.0,0.0,531.0,0.0
215,98,129.0,174.0,0.0,536.0,0.0
215,98,130.0,174.0,0.0,542.0,0.0
215,98,131.0,174.0,0.0,549.0,0.0
215,98,132.0,175.0,0.0,557.0,0.0
215,98,133.0,175.0,0.0,563.0,0.0
215,98,134.0,173.0,0.0,568.0,0.0
215,98,135.0,172.0,0.0,574.0,0.0
215,98,136.0,175.0,0.0,576.0,0.0
215,98,137.0,170.0,0.0,579.0,0.0
215,98,138.0,172.0,0.0,590.0,0.0
215,98,139.0,172.0,0.0,592.0,0.0
215,98,140.0,171.0,0.0,597.0,0.0
215,98,141.0,172.0,0.0,604.0,0.0
215,98,142.0,168.0,0.0,608.0,0.0
215,98,143.0,165.0,0.0,617.0,0.0
215,98,144.0,165.0,0.0,625.0,0.0
215,98,145.0,164.0,0.0,630.0,0.0
215,98,146.0,163.0,0.0,635.0,0.0
215,98,147.0,165.0,0.0,643.0,0.0
215,98,148.0,169.0,0.0,648.0,0.0
215,98,149.0,166.0,0.0,651.0,0.0
215,98,150.0,166.0,0.0,659.0,0.0
215,98,151.0,167.0,0.0,666.0,0.0
215,98,152.0,168.0,0.0,669.0,0.0
215,98,153.0,172.0,0.0,674.0,0.0
215,98,154.0,175.0,0.0,676.0,0.0
215,98,155.0,172.0,0.0,680.0,0.0
215,98,156.0,179.0,0.0,690.0,0.0
215,98,157.0,174.0,0.0,694.0,0.0
215,98,158.0,177.0,0.0,704.0,0.0
215,98,159.0,175.0,0.0,706.0,0.0
215,98,160.0,173.0,0.0,710.0,0.0
215,98,161.0,175.0,0.0,718.0,0.0
215,98,162.0,175.0,0.0,722.0,0.0
215,98,163.0,178.0,0.0,726.0,0.0
215,98,164.0,177.0,0.0,731.0,0.0
215,98,165.0,181.0,0.0,736.0,0.0
215,98,166.0,183.0,0.0,740.0,0.0
215,98,167.0,183.0,0.0,744.0,0.0
215,98,168.0,190.0,0.0,750.0,0.0
215,98,169.0,185.0,0.0,753.0,0.0
215,98,170.0,185.0,0.0,764.0,0.0
215,98,171.0,182.0,0.0,768.0,0.0
215,98,172.0,181.0,0.0,776.0,0.0
215,98,173.0,179.0,0.0,783.0,0.0
215,98,174.0,178.0,0.0,789.0,0.0
215,98,175.0,181.0,0.0,797.0,0.0
215,98,176.0,181.0,0.0,802.0,0.0
215,98,177.0,183.0,0.0,805.0,0.0
215,98,178.0,184.0,0.0,809.0,0.0
215,98,179.0,189.0,0.0,815.0,0.0
215,98,180.0,192.0,0.0,818.0,0.0
215,98,181.0,192.0,0.0,823.0,0.0
215,98,182.0,193.0,0.0,827.0,0.0
215,98,183.0,190.0,0.0,832.0,0.0
215,98,184.0,191.0,0.0,840.0,0.0
215,98,185.0,191.0,0.0,844.0,0.0
215,98,186.0,188.0,0.0,850.0,0.0
215,98,187.0,191.0,0.0,858.0,0.0
215,98,188.0,189.0,0.0,864.0,0.0
215,98,189.0,192.0,0.0,870.0,0.0
215,98,190.0,187.0,0.0,876.0,0.0
215,98,191.0,187.0,0.0,885.0,0.0
215,98,192.0,190.0,0.0,891.0,0.0
215,98,193.0,187.0,0.0,896.0,0.0
215,98,194.0,190.0,0.0,904.0,0.0
215,98,195.0,187.0,0.0,909.0,0.0
215,98,196.0,181.0,0.0,919.0,0.0
215,98,197.0,172.0,0.0,928.0,0.0
215,98,198.0,168.0,0.0,940.0,0.0
215,98,199.0,169.0,0.0,947.0,0.0
215,98,200.0,169.0,0.0,952.0,0.0
215,98,201.0,166.0,0.0,956.0,0.0
215,98,202.0,163.0,0.0,959.0,0.0
215,98,203.0,160.0,0.0,962.0,0.0
215,98,204.0,154.0,0.0,965.0,0.0
215,98,205.0,151.0,0.0,971.0,0.0
215,98,206.0,149.0,0.0,974.0,0.0
215,98,207.0,141.0,0.0,976.0,0.0
215,98,208.0,134.0,0.0,984.0,0.0
215,98,209.0,131.0,0.0,991.0,0.0
215,98,210.0,121.0,0.0,994.0,0.0
215,98,211.0,116.0,0.0,1004.0,0.0
215,98,212.0,109.0,0.0,1009.0,0.0
215,98,213.0,104.0,0.0,1016.0,0.0
215,98,214.0,98.0,0.0,1021.0,0.0
215,98,215.0,90.0,0.0,1027.0,0.0
215,98,216.0,86.0,0.0,1035.0,0.0
215,98,217.0,82.0,0.0,1039.0,0.0
215,98,218.0,76.0,0.0,1043.0,0.0
215,98,219.0,66.0,0.0,1049.0,0.0
215,98,220.0,58.0,0.0,1059.0,0.0
215,98,221.0,52.0,0.0,1067.0,0.0
215,98,222.0,46.0,0.0,1073.0,0.0
215,98,223.0,42.0,0.0,1079.0,0.0
215,98,224.0,37.0,0.0,1083.0,0.0
215,98,225.0,33.0,0.0,1088.0,0.0
215,98,226.0,32.0,0.0,1092.0,0.0
215,98,227.0,30.0,0.0,1093.0,0.0
215,98,228.0,29.0,0.0,1095.0,0.0
215,98,229.0,26.0,0.0,1096.0,0.0
215,98,230.0,25.0,0.0,1099.0,0.0
215,98,231.0,24.0,0.0,1100.0,0.0
215,98,232.0,23.0,0.0,1101.0,0.0
215,98,233.0,22.0,0.0,1102.0,0.0
215,98,234.0,22.0,0.0,1103.0,0.0
215,98,235.0,21.0,0.0,1103.0,0.0
215,98,236.0,20.0,0.0,1104.0,0.0
215,98,237.0,18.0,0.0,1105.0,0.0
215,98,238.0,17.0,0.0,1107.0,0.0
215,98,239.0,17.0,0.0,1108.0,0.0
215,98,240.0,15.0,0.0,1108.0,0.0
215,98,241.0,12.0,0.0,1110.0,0.0
215,98,242.0,12.0,0.0,1113.0,0.0
215,98,243.0,9.0,0.0,1113.0,0.0
215,98,244.0,8.0,0.0,1116.0,0.0
215,98,245.0,8.0,0.0,1117.0,0.0
215,98,246.0,7.0,0.0,1117.0,0.0
215,98,247.0,6.0,0.0,1118.0,0.0
215,98,248.0,6.0,0.0,1119.0,0.0
215,98,249.0,6.0,0.0,1119.0,0.0
215,98,250.0,5.0,0.0,1119.0,0.0
215,98,251.0,4.0,0.0,1120.0,0.0
215,98,252.0,3.0,0.0,1121.0,0.0
215,98,253.0,3.0,0.0,1122.0,0.0
215,98,254.0,3.0,0.0,1122.0,0.0
215,98,255.0,3.0,0.0,1122.0,0.0
215,98,256.0,2.0,0.0,1122.0,0.0
215,98,257.0,2.0,0.0,1123.0,0.0
215,98,258.0,2.0,0.0,1123.0,0.0
215,98,259.0,2.0,0.0,1123.0,0.0
215,98,260.0,2.0,0.0,1123.0,0.0
215,98,261.0,2.0,0.0,1123.0,0.0
215,98,262.0,2.0,0.0,1123.0,0.0
215,98,263.0,2.0,0.0,1123.0,0.0
215,98,264.0,1.0,0.0,1123.0,0.0
215,98,265.0,1.0,0.0,1124.0,0.0
215,98,266.0,1.0,0.0,1124.0,0.0
215,98,267.0,1.0,0.0,1124.0,0.0
215,98,268.0,0.0,0.0,1124.0,0.0
215,98,269.0,0.0,0.0,1125.0,0.0
215,99,0.0,5.0,0.0,0.0,0.0
215,99,1.0,9.0,0.0,0.0,0.0
215,99,2.0,15.0,0.0,0.0,0.0
215,99,3.0,22.0,0.0,0.0,0.0
215,99,4.0,27.0,0.0,0.0,0.0
215,99,5.0,31.0,0.0,0.0,0.0
215,99,6.0,36.0,0.0,0.0,0.0
215,99,7.0,44.0,0.0,0.0,0.0
215,99,8.0,52.0,0.0,0.0,0.0
215,99,9.0,54.0,0.0,0.0,0.0
215,99,10.0,60.0,0.0,0.0,0.0
215,99,11.0,66.0,0.0,0.0,0.0
215,99,12.0,77.0,0.0,0.0,0.0
215,99,13.0,82.0,0.0,0.0,0.0
215,99,14.0,87.0,0.0,0.0,0.0
215,99,15.0,93.0,0.0,0.0,0.0
215,99,16.0,95.0,0.0,0.0,0.0
215,99,17.0,100.0,0.0,1.0,0.0
215,99,18.0,105.0,0.0,1.0,0.0
215,99,19.0,110.0,0.0,1.0,0.0
215,99,20.0,117.0,0.0,2.0,0.0
215,99,21.0,118.0,0.0,2.0,0.0
215,99,22.0,121.0,0.0,4.0,0.0
215,99,23.0,125.0,0.0,4.0,0.0
215,99,24.0,126.0,0.0,4.0,0.0
215,99,25.0,128.0,0.0,5.0,0.0
215,99,26.0,131.0,0.0,8.0,0.0
215,99,27.0,134.0,0.0,10.0,0.0
215,99,28.0,137.0,0.0,14.0,0.0
215,99,29.0,143.0,0.0,18.0,0.0
215,99,30.0,148.0,0.0,21.0,0.0
215,99,31.0,155.0,0.0,23.0,0.0
215,99,32.0,157.0,0.0,25.0,0.0
215,99,33.0,159.0,0.0,29.0,0.0
215,99,34.0,159.0,0.0,34.0,0.0
215,99,35.0,161.0,0.0,41.0,0.0
215,99,36.0,164.0,0.0,46.0,0.0
215,99,37.0,162.0,0.0,52.0,0.0
215,99,38.0,166.0,0.0,56.0,0.0
215,99,39.0,166.0,0.0,59.0,0.0
215,99,40.0,163.0,0.0,64.0,0.0
215,99,41.0,168.0,0.0,69.0,0.0
215,99,42.0,172.0,0.0,71.0,0.0
215,99,43.0,172.0,0.0,73.0,0.0
215,99,44.0,173.0,0.0,77.0,0.0
215,99,45.0,172.0,0.0,81.0,0.0
215,99,46.0,176.0,0.0,86.0,0.0
215,99,47.0,175.0,0.0,91.0,0.0
215,99,48.0,172.0,0.0,95.0,0.0
215,99,49.0,173.0,0.0,100.0,0.0
215,99,50.0,178.0,0.0,105.0,0.0
215,99,51.0,180.0,0.0,108.0,0.0
215,99,52.0,178.0,0.0,114.0,0.0
215,99,53.0,178.0,0.0,121.0,0.0
215,99,54.0,175.0,0.0,129.0,0.0
215,99,55.0,171.0,0.0,135.0,0.0
215,99,56.0,167.0,0.0,145.0,0.0
215,99,57.0,163.0,0.0,151.0,0.0
215,99,58.0,165.0,0.0,159.0,0.0
215,99,59.0,165.0,0.0,165.0,0.0
215,99,60.0,169.0,0.0,172.0,0.0
215,99,61.0,166.0,0.0,178.0,0.0
215,99,62.0,166.0,0.0,186.0,0.0
215,99,63.0,167.0,0.0,190.0,0.0
215,99,64.0,168.0,0.0,195.0,0.0
215,99,65.0,170.0,0.0,200.0,0.0
215,99,66.0,168.0,0.0,203.0,0.0
215,99,67.0,172.0,0.0,206.0,0.0
215,99,68.0,168.0,0.0,209.0,0.0
215,99,69.0,165.0,0.0,216.0,0.0
215,99,70.0,162.0,0.0,221.0,0.0
215,99,71.0,166.0,0.0,227.0,0.0
215,99,72.0,166.0,0.0,229.0,0.0
215,99,73.0,169.0,0.0,236.0,0.0
215,99,74.0,166.0,0.0,239.0,0.0
215,99,75.0,164.0,0.0,245.0,0.0
215,99,76.0,166.0,0.0,254.0,0.0
215,99,77.0,162.0,0.0,262.0,0.0
215,99,78.0,160.0,0.0,274.0,0.0
215,99,79.0,157.0,0.0,279.0,0.0
215,99,80.0,164.0,0.0,287.0,0.0
215,99,81.0,169.0,0.0,291.0,0.0
215,99,82.0,172.0,0.0,296.0,0.0
215,99,83.0,174.0,0.0,300.0,0.0
215,99,84.0,172.0,0.0,306.0,0.0
215,99,85.0,170.0,0.0,312.0,0.0
215,99,86.0,174.0,0.0,316.0,0.0
215,99,87.0,174.0,0.0,321.0,0.0
215,99,88.0,175.0,0.0,326.0,0.0
215,99,89.0,177.0,0.0,328.0,0.0
215,99,90.0,176.0,0.0,333.0,0.0
215,99,91.0,177.0,0.0,338.0,0.0
215,99,92.0,178.0,0.0,345.0,0.0
215,99,93.0,185.0,0.0,349.0,0.0
215,99,94.0,180.0,0.0,352.0,0.0
215,99,95.0,182.0,0.0,360.0,0.0
215,99,96.0,183.0,0.0,363.0,0.0
215,99,97.0,184.0,0.0,369.0,0.0
215,99,98.0,181.0,0.0,375.0,0.0
215,99,99.0,181.0,0.0,382.0,0.0
215,99,100.0,178.0,0.0,386.0,0.0
215,99,101.0,179.0,0.0,394.0,0.0
215,99,102.0,179.0,0.0,401.0,0.0
215,99,103.0,173.0,0.0,406.0,0.0
215,99,104.0,175.0,0.0,415.0,0.0
215,99,105.0,174.0,0.0,418.0,0.0
215,99,106.0,176.0,0.0,423.0,0.0
215,99,107.0,174.0,0.0,428.0,0.0
215,99,108.0,172.0,0.0,436.0,0.0
215,99,109.0,168.0,0.0,440.0,0.0
215,99,110.0,166.0,0.0,450.0,0.0
215,99,111.0,164.0,0.0,457.0,0.0
215,99,112.0,164.0,0.0,464.0,0.0
215,99,113.0,168.0,0.0,469.0,0.0
215,99,114.0,175.0,0.0,471.0,0.0
215,99,115.0,175.0,0.0,473.0,0.0
215,99,116.0,180.0,0.0,478.0,0.0
215,99,117.0,180.0,0.0,480.0,0.0
215,99,118.0,176.0,0.0,484.0,0.0
215,99,119.0,178.0,0.0,495.0,0.0
215,99,120.0,175.0,0.0,498.0,0.0
215,99,121.0,175.0,0.0,504.0,0.0
215,99,122.0,168.0,0.0,510.0,0.0
215,99,123.0,171.0,0.0,519.0,0.0
215,99,124.0,168.0,0.0,523.0,0.0
215,99,125.0,163.0,0.0,530.0,0.0
215,99,126.0,166.0,0.0,539.0,0.0
215,99,127.0,164.0,0.0,543.0,0.0
215,99,128.0,165.0,0.0,550.0,0.0
215,99,129.0,160.0,0.0,555.0,0.0
215,99,130.0,161.0,0.0,563.0,0.0
215,99,131.0,165.0,0.0,568.0,0.0
215,99,132.0,164.0,0.0,569.0,0.0
215,99,133.0,169.0,0.0,574.0,0.0
215,99,134.0,170.0,0.0,577.0,0.0
215,99,135.0,168.0,0.0,581.0,0.0
215,99,136.0,161.0,0.0,588.0,0.0
215,99,137.0,162.0,0.0,600.0,0.0
215,99,138.0,158.0,0.0,603.0,0.0
215,99,139.0,158.0,0.0,611.0,0.0
215,99,140.0,155.0,0.0,617.0,0.0
215,99,141.0,154.0,0.0,623.0,0.0
215,99,142.0,156.0,0.0,627.0,0.0
215,99,143.0,152.0,0.0,633.0,0.0
215,99,144.0,155.0,0.0,641.0,0.0
215,99,145.0,153.0,0.0,644.0,0.0
215,99,146.0,149.0,0.0,650.0,0.0
215,99,147.0,150.0,0.0,657.0,0.0
215,99,148.0,152.0,0.0,661.0,0.0
215,99,149.0,152.0,0.0,663.0,0.0
215,99,150.0,157.0,0.0,668.0,0.0
215,99,151.0,159.0,0.0,674.0,0.0
215,99,152.0,157.0,0.0,679.0,0.0
215,99,153.0,159.0,0.0,683.0,0.0
215,99,154.0,161.0,0.0,691.0,0.0
215,99,155.0,160.0,0.0,696.0,0.0
215,99,156.0,165.0,0.0,701.0,0.0
215,99,157.0,171.0,0.0,703.0,0.0
215,99,158.0,170.0,0.0,706.0,0.0
215,99,159.0,175.0,0.0,712.0,0.0
215,99,160.0,169.0,0.0,714.0,0.0
215,99,161.0,170.0,0.0,721.0,0.0
215,99,162.0,170.0,0.0,727.0,0.0
215,99,163.0,168.0,0.0,731.0,0.0
215,99,164.0,173.0,0.0,736.0,0.0
215,99,165.0,174.0,0.0,739.0,0.0
215,99,166.0,172.0,0.0,742.0,0.0
215,99,167.0,173.0,0.0,749.0,0.0
215,99,168.0,172.0,0.0,757.0,0.0
215,99,169.0,172.0,0.0,760.0,0.0
215,99,170.0,179.0,0.0,765.0,0.0
215,99,171.0,181.0,0.0,767.0,0.0
215,99,172.0,182.0,0.0,774.0,0.0
215,99,173.0,178.0,0.0,779.0,0.0
215,99,174.0,178.0,0.0,786.0,0.0
215,99,175.0,172.0,0.0,789.0,0.0
215,99,176.0,174.0,0.0,798.0,0.0
215,99,177.0,172.0,0.0,802.0,0.0
215,99,178.0,170.0,0.0,808.0,0.0
215,99,179.0,163.0,0.0,815.0,0.0
215,99,180.0,163.0,0.0,827.0,0.0
215,99,181.0,165.0,0.0,831.0,0.0
215,99,182.0,165.0,0.0,837.0,0.0
215,99,183.0,164.0,0.0,842.0,0.0
215,99,184.0,163.0,0.0,850.0,0.0
215,99,185.0,160.0,0.0,855.0,0.0
215,99,186.0,161.0,0.0,860.0,0.0
215,99,187.0,163.0,0.0,863.0,0.0
215,99,188.0,161.0,0.0,869.0,0.0
215,99,189.0,164.0,0.0,875.0,0.0
215,99,190.0,162.0,0.0,878.0,0.0
215,99,191.0,164.0,0.0,885.0,0.0
215,99,192.0,166.0,0.0,889.0,0.0
215,99,193.0,161.0,0.0,895.0,0.0
215,99,194.0,160.0,0.0,901.0,0.0
215,99,195.0,161.0,0.0,908.0,0.0
215,99,196.0,163.0,0.0,912.0,0.0
215,99,197.0,161.0,0.0,914.0,0.0
215,99,198.0,163.0,0.0,920.0,0.0
215,99,199.0,162.0,0.0,924.0,0.0
215,99,200.0,164.0,0.0,931.0,0.0
215,99,201.0,157.0,0.0,937.0,0.0
215,99,202.0,151.0,0.0,944.0,0.0
215,99,203.0,142.0,0.0,950.0,0.0
215,99,204.0,139.0,0.0,959.0,0.0
215,99,205.0,133.0,0.0,962.0,0.0
215,99,206.0,128.0,0.0,968.0,0.0
215,99,207.0,125.0,0.0,973.0,0.0
215,99,208.0,117.0,0.0,976.0,0.0
215,99,209.0,111.0,0.0,984.0,0.0
215,99,210.0,105.0,0.0,990.0,0.0
215,99,211.0,100.0,0.0,996.0,0.0
215,99,212.0,96.0,0.0,1001.0,0.0
215,99,213.0,91.0,0.0,1005.0,0.0
215,99,214.0,83.0,0.0,1010.0,0.0
215,99,215.0,80.0,0.0,1018.0,0.0
215,99,216.0,75.0,0.0,1021.0,0.0
215,99,217.0,69.0,0.0,1026.0,0.0
215,99,218.0,66.0,0.0,1032.0,0.0
215,99,219.0,60.0,0.0,1035.0,0.0
215,99,220.0,57.0,0.0,1041.0,0.0
215,99,221.0,52.0,0.0,1044.0,0.0
215,99,222.0,49.0,0.0,1049.0,0.0
215,99,223.0,48.0,0.0,1052.0,0.0
215,99,224.0,42.0,0.0,1053.0,0.0
215,99,225.0,40.0,0.0,1059.0,0.0
215,99,226.0,37.0,0.0,1061.0,0.0
215,99,227.0,36.0,0.0,1064.0,0.0
215,99,228.0,36.0,0.0,1065.0,0.0
215,99,229.0,36.0,0.0,1065.0,0.0
215,99,230.0,35.0,0.0,1065.0,0.0
215,99,231.0,33.0,0.0,1066.0,0.0
215,99,232.0,32.0,0.0,1068.0,0.0
215,99,233.0,32.0,0.0,1069.0,0.0
215,99,234.0,31.0,0.0,1069.0,0.0
215,99,235.0,30.0,0.0,1070.0,0.0
215,99,236.0,27.0,0.0,1071.0,0.0
215,99,237.0,26.0,0.0,1074.0,0.0
215,99,238.0,23.0,0.0,1075.0,0.0
215,99,239.0,21.0,0.0,1078.0,0.0
215,99,240.0,19.0,0.0,1080.0,0.0
215,99,241.0,18.0,0.0,1082.0,0.0
215,99,242.0,18.0,0.0,1083.0,0.0
215,99,243.0,17.0,0.0,1083.0,0.0
215,99,244.0,17.0,0.0,1084.0,0.0
215,99,245.0,17.0,0.0,1084.0,0.0
215,99,246.0,16.0,0.0,1084.0,0.0
215,99,247.0,13.0,0.0,1085.0,0.0
215,99,248.0,13.0,0.0,1088.0,0.0
215,99,249.0,12.0,0.0,1088.0,0.0
215,99,250.0,9.0,0.0,1089.0,0.0
215,99,251.0,9.0,0.0,1092.0,0.0
215,99,252.0,8.0,0.0,1092.0,0.0
215,99,253.0,7.0,0.0,1093.0,0.0
215,99,254.0,5.0,0.0,1094.0,0.0
215,99,255.0,4.0,0.0,1096.0,0.0
215,99,256.0,4.0,0.0,1097.0,0.0
215,99,257.0,4.0,0.0,1097.0,0.0
215,99,258.0,4.0,0.0,1097.0,0.0
215,99,259.0,3.0,0.0,1097.0,0.0
215,99,260.0,3.0,0.0,1098.0,0.0
215,99,261.0,2.0,0.0,1098.0,0.0
215,99,262.0,2.0,0.0,1099.0,0.0
215,99,263.0,2.0,0.0,1099.0,0.0
215,99,264.0,2.0,0.0,1099.0,0.0
215,99,265.0,2.0,0.0,1099.0,0.0
215,99,266.0,1.0,0.0,1099.0,0.0
215,99,267.0,1.0,0.0,1100.0,0.0
215,99,268.0,1.0,0.0,1100.0,0.0
215,99,269.0,1.0,0.0,1100.0,0.0
215,99,270.0,0.0,0.0,1100.0,0.0
215,99,271.0,0.0,0.0,1101.0,0.0
